source,provider,tweet_raw,tweet_processed,pos_count,neg_count,label
playstore,telkomsel,"halo Telkomsel kenapa kalau PLN mati jaringan Telkomsel juga mati? kendala nya apa ya? sudah sering sekali seperti itu, sementara provider lain kalau PLN mati jaringan nya tetap ada.",halo telkomsel pln mati jaring telkomsel mati kendala provider pln mati jaring,3,4,0
playstore,telkomsel,bagus,bagus,1,0,1
playstore,telkomsel,oi bisa ga si jaringan lu tiap malam ga ngeleg gw mau push renk ajgg,oi si jaring malam lambat push renk anjing,1,3,0
playstore,telkomsel,telkomsel skarang leletnya minta ampun. mw buka aplikasi telkomsel sndri aja lama bngt apalgi mw hubungi cs telkomsel. sulit dan lelet bngt. terpaksa ku hapus aplikasi telkomsel berat bngt di gunnakan. loading trs,telkomsel skarang lelet ampun buka aplikasi telkomsel apalgi hubung cs telkomsel sulit lelet paksa ku hapus aplikasi telkomsel berat gunnakan loading,0,7,0
playstore,telkomsel,layanan dan promonya terbaik pertahankan min,layan promonya baik tahan min,1,0,1
playstore,telkomsel,makin lama makin kesini beli paket telkomsel mahal...,kesini beli paket telkomsel mahal,1,1,0
playstore,telkomsel,ini daerah galaksi Telkomsel jelek banget sinyalnya... maki gak bagus jaringannya.,daerah galaksi telkomsel jelek sinyal maki bagus jaring,2,2,0
playstore,telkomsel,aku tak pernah dapat hadiah,hadiah,1,0,1
playstore,telkomsel,"jaringannya tidak stabil blakangan ini dari minggu kmren , sudah mahal jaringan tidak bagus bts tidak ada .. saya sebagai customer lama sampai sinyal sudah prioritas tetap jaringannya tidak stabil. makin lama makin ga jelas . kwalitasnya benerin . cape komplain tetep saja ga bergerak . kecewaaaaaa 2026 ini paling buruk",jaring stabil minggu kemarin mahal jaring bagus bts customer sinyal prioritas jaring stabil kwalitasnya baik cape komplain gerak kecewaaaaaa buruk,7,4,1
playstore,telkomsel,"aplikasi sering error, ga ada notif tau tau kuota abis",aplikasi error notif tau tau kuota abis,0,5,0
playstore,telkomsel,bagus bgt,bagus,1,0,1
playstore,telkomsel,"di kampung saya tuh sinyal Telkomsel kurang bagus , di layar full 4G, tapi tidak bisa untuk vidio call. setelah update selalu bug , keluar aplikasi sendiri.",kampung tuh sinyal telkomsel bagus layar full vidio call update bug aplikasi,1,1,0
playstore,telkomsel,mantap,mantap,1,0,1
playstore,telkomsel,"makin kesini makin mahal payah, sinyal makin bapuk buat game ngelag terus ngebug makin mahal makin jelek ini kartu ngelunjak!!",kesini mahal payah sinyal jelek game lambat ngebug mahal jelek kartu ajar,1,6,0
playstore,telkomsel,tolong diperhatikan daerah labuhan baru sering lelet jaringan,tolong perhati daerah labuh lelet jaring,2,1,1
playstore,telkomsel,tolol,tolol,0,1,0
playstore,telkomsel,"jaringan tidak bagus, Kouta mahal dan cpt hbis",jaring bagus kuota mahal cepat habis,3,2,1
playstore,telkomsel,Telkomsel gk jelas masa punya pulsa sama kuota yg di sedot pulsanya dulu kocak,telkomsel pulsa kuota sedot pulsa kocak,0,5,0
playstore,telkomsel,sangat Baik Sangat Bagus,bagus,1,0,1
playstore,telkomsel,sangat bagus dan penting,bagus,1,0,1
playstore,telkomsel,"Udah kikir lemot lagi, harga elit sinyal sulit giliran protes yg nanggepin cuma BOT yg ga ada gunanya samsek. apa coba ini kartu taii",kikir lot harga elit sinyal sulit gilir protes nanggepin bot guna samsek coba kartu tahi,3,5,0
playstore,telkomsel,"apasi sering lag, padahal kata orang orang kartu paling bagus, nyata nya kualitas nya kurang banget, cuman di kota kota besar doang yang dapet sinyal bagus, seburuk itu kah sinyal di Indonesia sampe yang paling bagus aja masih tergolong kureng",apas lag orang orang kartu bagus nyata kualitas cuman kota kota doang dapet sinyal bagus buruk kah sinyal indonesia sampe bagus golong reng,5,3,1
playstore,telkomsel,"kenapa waktu mau beli paket malah ga bisa diakses ya, apa udah ga tersedia? diperbaiki dong Telkomsel.",beli paket akses sedia baik telkomsel,4,0,1
playstore,telkomsel,"Pihak INDIHOME tolong jangan Batasi Bandwith, maksudnya apa? biar jaringan lemot dan tidak berjalan semestinya sesuai paket mbpsnya????? Kami tidak bodoh!!!",indihome tolong batas bandwith maksud biar jaring lot jalan mesti sesuai paket mbpsnya bodoh,3,4,0
playstore,telkomsel,kauota mahal lemot,kauota mahal lot,0,2,0
playstore,telkomsel,sinyalnya lemot,sinyal lot,0,1,0
playstore,telkomsel,sinyal nya dari dulu sampe tahun 2026 masih kaya sipit mahal lelet kereta lewat sinyal langsung ilang di mall sinyal ilang kan lu pada kerja apaan Telkomsel,sinyal sampe kaya sipit mahal lelet kereta sinyal langsung ilang mall sinyal ilang kerja telkomsel,2,5,0
playstore,telkomsel,jaringan ampas,jaring ampas,1,1,0
playstore,telkomsel,ga jelas penanganan lama kebanyakan alasan,tangan banyak alas,1,0,1
playstore,telkomsel,"sering force close, sangat lambat dan terasa berat ketika memuat data. sorry gw hapus apknya.",force close lambat berat muat data sorry hapus apknya,0,5,0
playstore,telkomsel,udah jelek tambah jelek,jelek jelek,0,2,0
playstore,telkomsel,ini Telkomsel sdh paling mahal paket data nya jaringan nya Pi lagi nda stabil harga paket elit jaringan sulit memang uang saja yg ko mau perbaiki jaringan nya nda mau,telkomsel sdh mahal paket data jaring pi stabil harga paket elit jaring sulit uang ko baik jaring,8,3,1
playstore,telkomsel,"SIGNAL DATANYA MAKIN BURIK.. APALAGI SETIAP HABIS HUJAN, SEPERTI TURET NYA ROBOH, LEMOT UNTUK INTERNET!!",signal data burik habis hujan turet roboh lot internet,0,3,0
playstore,telkomsel,"sumpah gw bener bener kesel, pengen isi kuota tulisannya ""halaman web tidak tersedia"" kalian dongo atau gmn sih?",sumpah bener bener kesel ken isi kuota tulis halaman web sedia dongo gmn,1,2,0
playstore,telkomsel,lemot bgt skrg. mau pembayaran data di menu metode pembayaran hampir 30 mnt loading aja terus,lot skrg bayar data menu metode bayar mnt loading,0,3,0
playstore,telkomsel,simpati ngeleg. mahal doang beli paketan. tapi kualitas sinyal buruk. hp baru padahal selalu di restart ulang tetep aja ngeleg mulu,simpati lambat mahal doang beli paket kualitas sinyal buruk hp restart ulang lambat mulu,2,4,0
playstore,telkomsel,"bingung liatnya, di apk masih banyak kuota tapi gk bisa dipake, dan pas di cek di *888* kuotanya udh habis",bingung liat apk kuota dipake pas cek kuota habis,1,3,0
playstore,telkomsel,Udah cpek sy seting aplikasi ini msih jg ttp g bisa bdhl sy plnggn paket halo,cpek ting aplikasi msih ttp bdhl plnggn paket halo,2,1,1
playstore,telkomsel,"Buat kirim pulsa antar nomer untuk yang ketiga kalinya malah eror, kocak banget aplikasinya nih",kirim pulsa nomer tiga kali eror kocak aplikasi,1,4,0
playstore,telkomsel,za mau beli pulsa telepon,za beli pulsa telepon,0,1,0
playstore,telkomsel,saya sudah pernah menggunakan tp terhapus,hapus,0,1,0
playstore,telkomsel,"aplikasi ga jelas pengen beli kuota aja kaga bisa bisa muter bae padahal beli kuota nya pake telkomsel juga tapi muter bae, padahal rumah udh deket tower telkomsel tapi aplikasi nya muter bae minimal di perbaikin jadi ribet beli kuota harus nunggu lama terus",aplikasi ken beli kuota kaga muter bae beli kuota pake telkomsel muter bae rumah deket tower telkomsel aplikasi muter bae minimal perbaikin ribet beli kuota nunggu,3,7,0
playstore,telkomsel,"masa tiap malem internet nya selalu ngelek,beli mahal² cuman dapet internet ngelek ,sering banget internet ngilang,padahal Internet nya masih banyak😠",malem internet ngelek beli mahal cuman dapet internet ngelek internet ngilang internet,1,3,0
playstore,telkomsel,sinyal kuat,sinyal kuat,1,0,1
playstore,telkomsel,"emang kikir nih telkomsel,kuota aja mahal sinyal gada ilang ilangan. kuota aja yang di mahalin sinyal ampas",emang kikir telkomsel kuota mahal sinyal gada ilang ilangan kuota mahalin sinyal ampas,1,5,0
playstore,telkomsel,makin buruk!!,buruk,0,1,0
playstore,telkomsel,bulan ini jaringan nya jelek banget tolooong😭 sayang banget beli kuota banyak gk bisa dipake. Bener-bener nguras kesabaran iiih,jaring jelek tolooong sayang beli kuota dipake bener bener nguras sabar iiih,2,2,0
playstore,telkomsel,sangat bagus,bagus,1,0,1
playstore,telkomsel,"woy ajng, benerin dulu sinyal ini bgst. kuota mahal buat apa kalau sinyal ilang2an telkom ajg. kebiasaan monopoli pengguna mentang2 punya negara. makan duit haram lo semua.",woy ajng baik sinyal bgst kuota mahal sinyal ilang an telkom ajg biasa monopoli guna mentang negara makan duit haram,3,4,0
playstore,telkomsel,sinyal buruk,sinyal buruk,0,1,0
playstore,telkomsel,"tolong untuk telkom bagian Pekanbaru, jaringan nya di perbaiki, jangan cuman harga aja yg mahal, kualitas di bawah",tolong telkom pekanbaru jaring baik cuman harga mahal kualitas,4,1,1
playstore,telkomsel,paket mahal kali,paket mahal kali,1,1,0
playstore,telkomsel,"jaringan selalu jelek, setiap komplen bales gak jelas . paket mahal lag",jaring jelek komplen bales paket mahal lag,2,3,0
playstore,telkomsel,Lebih Banyak Promo Lebih Seru,promo seru,1,0,1
playstore,telkomsel,aplikasi ini sangat membantu. dan beli pulsa dan beli paket jadi lebih mudah,aplikasi bantu beli pulsa beli paket mudah,2,2,0
playstore,telkomsel,oke,oke,1,0,1
playstore,telkomsel,membingungkan sekarang kurang simple,bingung simple,1,0,1
playstore,telkomsel,"aku sudah beberapa kali pulsa kepotong waktu isi pulsa, dicek *888*77# biaya akses internet terakhir anda rp sekian. padahal jaringan data dimatikan, inikan nyolong namanya. Tolong kalau ambil pulsa tu pilih pejabat saja, jangan aku.",kali pulsa potong isi pulsa cek biaya akses internet rp sekian jaring data mati ini nyolong nama tolong ambil pulsa tu pilih jabat,2,11,0
playstore,telkomsel,aplikasi nya Sangat lemot padahal jaringan sy bagus,aplikasi lot jaring bagus,2,2,0
playstore,telkomsel,memuaskan,muas,1,0,1
playstore,telkomsel,wooooyyyy.... jaringan kaya taaaaaaa!,wooooyyyy jaring kaya taaaaaaa,1,0,1
playstore,telkomsel,BELI PAKET 100RIBU 28 HARI MAIN GAME AJA NGELAG,beli paket ribu main game lambat,2,1,1
playstore,telkomsel,"sinyal nya selalu nge lag, loading lama, yang jelas Telkomsel sinyal nya buruk dan gak bagus, kuota mahal tapi jaringan jelek, ping nya tinggi, ditambah jaringan nya selalu patah patah, -10 dari saya",sinyal nge lag loading telkomsel sinyal buruk bagus kuota mahal jaring jelek ping tambah jaring patah patah,4,6,0
playstore,telkomsel,kenapa tekomsel kok semakin lama kok semakin mahal terus ya harga paketan nya kok terus terusan mahal ya .......,tekomsel mahal harga paket terus mahal,2,2,0
playstore,telkomsel,beli paket aja susah banget,beli paket susah,1,1,0
playstore,telkomsel,RESPON CS NYA BENER2 SANGAT LAMBAT INGIN PAUSE LAYANAN INDIHOME DITUNGGU SEMALAMAN TIDAK MEMBALAS KETIKA MAU DIBALAS SUDAH TIDAK BISA . DAN HARUS AJUKAN ULANG BENER2 TIDAK BAGUS PELAYANAN SANGAT LAMBAT,respon cs bener lambat pause layan indihome tunggu malam balas balas aju ulang bener bagus layan lambat,2,4,0
playstore,telkomsel,"aplikasi hama, mau verifikasi masuk selalu terjadi kesalahan dan coba lagi, gitu terus mau menghubungi customer servise gabisa harus login, aneh banget bikin sistem malah nyusahin pengguna",aplikasi hama verifikasi masuk salah coba gitu hubung customer servise gabisa login aneh bikin sistem nyusahin guna,1,5,0
playstore,telkomsel,sinyal lelet banget ga sepadan dengan harga kuota ngelag nya itu ngelag banget sampe saya ga bisa ngedit dan harus beli kartu baru karena pekerjaan saya editor udh di balas sama aja ngeleg cuman gara gara triii gada sinyal masa Telkomsellll juga ngelag kan operator nya beda,sinyal lelet padan harga kuota lambat lambat sampe ngedit beli kartu kerja editor balas lambat cuman gara gara triii gada sinyal telkomsellll lambat operator beda,2,9,0
playstore,telkomsel,"Dulu nomer utama, sekarang pilihan ke 3. cuma beli masa aktif saja. Maaf di nomer saya paketan mahal, dan cepat habis. Semoga berbenah 👎",nomer utama pilih beli aktif maaf nomer paket mahal cepat habis moga benah,3,2,1
playstore,telkomsel,"PROVIDER MAFIA, QUOTA MAHAL, PAKET BANYAK JEBAKAN, JARINGAN LELET, OPSI2 DI MENU PAKET SEMUA POLA PIKIR CARA MAFIA. ADA YG HARGA TINGGI TAPI QUOTA KECIL HANYA DURASI WAKTU DILAMAIN. DAN BEGITU SEBALINYA. ADA QUOTA SAMA TAPI HARGA BEDA, POKONYA BANYAK JEBAKAN. YG PALING KESAL, DEKAT RUMAH BTS JARAKNYA 100-200 METERAN TP SINYAL LELET BISA TURUN SAMPAI KE 1 GARIS, UDAH SETINGAN LTE 5G JUGA ITU. ATAU BTS NYA HANYA UNTUK PROYEK FIKTIF, TP FUNGSI NYA CUMA BUAT JARINGAN EDGE ?",provider mafia quota mahal paket jebak jaring lelet opsi menu paket pola pikir mafia harga quota durasi dilamain sebal quota harga beda poko jebak kesal rumah bts jarak meter sinyal lelet turun garis ting lte bts proyek fiktif fungsi jaring edge,8,8,0
playstore,telkomsel,ngotak dikit kasih harga itu ajg,ngotak dikit kasih harga ajg,1,1,0
playstore,telkomsel,buruk sekarang sistem pembelian nya dari paketannya jaringannya makin buruk,buruk sistem beli paket jaring buruk,2,3,0
playstore,telkomsel,data paling lemot sedunia,data lot dunia,0,2,0
playstore,telkomsel,sinya nya minta ampunnn. jelek nyaaa.,sinya ampunnn jelek nyaaa,0,1,0
playstore,telkomsel,bermanfaat!,manfaat,1,0,1
playstore,telkomsel,"terimakasih sudah setia selama ini Telkomsel, setia akan sinyal yang tidak stabil, paket yang sangat ramah dikantong masyarakat, penawaran paket yang sangat menguntungkan(bagi kalian), dan Alhamdulillah doa² Kami pengguna yang kecewa terkabulkan, sebab kartu/sinyal selain Telkomsel ditempat saya sudah ada.. terimakasih Smartfren dan Xl semoga kalian lebih baik lagi..dan 1 lagi saya tidak akan pernah kasih bintang lebih dari 1.. buruk kali Telkomsel sekarang, paket tidak normal, sinyal awur²an",terimakasih setia telkomsel setia sinyal stabil paket ramah kantong masyarakat tawar paket untung alhamdulillah doa guna kecewa kabul kartu sinyal telkomsel tempat terimakasih smartfren xl moga kasih bintang buruk kali telkomsel paket normal sinyal awur an,12,7,1
playstore,telkomsel,"makin lama makin ga jelas,,, error melulu",error melulu,0,2,0
playstore,telkomsel,aplikasi nya bagus tapi saya kecewa dengan sistem cashback nya cashback yang seharusnya saya dapat kan udah dua kali ga ada atau ga terkirim padahal saya telah memenuhi semua syarat yang di perlukan,aplikasi bagus kecewa sistem cashback cashback kali kirim penuh syarat perlu,3,3,0
playstore,telkomsel,sering down,down,0,1,0
playstore,telkomsel,"kemaren pas narik orderan, ada aja masalah jaringan Telkomsel, sampai tercancel orderan ku, sekarang baru mati lampu sebentar langsung berantakan jaringan, makin mahal makin banyak tingkah,",kemaren pas narik order jaring telkomsel tercancel order ku mati lampu sebentar langsung beranta jaring mahal tingkah,5,4,1
playstore,telkomsel,"terima kasih Telkomsel, sinyal bagus bonus seru",terima kasih telkomsel sinyal bagus bonus seru,3,0,1
playstore,telkomsel,harga paket semakin mahal,harga paket mahal,2,1,1
playstore,telkomsel,"Harga kuota mahal, Jaringan Buruk",harga kuota mahal jaring buruk,2,3,0
playstore,telkomsel,lemot amat buka aplikasinya,lot buka aplikasi,0,2,0
playstore,telkomsel,telkomsel ini semakin ruwet,telkomsel ruwet,0,1,0
playstore,telkomsel,jaringan makin sini makin lemott,jaring lemott,1,0,1
playstore,telkomsel,"harga mahal nggak ngotak, jaringan kacau, pules, lemah syahwat. begini nih kalau plat merah se enak-enaknya. Semoga hisab kalian tidaklah pedih",harga mahal nggak ngotak jaring kacau pules lemah syahwat plat merah enak enak moga hisab pedih,3,3,0
playstore,telkomsel,top,top,1,0,1
playstore,telkomsel,"harga kuota mahal dan selalu naik, sinyal jelek dan tidak konsisten",harga kuota mahal sinyal jelek konsisten,1,3,0
playstore,telkomsel,susah banget beli paketnya mana sinyalnya jelek,susah beli paket sinyal jelek,1,2,0
playstore,telkomsel,"Hari ini 10/02/2025 untuk area bali sinyalnya parah, kenapa sih tiap turun hujan sinyal selalu sampai blank, buat telkomsel tolong perbaiki segera tambahan keluhan tgl 23/05/2026, mau bayaran di kfc tiba2 sinyal hilang 15 menit, aneh mmg sekelas kota besar denpasar kok simpati sinyalnya gini ya",area bal sinyal parah turun hujan sinyal blank telkomsel tolong baik tambah keluh tgl bayar kfc sinyal hilang menit aneh mmg kelas kota denpasar simpati sinyal gin,2,4,0
playstore,telkomsel,"Ada bug, ah kacau tiba-tiba pindah ke Instragram, iklan steam palsu lagi, banyak iklan, aplikasi berat... Kacau pokonya",bug ah kacau pindah instragram iklan steam palsu iklan aplikasi berat kacau poko,0,2,0
playstore,telkomsel,kalau bisa paket data tidak pakai masa berlakunya,paket data pakai laku,1,1,0
playstore,telkomsel,oke membantu,oke bantu,1,0,1
playstore,telkomsel,"makin kesini harga kuota bulanan makin mahal,tolong dong pihak Telkomsel turunin harga kuota ke harga dulu 😭",kesini harga kuota bulan mahal tolong telkomsel turunin harga kuota harga,3,4,0
playstore,telkomsel,makin jelek,jelek,0,1,0
playstore,telkomsel,"apk ngelag pdahal jaringan bagus heran banget dah, minta ajarin cara bikin aplikasi yang bner sama yang sebelah noh mereka gada lag sama sekali kalo mau beli paket data lewat apk yang ini malah ngeribetin kode qr muncul aja seabad",apk lambat pdahal jaring bagus heran dah ajarin bikin aplikasi bner belah noh gada lag beli paket data apk ngeribetin kode qr muncul abad,3,6,0
playstore,telkomsel,rampok,rampok,0,1,0
playstore,telkomsel,"Telkomsel anjg paket mahal, jaringan tidak terpakai sama sekali",telkomsel anjg paket mahal jaring pakai,2,2,0
playstore,telkomsel,mahal doang jaringan nya lelet nya minta ampun?? jelek bangett sumpahh.,mahal doang jaring lelet ampun jelek bangett sumpahh,1,4,0
playstore,telkomsel,"woi, udah mau 4 hari laporan saya belum di selesaikan. Tiap hari nlp jawabannya sama. mohon di tunggu. Bayar telat aja langsung di blokir wifinya.",woi lapor selesai nlp jawab mohon tunggu bayar telat langsung blokir wifinya,2,2,0
playstore,telkomsel,mau beli paketan eror,beli paket eror,1,1,0
playstore,telkomsel,ABCD BARRA2N SIP MPd NiaN,abcd barra n sip mpd nian,2,0,1
playstore,telkomsel,terbaik,baik,1,0,1
playstore,telkomsel,"ini knp apk nya terjadi kesalahan mulu, paket gue abiss, gua mo beli, dri kemarin lo gk di benerin",knp apk salah mulu paket abiss gua mo beli dri kemarin baik,2,2,0
playstore,telkomsel,heh ngapa tiba2 suka mati!!!,heh ngapa suka mati,0,1,0
playstore,telkomsel,tiba2 pulsa menghilangkan alasannya ada aktifitas internet di apk myTelkomsel,pulsa hilang alas aktifitas internet apk mytelkomsel,0,2,0
playstore,telkomsel,aplikasi error. jaringan bagus tapi di dalam aplikasi terdeteksi TIDAK ADA JARINGAN,aplikasi error jaring bagus aplikasi deteksi jaring,3,3,0
playstore,telkomsel,aku affli kasi ini,affli kasi,0,1,0
playstore,telkomsel,Bagus recommended,bagus recommended,1,0,1
playstore,telkomsel,"rating terburuk untuk kalian, saya ISI 10 Ribu kmrn bukan baru sekali dua kali udah sering, paket data g idup, tiba2 pulsa dah HBS, kalian pikir wawak kalian yg ISI pulsa,",rating buruk isi ribu kmrn kali paket data idup pulsa dah hbs pikir wawak isi pulsa,1,5,0
playstore,telkomsel,Akhirnya.. sekarang sudah oke Telkomsel ny☺☺☺🥰🥰🥰,oke telkomsel ny,1,0,1
playstore,telkomsel,"Jaringan sudah bagus tp sayang banyak kuota atau paket data yg murah hilang ,bagi kami yg ekonomi menengah kebawah ga bisa menikmati paket murah dengan data yg banyak.Nah ini semakin lebih baik cuma tinggal perbaiki aja masa aktifnya menjadi 30hari dengan data yg lumayan, terimakasih",jaring bagus sayang kuota paket data murah hilang ekonomi tengah bawah nikmat paket murah data tinggal baik aktif data lumayan terimakasih,11,5,1
playstore,telkomsel,makin hari makin jelek. 1 bulan cuma 28 hari sama saja menipu konsumen,jelek tipu konsumen,0,1,0
playstore,telkomsel,"aneh banget aplikasi ga bisa di update ,mau beli paket lag parah blok padahal internet lancar penyimpanan masih longgar apalah keidiotan ini",aneh aplikasi update beli paket lag parah blok internet lancar simpan longgar apa idiot,3,5,0
playstore,telkomsel,mantap banget apk nya,mantap apk,1,0,1
playstore,telkomsel,lapor ke cs 188 trus dia gak bisa bantu kendala indihome saya tbtb di tutup telponnya,lapor cs trus bantu kendala indihome tbtb tutup telpon,1,2,0
playstore,telkomsel,Sangat mudah dan cepat untuk melakukan Aktifasi paket dan praktis untuk menjalankan Aplikasi ini.👍,mudah cepat aktifasi paket praktis jalan aplikasi,4,1,1
playstore,telkomsel,Ngelek kali pun padahal udah beli data mahal mahal,ngelek kali beli data mahal mahal,0,3,0
playstore,telkomsel,oii ok,oii ok,1,0,1
playstore,telkomsel,kocak harga paket data gak ngontak jirrr,kocak harga paket data ngontak jirrr,2,2,0
playstore,telkomsel,goblok ngeleg terus harga nya nambah mahal tapi jaringan nambah lemot,goblok lambat harga nambah mahal jaring nambah lot,2,4,0
playstore,telkomsel,apl sampah,apl sampah,0,1,0
playstore,telkomsel,lelet sekali,lelet,0,1,0
playstore,telkomsel,"jaringan bujang, Telkomsel bujangg",jaring bujang telkomsel bujangg,2,0,1
playstore,telkomsel,"jaringan bagus, banyak promonya",jaring bagus promonya,2,0,1
playstore,telkomsel,ok ok aja,ok ok,2,0,1
playstore,telkomsel,"LEBIH ENAK DAN NYAMAN PAKAI KARTU EXSIS,SELAIN MURAH JARINGANNYA JGA SANGAT NGEBUT KENCANG BENEEER,KALAULU GA PERCAYA DOWNLOAD AJA DULU APK EXIS NYA",enak nyaman pakai kartu exsis murah jaring ngebut kencang beneeer kalaulu percaya download apk exis,4,0,1
playstore,telkomsel,kenapa promo data tidak kluar lagi,promo data kluar,1,1,0
playstore,telkomsel,"makin kesini makin as...u ini jaringan Telkomsel, gw rekomendasiin sekarang jangan pake Telkomsel RUGII !!! JARINGAN LEMOT PADAHAL KUOTA MASIH BANYAK !!!",kesini as u jaring telkomsel rekomendasiin pake telkomsel rugi jaring lot kuota,2,3,0
playstore,telkomsel,Tega banget Telkomsel langganan halo niatnya pengen lebih murah taunya malah banyak paket ngga jelas yg perlu di bayar mana telkomsel undinya ngga jelas,tega telkomsel langgan halo niat ken murah tau paket ngga bayar telkomsel undi ngga,4,4,0
playstore,telkomsel,kondisikan kembali cara masuk akun terimakasih,kondisi masuk akun terimakasih,1,1,0
playstore,telkomsel,jaringannya amat sangat lelet. makin gak bener aja ni telkomsel. harus diperbaiki lagi ni. tiap bulan beli paket data belasan gb selalu sia2.,jaring lelet bener ni telkomsel baik ni beli paket data bas gb sia,3,3,0
playstore,telkomsel,aplikasi eror parah.mau beli Kouta pun susah.aplikasi ga guna,aplikasi eror parah beli kuota susah aplikasi,0,6,0
playstore,telkomsel,"apk ini harusnya rating 1 apk banyak gaya , bertele tele , sok sok an, upgrade nyapun bikin user sengsara serta amburadul SANGAT MEMBEBANI ( BERAT) Alias LEMOTTT juga , bikin banting hp gara2 ini apk. produk ini emang Tengilll",apk rating apk gaya tele tele sok sok an upgrade nyapun bikin user sengsara amburadul beban berat alias lemottt bikin banting hp gara apk produk emang tengilll,1,4,0
playstore,telkomsel,"tolong bagian fitur gift di beri lebih banyak pilihan paket, lumayan untuk kita berjualan",tolong fitur gift pilih paket lumayan jual,3,1,1
playstore,telkomsel,makin mahal paket yg sering saya beli gak bisa di beli apa lh,mahal paket beli beli lh,1,1,0
playstore,telkomsel,woi ngeleg,woi lambat,0,1,0
playstore,telkomsel,bisa becus dikit ga bikin jaringan tolol,becus dikit bikin jaring tolol,1,2,0
playstore,telkomsel,"makin parah sinyal kalian, ga kayak dulu",parah sinyal kayak,0,2,0
playstore,telkomsel,harga mahal jaringan gak jelas,harga mahal jaring,2,1,1
playstore,telkomsel,"gada perubahan, makin burik sinyalnya, kualitas 0 harga 100%",gada ubah burik sinyal kualitas harga,2,0,1
playstore,telkomsel,sinyal sampah,sinyal sampah,0,1,0
playstore,telkomsel,"Setiap hari harus berkali kali restart jaringan tapi masih sama, status jaringan lemah",kali kali restart jaring status jaring lemah,2,0,1
playstore,telkomsel,bermanfaat,manfaat,1,0,1
playstore,telkomsel,Kalo gak niat kasih promo kagak usah bikin promo min,niat kasih promo kagak bikin promo min,2,1,1
playstore,telkomsel,"telkomsel makin busuk, jaringan dikota besar saja busuk, paketmingguan/bulanan sama saja busuknya..",telkomsel busuk jaring kota busuk paketmingguan bulan busuk,1,5,0
playstore,telkomsel,"kecewa gua makin hari makin mahal telkom padahal b aj sinyal malah kalo mati lampu gak ada sinyal ,giliran paket"" nya dimahalin ,lama"" orang bakal muak laganan kalo kek gini, setidak ny kurangi harga kuota nya dikira orang di indo sultan"" apa",kecewa gua mahal telkom b aj sinyal mati lampu sinyal gilir paket dimahalin orang muak lagan kek gin tidak ny kurang harga kuota orang indo sultan,3,9,0
playstore,telkomsel,"baru update lagi, kuota yg biasanya dibeli hilang, harga makin mahal, kuota yg masih ada jika sudah lewat masa aktif hilang juga, masa aktif makin pendekk, makin mahal intinyaa. kecewaaaa",update kuota beli hilang harga mahal kuota aktif hilang aktif pendekk mahal intinyaa kecewaaaa,1,6,0
playstore,telkomsel,paket combo sakti 52 RB 26gb saya hilang. harga kuota makin mahal. saya mahasiswa cukup terbebani. tolong kembalikan palet saya yg sering saya beli dari tahun ke tahun.,paket combo sakti rb gb hilang harga kuota mahal mahasiswa beban tolong kembali palet beli,2,4,0
playstore,telkomsel,"kesampingkan kekikiran lu, sinyal lu aneh nyet. gua mau bayar aja gabisa sialan sementara temen temen gua yang kartunya beda pada bisa bayar, maksud lu apaan jing? kartu lu aja yang jelek ternyata",samping kikir sinyal aneh nyet gua bayar gabisa sial temen temen gua kartu beda bayar maksud jing kartu jelek,1,7,0
playstore,telkomsel,jangan pake ini gw deket tower ngeleg setiap hari udah mahal ngelag lagi mending xl murah terus gk Ngelag,pake deket tower lambat mahal lambat mending xl murah lambat,3,4,0
playstore,telkomsel,udah langganan bertahun-tahun paket data semakin mahal banget.lama lama pindah kartu XL kalok paket data semakin mahal,langgan tahun paket data mahal pindah kartu xl kalok paket data mahal,3,4,0
playstore,telkomsel,jaringan lemottttttttt.,jaring lemottttttttt,1,0,1
playstore,telkomsel,"apk bodoh, jaringan trus mau beli kuata",apk bodoh jaring trus beli kuata,1,1,0
playstore,telkomsel,"perbaiki dong jaringannya. kalau dulu telkomsel terkenal dengan jaringan yang cepat. sekarang malah👎👎👎. kalau gini terus mending ganti kartu lain. dan 1 lagi, aplikasi ini sediakan dong fitur offline. bayangkan aja tiba tiba mati lampu tapi butuh paket data",baik jaring telkomsel kenal jaring cepat gin mending ganti kartu aplikasi sedia fitur offline bayang mati lampu butuh paket data,9,4,1
playstore,telkomsel,"lemotnya parah, ingin tahu jumlah saldo pulsa atau kuota saja tdk bs otomatis, harus uninstall dulu, kemudian install ulang, asem.",lot parah saldo pulsa kuota tdk bs otomatis uninstall install ulang asem,2,4,0
playstore,telkomsel,update bukannya makin bagus malah makin berat. lagian aplikasi cek kuota dan pulsa aja dibikin berat. minimal kalau update itu jgn makin diperberat tapi dibikin ringan. update baru malah gak bisa ngecek kuota sama sekali. parah banget,update bagus berat aplikasi cek kuota pulsa bikin berat minimal update jgn berat bikin ringan update ngecek kuota parah,1,7,0
playstore,telkomsel,sinyal internet nya bapuk,sinyal internet jelek,0,1,0
playstore,telkomsel,tolong diperbaiki lagi apk nya masak kok suka eror gini sih,tolong baik apk masak suka eror gin,1,1,0
playstore,telkomsel,"kuota makin mahal sinyal makin parah,suka ganguan terus speed ga sampe 10mbps",kuota mahal sinyal parah suka ganguan speed sampe mbps,0,3,0
playstore,telkomsel,aplikasi aja di korupsi... jujur ga nyaman banget pake aplikasi telkomsel.... terlalu banyak popup iklan yang muncul. sekelas perusaahn telkomsel tpi aplikasi kayak aplikasi warteg bahari.... perbaiki tuh aplikasi... buatlah aplikasi yang proforsional... jangan mikirin untung buat korupsi nya aja...,aplikasi korupsi jujur nyaman pake aplikasi telkomsel popup iklan muncul kelas perusaahn telkomsel tpi aplikasi kayak aplikasi warteg bahari baik tuh aplikasi buat aplikasi proforsional mikirin untung korupsi,3,11,0
playstore,telkomsel,kadang lelet biasa nya,kadang lelet,1,1,0
playstore,telkomsel,agak sulit dibuka,sulit buka,0,1,0
playstore,telkomsel,sinyal buruk dan saya sangat sangat kecewa sama kualitas internet seluler telkomsel .,sinyal buruk kecewa kualitas internet seluler telkomsel,1,2,0
playstore,telkomsel,Kadang kadang gak jelas gitu aku ngisi pulsa yang tadi nya 15GB jadi 13GB,kadang kadang gitu ngisi pulsa gb gb,2,1,1
playstore,telkomsel,"parah jaringan ssah bgt,mana pulsa sering kepotong ga jelas,padahal sdah d paket,tetep aja ga guna",parah jaring ssah pulsa potong sdah d paket,2,3,0
playstore,telkomsel,sengaja kasi bintang 5 biar dibaca semua orang.. Bertahun2 pake telkomsel makin parah.. jaringan atau pun beli paket sesuai kebutuhan dia bukan kebutuhan konsumen. paraaaaah 🤬,sengaja kasi bintang biar baca orang tahun pake telkomsel parah jaring beli paket sesuai butuh butuh konsumen paraaaaah,3,5,0
playstore,telkomsel,membantu untuk beli kuota secara online,bantu beli kuota online,0,1,0
playstore,telkomsel,"mengapa jika mati listrik jaringan internet telkomsel juga mati? bener2 mati total, sehingga menyulitkan kami menjangkau informasi ataupun sekedar mencari bantuan, jadi seperti terisolasi. mohon dong telkomsel diperbaiki sistem jaringannya jikalau listrik padam, supaya kami tetap bisa dapat informasi atas apa yg terjadi lewat internet.",mati listrik jaring internet telkomsel mati bener mati total sulit jangkau informasi dar cari bantu isolasi mohon telkomsel baik sistem jaring listrik padam informasi internet,3,6,0
playstore,telkomsel,"kualitas jaringan u itu g sesuai sama harga, mahal tp kualitas jaringan burik 👎👎👎👎",kualitas jaring u sesuai harga mahal kualitas jaring burik,6,1,1
playstore,telkomsel,"kemaren saya beli paket combo Telkomsel 34.000 10GB, skrng mau beli malah naik harga 42.000 7GB, saya pemakai Telkomsel 8 tahun, semakin update atau semakin bulan malah naik, kalian pikir orang yg makai Telkomsel merata orang kaya kah, jngan kikir gitulah admin Telkomsel, kasih promo kek, ini di naikan mulu, mentang² sering isi paket pelanggan tiba2 di naikan harganya dan di kurangin GBnya, ngotak kali lah min",kemaren beli paket combo telkomsel gb skrng beli harga gb pakai telkomsel update pikir orang maka telkomsel rata orang kaya kah jngan kikir gitulah admin telkomsel kasih promo kek naik mulu mentang isi paket langgan naik harga rangin gbnya ngotak kali min,9,1,1
playstore,telkomsel,kenapa Jaringan internet Down,jaring internet down,1,1,0
playstore,telkomsel,sekarang sinyalnya lemot. mending beli merek sebelah. lebih murah dan lebih kenceng,sinyal lot mending beli merek belah murah kenceng,2,3,0
playstore,telkomsel,cukup bagus,bagus,1,0,1
playstore,telkomsel,terima kasih,terima kasih,1,0,1
playstore,telkomsel,"gw akui dulu beberapa tahun lalu Telkomsel soal jaringan/sinyal juara, tapi sekarang sumpah parah buruk burik banget jaringannya.mana mahal banget paket internet nya, seharusnya seimbang kalau paket internet mahal harus baik sinyal/jaringan internet nya ini kaga malah buruk.. kecewa gw, dengan Telkomsel..!",aku telkomsel jaring sinyal juara sumpah parah buruk burik jaring mahal paket internet imbang paket internet mahal sinyal jaring internet kaga buruk kecewa telkomsel,5,6,0
playstore,telkomsel,"makin kesini makin jelek jaringan internet nya , banyak putar putar kaya baling baling kipas",kesini jelek jaring internet putar putar kaya baling baling kipas,1,1,0
playstore,telkomsel,aplikasi berat dan banyak drama. salah satu nya tranfer pulsa,aplikasi berat drama salah tranfer pulsa,0,4,0
playstore,telkomsel,hay,hay,1,0,1
playstore,telkomsel,Lemot parah udh beli paket swadaya gojek g masuk gojek lama beli lgi paket internetan hrian baru masuk,lot parah beli paket swadaya gojek masuk gojek beli lgi paket internetan hrian masuk,2,4,0
playstore,telkomsel,"Telkomsel Tolol, udah beli pulsa mau beli paket kuota dengan metode pembayaran pulsa gk bisa, nyesel beli pulsa telkomsel DONGO👎",telkomsel tolol beli pulsa beli paket kuota metode bayar pulsa nyesel beli pulsa telkomsel dongo,1,7,0
playstore,telkomsel,sangat membantu untuk membeli data jadi gak perlu ke counter lagi deh,bantu beli data counter,0,1,0
playstore,telkomsel,"Pelayanan gangguan IndiHome sekarang semuanya serba LAMBAT, cs lambat, sistem penanganan lambat, teknisi jg teledor!!!",layan ganggu indihome serba lambat cs lambat sistem tangan lambat teknisi teledor,1,6,0
playstore,telkomsel,"nyobain paket darurat 7 hari,baru pakai 3 hari udah di sms peringatan suruh bayar TOLOL bener TELKOMSEL",nyobain paket darurat pakai sms ingat suruh bayar tolol bener telkomsel,1,2,0
playstore,telkomsel,berguna sekali!,guna,1,0,1
playstore,telkomsel,kumat lagi nih telkomsel dengan jaringannya yang tidak stabil,kumat telkomsel jaring stabil,2,1,1
playstore,telkomsel,sangat puas mkasih Telkomsel,puas mkasih telkomsel,1,0,1
playstore,telkomsel,jaringan jelek kadang ngelek tidak menentu.,jaring jelek kadang ngelek tentu,2,2,0
playstore,telkomsel,"ngaco pulsa kesedot trus, pdahal gw beli pulsa buat perpanjang masa aktif juga, aneh",ngaco pulsa sedot trus pdahal beli pulsa panjang aktif aneh,1,3,0
playstore,telkomsel,"beli paket data kyak gabeli, data nya ga bisa di gunain lambat bnget koneksinya,jngn jngn di korupsi ya",beli paket data kyak gabeli data gunain lambat bnget koneksi jngn jngn korupsi,1,4,0
playstore,telkomsel,"sinyal buruk banget makin lama makin ga jelas sinyal telkomsel, klu trus trusan gini mending gw ganti kartu pusing.....",sinyal buruk sinyal telkomsel klu trus trusan gin mending ganti kartu pusing,1,2,0
playstore,telkomsel,kenapa ga bisa beli paket? setiap mau pembayaran selalu aja eror,beli paket bayar eror,1,1,0
playstore,telkomsel,"semakin kesini makin gada sinyal min,1 aja ini gada sinyal nya kadang hilang sendiri",kesini gada sinyal min gada sinyal kadang hilang,1,1,0
playstore,telkomsel,"SEBAGAI PROVIDER TELKOMSEL SANGAT MERUGIKAN BANYAK ORANG, NO KALIAN BANYAK SEKALI DIJADIKAN BAHAM SCAM TELPON OLEH OKNUM YANG TIDAK BERTANGGUNGJAWAB. LAMA LAMA SEMAKIN TIDAK JELAS KALIAN SEBAGAI PROVIDER MEMBIARKAN NOMOR NOMOR YANG DIJADIKAN BAHAN SCAM TETAP AKTIF",provider telkomsel rugi orang no jadi baham scam telpon oknum bertanggungjawab provider biar nomor nomor jadi bahan scam aktif,0,2,0
playstore,telkomsel,"sangat jelek sekali sinyal nya buka FB sama buka wa aja ngelek nya minta ampun, udah 4 hari ini gitu gitu aja. padahal sinyal full tapi kecepatannya lebih cepat lagi keong dari pada kecepatan sinyallnya ampun aku kalo ini, bikin darah tinggi ku naik",jelek sinyal buka fb buka wa ngelek ampun gitu gitu sinyal full cepat cepat keong cepat sinyallnya ampun bikin darah ku,3,1,1
playstore,telkomsel,KALIAN BERIKAN SOLUSI YG TIDAK JELAS HAPUS SAMPAH BGMNPUN SAMA SJ APLIKASI KALIAN ITU CACAT,solusi hapus sampah bgmnpun sj aplikasi cacat,1,4,0
playstore,telkomsel,good operator seluler,good operator seluler,1,0,1
playstore,telkomsel,"sinyal krg, harga tinggi, kikir",sinyal krg harga kikir,2,1,1
playstore,telkomsel,"Telkomsel mahal tapi pelayanannya buruk. Pulsa sering terpotong karena layanan jebakan dan bahkan cek pulsa biasa saja kena biaya. Sangat mengecewakan, SAYA MAU PINDAH KE PROVIDER LAIN",telkomsel mahal layan buruk pulsa potong layan jebak cek pulsa kena biaya kecewa pindah provider,0,8,0
playstore,telkomsel,aplikasi yang sangat hebat,aplikasi hebat,0,1,0
playstore,telkomsel,pulsa gua ngilang oi. uninstal ah,pulsa gua ngilang oi uninstal ah,0,3,0
playstore,telkomsel,Mau masuk susah sekali...aduhhhhh Buat aplikasi kok tidak bisa di akses?????,masuk susah aduhhhhh aplikasi akses,1,3,0
playstore,telkomsel,tolong tinkatkan lagi kemudahan nya,tolong tinkatkan mudah,1,0,1
playstore,telkomsel,ok lah mantap,ok mantap,2,0,1
playstore,telkomsel,pulsa sering berkurang sendiri padahal tidak pernah di pakai,pulsa kurang pakai,0,2,0
playstore,telkomsel,provider sampah,provider sampah,0,1,0
playstore,telkomsel,jaringan bisa E gitu,jaring e gitu,1,0,1
playstore,telkomsel,apk ngentod udh login disuruh login lagi apk babi,apk ngentod login suruh login apk babi,0,2,0
playstore,telkomsel,"aplikasi sialan, bolak balik register, bolak balik daftar. ba*bi",aplikasi sial bolak register bolak daftar ba bi,0,2,0
playstore,telkomsel,makin kesini makin ga bagus jaringan,kesini bagus jaring,2,0,1
playstore,telkomsel,"mahal mahal sekali, nanti kalo sinyal m3 atau XL udh bagus di kampungku aku buang jauh' Telkomsel, najis harganya",mahal mahal sinyal m xl bagus kampung buang telkomsel najis harga,2,4,0
playstore,telkomsel,"mau beli paket mahal mahal, padahal biasa beli yg 11 gb 35.000 malah tiba tiba ga ada, padahal sebelumnya di cek ada giliran pas mau beli malah ga muncul, adanya langsung 65 gb 130.000.udah sering kali kayak gitu. lain yang dicari lain yang muncul. aplikasinya ribet dan juga promo promo nya ga seru, jatuhnya merugikan pembeli",beli paket mahal mahal beli gb cek gilir pas beli muncul langsung gb kali kayak gitu cari muncul aplikasi ribet promo promo seru jatuh rugi beli,5,8,0
playstore,telkomsel,kurang bagus harga mahal,bagus harga mahal,2,1,1
playstore,telkomsel,ok,ok,1,0,1
playstore,telkomsel,"makin kesini kualitas jaringan nya makin parah harga nya, juga GK sepadan sama apa yang di dapat padahal dulu bih bagus",kesini kualitas jaring parah harga padan bih bagus,4,1,1
playstore,telkomsel,beli paket tapi tidak masuk dan saldo terpotong,beli paket masuk saldo potong,2,2,0
playstore,telkomsel,makin tidak jelas aja ini telkomsel mau masuk diaplikasih ada harus verifikasi,telkomsel masuk diaplikasih verifikasi,0,1,0
playstore,telkomsel,kalau bisa kasih murah,kasih murah,1,0,1
playstore,telkomsel,"udah di restar udh mode pesawat masih aja parah banget jaringannya ,,harga paketan aja makin naik performanya ga di hiraukan ,di baca ga sih bnyak orng mengeluh gtu ,,cuma di respon gtu² doang,makin lama makin ga karuan sinyalnya",restar mode pesawat parah jaring harga paket performa hirau baca bnyak orng keluh gtu respon gtu doang karuan sinyal,4,2,1
playstore,telkomsel,gajelas freak. mau pembayaran susah btul muter trs. perbaiki bego,gajelas freak bayar susah btul muter baik bego,1,1,0
playstore,telkomsel,sebulan disini 28 hari beda dari yang lain keren lu,bulan beda keren,1,2,0
playstore,telkomsel,burik asu gk bisa beli paket anj,burik asu beli paket anj,1,0,1
playstore,telkomsel,help,help,1,0,1
playstore,telkomsel,lelet,lelet,0,1,0
playstore,telkomsel,"makin gak jelas Telkomsel ni,udah lah mahal,sinyal sulit.Mau beli paket internet error trus,parah sih.",telkomsel ni mahal sinyal sulit beli paket internet error trus parah,1,4,0
playstore,telkomsel,"awalnya saya menggunakan aplikasi MyTelkomsel ini sangatlah membantu saya, praktis dan tidak ribet. Tapi kenapa ya lama kelamaan pemakaian aplikasi ini, jika saat saya ingin membeli paket Kouta selalu terjadi kesalahan sistem? Jadinya saya tidak bisa membeli paket Kouta dan harus pergi ke konter paket sekarang. Padahal aplikasi juga sudah di update, ini tidak pernah terjadi sebelumnya. Mohon untuk bantuannya ya.",aplikasi mytelkomsel bantu praktis ribet pakai aplikasi beli paket kuota salah sistem beli paket kuota pergi konter paket aplikasi update mohon bantu,4,8,0
playstore,telkomsel,nah gitu dong tadi harga paket nya mahal sekarang kok jadi flas sale semua yak makasih banget yak min 🙏,gitu harga paket mahal flas sale yak makasih yak min,3,1,1
playstore,telkomsel,"jaringannya sering gangguan, lemot, kebanyakan fitur yang gak berguna.. harga paket makin mahal, paylater makin mahal juga,, padahal udah pakek nomor ini sudah belasan tahun, Telkomsel makin parah, sering error",jaring ganggu lot banyak fitur guna harga paket mahal paylater mahal pakek nomor bas telkomsel parah error,4,6,0
playstore,telkomsel,"telkomsel udah kayak lintah, quota 20gb pemakaian sama seperti provider lain tp 10hri habis n pulsa jg kesedot tanpa pemberitahuan, pulsa 0 baru ad pemberitahuan. 16thun pakai Telkomsel tp semakin kesini semakin mengecewakan.",telkomsel kayak lintah quota gb pakai provider hri habis n pulsa sedot pemberitahuan pulsa ad pemberitahuan thun pakai telkomsel kesini kecewa,0,7,0
playstore,telkomsel,"aplikwsi erorr,,, dibuka untuk cek pulsa kuota ada kesalahan sistem terus,,, diperbaiki lah,,,, saya sudah 22 tahun pakai simpati telkomsel tapi semakin lama tambah mahal saja",aplikwsi erorr buka cek pulsa kuota salah sistem baik pakai simpati telkomsel mahal,1,6,0
playstore,telkomsel,tolong paket unlimited Telkomsel di adakan lagi dong.,tolong paket unlimited telkomsel adakan,1,0,1
playstore,telkomsel,"myTelkomsel saya sudah berlangganan sejak 2007 setia memakai telkomsel. untuk sekarang tolong beri kami keringanan tarif roaming buat kami pekerja TKI Qatar.kami hanya kuli harian.gaji UMR tidak seberapa.. 🙏🙏 yg /bulan sebelumnya roaming 150G/360rb sangat meringankan kami... sekarang roaming 40G/400rb..&penawaran lainya pun juga sama...!!! tolong kami,JANGAN CEKIK KAMI🙏🙏 terimakasih",mytelkomsel langgan setia pakai telkomsel tolong ringan tarif roaming kerja tki qatar kuli hari gaji umr roaming rb ringan roaming rb tawar lai tolong cekik terimakasih,3,2,1
playstore,telkomsel,apa ini tiap hari update aplikasi terus,update aplikasi,0,1,0
playstore,telkomsel,"paketnya sudah lelet, pulsa selalu kemakan sendiri, tidak bisa beli paket jika menggunakan wifi, harga paketnya mahal""",paket lelet pulsa makan beli paket wifi harga paket mahal,4,3,1
playstore,telkomsel,sinyal ok,sinyal ok,1,0,1
playstore,telkomsel,sangat baik dan mudah dan puas banget,mudah puas,2,0,1
playstore,telkomsel,sinyal lemot banget di surabaya padahal beli paket yang mahal sama aja,sinyal lot surabaya beli paket mahal,1,2,0
playstore,telkomsel,harga paket super mahal,harga paket super mahal,2,1,1
playstore,telkomsel,"sering ngelag, harus loading dulu mana belum tentu langsung kebeli paketnya. kalo butuhkan ribet ya.. tolong ngelag dan keleletan apk dibenahi dulu.",lambat loading langsung kebel paket butuh ribet tolong lambat lelet apk benah,2,5,0
playstore,telkomsel,"menang mahal doang,sinyal nya makin lemot, suka ngilang",menang mahal doang sinyal lot suka ngilang,0,3,0
playstore,telkomsel,makin lama makin kayak taik jaringan telkomsel nya,kayak taik jaring telkomsel,1,2,0
playstore,telkomsel,good,good,1,0,1
playstore,telkomsel,"paket di nomor saya kok 28 hari semua sih?!!! mana mahal lagi sekarang, signal juga gak bagus2 amat, banyak blank spot di tempat saya tinggal",paket nomor mahal signal bagus blank spot tinggal,2,1,1
playstore,telkomsel,apaan jaringanya muncul hilang terus ga jelas ni kartu padahal kota loh eamng ga jelas dah,jaringanya muncul hilang ni kartu kota loh eamng dah,0,3,0
playstore,telkomsel,susah beli paket,susah beli paket,1,1,0
playstore,telkomsel,banyak promo internetnya,promo internetnya,1,0,1
playstore,telkomsel,jelek gagal terus mau proses,jelek gagal proses,1,2,0
playstore,telkomsel,"fitur saat pembaruannya di ganti ganti jadi pusing, pernah ngisi kuota di salah nomor,",fitur baru ganti ganti pusing ngisi kuota salah nomor,0,3,0
playstore,telkomsel,Semakin kesini harga semakin ngga ngotak,kesini harga ngga ngotak,1,1,0
playstore,telkomsel,dgn apl.telkomsel sangat membantu transaksi,apl telkomsel bantu transaksi,1,0,1
playstore,telkomsel,"andaikan nomor gua ga terhubung ke banking! wa dll. udah gua buang ini kartu telkomsel. perusahaan isinya koruptor semua, mending bangkrut aja lu pada.",andai nomor gua hubung banking wa dll gua buang kartu telkomsel usaha isi koruptor mending bangkrut,2,4,0
playstore,telkomsel,parah!,parah,0,1,0
playstore,telkomsel,mahal..lemot....ulasan ini g bs membantu hanya utk pajangan saja.. mengelabuhi customer...biar seakan akan ada perhatiannya..,mahal lot ulas bs bantu utk pajang labuh customer biar akan perhati,1,2,0
playstore,telkomsel,"pernah sekecewa apa dengan suatu produk? cobalah pakai telkomsel. harga naik terus, mahal, customer servicenya tidak tanggap jika ada keluhan. Berhentilah, pindah ke yang lain.",kecewa produk coba pakai telkomsel harga mahal customer servicenya tanggap keluh henti pindah,3,3,0
playstore,telkomsel,mantap mudah di oprasikan dan banyak menu sajikan sesuai dompet🤣🤣🤣👍,mantap mudah oprasikan menu saji sesuai dompet,4,0,1
playstore,telkomsel,mantab,mantab,1,0,1
playstore,telkomsel,sinyal sangat bagus ketika dipelosok,sinyal bagus pelosok,1,1,0
playstore,telkomsel,naik trus paket kau.. pket sm kyk beli beras mahalnya,trus paket kau pket sm kyk beli beras mahal,1,1,0
playstore,telkomsel,sangat memuaskan,muas,1,0,1
playstore,telkomsel,loading terlalu lama sama kadang metode pembayaran ga muncul terkadang paket yang ada di layar beranda kadang ga bisa di beli jadi jika paket memang sudah tidak bisa di beli lagi mohon untuk segera menghilang kan nya dari apk terimakasih,loading kadang metode bayar muncul terkadang paket layar beranda kadang beli paket beli mohon hilang apk terimakasih,6,2,1
playstore,telkomsel,cuku memudahkan pelangan,cuku mudah pelang,1,0,1
playstore,telkomsel,Aplikasi lemot bgt,aplikasi lot,0,2,0
playstore,telkomsel,paket mahal,paket mahal,1,1,0
playstore,telkomsel,aplikasi terjelekk dari banyak aplikasi jelekk padahal yang mengelola bukan perusahaan kecil tapi kualitas aplikasi superr amatir + isi juga mahal semua + sering ngadat sinyal internet emang komplit bangett,aplikasi terjelekk aplikasi jelekk kelola usaha kualitas aplikasi superr amatir isi mahal ngadat sinyal internet emang komplit bangett,1,5,0
playstore,telkomsel,pulsa selalu tepotong padahal paket data gak di daftar dan saya selalu pake wifi,pulsa tepotong paket data daftar pake wifi,1,2,0
playstore,telkomsel,"sinyal gitu2 aja, tpi naikin harga semangat banget wkwkwk",sinyal gitu tpi naikin harga semangat wkwkwk,2,0,1
playstore,telkomsel,"belum merasa aman, soalnya pas masuk akun ada banyak no juga ada di akun tersebut. jadi berasa waswas nya",aman pas masuk akun no akun asa waswas,1,2,0
playstore,telkomsel,"tolong di perbaiki. aku mau login gagal Mulu. ""oops, terjadi kesalahan"" tolong ya, udah di coba berapa kali juga gagal terus",tolong baik login gagal mulu oops salah tolong coba kali gagal,1,3,0
playstore,telkomsel,"udah paket harganya mahal,jaringannya kadang kek taik,blm lagi beli paket saldo udah kepotong tapi ga masuk"" paketny ppek lah",paket harga mahal jaring kadang kek taik blm beli paket saldo potong masuk paketny ppek,6,4,1
playstore,telkomsel,aplikasi ini sangat membantu ketika kita kehabisan Kouta bisa beli disini,aplikasi bantu habis kuota beli,0,2,0
playstore,telkomsel,sinyal stabil kualitas panggilan mantap mungkin performa internet di pelosok perlu lebih ditingkatkan lagi,sinyal stabil kualitas panggil mantap performa internet pelosok tingkat,4,2,1
playstore,telkomsel,"Operator Anak Bab.. beli kuota mahal jaringan kaya sampah yang gak bisa didaur ulang.sudah di komplain terus masih aja gak ada pencegahan, otak tolol apa emang udah idiot parah lu yang punya nih operator.emosi sama jaringan begini.pantas aja banyak yang pindah operator, udah gak bisa disembuhin lagi yang katanya jaringan terluas.",operator anak bab beli kuota mahal jaring kaya sampah daur ulang komplain cegah otak tolol emang idiot parah operator emosi jaring pindah operator disembuhin jaring luas,4,9,0
playstore,telkomsel,BANYAK KORUPSINYA KALAH SAMA SWASTA,korupsi kalah swasta,0,2,0
playstore,telkomsel,paket mahal update terus menerus jaringan ngebug apa apaan ini Telkomsel,paket mahal update terus jaring ngebug telkomsel,2,1,1
playstore,telkomsel,tambah parah sekarang..jaringan lemot..jgn harga aja yg mahal kwalitas ditingkatkan,parah jaring lot jgn harga mahal kwalitas tingkat,3,3,0
playstore,telkomsel,"sinyal nya sering ngebug tiba"" hilang",sinyal ngebug hilang,0,1,0
playstore,telkomsel,"Buruk, contoh ketika ketika mau beli kuota combo sakti max 10gb = 34rb tidak bisa dgn alasan kesalahan sistem, akan tetapi begitu kita sdh beli kuota 25gb = 70rb maka setelah kita klik ulang lg kuota yg harga 34rb tadi dijamin bisa, disinilah bangsatnya TelekKomsel",buruk contoh beli kuota combo sakti max gb rb alas salah sistem sdh beli kuota gb rb klik ulang lg kuota harga rb jamin bangsat telekkomsel,1,8,0
playstore,telkomsel,pulsa ga dipake kepotong terus.,pulsa dipake potong,0,2,0
playstore,telkomsel,jaringan buruk,jaring buruk,1,1,0
playstore,telkomsel,"gajelas jaringannya tiba tiba ilang Mulu, mahal doang tapi sinyal ngeleg,",gajelas jaring ilang mulu mahal doang sinyal lambat,1,3,0
playstore,telkomsel,ok siap,ok,1,0,1
playstore,telkomsel,jaringan jelek mahal lagi,jaring jelek mahal,1,2,0
playstore,telkomsel,"mau beli paket aja dipersulit,udah ada pulsa tetep AE gabisa tolong diperbaiki layanannya",beli paket sulit pulsa ae gabisa tolong baik layan,2,2,0
playstore,telkomsel,lemot untuk grab driver juga lemot,lot grab driver lot,0,2,0
playstore,telkomsel,lag parah,lag parah,0,1,0
playstore,telkomsel,"sinyal lu reconect terus. ga cocok buat main game. padahal lokasi saya kota, berasa kayak tengah hutan. dari dulu sampai sekarang kualitas telkomsel ga bermutu",sinyal reconect cocok main game lokasi kota asa kayak hutan kualitas telkomsel mutu,3,2,1
playstore,telkomsel,tambah payah jaringan nya lebih parah dari Indosat padahal lebih mahal..,payah jaring parah indosat mahal,1,3,0
playstore,telkomsel,"telkomsel makin lama makin babi ,udah dari 2016 sampe sekarang kartuku masih pake simpatiloop ,tapi mau beli kuota banyak yg gk bisa ,transaksi gagal ,telkomsel anjeng",telkomsel babi sampe kartu pake simpatiloop beli kuota transaksi gagal telkomsel anjeng,1,4,0
playstore,telkomsel,"apk kocak udah isi pulsa mau beli paket malah ga bisa mulu, dengan tulisan pembelian tidak dapat di proses suruh cek kembali koneksi, padahal buat main pubg aja lancar, telkomsel masih provider besar di indo kan?? wkwk",apk kocak isi pulsa beli paket mulu tulis beli proses suruh cek koneksi main pubg lancar telkomsel provider indo wkwk,3,5,0
playstore,telkomsel,tidak berfungsi sebagaimana mestinya,fungsi mesti,0,1,0
playstore,telkomsel,Telkomsel makin para paket semakin mahal,telkomsel paket mahal,1,1,0
playstore,telkomsel,"Sekelas telkomsel,Di Muara,Teluknaga,Tangerang,Sinyal Full,tpi buat VC aja putus"",Buat buka youtube muter"" terus..",kelas telkomsel muara teluknaga tangerang sinyal full tpi vc putus buka youtube muter,1,1,0
playstore,telkomsel,layanan internet sangat buruk,layan internet buruk,0,1,0
playstore,telkomsel,kenapa nomor telkomsel halo saya diblokir padahal sudah saya bayar,nomor telkomsel halo blokir bayar,1,1,0
playstore,telkomsel,"Makin kesini kualitas internet dan jaringan makin jelek untuk wilayah Rejang Lebong, Bengkulu. Solusi yang diberikan coba restart hape atau refresh jaringan. Sudah muak melakukan itu semua. Solusi selanjutnya: ""Silahkan hubungi customer (medsos, call center, ...). Sama aja, gak memperbaiki keadaan.",kesini kualitas internet jaring jelek wilayah rejang lebong bengkulu solusi coba restart hape refresh jaring muak solusi silah hubung customer medsos call center baik,8,2,1
playstore,telkomsel,paket darurat nya scam jgn pernah beli paketnya tidak bisa d gunakan. Telkomsel penipu. pekerjanya masuk neraka semua,paket darurat scam jgn beli paket d telkomsel tipu kerja masuk neraka,3,2,1
playstore,telkomsel,"saya kasih bintang 1 karena paket harian Rp 10.000 sepuasnya udah berubah jadi 8GB Rp 10.000 tidak romendasi, paket yang lain pun semua sudah serba mahal, pindah ke sebelah aja yang kuning.",kasih bintang paket hari rp puas ubah gb rp romendasi paket serba mahal pindah belah kuning,3,3,0
playstore,telkomsel,harga elit sinyal sulit Rugi lama² 🤣,harga elit sinyal sulit rugi,1,2,0
playstore,telkomsel,"sering ilang sinyal beli kuota mahal"" kok kek beli kuota yg murah nanti gw edit kalo udah bagus sinyalnya ini ga ujan ga apa sinyal jelek",ilang sinyal beli kuota mahal kek beli kuota murah edit bagus sinyal ujan sinyal jelek,2,5,0
playstore,telkomsel,"jujur sebagai pengguna telkomsel kurleb 5 tahun terakhir merasa kecewa dan kurang nyaman terhadap harga yang semakin mahal namun tidak diimbangi dengan kualitas jaringan yang baik, sering susah sinyal tidak seperti dulu. Kemudian masa berlaku paket saat ini banyak yang hanya 28 hari saja, cukup tanggung. Untuk sistem aplikasi terkadang terkeluar sendiri. Mohon bisa dipertimbangkan dan diperbaiki segera",jujur guna telkomsel kurleb kecewa nyaman harga mahal imbang kualitas jaring susah sinyal laku paket tanggung sistem aplikasi terkadang keluar mohon timbang baik,8,7,1
playstore,telkomsel,lumayan...,lumayan,1,0,1
playstore,telkomsel,"Jaringan internet KARTU TELKOMSEL saya sangat "" LAMBAT"", bufring terus",jaring internet kartu telkomsel lambat bufring,1,1,0
playstore,telkomsel,update update sinyal makin sulit harga qouta mahal,update update sinyal sulit harga qouta mahal,1,2,0
playstore,telkomsel,"TELKOMSEL kalah 3 poin dari XL Axiata menurut versi saya dan di daerah saya 1. saat listrik padam jaringan internet T-sel turun 80% sedangkan XL hanya turun 10% saja. 2. peket internet T-sel untuk masa aktif 7 hari dengan biaya 20.000 hanya 6GB+1GB whatsapp sedangkan XL 8GB utama 3. mengakses aplikasi mytelkomsel mengunakan paket data, ketika paket habis mau isi ulang paket harus numpang hotspot tetangga. sedangkan XL bebas mengakses Axisnet tampa data internet Terimakasih",telkomsel kalah poin xl axiata versi daerah listrik padam jaring internet t sel turun xl turun peket internet t sel aktif biaya gb gb whatsapp xl gb utama akses aplikasi mytelkomsel mengunakan paket data paket habis isi ulang paket numpang hotspot tetangga xl bebas akses axisnet tampa data internet terimakasih,8,5,1
playstore,telkomsel,"jaringan buruk,kartu tolol,aplikasi idiot",jaring buruk kartu tolol aplikasi idiot,1,4,0
playstore,telkomsel,bagus tapi suka kluar sendiri,bagus suka kluar,1,0,1
playstore,telkomsel,Mohon jaringanya di perkuat lagi 🙏,mohon jaringanya kuat,1,0,1
playstore,telkomsel,mendingan rubah ya ngk usah 1 bulan....tulis aj 28 hari.....biar sama sama enak...dsini guwa beli bukan nya minta.....,mending rubah ngk tulis aj biar enak dsini guwa beli,1,0,1
playstore,telkomsel,"saya beli paketan 65gb 90rb dari pagi sampek sore ga bisa2. apa karena zonk paketan nya ??? saya cuma pakai wifi dari pagi, e malah ada sms kalau kepotong pulsa ada pemakaian internet. kan aneh ini. sudah email, sudah chat cs aplikasi pun ga ada jawaban. dari pagi ga ada bantu an blas. malah cs nya ga fokus dengan masalah nya tolong di bantu",beli paket gb rb pagi sampek sore zonk paket pakai wifi pagi e sms potong pulsa pakai internet aneh email chat cs aplikasi pagi bantu an blas cs fokus tolong bantu,3,3,0
playstore,telkomsel,"tarif paling mahal, aplikasinya berat pula, udah ganti hp yg ram gede pun masih saja berat. aplikasi taik.",tarif mahal aplikasi berat ganti hp ram gede berat aplikasi taik,0,4,0
playstore,telkomsel,"Sy benci banget dgn jaringan Telkomsel,sdh mahal signalnya sangat lemot bikin naik darah terus",benci jaring telkomsel sdh mahal signalnya lot bikin darah,1,2,0
playstore,telkomsel,"Telkomsel makin kesini makin kikir harga sama paketnya ga ngotak lu mu cept² umroh?, pulsa 40 rb dh ga dapt apa² iya kalo sinyalnya bagus ini dh kayk berasa dalm gorong² , udh berasa di rampok secara halus. apk ga jauh beda sama judol",telkomsel kesini kikir harga paket ngotak mu cept umroh pulsa rb dh dapt iya sinyal bagus dh kayk asa dalm gorong asa rampok halus apk beda judol,4,3,1
playstore,telkomsel,pantesan ulasanya pada dikit bintangnya...udah sering update tpi aplikasinya tetep berat....dahlah...,pantesan ulasanya dikit bintang update tpi aplikasi berat dah,0,4,0
playstore,telkomsel,telkomsel rampok.. pulsa orang di ambilin terus 2rb terus menerus sampai habis dengan alasan kuota habis padahal pake wifi dan internet di luar pake nomor yang lain..,telkomsel rampok pulsa orang ambilin rb terus habis alas kuota habis pake wifi internet pake nomor,0,3,0
playstore,telkomsel,telkomsel..ok.banget pelayananya....👍🏻👍🏻👍🏻,telkomsel ok pelayananya,1,0,1
playstore,telkomsel,nyesel pake telkomsel.. jaringan paling buruk..,nyesel pake telkomsel jaring buruk,1,2,0
playstore,telkomsel,"kuota pler, sinyal sering ilang ilang an gajelas",kuota pler sinyal ilang ilang an gajelas,0,3,0
playstore,telkomsel,"emg asu ni apk, lagi mau ngelamar kerja malah apk nya ngelag mulu. Bikin rezeki orang kehambat.",emg asu ni apk ngelamar kerja apk lambat mulu bikin rezeki orang hambat,2,3,0
playstore,telkomsel,puas banget,puas,1,0,1
playstore,telkomsel,bagus good,bagus good,2,0,1
playstore,telkomsel,Bagus sekali,bagus,1,0,1
playstore,telkomsel,Mohon maaf review saya bintang 5. Paketnya mahal². Keren pokoknya. Recommended buat buang² uang.,mohon maaf review bintang paket mahal keren pokok recommended buang uang,2,2,0
playstore,telkomsel,sinyal benerin Telkomsel pekok..beli kuota mahal2 sinyal kaya tau kucing 👎👎👎👎👎,sinyal baik telkomsel kok beli kuota mahal sinyal kaya tau kucing,1,3,0
playstore,telkomsel,aplikasi yang sangat cepat,aplikasi cepat,1,1,0
playstore,telkomsel,ok saja,ok,1,0,1
playstore,telkomsel,bukannya makin bagus taun ke taun malah bikin emosi. dari aplikasi loading lama tibang mau liat kuota. kebanyakan fitur ga guna. apalagi sinyal. makin jelek aja. menang harga doang paling mahal.,bagus taun taun bikin emosi aplikasi loading tibang liat kuota banyak fitur sinyal jelek menang harga doang mahal,2,6,0
playstore,telkomsel,jaringan terburuk yang pernah ada di indonesia. lol bego,jaring buruk indonesia lol bego,1,1,0
playstore,telkomsel,"woi kok makin kesini makin ngelag ya udahlah makin mahal pula,tolonglah ya internet yang cepat dong,kamu ni jangan ikutin kata pemerintah ""internet cepat buat apa"" tolonglah Telkom kerja yang benar sikit pakyu lah buat para pekerja Telkom yang sangat tidak kompeten coba aja kalian kerjanya serius dikit udah gw kuasai pertempuran yang gw lakukan di dalam game tsb tolong lah yah,dan ada sedikit pesan yang ingin gw sampaikan kepada para para pekerja ""kerja yang bener,sibuk PMO pada yak?""",woi kesini lambat udahlah mahal tolong internet cepat ni ikutin perintah internet cepat tolong telkom kerja sikit pakyu kerja telkom kompeten coba kerja serius dikit kuasa tempur laku game tsb tolong yah pesan kerja kerja bener sibuk pmo yak,9,5,1
playstore,telkomsel,"mengecewakan, saya mau beli paket internet yang biasa saya beli error terus di apk ini,tapi saya coba klik paket yang lebih mahal dari biasa saya beli malah tidak error,dasar aneh ni Telkomsel kenyamanan pengguna malah tidak pernah ditingkatkan, minimal ada harga ada barang,ini hanya ada harga tapi barang gk ada,DASAR KIKIR!!!!",kecewa beli paket internet beli error apk coba klik paket mahal beli error dasar aneh ni telkomsel nyaman guna tingkat minimal harga barang harga barang dasar kikir,8,5,1
playstore,telkomsel,"aplikasi ngk jelas, banyak masalah, tiap di buka selalu ngk ada tanggapan dan ngk bisa masuk aplikasi padahal jaringan saya bagus, pokoknya jangan instal ngk berguna, developer ngk bertanggung jawab bikin apk ngk bener👎",aplikasi ngk buka ngk tanggap ngk masuk aplikasi jaring bagus pokok instal ngk guna developer ngk tanggung bikin apk ngk bener,4,4,0
playstore,telkomsel,puas,puas,1,0,1
playstore,telkomsel,kualitas jaringan tidak sesuai dengan harga paket mahal banget untuk wilayah kota serang jaringan lemot banget.,kualitas jaring sesuai harga paket mahal wilayah kota serang jaring lot,6,4,1
playstore,telkomsel,ngelag bgt sampah,lambat sampah,0,2,0
playstore,telkomsel,jangan pake lagi Telkomsel jaringan nya ampas,pake telkomsel jaring ampas,1,1,0
playstore,telkomsel,nyaman,nyaman,1,0,1
playstore,telkomsel,"jaringannya tolong benerin, lagi nonton atau main suka gak bisa, jaringan nya turun naik gak jelas setiap itu gitu mulu, dan tolong buat lebih bagus lagi agar lancar tidak ada lag karna jaringan telkom.",jaring tolong baik nonton main suka jaring turun gitu mulu tolong bagus lancar lag jaring telkom,6,0,1
playstore,telkomsel,aplikasi berat di akses,aplikasi berat akses,1,1,0
playstore,telkomsel,"parah bener ini Telkomsel jaringan nya, ganggu orang nyari duit",parah bener telkomsel jaring ganggu orang nyari duit,1,3,0
playstore,telkomsel,"udah mah mahal lola, ga sesuai harga",mah mahal lola sesuai harga,2,1,1
playstore,telkomsel,"jaringan nya makin busuk, main game ping nya merah Mulu, kalo hujan makin parah. kata kata=harga lumayan tapi kualitas lebih buruk dari pada sampah. bintang 5 kalo kualitas udah di benerin",jaring busuk main game ping merah mulu hujan parah harga lumayan kualitas buruk sampah bintang kualitas baik,7,4,1
playstore,telkomsel,"LBH tingkat kan kulitas y,kerna setiap lmpu padam sinyal akn lngsung hilang.",lbh tingkat kulitas y kerna lmpu padam sinyal akn lngsung hilang,1,1,0
playstore,telkomsel,"monitor daerah citraland surabaya sinyal burukk polll, kecewa pakai telkomsel, masak provider BUMN kayak gini ""MENGECEWAKAN""",monitor daerah citraland surabaya sinyal burukk polll kecewa pakai telkomsel masak provider bumn kayak gin kecewa,0,3,0
playstore,telkomsel,"mahal doang,ngeleg nya parah bangeeeettt",mahal doang lambat parah bangeeeettt,0,3,0
playstore,telkomsel,"sangat kecewe dengan harga paket internet yang cukup mahal,, namun kualitas jaringan internetnya sanga buruk dan murahan",kecewe harga paket internet mahal kualitas jaring internetnya sanga buruk murah,5,2,1
playstore,telkomsel,"makin kesini makin mahal aja beli kuota,,alamat ganti kartu ini mah...hadeuuuh sinyal ilang² terus,,waktunya ganti axis aja kyaknya.. banyak temen ojol kecewa leletnya telkomsel,mereka pada ganti axis...hadeuuh",kesini mahal beli kuota alamat ganti kartu mah hadeuuuh sinyal ilang ganti axis kyaknya temen ojol kecewa lelet telkomsel ganti axis hadeuuh,0,5,0
playstore,telkomsel,"gimana sih, beli pulsa udh masuk, kuota juga udh ada pemberitahuan tapi gabisa digunain anjir scam",gimana beli pulsa masuk kuota pemberitahuan gabisa digunain anjir scam,0,4,0
playstore,telkomsel,lemot bin ruwet,lot bin ruwet,0,2,0
playstore,telkomsel,"SUMPAH JANGAN BELI TELKOMSEL, KUOTA MAHAL, INTERNET NYA LEMOT! CUSTOM SERVICE TIDAK BISA DI HUBUNGI!! TELKOMSEL AJG KNTL!",sumpah beli telkomsel kuota mahal internet lot custom service hubung telkomsel ajg kntl,0,3,0
playstore,telkomsel,apk aneh crash mulu,apk aneh crash mulu,0,1,0
playstore,telkomsel,"koutanya mahal-mahal sekarang tapi kualitas jaringan nya sangat buruk sekali tidak disarankan kepada orang yang suka emosi, karena jaringannya buruk dan tidak berkualitas",koutanya mahal mahal kualitas jaring buruk saran orang suka emosi jaring buruk kualitas,4,4,0
playstore,telkomsel,"jaringan Taikk. Bagusan Pakai Indosat. Paket mahal, tapi jaringan Gak bagus.",jaring taikk bagus pakai indosat paket mahal jaring bagus,5,1,1
playstore,telkomsel,"mahal , jaringan jelek",mahal jaring jelek,1,2,0
playstore,telkomsel,"telkomsel skrng sering ngelag aplikasiny, sinyal ny jg sering ngelag",telkomsel skrng lambat aplikasiny sinyal ny lambat,0,2,0
playstore,telkomsel,jaringan parah plus pake langanan halo+plexy ancur Skrang Kya di hutan padahal di tengah kota dulu jaringannya paling top skarang kalah sama Axis Indosat satset tidak mengcewakn seperti telkomsel,jaring parah plus pake langanan halo plexy ancur skrang kya hutan kota jaring top skarang kalah axis indosat satset mengcewakn telkomsel,6,3,1
playstore,telkomsel,"telkomsel.yang terhormat ini sinyal internet kok semakin parah padahal udah dekat tower mini telkomsel sampai saya beli orbit telkomsel maaih aja jaringan lelet.....kalimantan tengah.kabupaten seruynlan,kecamatan danau sembuluh perumahan PT agro indomas",telkomsel hormat sinyal internet parah tower mini telkomsel beli orbit telkomsel maaih jaring lelet kalimantan kabupaten seruynlan camat danau sembuluh rumah pt agro indomas,2,3,0
playstore,telkomsel,susah di akses parah,susah akses parah,1,2,0
playstore,telkomsel,sangat untuk cek paket.,cek paket,1,1,0
playstore,telkomsel,oyyy telkontol babi kau korupsi itu paket apa dah ngeleg mahal lagi harganya pegawai kalian tewas satu persatu apa kalo iya alhamdulillah kalo enggak kecewa aku 😠😠 kusarankan ubah aja nama aplikasi ini jadi .Itelkontol. lebih cocok sama kinerjanya😤😤 Habistu suruh restart HP apk kau kau reset kayak dulu bisa😡😡,oyyy telkontol babi kau korupsi paket dah lambat mahal harga pegawai tewas satu iya alhamdulillah kecewa saran ubah nama aplikasi itelkontol cocok kerja habistu suruh restart hp apk kau kau reset kayak,5,9,0
playstore,telkomsel,"sinyalnya di tempat saya jelek sekali,sangat buruukkk sekaliiiiiiiiiiiiii.... !!!!",sinyal jelek buruukkk sekaliiiiiiiiiiiiii,0,1,0
playstore,telkomsel,JARINGAN PARAH!! HARGA PAKET INTERNET TIDAK SESUAI DENGAN JARINGAN NYA YG SANGAT JELEK!!!,jaring parah harga paket internet sesuai jaring jelek,5,2,1
playstore,telkomsel,malah tambah lemot ribet,lot ribet,0,2,0
playstore,telkomsel,"makin lama makin busuk aja telkomsel, benerin lah pea",busuk telkomsel baik pea,1,1,0
playstore,telkomsel,"WOY TELKOMSEL, JARINGAN MINIMAL DI UPGRADE LAH. MASA NGELAG MULU GW MAIN GAME JADI KALAH DAN BIKIN GUGUR TIM GW. GW GAK MAU TAU POKOKNYA. UPGRADE ANJ JARINGANNYA",woy telkomsel jaring minimal upgrade lambat mulu main game kalah bikin gugur tim tau pokok upgrade anj jaring,3,5,0
playstore,telkomsel,sangat mendukung👍🏻👍🏻🤗,dukung,1,0,1
playstore,telkomsel,kuota mahall ngelagggg najis,kuota mahall ngelagggg najis,0,2,0
playstore,telkomsel,paketnya mahal²,paket mahal,1,1,0
playstore,telkomsel,mantap terimakasih MyTelkomsel,mantap terimakasih mytelkomsel,2,0,1
playstore,telkomsel,Baguslah,bagus,1,0,1
playstore,telkomsel,aplikasi monyet berat banget,aplikasi monyet berat,0,2,0
playstore,telkomsel,aplikasinya kadang error - Tolong perbaiki jaringan yg SERING PUTUS nyambung !!,aplikasi kadang error tolong baik jaring putus nyambung,3,2,1
playstore,telkomsel,jaringan kurang stabil,jaring stabil,2,0,1
playstore,telkomsel,perbaiki jaringan,baik jaring,2,0,1
playstore,telkomsel,"kecewa bgt sih, jaringan makin buruk,harga makin mahal, klo hujan maupun mati lampu, paket ad tp jaringannya samsek g ad. g BS dipake sama sekali. tolong lah diperbaiki semua ini, kek jadi g ad guna beli paket internet disaat yg penting maupun dibutuhkan pun g bs digunakan internet nya.",kecewa jaring buruk harga mahal hujan mati lampu paket ad jaring samsek ad bs dipake tolong baik kek ad beli paket internet saat butuh bs internet,7,5,1
playstore,telkomsel,jaringan nya ampas,jaring ampas,1,1,0
playstore,telkomsel,sinyal jelek kuota mahal tolong diperbaiki kualitas sinyal nya,sinyal jelek kuota mahal tolong baik kualitas sinyal,2,3,0
playstore,telkomsel,kecewa dengan extra gembira yg sekarang yg dimana dapet nya sangat sedikit berbeda dengan yg dahulu yg sampai puluhan gb sekarang malah 2gb,kecewa extra gembira mana dapet beda puluh gb gb,1,2,0
playstore,telkomsel,jaringan Telkomsel tambah lelet,jaring telkomsel lelet,1,1,0
playstore,telkomsel,Gampang error aplikasinya,gampang error aplikasi,0,2,0
playstore,telkomsel,jaringan super lelet udah mahal mahal beli paket tp jaringannya sangat tidak memuaskan.padahal di kota bukan d desa..mending ke Axis aja murah dan jaringan sangat mendukung,jaring super lelet mahal mahal beli paket jaring muas kota d desa mending axis murah jaring dukung,8,4,1
playstore,telkomsel,apl supeer lemot..!!!!,apl supeer lot,0,1,0
playstore,telkomsel,aplikasi sama jaringannya lelet,aplikasi jaring lelet,1,2,0
playstore,telkomsel,Bagus banget bang,bagus bang,1,0,1
playstore,telkomsel,"jaringan rusak ,GK pernah di perbaiki ,GK jelas hilang hilang, kuota mahal kualitas sulit",jaring rusak baik hilang hilang kuota mahal kualitas sulit,3,5,0
playstore,telkomsel,paket murah kdang eror tidak bisa dibeli,paket murah kdang eror beli,2,1,1
playstore,telkomsel,aku suka telkomsel ini ada paket gratis nya lagi,suka telkomsel paket gratis,2,0,1
playstore,telkomsel,"KALO BISA KASI MINUS GUA KASI MINUS -10 BINTANG!! OPERATOR GAJELAS, PAKE TELKOM DI TENGAH KOTA JAKARTA BERASA DI TENGAH HUTAN!!!!! YG TBTB NGELAG LAH, TBTB GANGGUAN LAH, TBTB ILANG SINYAL LAH!!! POKONYA KALIAN JANGAN COBA² PAKE TELKOM DAHH!!! GUA AJA UDAH GUA BUANG KARTU TELKOMSEL NYA!!",kasi minus gua kasi minus bintang operator gajelas pake telkom kota jakarta asa hutan tbtb lambat tbtb ganggu tbtb ilang sinyal poko coba pake telkom dahh gua gua buang kartu telkomsel,1,14,0
playstore,telkomsel,"sudah 5g jaringan tidak stabil,sering hilang beberap detik",jaring stabil hilang beberap detik,2,1,1
playstore,telkomsel,"mahal bgt wok, plis lah klo dah ngurangin masa berlaku jangan nambah harga",mahal wok plis dah ngurangin laku nambah harga,1,2,0
playstore,telkomsel,"Tolong diperbaiki lagi jaringannya dan paket harga yang ga relatif stabil, kemarin saya mau beli paket 60Gb 28h harganya naik jadi 125rb, sebelumnya 100rb",tolong baik jaring paket harga relatif stabil kemarin beli paket gb h harga rb rb,7,0,1
playstore,telkomsel,harga paket makin lama makin mahal,harga paket mahal,2,1,1
playstore,telkomsel,"HARGA PAKET DOANG MALAH, TAPI JARINGAN SELALU BURUK",harga paket doang jaring buruk,3,1,1
playstore,telkomsel,kasih data gratis dong,kasih data gratis,1,1,0
playstore,telkomsel,"dadah telkomsel, harga ga ngotak aku pindah ke sebelah",dadah telkomsel harga ngotak pindah belah,1,2,0
playstore,telkomsel,aplikasi sampah,aplikasi sampah,0,2,0
playstore,telkomsel,udah lah mahal jaringan nya lelet pulak padahal udah terisi paket nya 15gb,mahal jaring lelet pulak isi paket gb,2,3,0
playstore,telkomsel,"Aplikasi loading terus, buka apps lain lancar",aplikasi loading buka apps lancar,1,1,0
playstore,telkomsel,aplikasi berat bgt aneh bisa di ringankan atau tidak,aplikasi berat aneh ringan,0,1,0
playstore,telkomsel,jaringan sampah,jaring sampah,1,1,0
playstore,telkomsel,"beli paket mahal sinyal busukkk,",beli paket mahal sinyal busukkk,1,1,0
playstore,telkomsel,"berat banget nih aplikasi, mau beli kuota padahal wifi full tapi cuman muter doang pas mau pembayaran.",berat aplikasi beli kuota wifi full cuman muter doang pas bayar,1,2,0
playstore,telkomsel,terbaik dan memuaskan,baik muas,2,0,1
playstore,telkomsel,"Saya sudah pakai telkomsel dari 2008 dari jaman black berry 100rb sampai puas sampe sekarang gatau 100rb dapet paket internet yang mumpuni sampai akhir bulan atau tidak. Oke harga naik gpp mungkin karena 1 2 faktor masih bisa di maklumi tapi kalau harga naik tanpa di imbangi kualitas sinyal yang bagus, ping yang stabil, dan download speed yang sesuai ketentuan itu larinya kemana ya kenaikan harganya ? Jujur saya sangat kecewa ketika di beberapa momen penting selalu hilang koneksi dsb.",pakai telkomsel jaman black berry rb puas sampe gatau rb dapet paket internet mumpuni oke harga gpp faktor maklum harga imbang kualitas sinyal bagus ping stabil download speed sesuai tentu lari mana naik harga jujur kecewa momen hilang koneksi dsb,12,7,1
playstore,telkomsel,"udah gak ada jarigan , gelek lagi paket mahal lagi",jarigan gelek paket mahal,1,1,0
playstore,telkomsel,"paketan terlemot yg pernah saya coba, pdlan dlu TDK separah inj",paket lot coba pdlan dlu tdk parah inj,1,2,0
playstore,telkomsel,"WOI GW UDAH BELI BELI KUOTA LU, NGELEG BGT ANJG, BENERIN WOI GBLK",woi beli beli kuota lambat anjg baik woi gblk,1,4,0
playstore,telkomsel,"1. makin kesini makin lelet sinyal nya 2. jangan menyarankan restart hp karena udah sering 3. banyak piniol yg sms....gak tau dapat nomor dari mana, curiga dari intern telkomsel 4. untuk aplikasinya makin kesini makin gak bisa diharapin......sering muncul tidak ada respon 5. tambahan untuk indihome.....jaringan nya lelet banget...sering hilang sinyal....bukan sekali dua kali....ampir tiap hari ada aja gebrakan nya indihome tiba2 kagak ada sinyal",kesini lelet sinyal saran restart hp piniol sms tau nomor curiga intern telkomsel aplikasi kesini diharapin muncul respon tambah indihome jaring lelet hilang sinyal kali ampir gebrak indihome kagak sinyal,3,6,0
playstore,telkomsel,saya suka sama aplikasinya🥰🥰🥰🥰,suka aplikasi,0,1,0
playstore,telkomsel,"perpanjangan masa aktif selalu gagal di bayar, semakin mempersulit pengguna sinyal masih lemot kendala saya masih sama, apakah memang begini kualitas Telkomsel sekarang, saya mengajukan pembelian masa aktif tapi sekarang sudah dalam masa tenggang kartu, sudah lama saya belum dapat solusi untuk pembelian masa aktif ini, apakah memang terlalu mempersulit pengguna? saya sangat tidak puas belum ada perubahan",panjang aktif gagal bayar sulit guna sinyal lot kendala kualitas telkomsel aju beli aktif tenggang kartu solusi beli aktif sulit guna puas ubah,6,6,0
playstore,telkomsel,gak jelas bgt aplikasi ngelet banget,aplikasi ngelet,0,1,0
playstore,telkomsel,bagus apl nyaa,bagus apl nyaa,1,0,1
playstore,telkomsel,"sdh lama pakai telkomsel, namun produknya tetap saja mahal",sdh pakai telkomsel produk mahal,1,1,0
playstore,telkomsel,"beli kuota gamesMax untuk game, eh malah ga bisa rugi dong, heran",beli kuota gamesmax game eh rugi heran,1,2,0
playstore,telkomsel,"Makin hari makin mahal aja ini paket internet , harga mahal kuota dikurangi ini gimana sih min 😭",mahal paket internet harga mahal kuota rang gimana min,2,4,0
playstore,telkomsel,"pulsa tau tau terpotong ga ada berlangganan apapun, ga ada aktifasi konten apapun tapi tau tau pulsa terpotong ga ada keterangan Telkomsel brand gede kok gini dah",pulsa tau tau potong langgan apa aktifasi konten apa tau tau pulsa potong terang telkomsel brand gede gin dah,1,11,0
playstore,telkomsel,"jelek jaringanya, kalau di kampung, telkomsel cocok nya buat di kota 👎👎👎",jelek jaringanya kampung telkomsel cocok kota,0,2,0
playstore,telkomsel,ini blum ada tindakan kah dr Telkomsel? aplikasi mytelkomsel busuk bet dahh,blum tindak kah dr telkomsel aplikasi mytelkomsel busuk bet dahh,0,3,0
playstore,telkomsel,saya pakai layanan kartu hallo pascabayar. Masa jaringan telkomsel dipakai di Surabaya kota sangat lemot sekali. aneh,pakai layan kartu hallo pascabayar jaring telkomsel pakai surabaya kota lot aneh,2,2,0
playstore,telkomsel,"gblk, kuota gua banyak gini buka aplikasi apa aja kaga lag sama sekali, eh pas buka aplikasi ini lag+eror mlu delay, ni aplikasi jelek bgt jdi susah buat beli kuota ataupun cek kuota. astaga telkomsel telkomsel kuota mahal jaringan jelek, perbaiki lg deh ni aplikasi",gblk kuota gua gin buka aplikasi kaga lag eh pas buka aplikasi lag eror mlu delay ni aplikasi jelek jdi susah beli kuota cek kuota astaga telkomsel telkomsel kuota mahal jaring jelek baik lg ni aplikasi,3,17,0
playstore,telkomsel,woy telkomsel. kembalikan combo saktiku sebelumnya weyyy....... kenapa sekarang combo saktinya semakin mahal. saya kecewa dengan telkomsel ini. saya kasih rating -1 !!!!,woy telkomsel kembali combo sakti weyyy combo sakti mahal kecewa telkomsel kasih rating,0,2,0
playstore,telkomsel,jaringannya jelek parah pindah haluan aja jangan pake telkomsel sodara,jaring jelek parah pindah haluan pake telkomsel sodara,1,2,0
playstore,telkomsel,"awal nya saya bintang 5 tapi ke sini makin kesini jaringan tekomsel dimana pun kaya ee, terima kasih",bintang kesini jaring tekomsel mana kaya ee terima kasih,2,0,1
playstore,telkomsel,sinyal ngilang2 terus,sinyal ngilang,0,1,0
playstore,telkomsel,mahal dong jaringan lemot,mahal jaring lot,1,2,0
playstore,telkomsel,jaringan jelek,jaring jelek,1,1,0
playstore,telkomsel,"Gila makin parah sinyal nya,makin jelek bukannya makin bagus. tinggal dikota tapi sinyal parah sekali yaa",gila parah sinyal jelek bagus tinggal kota sinyal parah,1,4,0
playstore,telkomsel,sinyal jelek banget astagfirullah bikin naik pitam,sinyal jelek astagfirullah bikin pitam,0,1,0
playstore,telkomsel,lemot,lot,0,1,0
playstore,telkomsel,mohon diperbaiki sinyal jaringannya,mohon baik sinyal jaring,2,0,1
playstore,telkomsel,tidak ramah,ramah,1,0,1
playstore,telkomsel,Di antara kalian pernah gak dapat hadiah dari tsel poin.dan tau gak kapan di undi.,hadiah tsel poin tau undi,2,1,1
playstore,telkomsel,"BELAKANGAN INI KONEKSINYA LELET, TOLONG SEGERA DI PERBAIKI. MASA DI JABODETABEK LEMOOTTTTTT!!!!!",koneksi lelet tolong baik jabodetabek lemootttttt,1,1,0
playstore,telkomsel,good job,good job,1,0,1
playstore,telkomsel,"sinyalnya jelek buruk ngga bagus kadang kadang satu garis lah kalau mau telponan atau video call""an.. tolong lah sinyalnya di perbaikin biar Lancar biar ngga buruk amat",sinyal jelek buruk ngga bagus kadang kadang garis telpon video call an tolong sinyal perbaikin biar lancar biar ngga buruk,4,6,0
playstore,telkomsel,"gmn ini sinyal telkomsel gak biasanya jelek seperti ini , sampe saya harus hospot buat kasih ulasan,, tolong perbaiki",gmn sinyal telkomsel jelek sampe hospot kasih ulas tolong baik,1,1,0
playstore,telkomsel,sering hilang sinyal antara cikarang & cibitung,hilang sinyal cikarang cibitung,0,1,0
playstore,telkomsel,beli mahal mahal tau nya internet lag Mulu kalo baru diisi. gg,beli mahal mahal tau internet lag mulu isi gg,0,3,0
playstore,telkomsel,"aplikasi jelek banget sumpah bikin emosi, mau beli paket pas mau bayar selalu gagal padahal sinyal bagus.",aplikasi jelek sumpah bikin emosi beli paket pas bayar gagal sinyal bagus,3,3,0
playstore,telkomsel,parah .... udah mahal jaringan jelek banget gak di jakarta gak di bogor sama aja b0500kkkkkk,parah mahal jaring jelek jakarta bogor b kkkkkk,1,3,0
playstore,telkomsel,HILANGKAN SMS YANG MENGHABISKAN BATERAI,hilang sms habis baterai,0,2,0
playstore,telkomsel,"kualitas jaringan makin menurun,,, padahal tinggal di tengah"" kota malah justru susah signal,,, pengaduan ke vero di apk telkomsel pun ga ada guna nyaa,, sudah coba mode pesawat bahkan sampe reboot hp tetep saja susah sih signal,, harga tetap mahal tapi kualitas jaringan makin menurun..... sungguh kecewa ,, mau buat pengaduan masalah lewat apk telkomsel pun gabisa dikirim cuma muter"" signal aja....",kualitas jaring turun tinggal kota susah signal adu vero apk telkomsel nyaa coba mode pesawat sampe reboot hp susah signal harga mahal kualitas jaring turun sungguh kecewa adu apk telkomsel gabisa kirim muter signal,6,8,0
playstore,telkomsel,kacau jaringan nya,kacau jaring,1,0,1
playstore,telkomsel,"paketan doang mahal , jaringan kek taiiiiii",paket doang mahal jaring kek taiiiiii,2,1,1
playstore,telkomsel,makin update makin error,update error,0,1,0
playstore,telkomsel,terimakasih,terimakasih,1,0,1
playstore,telkomsel,sangat berguna...mantap,guna mantap,2,0,1
playstore,telkomsel,apaaalaah jaringan suka eror,apaaalaah jaring suka eror,1,1,0
playstore,telkomsel,gimana mau beli paket kalo misal gabisa kalo tanpa internet,gimana beli paket gabisa internet,1,0,1
playstore,telkomsel,ngak menerima kode,ngak terima kode,1,1,0
playstore,telkomsel,makin parah aja jaringan nya,parah jaring,1,1,0
playstore,telkomsel,"ASLI TELKOMSEL MAKIN TOLOL, JARINGAN MAKIN TOLOL, CUMA MAHAL DOANG",asli telkomsel tolol jaring tolol mahal doang,2,3,0
playstore,telkomsel,"roaming Telkomsel untuk daerah negara Uni Emirat Arab sudah sangat mahal . . padahal, sebelum nya Masi 610.000ribu sudah dapat 150 GB. sekarang . 700.000 ribu . cuman dapat 30gb. tolong lahh . . perbaiki buat kami yang selalu pake roaming Telkomsel",roaming telkomsel daerah negara uni emirat arab mahal mas ribu gb ribu cuman gb tolong lahh baik pake roaming telkomsel,1,1,0
playstore,telkomsel,"harga paket mahal, kuota sedikit",harga paket mahal kuota,2,2,0
playstore,telkomsel,"sinyal kaya bajai, kouta jadi 28 hari, harga tambah mahal, 100%",sinyal kaya baja kuota harga mahal,1,2,0
playstore,telkomsel,"setiap isi pulsa selalu kesedot 5 ribu... baru beberapa saat,hilang lagi seribu demi seribu,padahal udah jaga pulsa..",isi pulsa sedot ribu hilang ribu ribu jaga pulsa,0,4,0
playstore,telkomsel,seberat apasih apk ini tiap buka lama amat device 8/128,berat apasih apk buka device,0,1,0
playstore,telkomsel,sinyal tiba2x suka hilang,sinyal x suka hilang,0,1,0
playstore,telkomsel,burik beli pket mahal sinyal lemot,burik beli pket mahal sinyal lot,0,2,0
playstore,telkomsel,"tiba tiba internet sakti hilang lagi heemmm, kecewa sama Telkomsel.",internet sakti hilang heemmm kecewa telkomsel,0,2,0
playstore,telkomsel,nmnya aja yg besar krn saya alami sendiri pulsa saya hilang 1200 perhari padahal gk dipake asal ditanya gk pernah ada jawaban sampe sekarang,nmnya alami pulsa hilang hari dipake sampe,0,3,0
playstore,telkomsel,ga habis pikir pulsa ke sedot padahal udah ada fitur jaga pulsa tetep aja ke sedot terus kuota gw lu sedot gblk emang di korup terus,habis pikir pulsa sedot fitur jaga pulsa sedot kuota sedot gblk emang korup,0,8,0
playstore,telkomsel,"Aplikasi nya selalu error dan untuk fitur keluhan laporan tidak pernah ada jalan solusi yang dapat diberikan CS nya, gak berguna... dan kuota tidak pernah di akumulasi walau banyak sisa. mending beralih ke operator lain.",aplikasi error fitur keluh lapor jalan solusi cs guna kuota akumulasi sisa mending alih operator,4,4,0
playstore,telkomsel,dengan harga yg sama tp ko kualitas beda banget sama kompetitor sebelah udah murah sinyal lancar pelanggan kecewa,harga ko kualitas beda kompetitor belah murah sinyal lancar langgan kecewa,5,3,1
playstore,telkomsel,aplikasi lemot. parah,aplikasi lot parah,0,3,0
playstore,telkomsel,sangat aman dan terpercaya 👍🏻,aman percaya,1,0,1
playstore,telkomsel,"kartu mahal"" tapi jaringannya busuk",kartu mahal jaring busuk,1,2,0
playstore,telkomsel,aplikasinya suka lemot kadang- kadang,aplikasi suka lot kadang kadang,2,2,0
playstore,telkomsel,sangat puas,puas,1,0,1
playstore,telkomsel,Makin kesini jaringan semakin kayak taiiikkkkkkkkk...............,kesini jaring kayak taiiikkkkkkkkk,1,1,0
playstore,telkomsel,masa mau beli kuota di mytelkomsel pas mau proses bayar memeuat terus pake wifi ga bisa!!!,beli kuota mytelkomsel pas proses bayar memeuat pake wifi,2,1,1
playstore,telkomsel,"Bagus, harga kuota agar tetap lebih murah dari yang lain!.",bagus harga kuota murah,3,1,1
playstore,telkomsel,"kenapa di hp saya setiap buka myTelkomsel suka loading,padahal jaringan bagus",hp buka mytelkomsel suka loading jaring bagus,2,0,1
playstore,telkomsel,aplikasi sampah... sinyal ilang trus gak ber mutu sama sekali,aplikasi sampah sinyal ilang trus ber mutu,0,3,0
playstore,telkomsel,"aplikasi tololnya minta ampun, layanan gak sebanding harga paketnya",aplikasi tolol ampun layan banding harga paket,2,2,0
playstore,telkomsel,"Maaf operator, mohon perbaiki kualitas jaringan yang tidak stabil dan harga paket yang terlampau tinggi.",maaf operator mohon baik kualitas jaring stabil harga paket lampau,6,0,1
playstore,telkomsel,"percuma bayar mahal mahal lewat pengalaman hanya main game udh lag,jaringan sering tidak stabil dan suka jumping",bayar mahal mahal alam main game lag jaring stabil suka jumping,3,2,1
playstore,telkomsel,perusahaan kikir seenak jidat ngilangin dan rubah harga paket,usaha kikir enak jidat ngilangin rubah harga paket,3,0,1
playstore,telkomsel,"jaringan sinyal jelek,loading terus🤦‍♂️",jaring sinyal jelek loading,1,1,0
playstore,telkomsel,buat admin/owner Telkomsel please banyakin promo Kouta internet biar kita makin cinta sama kartu nya dan jangan mahal mahalin massa kita mau ngisi internet Kouta nya malah bertambah tambah Mulu harganya kan ga sesuai dan juga Adain fitur akumulasi buat Kouta promo biar enak ga hangus saat diperpanjang okee min?,admin owner telkomsel please banyakin promo kuota internet biar cinta kartu mahal mahalin massa ngisi internet kuota tambah mulu harga sesuai adain fitur akumulasi kuota promo biar enak hangus panjang okee min,6,6,0
playstore,telkomsel,saat puasa bagi Saya,puasa,0,1,0
playstore,telkomsel,bagus sekali,bagus,1,0,1
playstore,telkomsel,cuma buat cek kuota dan beli paket lemotnya minta ampun,cek kuota beli paket lot ampun,1,3,0
playstore,telkomsel,makin di update makin ngeleg,update lambat,0,1,0
playstore,telkomsel,Jaringan internet di Kalimantan hilang terus masa tiap 1 jam hilang mulu di daerah seruyan sutet area pks perdana Mill,jaring internet kalimantan hilang jam hilang mulu daerah seruyan sutet area pks perdana mill,1,2,0
playstore,telkomsel,paket internet nya sekarang mahal semua yang asalnya 14 hari ckrg jadi 7 hari dan harganya naik pula tambah puyeng,paket internet mahal asal ckrg harga puyeng,2,2,0
playstore,telkomsel,ngeleg pollll dibuat beli paket ngelegg,lambat pollll beli paket ngelegg,1,1,0
playstore,telkomsel,lemot loadingnyaa suka bikin emosi,lot loadingnyaa suka bikin emosi,0,1,0
playstore,telkomsel,"ketika membeli internet yang banyak maka akan bermasalah di jaringan apa apa an,,,",beli internet masalah jaring an,1,1,0
playstore,telkomsel,"pulsanya suka tiba tiba kurang, ga bagus",pulsa suka bagus,1,1,0
playstore,telkomsel,semakin buruk jaringan 4g rasa 2g,buruk jaring,1,1,0
playstore,telkomsel,Bagus,bagus,1,0,1
playstore,telkomsel,mempermudah pengguna,mudah guna,2,0,1
playstore,telkomsel,mahal banget,mahal,0,1,0
playstore,telkomsel,makin kesini gak jelas susah akses nya,kesini susah akses,1,1,0
playstore,telkomsel,sangat praktis dan mudah buat beli paket sangat bagus,praktis mudah beli paket bagus,4,0,1
playstore,telkomsel,"sumpah anjir telkomsel gw janji ini terahir kli gw beli kuota lo. gw dikota tapi serasa hidup dihutan make telkomsel, pdhl cuaca baik² aja, gk mendung gk hujan. lo cm naikin harga, nurunin masa paket tpi kualitas lo makin buruk dr hari kehari. kuota lo cepet habis. tutup aja sono. lo jg dihujat sana sini kok. bye",sumpah anjir telkomsel janji terahir kli beli kuota kota serasa hidup hut make telkomsel pdhl cuaca mendung hujan cm naikin harga nurunin paket tpi kualitas buruk dr hari kuota cepet habis tutup sono hujat bye,4,8,0
playstore,telkomsel,ookk mantap,ookk mantap,1,0,1
playstore,telkomsel,"makin kesini konten yang ditampilkan di halaman depan jadi terlalu banyak ya, jadi makin berat aplikasi nya, sering force close di smartphone Infinix gt 30 5g, kayak udah sama dengan aplikasi game resource yang dibutuhkan",kesini konten tampil halaman berat aplikasi force close smartphone infinix gt kayak aplikasi game resource butuh,2,5,0
playstore,telkomsel,"SINYAL BUSUK, BUTUT mau 4g,5g sama aja busukkkkkk!!!!, kirain udh keluh gini dperbaiki taunya masih busuk sinyalnya, tutbututbutut sinyal sulit!!!",sinyal busuk butut busukkkkkk kirain keluh gin dperbaiki tau busuk sinyal tutbututbutut sinyal sulit,0,5,0
playstore,telkomsel,"mohon diperbaiki bug dan paket makin mahal sebelumnya loading lancar setelah update veri terbaru makin lemot dan sering error keluar sendri mau ketik paket dan stamp stick sering habis juga point tidak bisa ditukar paket harus beli di outlite yg tidak ada dikota kami jadi sering hangus,mhn pelanggan setia tidak lari ke operator lain,kami yakin Telkomsel sel bisa membenahi seperti semula lagi ,terima kasih saya kasih bintang lima buat diperhatikan keluhan kami ini",mohon baik bug paket mahal loading lancar update veri baru lot error sendri ketik paket stamp stick habis point tukar paket beli outlite kota hangus mhn langgan setia lari operator telkomsel sel benah terima kasih kasih bintang perhati keluh,7,7,0
playstore,telkomsel,TELKOMSEL KENAPA SIH? SETIAP MAIN GAME ONLINE JARINGANNYA TIBA2 BERUBAH E. APA MEMANG JARINGANNYA GAK KUAT UNTUK MAIN GAME? PADAHAL DI SINI SUDAH 5G BAYANGKAN TURUNNYA DARI 5G KE E,telkomsel main game online jaring ubah e jaring kuat main game bayang turun e,6,0,1
playstore,telkomsel,"Aplikasi yang tidak user friendly dalam hal autentikasi pengguna saat terintegrasi dengan layanan Indihome. Pengguna harus selalu menekan tautan dari SMS atau Email. Sistem autentikasi yang buruk tidak terjadi sinkronisasi database email atau mobile number yang sudah terdaftar di ID indihome membuat pengguna bingung. Lakukan QA dengan baik sebelum aplikasi di deploy, lakukan secara bertahap migrasinya.",aplikasi user friendly autentikasi guna integrasi layan indihome guna tekan taut sms email sistem autentikasi buruk sinkronisasi database email mobile number daftar id indihome guna bingung laku qa aplikasi deploy laku tahap migrasi,5,4,1
playstore,telkomsel,update aplikasi ttp lemot dan mengganggu kenyamanan,update aplikasi ttp lot ganggu nyaman,1,3,0
playstore,telkomsel,baik jaringan diperkuat lagi biar lebih baik,jaring kuat biar,2,0,1
playstore,telkomsel,"kuota aja yg mahal, sinyal masih naik turun, buat nge'game aja parah lag",kuota mahal sinyal turun nge game parah lag,1,3,0
playstore,telkomsel,promo paket nya kurang bagus..,promo paket bagus,3,0,1
playstore,telkomsel,terima kasih ya selalu sabar denganku,terima kasih sabar dengan,2,0,1
playstore,telkomsel,telkom banyak gangguan,telkom ganggu,0,1,0
playstore,telkomsel,Jaringan weuy,jaring weuy,1,0,1
playstore,telkomsel,"semakin jelek pelayannya, paket darurat tiba tiba aktif tanpa konfirmasi sangat merugikan pengguna",jelek layan paket darurat aktif konfirmasi rugi guna,3,2,1
playstore,telkomsel,"aplikasi kikir, apaan makin lama pulsa makin mahal pelit bgt, internet jg delay, minimal diperbaiki lg aplikasi nya lah, keliatan bgt gamau rugi. KECEWA.",aplikasi kikir pulsa mahal pelit internet delay minimal baik lg aplikasi liat gamau rugi kecewa,2,9,0
playstore,telkomsel,"jaringan internet parah, padahal sudah bayar mahal untuk beli kuota internet",jaring internet parah bayar mahal beli kuota internet,1,3,0
playstore,telkomsel,"cara hitungan kuota menipu konsumen katanya 24 jam baru 12 jam kuota dah habis masa aktifnya, saya tidak akan memaafkan anda. saya tuntut didunia dan akhirat, klw tidak bisa. saya sumpahin harta anda pindah ke saya, dan semua kesialan saya anda yg dapat, amin kan. teman2🙏",hitung kuota tipu konsumen jam jam kuota dah habis aktif maaf tuntut dunia akhirat klw sumpahin harta pindah sial amin teman,1,5,0
playstore,telkomsel,paketan kuotanya mahal²,paket kuota mahal,1,2,0
playstore,telkomsel,bnyakin promo paket yg 30 hari n banyakin hadiah nya,bnyakin promo paket n banyakin hadiah,3,0,1
playstore,telkomsel,Semakin Busuk Aja Loh Ya.. bukan semakin di depan,busuk loh,0,1,0
playstore,telkomsel,haega paket mahal,haega paket mahal,1,1,0
playstore,telkomsel,ok jos,ok jos,1,0,1
playstore,telkomsel,"Ini bukan lagi bahas aplikasi ya! kualitas jaringan dari provider ini yang katanya terbesar se Indonesia dan BUMN malah jauh dari kata layak! bagaimana bisa koneksi jaringan di daerah saya sangat buruk (internet), itu terasa sekali ketika sedang meeting online, sedangkan di daerah desa tetangga saya malah aman saja, kayak tidak ada niat dari petugas pelayanannya untuk melakukan pengecekan ke lokasi, minimal hargai konsumen yang sudah tetap mau memakan layanan ini!",bahas aplikasi kualitas jaring provider besar indonesia bumn layak koneksi jaring daerah buruk internet meeting online daerah desa tetangga aman kayak niat tugas layan kece lokasi minimal harga konsumen makan layan,6,5,1
playstore,telkomsel,sangat bagus👍,bagus,1,0,1
playstore,telkomsel,sayang ditempat saya kurang bagus signal nya,sayang tempat bagus signal,1,1,0
playstore,telkomsel,"mohon aplikasi segera di perbaiki,sekarang terlalu banyak gejala dan masalah, beli paket ajaa susah kali",mohon aplikasi baik gejala beli paket ajaa susah kali,2,2,0
playstore,telkomsel,"jrgan udah dekat dgn kantor Telkom TPI jrgan d sni, nonton aja susah.. recom data apa yg bgus soalnya dekat kantor telkom",jrgan kantor telkom tpi jrgan d sni nonton susah recom data bgus kantor telkom,0,2,0
playstore,telkomsel,JARINGAN NYA SANGAT JELEK BURUK KENAPA BEGITU,jaring jelek buruk,1,2,0
playstore,telkomsel,"pembelian paket data di Telkomsel semakin mahal, jaringan kurang bagus. terima kasih..",beli paket data telkomsel mahal jaring bagus terima kasih,4,2,1
playstore,telkomsel,keren,keren,1,0,1
playstore,telkomsel,memberi kemudahan buat pelanggan telkomsel,mudah langgan telkomsel,2,0,1
playstore,telkomsel,"saran gw jangan beli kartu ini, udah Maruk, kuota mahal tapi jaringannya g bagus sama sekali... buat main game aja ga bisa tenang karena lag😡 mending beli Axis sekalian bgsat",saran beli kartu maruk kuota mahal jaring bagus main game tenang lag mending beli axis bgsat,4,3,1
playstore,telkomsel,setiap mau beli paket Flash Sale selalu gak bisa bayar alasan koneksilah. Ku kira lelet karena aplikasi gak di update ternyata setelah update pun gak bisa beli paketnya.,beli paket flash sale bayar alas koneksi ku lelet aplikasi update update beli paket,2,2,0
playstore,telkomsel,sangat dimudahkan untuk pembelian paket maupun pulsa,mudah beli paket pulsa,2,1,1
playstore,telkomsel,bagus banget 😄,bagus,1,0,1
playstore,telkomsel,Sangat membantu untuk membeli paket internet sesuai budget.,bantu beli paket internet sesuai budget,2,0,1
playstore,telkomsel,"bagus si tapi saya tadi kan mau isi kuota tadi kan ada yang 45 k 11 GB tapi pas dilihat kembali ga ada itu si keluhannya ,tapi bagus si",bagus si isi kuota k gb pas si keluh bagus si,3,1,1
playstore,telkomsel,aplikasi nya berat bgt banyak bug nya,aplikasi berat bug,0,1,0
playstore,telkomsel,"bagaimana ini sinyal Telkomsel sekarang sering banget lag sinyal GK ada,sedang kan temen saya pake kartu lain GK lag sama sekali,walau pun tempat kita main hape nya sama,dari dulu semenjak tahun 2025 pertengahan sinyal ini jadi GK stabil GK jelas gampang lah,jadi mohon untuk di perbaiki lagi sinyal nya agar tidak lag",sinyal telkomsel lag sinyal temen pake kartu lag main hape semenjak tengah sinyal stabil gampang mohon baik sinyal lag,3,0,1
playstore,telkomsel,paketnya di permurah dong,paket murah,2,0,1
playstore,telkomsel,"aplikasi aneh,delay trs padahal sinyal bagus mana mahal² lagi,minimal klo mahal jaringan bagus bos,ini udh mahal jaringan ga gawe buang² duit gua aja lu sial",aplikasi aneh delay sinyal bagus mahal minimal mahal jaring bagus bos mahal jaring gawe buang duit gua sial,5,9,0
playstore,telkomsel,trimakasih Telkomsel,trimakasih telkomsel,1,0,1
playstore,telkomsel,"Aplikasi lemot susah dibuka.!! katanya operator no.1 di Indonesia tapi apa aplikasi busuk susah login, sinyal pun busuk harga mahal lagi. perbaiki woy Telkomsel dengerin ni masukan orang.!!",aplikasi lot susah buka operator no indonesia aplikasi busuk susah login sinyal busuk harga mahal baik woy telkomsel dengerin ni masuk orang,3,9,0
playstore,telkomsel,"ni apk kebanyakan lag padahal wifi lancar buat beli paketan aja susah bener, setidaknya kasih tau klo lgi gangguan itu mh gada gangguan tpi lag lag trus mau beli pulsa/data buat darurat malah gabisa, apk ga rekomended udah gah mahal mahal semua stresss",ni apk banyak lag wifi lancar beli paket susah bener kasih tau lgi ganggu mh gada ganggu tpi lag lag trus beli pulsa data darurat gabisa apk rekomended gah mahal mahal stresss,2,8,0
playstore,telkomsel,sering eror saat pembelian paket,eror beli paket,1,1,0
playstore,telkomsel,"no komen, bintang 1 aja. kecewa banget sama Telkomsel padahal aku termasuk pengguna lama.",no komen bintang kecewa telkomsel guna,1,1,0
playstore,telkomsel,sangat bermanfaat,manfaat,1,0,1
playstore,telkomsel,kebayakan iklan bikin apk ngak lancar padahal ngak paham apa yg d iklankan 👎👎👎👎,kebaya iklan bikin apk ngak lancar ngak paham d iklan,1,0,1
playstore,telkomsel,"berat dan lama sekali saat di buka, lainnya bagus",berat buka bagus,1,0,1
playstore,telkomsel,"semoga makin banyak pengguna starlink di Indonesia, agar punya daya saing perang tarif dengan Yang lagi jual mahal,",moga guna starlink indonesia daya saing perang tarif jual mahal,3,2,1
playstore,telkomsel,"Bagaimana bisa pulsa berkurang terus2an dgn alasan terpakai utk akses internet, padahal sudah beli paket data, dan di rumahpun pake wifi!!!???",pulsa kurang an alas pakai utk akses internet beli paket data rumah pake wifi,3,3,0
playstore,telkomsel,aku ingin beli yang gratis,beli gratis,1,0,1
playstore,telkomsel,"Ini jaringan Telkomsel macam Ta'i sekali.. paket mahal, jaringan sulit.. main game, serasa lagi di tengah hutan.. merugikan sekali.. masa main game ping naik sampe 200.. operator aneh.. jual paket elit, jaringan sulit",jaring telkomsel ta i paket mahal jaring sulit main game serasa hutan rugi main game ping sampe operator aneh jual paket elit jaring sulit,9,5,1
playstore,telkomsel,"apk berat, paket mahal, lol",apk berat paket mahal lol,1,1,0
playstore,telkomsel,"pelanggan minta 28 hari itu pelanggan yg mana ya? kalo orang kerja pasti maunya 30 hari, rugi banget ya Allah pake telkomsel, udah gtu hangus smua lagi kuotanya",langgan langgan orang kerja mau rugi allah pake telkomsel gtu hangus smua kuota,4,3,1
playstore,telkomsel,jaringan tidak lelet,jaring lelet,1,1,0
playstore,telkomsel,paket internet sangat mahal jaringan buruk,paket internet mahal jaring buruk,2,2,0
playstore,telkomsel,jaringan nya kurang baik,jaring,1,0,1
playstore,telkomsel,jaringan kurang stabil dan paketan harus di bawah. 100,jaring stabil paket,3,0,1
playstore,telkomsel,lambat,lambat,0,1,0
playstore,telkomsel,kenapa saya tidak bisa membuka aplikasi mytelkomsel,buka aplikasi mytelkomsel,0,1,0
playstore,telkomsel,"aplikasi bobrok, nyedot pulsa pelanggan, isi kuota di bikin susah, pas udah isi lewat aplikasi kuota nya ga masuk, tolol",aplikasi bobrok nyedot pulsa langgan isi kuota bikin susah pas isi aplikasi kuota masuk tolol,2,10,0
playstore,telkomsel,"jaringan bagus aplikasi cepat n responsif,semoga selalu di mudahkan dalam aplks ini mksh",jaring bagus aplikasi cepat n responsif moga mudah aplks mksh,6,1,1
playstore,telkomsel,semoga paket nya sering banyak promo,moga paket promo,3,0,1
playstore,telkomsel,Paket combo saktinya koq sudah mahal sekarang ya.,paket combo sakti koq mahal,1,1,0
playstore,telkomsel,GILAA PAKET MAKIN MAHAL / KUOTA MAKIN KECIL / MASA AKTIF MAKIN KURANG !! GILAA KIKIRR BANGET BOSS MENDING PINDAH PROVIDER SEBELAH CUIH !!,gilaa paket mahal kuota aktif gilaa kikirr boss mending pindah provider belah cuih,2,3,0
playstore,telkomsel,"aplikasi lemot dan berat sekali padahal aplikasi penyedia jaringan, tp malah paling lemot dibanding aplikasi lain",aplikasi lot berat aplikasi sedia jaring lot banding aplikasi,2,5,0
playstore,telkomsel,"isi paket data beli di *363# pulsa terpotong, paket data tidak masuk. payaah",isi paket data beli pulsa potong paket data masuk payaah,2,5,0
playstore,telkomsel,"Paket kuota semakin mahal, terus sekarang sudah gak bisa beli paket combo sakti max lagi, bulan kemarin masih bisa",paket kuota mahal beli paket combo sakti max kemarin,2,2,0
playstore,telkomsel,"aplikasi kikir najis, sebelumnya padahal udah sering transaksi internet sakti 12gb 25k, tapi sekarang paketnya malah hilang diganti sama spesial 12gb harganya 33k , apaan coba padahal sama² 12gb",aplikasi kikir najis transaksi internet sakti gb k paket hilang ganti spesial gb harga k coba gb,5,3,1
playstore,telkomsel,"signal buruk, paket tambah mahal",signal buruk paket mahal,1,2,0
playstore,telkomsel,apk ampas,apk ampas,0,1,0
playstore,telkomsel,sangat puas terimakasih,puas terimakasih,2,0,1
playstore,telkomsel,Telkomsel mantap,telkomsel mantap,1,0,1
playstore,telkomsel,nice,nice,1,0,1
playstore,telkomsel,kuota makin naik Mulu. lama-lama gw pake WiFi nih!!,kuota mulu pake wifi,0,1,0
playstore,telkomsel,makin hari makin gak ngotak Telkomsel harga kuota naik terus padalah sering diprotes.,ngotak telkomsel harga kuota pada protes,1,3,0
playstore,telkomsel,Paket mahal.. jaringan sudah lemot.. makanya aku pindah paket data di operator lain.. Telkomsel sudah parah,paket mahal jaring lot pindah paket data operator telkomsel parah,3,4,0
playstore,telkomsel,paketan mahal,paket mahal,1,1,0
playstore,telkomsel,sisa paket masih saja hangus...,sisa paket hangus,1,2,0
playstore,telkomsel,harga kuota makin hari makin ga ngotak udah mah sinyal kek MONYETT,harga kuota ngotak mah sinyal kek monyett,1,1,0
playstore,telkomsel,Pelayanannya Sangat Bagus dan Cepat Tanggal,layan bagus cepat tanggal,2,1,1
playstore,telkomsel,"ini gimana udah kepotong saldo,tapi kouta ga ada,,di akun virtual ya udah transaksi selasai saldo kepotong, kouta ga ada,,kalau gagal napa keabil saldo ya,,",gimana potong saldo kuota akun virtual transaksi selasa saldo potong kuota gagal napa keabil saldo,4,6,0
playstore,telkomsel,"parah error,paket Masi sisa 2gb masa aktif Masi 4 hari,tidak taunya apk error sampai sedot pulsa 50rb",parah error paket mas sisa gb aktif mas tau apk error sedot pulsa rb,1,7,0
playstore,telkomsel,sinyalnya di perkuat lagi,sinyal kuat,1,0,1
playstore,telkomsel,jaringan gak terlalu lancar.,jaring lancar,2,0,1
playstore,telkomsel,jaringan masih sering lelet di area saya,jaring lelet area,1,1,0
playstore,telkomsel,min ini kenapa yaa setiap saya nuker redward selalu gagal? mohon di jawab yaa,min nuker redward gagal mohon,0,1,0
playstore,telkomsel,"percuma kasih stamp voucer ini itu seperti gopay dana shopee, pas urutan untuk klaim selalu 0 atau kadaluarsa.",kasih stamp voucer gopay dana shopee pas urut klaim kadaluarsa,2,0,1
playstore,telkomsel,PAKET INTERNET MAHAL. PAKET TIAP BULAN NAIK. KUALITAS 0 ALIAS LEMOT SEPANJANG MASA. PANTAS MENDAPAT PENGHARGAAN SEBAGAI PROVIDER PALING SERAKAH. ADMIN NGGAK USAH BALES KARENA PASTI JAWABANMU TERLIHAT JELAS KEDUNGUANMU MEMBELA PROVIDER BURUK.,paket internet mahal paket kualitas alias lot harga provider serakah admin nggak bales jawab dungu bela provider buruk,4,5,0
playstore,telkomsel,good aplikasi,good aplikasi,1,1,0
playstore,telkomsel,ok boss ku,ok boss ku,1,0,1
playstore,telkomsel,apk lemot hahaha kek kntl,apk lot hahaha kek kntl,0,1,0
playstore,telkomsel,saya pindah ulasan saya warga yang kurang berkecupan karna internet sakti sudah tidak ada no Telkomsel saya ganti ke jaringan lain. makasih sudah banyak membantu. salam hormat,pindah ulas warga cup internet sakti no telkomsel ganti jaring makasih bantu salam hormat,2,0,1
playstore,telkomsel,paketan masih banyak . sinyal full tapi macet².. kayaknya telkimsel mulai buruk di pelayanan jaringan,paket sinyal full macet kayak telkimsel buruk layan jaring,2,2,0
playstore,telkomsel,"Mohon sebelum nya, saya adalah pengguna Telkomsel dr tahun 2006, tapi kenapa sekarang menjadi semakin berubah, bulan lalu isi paket flessel 150k=150gb sekarang 150k hanya dapat 100gb terlalu jauh perbedaan nya, mohon pihak Telkomsel dapat memberikan toleransi, Terima kasih.",mohon guna telkomsel dr ubah isi paket flessel k gb k gb beda mohon telkomsel toleransi terima kasih,3,1,1
playstore,telkomsel,"signal makin hari makin lemot, tailah hrga paketnya aja makin mahal, pantasan bnyk pindah ke yang lain.",signal lot tailah hrga paket mahal pantas bnyk pindah,1,2,0
playstore,telkomsel,"1. sinyal buruk 2. tidak bisa menyelesaikan permasalahan pelanggan 3. mahal 4. kebanyakan drama saran dari saya sebelum kalian menyesal , lebih baik kalian semuanya tinggal kan kartu Telkomsel anda , sebelum anda menyesal di kemudian hari... karena tidak bisa menangani permasalahan pelanggan dan kebanyakan drama.... terimakasih",sinyal buruk selesai masalah langgan mahal banyak drama saran sesal tinggal kartu telkomsel sesal tangan masalah langgan banyak drama terimakasih,4,6,0
playstore,telkomsel,"kenapa aku kasih bintang 1? karena pas awal beli kartu simpati itu jaringan normal normal aja tapi pas udah sebulan tiba tiba jaringan yg normal jadi kehilangan jaringan (ada huruf E / G) dan itu bukan hanya sekali tapi pada kartu simpati yg sebelumnya juga mengalami yg sama, mohon nih Telkomsel aku baru aja beli kuota seharga 300 ribu tapi udah mengalami masalah? yg bener aja dong, tolong dong berikan bantuan atau apapun biar jaringan gw balik lagi (gw kirim rating ini pakai wifi)",kasih bintang pas beli kartu simpati jaring normal normal pas bulan jaring normal hilang jaring huruf e kartu simpati alami mohon telkomsel beli kuota harga ribu alami bener tolong bantu apa biar jaring kirim rating pakai wifi,11,6,1
playstore,telkomsel,jaringan bobrok paket mahal sinyal jelek!,jaring bobrok paket mahal sinyal jelek,2,3,0
playstore,telkomsel,kakak saya minta tolong kualitas sinyalnya di tinkatkan di daerah kecamatan teluk bayur kabupaten berau jln kandang muntik di sini kaulitas sinyal nya tidak setabil,kakak tolong kualitas sinyal tinkatkan daerah camat teluk bayur kabupaten rau jln kandang muntik kaulitas sinyal setabil,1,0,1
playstore,telkomsel,sangat memuaskan mytelkom,muas mytelkom,1,0,1
playstore,telkomsel,"sinyal sering ilang, kuota harganya mahal gk nyampe 30 hari lagi, sinyal paling gk jelassssss",sinyal ilang kuota harga mahal nyampe sinyal jelassssss,1,3,0
playstore,telkomsel,"terserah pt tolol kalian sajalah mau bawa kemana ini sinyal gw. capek gw dengan pt sampah macam telkomsel. sinyal dan jaringan super cacat!!! pt telekomunikasi super cacat. gak usah ada lagi kalau perlu sinyal ataupun jaringan pt busuk kalian di sim card gw!! gak berguna. menjijikan dan memuakkan!!! Sinyal gak niat banget yah nih telkomsel. Kalau perlu sekalian saja gak perlu ada lagi sinyal maupun jaringan pt busuk kalian di sim card saya, saya ikhlaskan semua itu!! pt gak guna ada di indonesia",serah pt tolol bawa mana sinyal capek pt sampah telkomsel sinyal jaring super cacat pt telekomunikasi super cacat sinyal jaring pt busuk sim card guna jijik muak sinyal niat yah telkomsel sinyal jaring pt busuk sim card ikhlas pt indonesia,5,9,0
playstore,telkomsel,"tolollllll sinyal ilang² mulu tidak ada layanan 24jam+++! csnya cmn ai yang cmn bisa bales ""mhon tunggu sedang d smbungkan ke customer service"" tololll seharian ngapain aja beg. o oo. kecewa sekecewanya baru seminggu pake telkomsel udh giniii,",tolollllll sinyal ilang mulu layan jam csnya cmn ai cmn bales mhon tunggu d smbungkan customer service tololll hari ngapain beg o oo kecewa kecewa minggu pake telkomsel giniii,0,4,0
playstore,telkomsel,"paket mahal, sinyal susah kmpang",paket mahal sinyal susah kmpang,1,2,0
playstore,telkomsel,"jaringan nya busuk. kasih bintang 1 biar beralih pakai kartu lain . Telkomsel biar gak di pakai lagi paket hilang tiba"" gak benar Lo Emang gak ada notifikasi paket habis tiba""",jaring busuk kasih bintang biar alih pakai kartu telkomsel biar pakai paket hilang emang notifikasi paket habis,3,2,1
playstore,telkomsel,paketan elit sinyal sulit,paket elit sinyal sulit,1,1,0
playstore,telkomsel,"harga paket internet naik terus, kalo harga nya mahal tapi jaringan nya bagus sih masih oke. Lah ini? jaringan jelek, harga nya mahal pula!!!!",harga paket internet harga mahal jaring bagus oke jaring jelek harga mahal,8,3,1
playstore,telkomsel,udh beli paket di aplikasi menggunakan pembayaran qris tapi paket ga masuk!,beli paket aplikasi bayar qris paket masuk,2,2,0
playstore,telkomsel,"paket mingguan di hilangkan, harga kuota makin mahal, jaringan masih sering lag, balikin paket mingguan woii, saya sering beli paket mingguan malah di hilangkan gmna sih!!, tlol bener",paket minggu hilang harga kuota mahal jaring lag balikin paket minggu woii beli paket minggu hilang gmna tlol bener,5,4,1
playstore,telkomsel,kenapa ya kok jd lemot?? kalo ada promo kok jd susah belinya?? kadang malah gak bis,lot promo susah beli kadang bis,2,2,0
playstore,telkomsel,"sering gangguan , slow respon",ganggu slow respon,2,1,1
playstore,telkomsel,kartu kgk jelas apk berat paket pada mahal sinyal spek rimba apa apaan,kartu kgk apk berat paket mahal sinyal spek rimba,2,2,0
playstore,telkomsel,"tingkatkan pelayanan konsumen kelas menengah nya gaaaeess,setelah di update malah lolaaaa🙏💪👍",tingkat layan konsumen kelas tengah gaaaeess update lolaaaa,2,1,1
playstore,telkomsel,"kenapa paket internet SERU 40GB 40K di ganti ke 20GB 40K itu tidak adil, bukankah itu termasuk perampokan saya seperti rugi untuk membeli lagi dan ada rasa kecewa juga",paket internet seru gb k ganti gb k adil ampo rugi beli kecewa,1,2,0
playstore,telkomsel,jaringan kurang bagus padahal saya sudah restart HP tapi jaringan nya tetap jelek 👎👎👎,jaring bagus restart hp jaring jelek,3,1,1
playstore,telkomsel,mantap tapi boong,mantap boong,1,1,0
playstore,telkomsel,"udah ah capek, percuma juga kalau beri ulasan dan ini udah sekian kalinya ganti ulasan,udah berapa kali ganti ulasan tentang jaringan nya, jawabannya selalu sama yaitu restart hp, memang berhasil Tapi nggak selalu, jadi percuma memberi tahu bahwa jaringan Nye ngelek parah jawabannya tetap bakalan sama, kadang di satu rumah,kos atau di kontrakan jaringannya ngelek parah tapi pas disebelah Malah bagus",ah capek ulas sekian kali ganti ulas kali ganti ulas jaring jawab restart hp hasil nggak jaring nye ngelek parah jawab kadang rumah kos kontra jaring ngelek parah pas belah bagus,8,4,1
playstore,telkomsel,Telkomsel mantap. tapi tolong kalau bisa jangan terlalu mahal harga paket nya,telkomsel mantap tolong mahal harga paket,3,1,1
playstore,telkomsel,bagus👍,bagus,1,0,1
playstore,telkomsel,apasi anjg udah mahal sinyal ga ada,apas anjg mahal sinyal,0,2,0
playstore,telkomsel,"aplikasi si paling SUSAH SI BUKA , MAU NGECEK KUOTA AJA KUDU BERKALI2 REFRESH . APK KOCAK . KARYAWANNYA MAKAN GAJI BUTA AJA GAK ADA KEMAJUAN",aplikasi si susah si buka ngecek kuota kudu kali refresh apk kocak karyawannya makan gaji buta maju,1,5,0
playstore,telkomsel,"aplikasi terlalu berat & harga paket juga semakin mahal dan sekarang sangat buruk /sering terjadi error,tidak sesuai dengan yang di iklankan",aplikasi berat harga paket mahal buruk error sesuai iklan,3,4,0
playstore,telkomsel,jelek bnget,jelek bnget,0,1,0
playstore,telkomsel,jangan pke telkomsel jaringannya lemot.,pke telkomsel jaring lot,1,1,0
playstore,telkomsel,asli untuk sekrang lemot parah Telkomsel. malas beli lagi. mahal mahal lemot,asli sekrang lot parah telkomsel malas beli mahal mahal lot,1,6,0
playstore,telkomsel,"sori di kurangin bintang nya karna makin bulan makin gak jelas paket selalu berubah""dan selalu mahal",sori rangin bintang paket ubah mahal,1,1,0
playstore,telkomsel,"KONEKSI INTERNET ANDA ITU SANGAT LAMBAT..... dengan jaringan terluas se-Indonesia tapi koneksi internet 4G seperti 2G Bahkan masih lebih bagus merk lain walaupun hanya di tempat2 tertentu.... sedang kan Telkomsel hanya kencang di waktu2 tertentu.,..klo perlu naikkan lagi harganya tapi benahi kualitas......note: Telkomsel jaringan terluas se-Indonesia tapi internet mahal doang kenceng kagak. tambah parah beli paket mahal kecepatan hanya 0,16mbps lawak sekali... upload jga 0,15mbps. paket promo",koneksi internet lambat jaring luas indonesia koneksi internet bagus merk telkomsel kencang naik harga benah kualitas note telkomsel jaring luas indonesia internet mahal doang kenceng kagak parah beli paket mahal cepat mbps lawak upload mbps paket promo,12,6,1
playstore,telkomsel,kouta internet mahal woeee beli kouta harusnya satu bulan 30 hari malah 28 hari sakit Telkomsel ini makin aneh aneh aja.,kuota internet mahal woeee beli kuota sakit telkomsel aneh aneh,0,4,0
playstore,telkomsel,"harga paket makin mahal , tapi jariangan makin sulit .",harga paket mahal jariangan sulit,2,2,0
playstore,telkomsel,jaringan apalahh Telkomsel ini lagg bangattt harga tidak sesuai dengan kelancaran jaringannya,jaring apalahh telkomsel lagg bangattt harga sesuai lancar jaring,5,0,1
playstore,telkomsel,GILA. MAKIN LAMA MAKIN MAHAL BANGET TELKOMSEL,gila mahal telkomsel,0,1,0
playstore,telkomsel,"apa nya nih MyTelkomsel, mau beli paket tiba mau pembayaran loading nya lama sekali",mytelkomsel beli paket bayar loading,1,0,1
playstore,telkomsel,udah mahal lelet pulakkk,mahal lelet pulakkk,0,2,0
playstore,telkomsel,paket makin mhall hargaanyaa,paket mhall hargaanyaa,1,0,1
playstore,telkomsel,tekomsel sangat buruk gk ad jaringan,tekomsel buruk ad jaring,1,1,0
playstore,telkomsel,mantapkan,mantap,1,0,1
playstore,telkomsel,"keren ya sampe lag trs, gk ada kemajuan dgn harga GK NGOTAK",keren sampe lag maju harga ngotak,2,0,1
playstore,telkomsel,"cuih, najisin. lagi baca berita bahasa Inggris ga bisa di terjemahin ke indo grgr jaringan, padahal tulisan 5G. nyesel bnget lah beli pulsa atau kuota di Telkomsel ini. jaringan sering ngelg banget, kalo isi pulsa suka kepotong sendiri padahal ga aktifkan data seluler, harga makin mahal tapi ga ada perubahan dari dulu.",cuih najisin baca berita bahasa inggris terjemahin indo grgr jaring tulis nyesel bnget beli pulsa kuota telkomsel jaring ngelg isi pulsa suka potong aktif data seluler harga mahal ubah,3,11,0
playstore,telkomsel,"lemoooooot bangeeeeeeed, mahaaaaaaaaaaal bangeeeeeeed, pny AI cuma sibuk ngomongin kenyamanan...kenyamanan gundulmu",lemoooooot bangeeeeeeed mahaaaaaaaaaaal bangeeeeeeed pny ai sibuk ngomongin nyaman nyaman gundul,2,1,1
playstore,telkomsel,"payah sinyal putus2 ,harga aja mahal tapi jaringan tdk sesuai",payah sinyal putus harga mahal jaring tdk sesuai,3,2,1
playstore,telkomsel,"PARAH BANGET, Harga makin mahal tapi jaringan makin buruk... tolonglah dibenahi kualitas jaringannya, dulu pake Telkomsel karna jaringan paling bagus, tapi sekarang jaringan Telkomsel paling buruk.",parah harga mahal jaring buruk tolong benah kualitas jaring pake telkomsel jaring bagus jaring telkomsel buruk,7,4,1
playstore,telkomsel,"jual pulsanya pake sistim riba, main hangusin pulsa sudah sah dibeli",jual pulsa pake sistim riba main hangusin pulsa sah beli,1,3,0
playstore,telkomsel,aplikasi ini membosankan tidak ada bagi bagi Kouta lagi,aplikasi bosan kuota,0,2,0
playstore,telkomsel,"makin lama makin mahal, makin ngeleg juga nyesel mending pilih kartu lain",mahal lambat nyesel mending pilih kartu,1,4,0
playstore,telkomsel,"jaringan gak jelas, suka ilang ilangan. menang mahal nya doang",jaring suka ilang ilangan menang mahal doang,1,2,0
playstore,telkomsel,gua beli paket 100k tapi jaringan kayak💩,gua beli paket k jaring kayak,2,2,0
playstore,telkomsel,lumayan lah,lumayan,1,0,1
playstore,telkomsel,"jaringan internet paling buruk, tidak rekomendasi untuk yang suka main game online",jaring internet buruk rekomendasi suka main game online,2,1,1
playstore,telkomsel,"lama kelamaan malah lemot jaringan,kaya kurang gizi",lot jaring kaya gizi,1,1,0
playstore,telkomsel,signal jelek tidak bagus untuk kalian signal nya sangat jelek tidak di rekomendasikan dan jangan di beli signal nya kurang cocok,signal jelek bagus signal jelek rekomendasi beli signal cocok,1,2,0
playstore,telkomsel,tempek neng deso i kek Ono sinyal su jembut maen ml ngeleg ae bosok paketan mu su su bajingan rugi tuku paketanmu blog mikir ngo uteq,tempek neng deso i kek ono sinyal su jembut maen ml lambat ae bosok paket mu su su bajing rugi tuku paket blog mikir ngo uteq,3,2,1
playstore,telkomsel,"provider sampah, sinyal nya jelek banget gak sesuai harga nya yang overprice",provider sampah sinyal jelek sesuai harga overprice,2,2,0
playstore,telkomsel,harga kuota makin mahal kinerja makin tololll jaringan busuk kikir taekkk,harga kuota mahal kerja tololll jaring busuk kikir taekkk,4,3,1
playstore,telkomsel,sering banget berurusan sama CS nya dan proses penyelesaian nya lama. cuma ganti paket kok bisa berhari hari,urus cs proses selesai ganti paket hari,2,0,1
playstore,telkomsel,harga pket semakin sering di beli semakin mahal,harga pket beli mahal,1,1,0
playstore,telkomsel,percuma ada fitur jaga pulsa. tetap aja motong pulsa pada saat kuota habis. gk ky sebelah pulsa aman saat kuota habis.,fitur jaga pulsa motong pulsa kuota habis ky belah pulsa aman kuota habis,0,6,0
playstore,telkomsel,jaringan terburuk,jaring buruk,1,1,0
playstore,telkomsel,"Paket internet makin mahal, kualitas makin jelek, sebulan 28 hari, memang rentenir telkomselll.. kesimpulannya BURUK..JELEK..memang ga ngotak provider punya pemerintah..",paket internet mahal kualitas jelek bulan rentenir telkomselll simpul buruk jelek ngotak provider perintah,3,5,0
playstore,telkomsel,mahal doang jaringan sampah,mahal doang jaring sampah,1,2,0
playstore,telkomsel,kuota mahal. waktu kuota cuma 28 Hari yaelah,kuota mahal kuota yaelah,0,3,0
playstore,telkomsel,"harga paket makin mahal, paket internetnya malah makin sedikit",harga paket mahal paket internetnya,3,1,1
playstore,telkomsel,"Harga kuota mahal kualitas tak sepadan, NAJIS. Kalau bisa 0 bintang ku kasih 0 lah, provider busuk👎👎. Ada aja otak maling akal2 provider sampah ini, ada 2 tipe kuota masa yg di sedot terus2an kuota yg baru beli? sisa kuota lama ga berkurang samsek sampai mau habis masa aktifnya? banyak bug juga ni tim ITnya TOLOL apa EMANG DIBIKIN SISTEM MALING GINI? NAJIS BGT NI PROVIDER SAMPAH",harga kuota mahal kualitas padan najis bintang ku kasih provider busuk otak maling akal provider sampah tipe kuota sedot an kuota beli sisa kuota kurang samsek habis aktif bug ni tim itnya tolol emang bikin sistem maling gin najis ni provider sampah,2,16,0
playstore,telkomsel,"harga paket makin mahal , masa aktif semakin pendek, jaringan internet semakin lelet , masih pake karna terpaksa , mobile banking dan aplikasi lain banyak yang tersambung dengan nomer ini",harga paket mahal aktif pendek jaring internet lelet pake paksa mobile banking aplikasi sambung nomer,3,5,0
playstore,telkomsel,lumayan,lumayan,1,0,1
playstore,telkomsel,"ini kenapa aplikasi waktu masuk metode pembayaran loading nya lama banget dan selalu error, diperbaiki dong udah 2 bulan lebih gini terus",aplikasi masuk metode bayar loading error baik gin,1,4,0
playstore,telkomsel,apaan ni apk setelah update malah suka eror sendiri.update bukannya bikin bagus malah bikin jelek.layanan buruk bikin pelanggan jengkel.,ni apk update suka eror update bikin bagus bikin jelek layan buruk bikin langgan jengkel,2,4,0
playstore,telkomsel,"fitur nya lengkap, sayang nya kuotanya mahal mahal dan apk nya sangat lelet bikin kesal menurut saya mnding gausah ada apk nya,padahal waktu login saya memakai wifi terbaik,1 lagi sayang bgt untuk point nya tdk bisa di tukar sma kuota, melainkan hanya bisa di tukar sama potongan belanja di outlet dan wilayah tertentu saja, Anw saya dari Papua,dan ga mungkin saya belanja di jakarta,sebab itu saya bilang pointnya gaberlaku",fitur lengkap sayang kuota mahal mahal apk lelet bikin kesal mnding gausah apk login pakai wifi baik sayang point tdk tukar sma kuota tukar potong belanja outlet wilayah anw papua belanja jakarta bilang point gaberlaku,1,7,0
playstore,telkomsel,tidak bisa di bukak buat beli paket data,bukak beli paket data,1,1,0
playstore,telkomsel,terkadang kuota saya 5 GB sebentar kurang 2 Gb,terkadang kuota gb sebentar gb,1,2,0
playstore,telkomsel,kami kecwa gak jelas mau beli kouta tapi gak bisa katanya harus coba lagi kok gak bisa bisa,kecwa beli kuota coba,0,1,0
playstore,telkomsel,"tlg lbh di tingkatkan lagi tuk msh jaringan,, kadang jaringan tidak stabil,,...",tlg lbh tingkat tuk msh jaring kadang jaring stabil,6,0,1
playstore,telkomsel,sampah. jaringan ngeleh terus ngak stabil di tempat ku. ag,sampah jaring ngeleh ngak stabil ku ag,2,1,1
playstore,telkomsel,promo saya sering hilang,promo hilang,1,1,0
playstore,telkomsel,ko punya saya ya bisa beli paket,ko beli paket,1,0,1
playstore,telkomsel,"terakhir sya beli paketan di telkomsel. beli paketan nya tak ada guna sma sekli. pokokonya jaringan paling jelek di indonesia itu adalah .TELKOMSEL BABI dan paling anehnya lagi ..gk siang gk malam,jaringan tetap aja jelek.smapai 2026 jaringnmu masih kyak babi.",sya beli paket telkomsel beli paket sma sekli pokokonya jaring jelek indonesia telkomsel babi aneh siang malam jaring jelek smapai jaringnmu kyak babi,4,5,0
playstore,telkomsel,ga guna -_- ada paket promo mau di beli ga bisa masuk di pembayaran giliran yang ga promo gampang banget. ngapain ngadain promo kalo emang ga bisaa tolol,paket promo beli masuk bayar gilir promo gampang ngapain ngadain promo emang bisaa tolol,4,2,1
playstore,telkomsel,"paketan mahal,aplikasi sering ganguan",paket mahal aplikasi ganguan,1,2,0
playstore,telkomsel,"bagus tapi kuotanya mahal mahal , yang bikin aku pakek Telkomsel ini karena kuota nya gak di bagi bagi, gak kayak xl",bagus kuota mahal mahal bikin pakek telkomsel kuota kayak xl,1,5,0
playstore,telkomsel,jaringan ngelag,jaring lambat,1,1,0
playstore,telkomsel,"Nyesel beli ni kartu anj sinyal jelekk hargaa paket mahal mikir jaringan lu lemott , benerin dulu tuh jaringan baru paket lu mahalin",nyesel beli ni kartu anj sinyal jelekk hargaa paket mahal mikir jaring lemott baik tuh jaring paket mahalin,5,2,1
playstore,telkomsel,jaringan Telkomsel makin lama makin buruk data makin mahal gak rekomen Untuk main game,jaring telkomsel buruk data mahal rekomen main game,2,3,0
playstore,telkomsel,pemaksaan untuk bayar,paksa bayar,0,1,0
playstore,telkomsel,"aplikasi makin berat, Kouta nga seberapa mahal nya nga ngotak",aplikasi berat kuota nga mahal nga ngotak,0,3,0
playstore,telkomsel,lebih cepat dan murah 👍👍,cepat murah,2,0,1
playstore,telkomsel,"sekarang pake telkomsel udah males, harga kuotanya pada mahl², mana di bagi bagi kuotanya",pake telkomsel males harga kuota mahl kuota,1,3,0
playstore,telkomsel,harga paket data nya naik gk masuk akal,harga paket data masuk akal,2,2,0
playstore,telkomsel,"sering dapat SMS dari Telkomsel yang isinya gak jelas. cek dulu sebelum kirim pesan. mengganggu kalau sering, paham..",sms telkomsel isi cek kirim pesan ganggu paham,1,2,0
playstore,telkomsel,banyak diskon,diskon,1,0,1
playstore,telkomsel,kalo bisa bjntang nol gua kasih dah,bjntang nol gua kasih dah,0,3,0
playstore,telkomsel,sulit masuk,sulit masuk,0,2,0
playstore,telkomsel,paket internet sangat-sangat mahal,paket internet mahal,1,1,0
playstore,telkomsel,sangat bagus dan membantu untuk inpormasi dan tujuan yg baik,bagus bantu inpormasi tuju,1,0,1
playstore,telkomsel,"aneh banget di pake video call ni kartu jelek banget padahal gua tinggal di Cibubur tepat nya Deket plaza Cibubur, Bukan di pegunungan tpi buat vc susah nya minta ampun",aneh pake video call ni kartu jelek gua tinggal cibubur deket plaza cibubur gunung tpi vc susah ampun,1,3,0
playstore,telkomsel,kurang bagus jaringan,bagus jaring,2,0,1
playstore,telkomsel,"Biasanya 100 ribu bisa sebulan, ini belum sebulan sudah habis paket internetnya. Cepat kali ngalirnya kayak air.",ribu bulan bulan habis paket internetnya cepat kali ngalirnya kayak air,2,4,0
playstore,telkomsel,aplikasi klo di buka lelet harga paket pun naik terus,aplikasi buka lelet harga paket,2,2,0
playstore,telkomsel,jaringan nya ga stabil dan ketika menggunakan nya selalu di angka 0-10 KBS(sudah 2 bulan) note: jaringan di kota gw di beberapa kartu internet lain ga pernah ngalamin hal yg seburuk itu,jaring stabil angka kbs note jaring kota kartu internet ngalamin buruk,3,2,1
playstore,telkomsel,"tolong di benerin dong, sinyal nya ngeleg bener buat main ml, dah mana kouta nya nambah mahal lagi.. buat telkom tolong di perbaiki secepat nyaa",tolong baik sinyal lambat bener main ml dah kuota nambah mahal telkom tolong baik cepat nyaa,3,4,0
playstore,telkomsel,sangat bagus sangr bagus untuk tdk digunakan harga mahal jaringan paling lemot nggak guna memang ni kartu wkwkwk kikir nya tuh kikir banget,bagus sangr bagus tdk harga mahal jaring lot nggak ni kartu wkwkwk kikir tuh kikir,7,2,1
playstore,telkomsel,"Banyak bug ,sering error , lambat",bug error lambat,0,2,0
playstore,telkomsel,bagus dan muda digunakan aplikasinya,bagus muda aplikasi,1,2,0
playstore,telkomsel,sekelas BUMN aplikasinya busuk gini,kelas bumn aplikasi busuk gin,0,3,0
playstore,telkomsel,error Mulu kalau bisa perbaikan sistem di Adain tengah malam atau pergantian hari pagi selesai pengguna jadi nya ga terganggu jangan di siang hari yg aktif orang menggunakan data internet nya terimakasih 🙏 mohon maaf sebelumnya 🙏,error mulu baik sistem adain malam ganti pagi selesai guna ganggu siang aktif orang data internet terimakasih mohon maaf,3,5,0
playstore,telkomsel,combo saktinya ilang njir,combo sakti ilang njir,0,2,0
playstore,telkomsel,"min kok sinyalnya makin kureng aja sih, masa dibanding 3 masih bagusan dia sinyalnya.",min sinyal reng banding bagus sinyal,1,0,1
playstore,telkomsel,paketan lelet banget,paket lelet,1,1,0
playstore,telkomsel,Cukup bagus..tp terkadang sinyal suka hilang dan pulsapun ikut hilang baru isi..,bagus terkadang sinyal suka hilang pulsa hilang isi,2,3,0
playstore,telkomsel,"makin hari makin mahal, sudah beli paket mahal sekedar benerin aplikasi aja gak bisa, aplikasi terlalu berat.. hp flagship pun dibikin ngelag sanking beratnya, gblk",mahal beli paket mahal dar baik aplikasi aplikasi berat hp flagship bikin lambat sanking berat gblk,2,6,0
playstore,telkomsel,aplikasinya lemot.,aplikasi lot,0,2,0
playstore,telkomsel,Indihome di daerah paku haji Tangerang banten. setoran bulanan pengen lancar... tetapi KLO ada eror pengerjaannya lambat sudah 2 hari eror idup cuma beberapa jam mati lagi. harusnya teknisi harus kerja cepat jangan lambat. jangan pengen bulanannya aja lancar. tolong lah agar cepat kelar jangan bertele tele,indihome daerah paku haji tangerang banten setor bulan ken lancar eror kerja lambat eror idup jam mati teknisi kerja cepat lambat ken bulan lancar tolong cepat kelar tele tele,7,7,0
playstore,telkomsel,jaringan nya kacau,jaring kacau,1,0,1
playstore,telkomsel,mantab bos,mantab bos,2,0,1
playstore,telkomsel,di kritik dan dikomentar user aja tidak berbenah! tidak kompeten sekali perusahaannya! kualitas jaringan di kecamatan saya sangat buruk!,kritik komentar user benah kompeten usaha kualitas jaring camat buruk,2,2,0
playstore,telkomsel,oke cepat prosesnya,oke cepat proses,3,0,1
playstore,telkomsel,"Banyak banget notif yang ga perlu, entah kenapa selalu force close, entah keberatan UI atau gimana, niatnya jadi serba bisa malah jadi serba gabisa",notif force close berat ui gimana niat serba serba gabisa,0,1,0
playstore,telkomsel,apa lagi gangguan apk nya? ko gak bisa verifikasi wajah.mohon di bantu,ganggu apk ko verifikasi wajah mohon bantu,0,1,0
playstore,telkomsel,bagus membantu,bagus bantu,1,0,1
playstore,telkomsel,lancar,lancar,1,0,1
playstore,telkomsel,"padahal butuhnya kuota internet saja,Wtv,dll tidak berguna,harga kuota internet semakin mahal",butuh kuota internet wtv dll guna harga kuota internet mahal,2,4,0
playstore,telkomsel,pulsa lebih hangus,pulsa hangus,0,2,0
playstore,telkomsel,"katanya limit TSmartpay bisa dipakai, terus cara daftarnya mudah, ini kok susah sekali daftarnya",limit tsmartpay pakai daftar mudah susah daftar,1,1,0
playstore,telkomsel,tidak ribet,ribet,0,1,0
playstore,telkomsel,"kenapa klo beli kuota dii aplikasi selalu dibiat susahh, apalagi keadaan genting tiba2 aplikasi nyaa lemott nggak bisa dibukaa error. Terkadang sayaa mau beli lagii tiba² akun saya keluar sendiri terpaksa masukin akun lagi padahal ituu lagi pengen beli kuota cepat malah dibikin lambat karenaa banyak kendalaa.",beli kuota dii aplikasi biat susahh genting aplikasi nyaa lemott nggak dibukaa error terkadang sayaa beli lagi akun paksa masukin akun ituu ken beli kuota cepat bikin lambat karenaa kendalaa,2,8,0
playstore,telkomsel,"super buruk, mau beli paket aja lamaaa lemot parah",super buruk beli paket lamaaa lot parah,1,3,0
playstore,telkomsel,aplikasi kurang responsive.,aplikasi responsive,0,1,0
playstore,telkomsel,"harga paket mahal kualitas jaringan sampah, kalah jauh sama XL",harga paket mahal kualitas jaring sampah kalah xl,4,3,1
playstore,telkomsel,kemudahan penggunaan,mudah guna,2,0,1
playstore,telkomsel,sinyal sulit,sinyal sulit,0,1,0
playstore,telkomsel,"karna respon ya cukup baik Terima kasih,tapi sebagai user Telkomsel dari lama kadang masih ada penurunan kestabilan jaringan pada waktu waktu tertentu terutama malam,mohon lebih di tingkatkan lagi.terima kasih sudah merespon komen ku tadi 🙏🙏,di samping itu sudah bagus dan jaringannya tersedia hampir di semua daerah 🙏",respon terima kasih user telkomsel kadang turun stabil jaring malam mohon tingkat terima kasih merespon komen ku samping bagus jaring sedia daerah,11,2,1
playstore,telkomsel,"ini mau beli paket dari tadi ga bisa² muter² aja di halaman ""metode pembayaran"" kacau banget aplikasi nya",beli paket muter halaman metode bayar kacau aplikasi,1,2,0
playstore,telkomsel,"lemot parahhh tolong di perbaiki, jaringan aneh",lot parahhh tolong baik jaring aneh,2,1,1
playstore,telkomsel,sekarang mahal mahal gk recommended,mahal mahal recommended,0,2,0
playstore,telkomsel,"beli pulsa utk memperpanjang masa aktif nomor aja, belum ada dipake, dasel mati cuman nyalain WiFi. kesedot, ada SMS nya dari Telkomsel, miskin amat sih Telkomsel.",beli pulsa utk panjang aktif nomor dipake dasel mati cuman nyalain wifi sedot sms telkomsel miskin telkomsel,1,4,0
playstore,telkomsel,"Udah paket mahal,jaringan jelek. Ga bisa di pake padahal paket masih banyak. Mau buka apk indomaret selalu ga bisa error mulu. Kalah sama sebelah. Lama² malas pake telkomsel.",paket mahal jaring jelek pake paket buka apk indomaret error mulu kalah belah malas pake telkomsel,3,6,0
playstore,telkomsel,"ini call senter gimana sih? agen terhubungkan tapi pesannya di lock?!!! gimana mau ngetik keluhan kalo pesannya di lock? udah nunggu agennya lama, gak bisa ngetik pula hadehhh",call senter gimana agen hubung pesan lock gimana ngetik keluh pesan lock nunggu agen ngetik hadehhh,1,4,0
playstore,telkomsel,app kurang bagus lemot banget,app bagus lot,1,1,0
playstore,telkomsel,terlalu banyak paket membingungkan,paket bingung,1,0,1
playstore,telkomsel,makin kesininya susah di gunakan,kesini susah,0,1,0
playstore,telkomsel,KENAPA SIH NIH APK KAPASITASNYA MAKIN BERAT?,apk kapasitas berat,1,0,1
playstore,telkomsel,"gak user friendly, gak bisa di klik, freeze sendiri, mau logout aja susah, promo juga gak menarik, gak ngerti apa benefitnya dibandingkan gak pakai mytelkomsel 😅 cuma dipakai untuk cek kuota dan pulsa itupun suka freeze dan ngelag. smoga diperbaiki lagi",user friendly klik freeze logout susah promo tarik ngerti benefitnya banding pakai mytelkomsel pakai cek kuota pulsa itu suka freeze lambat smoga baik,3,6,0
playstore,telkomsel,ko dsruh coba ulang trus sh knp ini telkomsel LG gangguan ya,ko dsruh coba ulang trus sh knp telkomsel lg ganggu,0,1,0
playstore,telkomsel,perbaiki jaringan nya jangan lemot,baik jaring lot,2,1,1
playstore,telkomsel,"Telkomsel sekarang sinyal nya parah susah internet nya macet""",telkomsel sinyal parah susah internet macet,0,2,0
playstore,telkomsel,"kebanyakan iklan kebanyakan gimik beli paket ribet mending lewat*888# cepet. udah mahal sinyal jelek grimis dikit sinyal ilang,komen apa belesnya apa gaje",banyak iklan banyak gimik beli paket ribet mending cepet mahal sinyal jelek grimis dikit sinyal ilang komen belesnya gaje,3,6,0
playstore,telkomsel,promo lebih banyak,promo,1,0,1
playstore,telkomsel,harga dan kualitas beda jauh jangan download mending pake tree atau Smartfren ku tambah lagi aplikasi ini sering eror gak muncul muncul gambarnya,harga kualitas beda download mending pake tree smartfren ku aplikasi eror muncul muncul gambar,3,3,0
playstore,telkomsel,"mahal doang, jaringan jelek",mahal doang jaring jelek,1,2,0
playstore,telkomsel,kuota internet makin mahal tapi kualitas sinyal makin jelek kadang ilang tiba² minimal klo harga kuota naik kualitas sinyal di perbaiki juga,kuota internet mahal kualitas sinyal jelek kadang ilang minimal harga kuota kualitas sinyal baik,5,6,0
playstore,telkomsel,Telkomsel penipu pemerasan kuota makin di pake makin mahal tdk konsisten harganya. dan list² paket penuh jebakan di tulisnya kuota apk ku kira bisa di pake di YouTube Instagram dsb nyatanya cuma maxstream jangan tulis apk tulis lah kuota maxstream doang ajg lu yaah menjebak masyarakat.. semoga eramu habis dan di gantikan oleh suasta asing yg lebih ramah dan konsisten... semoga ada orang paham hukum menggugat triliunan Telkomsel atas nama rakyat... tunggu lah bila masuk provider suasta ku buanglu,telkomsel tipu peras kuota pake mahal tdk konsisten harga list paket penuh jebak tulis kuota apk ku pake youtube instagram dsb maxstream tulis apk tulis kuota maxstream doang ajg yaah jebak masyarakat moga era habis ganti suasta asing ramah konsisten moga orang paham hukum gugat triliun telkomsel nama rakyat tunggu masuk provider suasta ku buanglu,5,5,0
playstore,telkomsel,udah harga paket makin mahal.. ehhhh makin kesini makin buruk jaringan pdahal juga tinggal di kota gua masa sekelas di surabaya sinyal Telkomsel bapuk.. user lama bukannya pket promo nya D tambah lha ini malah d naikin trus harga nya kan babi,harga paket mahal ehhhh kesini buruk jaring pdahal tinggal kota gua kelas surabaya sinyal telkomsel jelek user pket promo d lha d naikin trus harga babi,5,7,0
playstore,telkomsel,bagus dan kalo mau aktif kan nomor yg sudah kadaluarsa selama 1-2 Minggu pun mudah gak perlu nik sama KK ( itu sih pengalaman ku yg masih umur 13 THN),bagus aktif nomor kadaluarsa minggu mudah nik kk alam ku umur thn,2,0,1
playstore,telkomsel,beri bintang 1 so'alnya harga paket makin tak terjangkau,bintang so alnya harga paket jangkau,2,0,1
playstore,telkomsel,mau bli kuota aja susah eror,bli kuota susah eror,0,3,0
playstore,telkomsel,"sekelas Telkomsel bisa2 nya aplikasi sangat lemot dan sering Heng, aplikasi sampah",kelas telkomsel aplikasi lot heng aplikasi sampah,0,5,0
playstore,telkomsel,Mesti ganti kartu aja kali yaa...tiap sore sampe mlm jaringannya Ampuuuuun.padahal di jabodetabek.di kasih solusi cuma restart hp nya.percuma klo sistemnya ga di perbaiki ga bakalan kelar problemnya....,mesti ganti kartu kali sore sampe mlm jaring ampuuuuun jabodetabek kasih solusi restart hp sistem baik kelar problem,4,3,1
playstore,telkomsel,"kenapa saat buka aplikasi sering keluar sendiri, dan ngeleg parah",buka aplikasi lambat parah,0,3,0
playstore,telkomsel,"Gak sinyalnya gak aplikasinya sama-sama nge-lag, gak jelas!",sinyal aplikasi nge lag,0,1,0
playstore,telkomsel,masalah jaringan sudah lapor cs dan ngobrol sampe 8menit katanya tower dalam perbaikan tapi sampe 2 hari gak normal2 liat video biasa aja buffering apa2 loading gimana ini penanganannya agak lambat setelah nulis ini ternyata langsung pulih nah gini kan enak mantap Telkomsel atas pelayanannya,jaring lapor cs ngobrol sampe menit tower baik sampe normal liat video buffering loading gimana tangan lambat nulis langsung pulih gin enak mantap telkomsel layan,8,1,1
playstore,telkomsel,kenapa ya masih ngelag padahal dah beli paketan khusus game dan itu juga 10gb+ jaringan bisa tembus 300,lambat dah beli paket khusus game gb jaring tembus,4,2,1
playstore,telkomsel,poin saya hilang tanpa pemberitahuan apa² dan kouta saya habis tinggal 0 saya bingung kemana kuota saya yg masih 120Gb,poin hilang pemberitahuan kuota habis tinggal bingung mana kuota gb,1,4,0
playstore,telkomsel,aplikasi tercacat yg pernah aku temui,aplikasi cacat temu,1,2,0
playstore,telkomsel,"JARINGAN LEMOT, HARGA GA NGOTAK, POKOKNYA GAK USAH BELI INI, TAPI WIFI NYA ANJ BANGET LEMOT, LAG PARAH, GAK USAH PASANG WIFI KONTL INDIHOME GAK GUNA LEMOT PARAH GUA KASIH RATING 1 KARENA EMANG PARAH",jaring lot harga ngotak pokok beli wifi anj lot lag parah pasang wifi kontl indihome lot parah gua kasih rating emang parah,3,7,0
playstore,telkomsel,SINYAL NYA JELEK MULUUU SEBEL percuma harga mahal tapi GA ADA kualitas.,sinyal jelek muluuu sebel harga mahal kualitas,2,3,0
playstore,telkomsel,"aplikasinya sangat lambat, setiap ke metode pembayaran selalu loading lama bahkan gak bisa, untuk menampilkan sisa kuota dll sangat sangat lemot, harus di upgrade lagi!",aplikasi lambat metode bayar loading tampil sisa kuota dll lot upgrade,0,6,0
playstore,telkomsel,"beli paket aja loading nya lama minta ampunn,",beli paket loading ampunn,1,0,1
playstore,telkomsel,"APPLIKASI TERBURUK, LELET, SENGAJA KETIKA QUOTA KITA TINGGAL SEDIKIT DAN MELAKUKAN PEMBELIAN QUOTA DI APP, SELALU GAK BISA AKSES AGAR PULSA KITA TERPOTONG.",applikasi buruk lelet sengaja quota tinggal beli quota app akses pulsa potong,1,5,0
playstore,telkomsel,untuk Telkomsel yg terhormat saya ingin menyampaikan kalau harga Kouta nya udah mahal minimal itu jaringan nya di perbaiki lah jangan setiap mau dinpake jaringan nya malah ngeleg ******,telkomsel hormat harga kuota mahal minimal jaring baik dinpake jaring lambat,4,4,0
playstore,telkomsel,menarik,tarik,1,0,1
playstore,telkomsel,"TT 77gytt ada ga g6 y y76y y7y ada y y76y y7y y g y, y76y yg yy yg g f fff 7272''''r$🧮🧮🧮🎐☔""ada'4""""di 4&&**, g f x ga ada 🥰🥰☺️😁 Y6 di dunia 🥹666☺️6☺️🥹💪☘️🌼 77gytt g VVT-i g 🌼 ☔🌼🌷🌼🌼🌼666🍂🌻🤱👯‍♀️🧑‍🍼👩‍❤️‍💋‍👩👩‍❤️‍💋‍👩_🤱🌺👩‍❤️‍💋‍👩🌷👩‍❤️‍💋‍👩👩‍❤️‍💋‍👩🤱👩‍❤️‍💋‍👩🤱t,☺️&_&36__4__335__34__""""33__5"" di di & 5 5d adunia da 3'& di 566&5&&&6-""bisa di download 6f6ya g""ada di 7'_5&3& ada & untuk -& ada&& 666& di dalam ada yang && di & ada _""""ada ada 5_& di 564&ada yang",tt gytt y y y y y y y y y y y y y y yy f fff r f x y dunia gytt vvt i t d adunia da download f,0,1,0
playstore,telkomsel,"Jaringan sudah bagus, cuma kadang di area tertentu tidak bisa berjalan sama sekali",jaring bagus kadang area jalan,3,0,1
playstore,telkomsel,sekarang sering merah nih kalo mbanking.....bikin deg2an meski udah di refresh&di restar tetep aja.....sementara kalo pake wifi skitar kan bahaya kalo untuk transaksi. tolong perbaiki,merah mbanking bikin deg an refresh restar pake wifi skitar bahaya transaksi tolong baik,3,1,1
playstore,telkomsel,pokok semakin tingkat kan,pokok tingkat,1,0,1
playstore,telkomsel,ngelag anjinf,lambat anjinf,0,1,0
playstore,telkomsel,tidak dpt geratis kouta,dpt gerat kuota,0,1,0
playstore,telkomsel,bagus banget,bagus,1,0,1
playstore,telkomsel,bikin aplikasinya lebih ringan di jalankan,bikin aplikasi ringan jalan,0,1,0
playstore,telkomsel,"ini jelek, kouta yang mau kadaluarsa hari ini nggak terpakai, malah kouta yang masih panjang masa aktifnya yang terpakai. mana aplikasinya biasa error, pulsa hilanglah, poin otomatis jadi nol (padahal saya buka aplikasi udah pagi, jam 9 WITA, tapi error?)",jelek kuota kadaluarsa nggak pakai kuota aktif pakai aplikasi error pulsa hilang poin otomatis nol buka aplikasi pagi jam wita error,2,10,0
playstore,telkomsel,lemot kelamaan losding,lot losding,0,1,0
playstore,telkomsel,"banyak ngelagnya, nguras pulsa padahal ada kuotanya. kayak gak niat buat aplikasi. minimal ada rasa malu ya sat udh mahal, korupsi, ngelunjak pula lama-lama, kurangi harganya! apa-apaan mahal bgt heran, mati² mulu sinyalnya kocak, ada sms dikit masuk lgsg ilang pulsa lgsg tekuras taik sialan. SINYALNYA BURUK NJISSS NIAT GKSI BUAT JARINGAN!? MATI MULU ANJIR HERAN DAH ngelag mulu jir",ngelagnya nguras pulsa kuota kayak niat aplikasi minimal malu sat mahal korupsi ajar kurang harga mahal heran mati mulu sinyal kocak sms dikit masuk lgsg ilang pulsa lgsg tekuras taik sial sinyal buruk njisss niat gksi jaring mati mulu anjir heran dah lambat mulu jir,2,22,0
playstore,telkomsel,aplikasinya disederhanain lagi dong tambah lama tambah berat nih aplikasinya sering lag. apa lagi di hp lama,aplikasi disederhanain berat aplikasi lag hp,0,2,0
playstore,telkomsel,"gk sesuai harga, mahal doang tapi sinyal nya agak lag",sesuai harga mahal doang sinyal lag,2,1,1
playstore,telkomsel,woi paket yg biasa kubeli tiap bulan hilang kemana?!!,woi paket bel hilang mana,1,1,0
playstore,telkomsel,Makin lama makin buruk aplikasinya. .,buruk aplikasi,0,2,0
playstore,telkomsel,"apk gak guna, nyesel download.",apk nyesel download,0,1,0
playstore,telkomsel,Aplikasi taik di update bukan makin bagus malah mau isi pulsa aja gak bisa masuk ke metode pembayaran,aplikasi taik update bagus isi pulsa masuk metode bayar,1,5,0
playstore,telkomsel,"aplikasi yang sangat bagus, betul-betul berguna dan saya selalu mendapatkan harga yang murah dalam pembelian pulsa",aplikasi bagus guna harga murah beli pulsa,4,2,1
playstore,telkomsel,mahal doang sinyal ampas.. lokasi Jateng Jepara Kalinyamatan..,mahal doang sinyal ampas lokasi jateng jepara kalinyamatan,0,2,0
playstore,telkomsel,"masa isi pulsa 5000 masuknya cuma 4700 , dasar KORUPTOR.!",isi pulsa masuk dasar koruptor,0,2,0
playstore,telkomsel,hanya masa aktif tinggal bebeeapa hari jaringan jd lemot.,aktif tinggal bebeeapa jaring lot,1,1,0
playstore,telkomsel,error trus,error trus,0,1,0
playstore,telkomsel,"tagihan indihome terlalu mahal dibanding kompetitor.. serta customer service layanan survey yang tidak ramah (langsung memotong dan mematikan panggilan).. padahal dia yang minta waktu buat disurvey.. jujur saya ga mau survey karna akan banyak keluhan dari saya, tapi karna anda yang meminta dan anda tidak ramah, mohon maaf rating 1",tagih indihome mahal banding kompetitor customer service layan survey ramah langsung potong mati panggil disurvey jujur survey keluh ramah mohon maaf rating,3,5,0
playstore,telkomsel,saya Uda beli paket data Uda transfer tiba2 rekening nya ganti ini gimana,uda beli paket data uda transfer rekening ganti gimana,1,1,0
playstore,telkomsel,"makin hari makin diperas, saya selalu beli paket combo sakti max, dari yang 30 hari 4 gb 14.000 sekarang jadi 28 hari 22.000, padahal kemarin masih 18.000, fix harus beralih operator",peras beli paket combo sakti max gb kemarin fix alih operator,1,0,1
playstore,telkomsel,"aplikasi apaan, lemot gak guna",aplikasi lot,0,2,0
playstore,telkomsel,"Paket yang biasa sering dibeli perlahan malah dimahalin, yang tadinya 7GB 20rb naik menjadi 25rb, lalu sekarang naik lagi 35rb.",paket beli perlahan dimahalin gb rb rb rb,1,0,1
playstore,telkomsel,"telkomsel seminggu ini kenapa sih, rssek banget jaringannya ayolah perbaiki kayak sebelum2nya",telkomsel minggu rssek jaring ayo baik kayak,3,1,1
playstore,telkomsel,sekarang ini telkomsel sinyal susah untuk area kota metro. sangat lambat sekali.,telkomsel sinyal susah area kota metro lambat,0,3,0
playstore,telkomsel,aplikasi sangat membantu,aplikasi bantu,0,1,0
playstore,telkomsel,g bsa isi paketan,bsa isi paket,1,0,1
playstore,telkomsel,habis update kenapa poin 6000 gw ilang dancokk,habis update poin ilang dancokk,1,1,0
playstore,telkomsel,proses cepat,proses cepat,2,0,1
playstore,telkomsel,APLIKASI SANGAT LAMBAT,aplikasi lambat,0,2,0
playstore,telkomsel,aplikasi jelek banget 🤬,aplikasi jelek,0,2,0
playstore,telkomsel,"Ngebug mlu dari semalam, lagi buka app lain tiba"" dpt notif mytelkom error padahal lagi gk dibuka. pas mau ngecek gk bisa, keluar mlu, gk ngerespon. ini udh uninstall trs mau install ulang tapi gk bisa juga, katanya gk bisa diunduh. UPDATE. MAKIN RUSAK JINK, ERROR MULU. MAU KLAIM BONUS KUOTA TAMBAHAN GK BISA MULU. NGAPAIN NGASIH KLO GK BISA DIKLAIM?! UPDATE (lagi) abis update makin parah, poin ribuan hilang semua, 4 akun semua poinnya tiba"" hilang pdhl blm habis masanya, emg apk ama jaringan ajg",ngebug mlu malam buka app dpt notif mytelkom error buka pas ngecek mlu ngerespon uninstall install ulang unduh update rusak jink error mulu klaim bonus kuota tambah mulu ngapain ngasih klaim update abis update parah poin ribu hilang akun poin hilang pdhl blm habis masa emg apk ama jaring ajg,6,8,0
playstore,telkomsel,makin kesini kuotanya makin mhal aja,kesini kuota mhal,0,1,0
playstore,telkomsel,aplikasi berat melebihi buka game!!! paketanmu lho.. tambah suwe tambah larang alias Mahal!!!!!,aplikasi berat lebih buka game paket lho suwe larang alias mahal,3,3,0
playstore,telkomsel,"untuk paket tidak sesuai dengan apa yang diberikan di aplikasi, kalo kagak mau bikin promo jangan dimunculin la promonya. padahal kalian kikir, untuk teman"" jangan make kartu ini dah / tidak recomended. saya pakai jaringan ini karena terpaksa aja soalnya saya tinggal dipelosok. kalo ada jaringan lain mah saya pakai jaringan yang lain. promo itu jangan yang hoax di tampilin, kikir",paket sesuai aplikasi kagak bikin promo dimunculin la promonya kikir teman make kartu dah recomended pakai jaring paksa tinggal pelosok jaring mah pakai jaring promo hoax tampilin kikir,9,6,1
playstore,telkomsel,"lambat, jika mau cek qris ulang yg belum dibayar susah cari dimana",lambat cek qris ulang bayar susah cari mana,0,4,0
playstore,telkomsel,"paket Data boros banget masa 50GB cuma 5 hari mana mahal , Parah telkomsel kalo paket data nya sisa masa aktifnyaa habiz pkatenya ikut ilang , Ini provaider Ter korupsi !!!!! mau ganti semuaa akses didesa2 sinyalnya adanya telkomsel bangke",paket data boros gb mahal parah telkomsel paket data sisa aktifnyaa habiz pkatenya ilang provaider ter korupsi ganti semuaa akses desa sinyal telkomsel bangke,3,8,0
playstore,telkomsel,"makin hari makin bobrok, bahasa planet dipakai, disini itu bahasa nasional, ferivikasi saja susah apa lagi sinyalnya bobrok",bobrok bahasa planet pakai bahasa nasional ferivikasi susah sinyal bobrok,0,5,0
playstore,telkomsel,slow responsif,slow responsif,1,0,1
playstore,telkomsel,paket naik terusss,paket terusss,1,0,1
playstore,telkomsel,"aplikasi aneh.,.. kebanyakan minta maafnya😬😬😬 Tadi mau beli lagi paket pembelian terakhir malah minta maaf, kesalahan sistem. kalau memang nggak boleh dibeli jangan ditongolin ya. ini ditongolin malah pakai question mark... cari paket data?😬😬😬 asu",aplikasi aneh banyak maaf beli paket beli maaf salah sistem nggak beli ditongolin ditongolin pakai question mark cari paket data asu,2,5,0
playstore,telkomsel,"ini aplikasi selalu update terus. Namun gak pernah ada perbaikan dari sisi kecepatan, selalu lemot dibanding aplikasi operator lain. Bener2 g ada perbaikan. updatenya juga hampir 100mb. Coba dibikin simpel aplikasinya.",aplikasi update baik sisi cepat lot banding aplikasi operator bener baik updatenya mb coba bikin simpel aplikasi,4,4,0
playstore,telkomsel,pembayaran suka bermasalah,bayar suka masalah,0,1,0
playstore,telkomsel,"Untuk Pihak Telkomsel mohon maaf banget saya kasih rating bintang 1 untuk aplikasi ini. Karna saya udah 2 kali kehilangan kuota gara gara habis masa aktifnya mau diperpanjang juga gak bisa. pertama:saya beli paket super seru 60GB,saya kira lama masa aktifnya ternyata cuma 28 hari sedangkan waktu itu kuota saya masih ada 18GB.Setelah sampai masa aktif,kuota saya hilang gitu aja,kan rasanya rugi kalo gak sampai habis apalagi itu masih banyak. kedua:sayabeli30GB sisa 13Gb kemarin tapi abis juga🤦",telkomsel mohon maaf kasih rating bintang aplikasi kali hilang kuota gara gara habis aktif panjang beli paket super seru gb aktif kuota gb aktif kuota hilang gitu rugi habis sayabeli gb sisa gb kemarin abis,2,10,0
playstore,telkomsel,"mohon agar tarifnya bisa lebih terjangkau, dan hitungan masa berlaku 1 bulan nya bkn 28 hari, tapi 30 hari. dan usul selanjutnya di akhir bulan sisa kuota jadi milik pelanggan, jangan dihanguskan, kan sudah dibeli.",mohon tarif jangkau hitung laku bkn usul sisa kuota milik langgan hangus beli,3,3,0
playstore,telkomsel,"kuotanya sekarang mahal2,, gak ada promo yg enak",kuota mahal promo enak,1,2,0
playstore,telkomsel,Ok,ok,1,0,1
playstore,telkomsel,perbanyak bonus ketua,banyak bonus ketua,1,0,1
playstore,telkomsel,semoga jaringan tambah bagus,moga jaring bagus,3,0,1
playstore,telkomsel,aplikasinya sekarang nggak jelas... nggak bisa diakses sama sekali padahal sinyal lancar...,aplikasi nggak nggak akses sinyal lancar,2,1,1
playstore,telkomsel,harga berubah-ubah disamping itu kwalitas koneksi internet semakin buruk,harga ubah ubah samping kwalitas koneksi internet buruk,1,2,0
playstore,telkomsel,semakin lama harga nya semakin mahal,harga mahal,1,1,0
playstore,telkomsel,mantap!,mantap,1,0,1
playstore,telkomsel,saya mau beli kouta tapi ga bisa di bilangnya jaringan ga bagus padahal bagus bagus aja tu tapi masih aja ga bisa beli udah di tunggu 2 hari tapi tetap sama aja tolong di perbaiki ini saya mau beli jadi ga bisa😮‍💨,beli kuota bilang jaring bagus bagus bagus tu beli tunggu tolong baik beli,5,1,1
playstore,telkomsel,semakin sering beli paket bukanya nambah murah malah makin mahal,beli paket buka nambah murah mahal,2,1,1
playstore,telkomsel,"makin ke sini makin ga jelas, banyak iklan, menghalangi layanan utaman yaitu ke informasi layanan, pernah ke jadian masuk ke link dikira masih layanan akhirnya kepotong pulsa. buat hal yang tidak jelas. fokus saja me layanan, informasi terkait produknya daripada iklan ga jelas",iklan halang layan utaman informasi layan jadi masuk link layan potong pulsa fokus me layan informasi kait produk iklan,2,4,0
playstore,telkomsel,"telkomsel sekarang aneh. harga paket berubah rubah, aplikasi telkomsel nomor yang sudah login ternyata di keluarkan jadi saya mau chek paket tidak bisa, setelah saya login kembali masukan nomor hp di suruh mensetujui kebijakan privasi terlebih dahulu entah untuk apa. tapi ysng jelas telkomsrl memparmainkan pelanggan, soalnya paket saya masih banyak sudah hangus sebelum 1 bulan penuh misalkan saya beli tanggall 04 bulan 01 namun tanggal 27 bulan 05 sudah habis padahal kuota masih banyak,",telkomsel aneh harga paket ubah rubah aplikasi telkomsel nomor login keluar chek paket login masuk nomor hp suruh tuju bijak privasi ysng telkomsrl memparmainkan langgan paket hangus penuh beli tanggall tanggal habis kuota,5,7,0
playstore,telkomsel,"Sudah bagus sih cuma fitur top up nya tambahin Minecraft dong, supaya bisa top up server atau minecoins",bagus fitur top up tambahin minecraft top up server minecoins,3,0,1
playstore,telkomsel,kemarin beli paket telpon di aplikasi ini pembayaran QR. sdh bayar paket tidak masuk sampe sekarang. entah dia jual apa,kemarin beli paket telpon aplikasi bayar qr sdh bayar paket masuk sampe jual,3,2,1
playstore,telkomsel,Buat admin mohon kiranya setiap kali mau update tolong dikurangi dong konsumsi RAM nya agar supaya aplikasi ini bisa menjadi daya tarik tersendiri bagi para pemula dan pengguna lama nya selebihnya terimakasih banyak yah atas pembuatan aplikasi ini. Salam dari saya 🙏🙏🙏,admin mohon kali update tolong rang konsumsi ram aplikasi daya tarik sendiri mula guna lebih terimakasih yah buat aplikasi salam,5,5,0
playstore,telkomsel,PROVIDER GA JELAS UDAH KLAIM PAKET EXTRA GEMBIRA MALAH GA MASUK PADAHAL TULISAN DI MENUNYA SUDAH DIKLAIM!!,provider klaim paket extra gembira masuk tulis menu klaim,1,1,0
playstore,telkomsel,"untuk aplikasinya tolong ya di perbaiki ada paket data yg 20 ribu 7gb trus pas saya sudah ngisi pulsa malah ngilang, dan tolong untuk jaringan di perluas kami yg bekerja di hutan untuk buat laporan kepada atasan sangat susah mengakses jaringan bukan karena apa jaringan yg lain nya tidak bisa di akses yg bisa cuma telkomkir mana ngeleg lagi tolong di sesuaikan harga dengan kualitas kalian yaaa bujang inam",aplikasi tolong baik paket data ribu gb trus pas ngisi pulsa ngilang tolong jaring luas hutan lapor atas susah akses jaring jaring akses telkomkir lambat tolong sesuai harga kualitas yaaa bujang inam,15,7,1
playstore,telkomsel,"Telkomsel niat gak sih kasih promo atau memang gak ada? kalo gak ada itu jangan di paksa. udah satu hari mau di beli gak bisa. bilangan nya ""maaf, kesalahan sistem"". kalo kayak gini bikin pelanggan kecewa.",telkomsel niat kasih promo paksa beli bilang maaf salah sistem kayak gin bikin langgan kecewa,2,5,0
playstore,telkomsel,sangat baik dan berguna,guna,1,0,1
playstore,telkomsel,"wifi terhubung,kuota terpotong pulsa di sedot.KEREN SEKALI",wifi hubung kuota potong pulsa sedot keren,1,4,0
playstore,telkomsel,"aplikasi gk guna, beli kuota gameMax tapi gk bisa digunakan tolol emng, kalau gk bisa digunakan gk usah di bikin",aplikasi beli kuota gamemax tolol emng bikin,0,3,0
playstore,telkomsel,lelet akhir2 ini,lelet,0,1,0
playstore,telkomsel,stuck di metode pembayaran terus tiap mau beli kuota,stuck metode bayar beli kuota,0,2,0
playstore,telkomsel,"udah mahal, sinyal rusak, parah telkomsel",mahal sinyal rusak parah telkomsel,0,2,0
playstore,telkomsel,Telkomsel kek ajg jaringan ilang mulu klo masuk jam 1 mlm di daerah musi Banyuasin.tolol smua pegawai nya,telkomsel kek ajg jaring ilang mulu masuk jam mlm daerah mus banyuasin tolol smua pegawai,2,3,0
playstore,telkomsel,"ngeselin banget sii.. always dipersulit kalau mau beli kuota. mana harganya makin naik, gila banget heran",ngeselin sii always sulit beli kuota harga gila heran,1,3,0
playstore,telkomsel,"dari tahun 2013 jadi pelanggang simerah , pengen muntah darah List paket makin Mahal semua Telkomsel paling mahal internet nya !! kasih rating busuk aja !!",langgang simerah ken muntah darah list paket mahal telkomsel mahal internet kasih rating busuk,1,4,0
playstore,telkomsel,sangat memuaskan dgn pelayanan operator nya singkat tepat akurat dan terpercaya 💪💪💪💪💪,muas layan operator singkat akurat percaya,2,1,1
playstore,telkomsel,lemot poll gak jelas,lot poll,0,1,0
playstore,telkomsel,"KEREN TANGGAPAN VERONICA , GUE NGELUH SOAL JARINGAN GAK STABIL UDH 2 MINGGU LEBIH MALAH DI TAWARIN PAKET LAGI, GUE PKE PROVIDER INI UDH HAMPIR 10THUN LEBIH , NGELUH CUMA JARINGAN MALAH SURUH NGIRI FORM NANYAIN ALAMAT DESA KECAMATAN, DIEM DI PINGGIRAN KOTA BESAR JARINGAN SERAASA DIEM DI GOA, PARAHH KELUHAN COSTUMER SETIA SENDIRI DI SEPELEIN 😡",keren tanggap veronica ngeluh jaring stabil minggu tawarin paket pke provider thun ngeluh jaring suruh ngiri form nanyain alamat desa camat diem pinggir kota jaring seraasa diem goa parahh keluh costumer setia sepelein,7,6,1
playstore,telkomsel,"ini kenapa sinyal 4G tapi jaringanya 2G anjeng, mahal doang jaringan busuk taik!",sinyal jaringanya anjeng mahal doang jaring busuk taik,1,4,0
playstore,telkomsel,Oke,oke,1,0,1
playstore,telkomsel,"aplikasi sering error, pelayanan payah, produk yang ditawarkan tidak bisa diakses. kalau masih belum maksimal, tidak usah menawarkan produk!",aplikasi error layan payah produk tawar akses maksimal tawar produk,4,5,0
playstore,telkomsel,sinyal putus putus knp lagi apa hujan trus ya kota palembang itu klo banjir,sinyal putus putus knp hujan trus kota palembang banjir,0,1,0
playstore,telkomsel,kebanyakan aplikasi berhenti,banyak aplikasi henti,0,2,0
playstore,telkomsel,good like,good like,1,0,1
playstore,telkomsel,"setiap selesai melakukan pembayaran kuotanya gk masuk, tapi saldonya udah kepotong",selesai bayar kuota masuk saldo potong,1,3,0
playstore,telkomsel,nyesel banget beli telkomsel sinyalnya ilang2an jembud,nyesel beli telkomsel sinyal ilang an jembud,0,2,0
playstore,telkomsel,Harga paket tambah mahal dan waktunya(masa aktif) dikurangi 2 hari.,harga paket mahal aktif rang,2,2,0
playstore,telkomsel,jaringan lelet,jaring lelet,1,1,0
playstore,telkomsel,apk lelet,apk lelet,0,1,0
playstore,telkomsel,keren dan praktis,keren praktis,2,0,1
playstore,telkomsel,bengkak tolol,bengkak tolol,0,2,0
playstore,telkomsel,"aplikasi paling buruk, lelet dan mahal paket internetnya, terima kasih",aplikasi buruk lelet mahal paket internetnya terima kasih,2,4,0
playstore,telkomsel,"Overall sih bagus ya, cuma kadang pada bagian rekomendasi pembelian paket data terdapat ""system error"" dan paket data yang dituju tidak bisa dibuka/dibeli",overall bagus kadang rekomendasi beli paket data system error paket data tuju buka beli,4,3,1
playstore,telkomsel,"telkomsel setan , kenapa menu paket suka suka kalian aja hilangkan, kalau paket ngak bisa seterusnya di beli jangan kalian tampilkan di menu , sudah lah harga makin lama makin mahal kalian buat , sekarang mau beli paket nya tapi saat di beli ngak bisa, alasan kesalahan sistem, kalau bobrok sistem kalian ,tutup aja prusahan nya , jaringan terbasar tapi sistime bobrok , lemah, kalian pikir kami isi pulsa buat bikin paket itu ngak pakai duit ha, kalian pikir tinggal usap2 layar pulsa masuk sendiri,",telkomsel setan menu paket suka suka hilang paket ngak beli tampil menu harga mahal beli paket beli ngak alas salah sistem bobrok sistem tutup prusahan jaring terbasar sistime bobrok lemah pikir isi pulsa bikin paket ngak pakai duit ha pikir tinggal usap layar pulsa masuk,6,12,0
playstore,telkomsel,"Telkomsel.., memang oke 👍",telkomsel oke,1,0,1
playstore,telkomsel,Bagus di awal doang...dan harga paketanya mahal2. kalau sudah mendekati habis masa aktif mulai lemot banget internet nya...kan asu itu namanya...,bagus doang harga paketanya mahal dekat habis aktif lot internet asu nama,2,2,0
playstore,telkomsel,setiap PLN padam selalu hilang jaringan,pln padam hilang jaring,1,1,0
playstore,telkomsel,"saya baru beli tanggal 20 mei 2026, paket sakti 60 gb & langganan prime video mobile, disana disebutkan aktif selama 30 hari, tetapi yg saya dapatkan berlaku s/d tgl 18/06/2026. tolong lah jangan korupsi bagi saya ini sangat rugi besar!!!",beli tanggal mei paket sakti gb langgan prime video mobile sana aktif dapat laku s d tgl tolong korupsi rugi,2,3,0
playstore,telkomsel,ok baik,ok,1,0,1
playstore,telkomsel,apl terlalu banyak iming iming... gak sekalian menawarkan sayur terong kangkung dll..buat penukaran poin..apl babi.. makin memalakun..TELKOMSEL. PERUSAHAAN BESAR INDONESIA .. RECEAN..CUIIIHHH..,apl iming iming tawar sayur terong kangkung dll tukar poin apl babi memalakun telkomsel usaha indonesia recean cuiiihhh,1,2,0
playstore,telkomsel,tolong di tambah lagi dong jaringan di tempat kami susah jaringan,tolong jaring susah jaring,2,1,1
playstore,telkomsel,"paket masih sisa 147gb, karna paket aplikasi hbs, buka aplikasi ig dll gk bsa, dipaksa harus beli paket darurat 35k untuk 3 hari baru bsa aktif lg.. damn!!",paket sisa gb paket aplikasi hbs buka aplikasi ig dll bsa paksa beli paket darurat k bsa aktif lg damn,3,4,0
playstore,telkomsel,mantab cepat sekali reaksinya,mantab cepat reaksi,2,0,1
playstore,telkomsel,"seharusnya naik limit ada di aplikasi agar bisa secaea mandiri di aplikasi,,gak nyangka aja menu naik limit belum tersedia diaplikasi mytelkomsel sehingga pengguna setia Telkomsel khususnya KartuHalo jadi sangat kesulitan karena tidak bisa naik limit secara mandiri di aplikasi, rata rata keluhan pengguna halo adalah mengenau naik limit, tidak seperti provider yg lain yg menunya tersedia dan lebih gampang naik limit.",limit aplikasi secaea mandiri aplikasi nyangka menu limit sedia aplikasi mytelkomsel guna setia telkomsel kartuhalo sulit limit mandiri aplikasi keluh guna halo enau limit provider menu sedia gampang limit,5,9,0
playstore,telkomsel,"aplikasi kooontol, malah ngebug gada jaringan mulu, memuat terus, d klik gabisa bisa",aplikasi kooontol ngebug gada jaring mulu muat d klik gabisa,1,1,0
playstore,telkomsel,"beli paket lewat aplikasi MyTelkomsel gak bisa, kenapa bisa begitu?",beli paket aplikasi mytelkomsel,1,1,0
playstore,telkomsel,"Makin kesini makin jelek aja.. jaringan lemot, gerimis dikit aja langsung ilang total jaringannya.. gak bagus. Siap"" ganti provider. tahun 26 parah banget ini jaringan",kesini jelek jaring lot gerimis dikit langsung ilang total jaring bagus ganti provider parah jaring,6,5,1
playstore,telkomsel,ko lag pas lagi maen gem tiba² lag banget,ko lag pas maen gem lag,2,0,1
playstore,telkomsel,semakin di upgrade gk malah bagus promo mahal .kurang responsif aplikasi jadi lelet,upgrade bagus promo mahal responsif aplikasi lelet,2,3,0
playstore,telkomsel,heran buka ni apk delayy nya minta ampun padahal buka game lancar² aja nih hp gua buka genshin impact aja lancar tolong di perbaiki,heran buka ni apk delayy ampun buka game lancar hp gua buka genshin impact lancar tolong baik,4,1,1
playstore,telkomsel,"sering error,kadang beli paket eh gak masuk masuk,harus di ulang beberapa kali baru bisa",error kadang beli paket eh masuk masuk ulang kali,2,3,0
playstore,telkomsel,"haloha! sy ingin complaint sj bahwasannya sinyal telkomsel makin hari makin buruk, sangat mengecewakan. sy sbnrnya sdh ckp sabar dri hri hri sblmnya, tetapi sy udh mencapai batas nih. mohon di perbaiki lagi ya, sangat tdk enk jika melakukan aktivitas dngn jaringan jelek. mohon di terima masukan saya. maaf jika sedikit kasar.",haloha complaint sj bahwasannya sinyal telkomsel buruk kecewa sbnrnya sdh ckp sabar dri hri hri sblmnya capai batas mohon baik tdk enk aktivitas dngn jaring jelek mohon terima masuk maaf kasar,4,5,0
playstore,telkomsel,sangat membantu dan bagus pelayan nya.,bantu bagus layan,1,0,1
playstore,telkomsel,pelanggan lama TPI paket ny GK ngotak jing,langgan tpi paket ny ngotak jing,2,0,1
playstore,telkomsel,"Jaringan makin lama makin ngelag, bukannya makin lama perbaikan jaringan semakin cepat, tpai makin lama jaringan semakin ngelag, paket mahal jaringan sulit",jaring lambat baik jaring cepat tpai jaring lambat paket mahal jaring sulit,7,4,1
playstore,telkomsel,mudah dan cepat,mudah cepat,2,0,1
playstore,telkomsel,pelayanan buruk,layan buruk,0,1,0
playstore,telkomsel,"katanya kartu Telkomsel paling ""lancar"" didaerah manapun, didaerah dataran tinggipun buat main game ngelagnya WOW bgt, gak ada bedanya sama kartu tetangga.",kartu telkomsel lancar daerah mana daerah datar tinggi main game ngelagnya wow beda kartu tetangga,3,1,1
playstore,telkomsel,jaringan nya kenapa lambat,jaring lambat,1,1,0
playstore,telkomsel,Banyak promo👍👍👍,promo,1,0,1
playstore,telkomsel,"sinyal jelek mahal,anehnya harga makin mahal sinyal makin jelek,ga ngaruh blog restart hp signal Tod jelek",sinyal jelek mahal aneh harga mahal sinyal jelek ngaruh blog restart hp signal tod jelek,1,5,0
playstore,telkomsel,apa lah dah harga nya mahal jaringan nya jlk pula,dah harga mahal jaring jlk,2,2,0
playstore,telkomsel,"maksudnya gimana dah? kartu gw hangus?di apk aktifnya sampe 22 aprl 2027,kok di ig mau komplain malah dibilang hangus? mau dibungkam kah pelanggannya? kek pemerintah aje",maksud gimana dah kartu hangus apk aktif sampe aprl ig komplain bilang hangus bungkam kah langgan kek perintah aje,1,4,0
playstore,telkomsel,"udah mahal tapi jaringan ngelag, serasa make Axis premium",mahal jaring lambat serasa make axis premium,2,2,0
playstore,telkomsel,paket murah tersedia tapi nggak bisa dibeli,paket murah sedia nggak beli,3,0,1
playstore,telkomsel,kenapa data pengguna sampai 4 gb? bukan cache ya,data guna gb cache,1,1,0
playstore,telkomsel,saat saya mau top up lodingnya lama sampai 30 menit,top up lodingnya menit,1,0,1
playstore,telkomsel,lebih ditingkatkan,tingkat,1,0,1
playstore,telkomsel,sekarang sinyal nya jelek ga kaya duku,sinyal jelek kaya duku,0,1,0
playstore,telkomsel,telkomsel top baget,telkomsel top baget,1,0,1
playstore,telkomsel,mau downgrade indihome lewat aplikasi tidak ada respon sama sekali pelayanan kurang bagus dan lemot,downgrade indihome aplikasi respon layan bagus lot,2,2,0
playstore,telkomsel,ribet,ribet,0,1,0
playstore,telkomsel,tolong mohon diperbaiki masalah loading ketika membeli paket internet,tolong mohon baik loading beli paket internet,2,0,1
playstore,telkomsel,"bug nya tolong dibenerin, saya cek di tampilan 1 kuota sisa 1 hari, saya sudah terlanjur beli, saya cek lagi ternyata habisnya masih lama😒",bug tolong dibenerin cek tampil kuota sisa lanjur beli cek habis,0,4,0
playstore,telkomsel,promo dong,promo,1,0,1
playstore,telkomsel,mahal kuaotanya,mahal kuaotanya,0,1,0
playstore,telkomsel,"ga bisa masuk ke pembayaran, aneh di web juga ga bisa dibuka",masuk bayar aneh web buka,0,1,0
playstore,telkomsel,"baru ngisi kuota padahal, langsung total tidak ada jaringan sama sekali, hadeeh tolong segera perbaiki.",ngisi kuota langsung total jaring hadeeh tolong baik,3,1,1
playstore,telkomsel,signal buat tlpn jelek bgt lama2... asatagaa,signal tlpn jelek asatagaa,0,1,0
playstore,telkomsel,ok good,ok good,2,0,1
playstore,telkomsel,"jaringan jelekkkk sekali menyesal seumur hidup pakai ini kartu serius kenapa saya kasih bintang 5? supaya ulasan saya di atas dan kalian bisa membaca nya saya beritahukan yang lain agar tidak menggunakan kartu Telkomsel paketnyaa mahall dari kartu yang lain,jaringan? jangan di tanya jelek sekali",jaring jelekkkk sesal umur hidup pakai kartu serius kasih bintang ulas baca beritahukan kartu telkomsel paketnyaa mahall kartu jaring jelek,2,2,0
playstore,telkomsel,gak ada promo paket nya mahal² kali,promo paket mahal kali,2,1,1
playstore,telkomsel,"Akhirnya hrs nyoba ganti selain telkomsel. Alhamdulillah jaringan stabil Gak kebanyakan muter2 Padahal udah lama jadi pelanggan, tapi dibuat kecewa 1000%",hrs nyoba ganti telkomsel alhamdulillah jaring stabil banyak muter langgan kecewa,4,1,1
playstore,telkomsel,"paket internet telkomsel palak, di beli malah salah sistem katanya",paket internet telkomsel palak beli salah sistem,1,2,0
playstore,telkomsel,"setiap mau login harus nungu lama itupun belum tentu bisa login yang ada malah nungu sampai setengah jam juga GK masuk""",login nungu itu login nungu jam masuk,0,2,0
playstore,telkomsel,telkimsel sekarang lelet padahal sdh mmebeli pket kenapa selalu muncui di notif apl ig.fb atw lain lain manawarkan langganan .....aneh buruk .... mahal tapi pelayanan buruk,telkimsel lelet sdh mmebeli pket muncui notif apl ig fb atw manawarkan langgan aneh buruk mahal layan buruk,1,4,0
playstore,telkomsel,kurang maurah paket nya,maurah paket,1,0,1
playstore,telkomsel,makasih ya kaka udah buat apilaini dengan sangat baik,makasih kaka apilaini,1,0,1
playstore,telkomsel,"Harga naik, kouta tetap. Harga tetap, kouta di pangkas.",harga kuota harga kuota pangkas,2,2,0
playstore,telkomsel,terlalu lemot jangan di pakai lagi kartu Telkomsel,lot pakai kartu telkomsel,0,1,0
playstore,telkomsel,kenapa sih di sini apk+sinyal lemot bgt sekarang telomsel,apk sinyal lot telomsel,0,1,0
playstore,telkomsel,applikasi edan eror melulu,applikasi edan eror melulu,0,3,0
playstore,telkomsel,"karna daerah ku harus pake Telkomsel, jadi harus sabar menghadapi dari segi ribet aplikasi nya dan sangat mahal harga paketnya, kalau ada kartu yg lain selain Telkomsel ya sudah ku campakan ini Telkomsel",daerah ku pake telkomsel sabar hadap segi ribet aplikasi mahal harga paket kartu telkomsel ku campa telkomsel,3,4,0
playstore,telkomsel,"sering eror, gabisa top up paket data mohon di perbaiki aplikasinya",eror gabisa top up paket data mohon baik aplikasi,3,3,0
playstore,telkomsel,apa apaan main game lag banget,main game lag,1,0,1
playstore,telkomsel,"Edit lagi, Jaringan jelek malah disuruh restart HP. Template banget jawabannya kayak menangapi kalau wifi Indihome lemot suruh restart modem. fix sudah ganti kartu internetnya pakai provider lain. Padahal udah hampir 10 tahunan pakai Telkomsel baru kali ini jaringan internet harus di reset terus pakai mode pesawat.",edit jaring jelek suruh restart hp template jawab kayak tangap wifi indihome lot suruh restart modem fix ganti kartu internetnya pakai provider tahun pakai telkomsel kali jaring internet reset pakai mode pesawat,2,6,0
playstore,telkomsel,mantap bangat,mantap bangat,1,0,1
playstore,telkomsel,"kuota saya buat ojek online tolong buat stabilkan jaringannya,terputus Mulu sambungannya ke aplikasi grab,jngan mentang2 karna belom bayar kuota darurat di buat eror terus jaringannya",kuota ojek online tolong stabil jaring putus mulu sambung aplikasi grab jngan mentang bom bayar kuota darurat eror jaring,3,6,0
playstore,telkomsel,gak jelas pulsa belum habis 1 hari kuota dibuat 0 pulsa lasung dipotong sampai 0rupiah.,pulsa habis kuota pulsa lasung potong rupiah,0,4,0
playstore,telkomsel,"busuk, kalau gak support pake wifi yah paket data nol di support dong mau beli paket di app gak pernah selesai2 loading trus mentok eror",busuk support pake wifi yah paket data nol support beli paket app selesai loading trus mentok eror,4,5,0
playstore,telkomsel,lemut aplikasinya,lut aplikasi,0,1,0
playstore,telkomsel,aplikasinya jelek,aplikasi jelek,0,2,0
playstore,telkomsel,sampah,sampah,0,1,0
playstore,telkomsel,kenapa ni lg aplikasinya kamu sakit telkom???? gabisa di buka atau masukan no hp,ni lg aplikasi sakit telkom gabisa buka masuk no hp,0,3,0
playstore,telkomsel,ada paket tersedia tapi tidak dapat dibeli...aneh,paket sedia beli aneh,2,0,1
playstore,telkomsel,makin bulan makin mahal kuotanya.. hadeh,mahal kuota hadeh,0,3,0
playstore,telkomsel,ini kenapa sering lag jaringan udah sering paket bulanan masa jaringan 50 gb sering lag tolong perbaikin jaringannya. untuk menggunakan jaringan telkomsel jangan bikin kecewa menggunakan telkomsel,lag jaring paket bulan jaring gb lag tolong perbaikin jaring jaring telkomsel bikin kecewa telkomsel,5,2,1
playstore,telkomsel,cepat bagus banyak promo murah,cepat bagus promo murah,4,0,1
playstore,telkomsel,"saya mau daftarin pulsa ke paket susah bgt ya.gk bisa "" trs . tulisannya.ada kesalahan sistem . wiffi saya lancar"" aja .tapi susah bgt ya",daftarin pulsa paket susah tulis salah sistem wiffi lancar susah,2,5,0
playstore,telkomsel,gila baru isi paketan 14gb langsung habis aja dlm 30 menit.padahal cuma di pakai buat main game doang,gila isi paket gb langsung habis dlm menit pakai main game doang,3,0,1
playstore,telkomsel,mau beli paket aja di aplikasi MyTelkomsel lola banget respon aplikasi nya,beli paket aplikasi mytelkomsel lola respon aplikasi,2,2,0
playstore,telkomsel,"paket mingguan nya jd gak ada, yg 10 2,5 juga gak ada , makin jelek ini mah",paket minggu jelek mah,1,1,0
playstore,telkomsel,agak kurang blom yg bagus2banget,blom bagus,1,0,1
playstore,telkomsel,"aplikasi t*i, minta update trus, giliran akun di pakai daftar leletnya minta ampun!!!!!",aplikasi t i update trus gilir akun pakai daftar lelet ampun,0,2,0
playstore,telkomsel,ok siip,ok siip,1,0,1
playstore,telkomsel,"telkomsel ampas, udah isi pulsa dari brimo, saldo kepotong, ada notif isi pulsa, pas di cek pulsa gak masuk, perbaikilah kekurangan kalian",telkomsel ampas isi pulsa brimo saldo potong notif isi pulsa pas cek pulsa masuk baik kurang,3,8,0
playstore,telkomsel,"sebelum isi ulang pulsanya saya bisa buka buat beli paket combo sakti nya,, tapi pas saya isi pulsa pas, tiba tiba eror combo sakti nya gabisa dibuka, maksudnya gimana, niat ngasi combo apa kgk sii?? gajelas Telkomsel,",isi ulang pulsa buka beli paket combo sakti pas isi pulsa pas eror combo sakti gabisa buka maksud gimana niat ngasi combo kgk sii gajelas telkomsel,3,4,0
playstore,telkomsel,"kenapa pulsa ku disedot woiii cuma install ulang karna buffering, gitu aja nyedot pulsa.... padahal mau buat beli kuota....makin rusak ni lama² blok",pulsa ku sedot woiii install ulang buffering gitu nyedot pulsa beli kuota rusak ni blok,0,5,0
playstore,telkomsel,pelayanan bagus,layan bagus,1,0,1
playstore,telkomsel,dulu bagus sekarang jadi jelek... saya punya paket telfon all operator selama sebulan dan masih aktif sampai tanggal 9 juni 2026 tapi ketika saya melakukan panggilan telfon kenapa masih bayar? padahal ketika sukses daftar paket telfon tertera tulisan PAKET TELFON ALL OPERATOR ANDA SUDAH AKTIF,bagus jelek paket telfon all operator bulan aktif tanggal juni panggil telfon bayar sukses daftar paket telfon tera tulis paket telfon all operator aktif,5,4,1
playstore,telkomsel,sangat ok,ok,1,0,1
playstore,telkomsel,woi bayar wifi mahal mahal gak bisa dipakek. giliran telat diputus. 1 jam aja gangguan kami rugi besar. gak Wifinya gak Telkomselnya sama aja. login Indihome gak bisa. keknya sengaja biar gak kena komplain.,woi bayar wifi mahal mahal dipakek gilir telat putus jam ganggu rugi wifinya telkomselnya login indihome kek sengaja biar kena komplain,0,8,0
playstore,telkomsel,cara ngatasin mogok gimana y,ngatasin mogok gimana y,0,1,0
playstore,telkomsel,"Telkomsel sekarang ko jaringannya jadi lemot yah?, terus paket datanya pada mahal tolong dong perbaiki lagi demi kenyamanan pelanggan.",telkomsel ko jaring lot yah paket data mahal tolong baik nyaman langgan,5,3,1
playstore,telkomsel,"pelayanan pelanggan sangat bagus, namun kualitas jaringan kurang tapi saya maklumi dengan adanya lokasi atau alamat saya🙏👍",layan langgan bagus kualitas jaring maklum lokasi alamat,4,0,1
playstore,telkomsel,"aplikasi ga jelas, lemot, mau beli paket ngga bisa-bisa",aplikasi lot beli paket ngga,1,3,0
playstore,telkomsel,mantep tapi boros,mantep boros,0,1,0
playstore,telkomsel,"ini knp sih aapknya ngeleg mulu pas mau isi pulsa buat paketan,mana kekuras trus",knp aapknya lambat mulu pas isi pulsa paket kuras trus,2,2,0
playstore,telkomsel,aplikasi sangat membantu.,aplikasi bantu,0,1,0
playstore,telkomsel,lemot banyak iklan gak jelas,lot iklan,0,1,0
playstore,telkomsel,jaringan bagus harga juga murah🤩,jaring bagus harga murah,4,0,1
playstore,telkomsel,"bagus, tapi mahal",bagus mahal,1,1,0
playstore,telkomsel,"makin lama makin mahal ,jaringan pun gak bagus"" kali nya , jangan mahal mahal kali kalau kualitas jaringan pun masih kadang lemot",mahal jaring bagus kali mahal mahal kali kualitas jaring kadang lot,5,4,1
playstore,telkomsel,sinyal nya jelek,sinyal jelek,0,1,0
playstore,telkomsel,EDODIANSYAH? BAGUS!,edodiansyah bagus,1,0,1
playstore,telkomsel,ok bagus,ok bagus,2,0,1
playstore,telkomsel,Sangat bermanfaat dan berguna memudahkan dalam segala hal keperluan informasi..,manfaat guna mudah perlu informasi,4,0,1
playstore,telkomsel,"tolong diatasi kelemotanya, lebih baik makan lebih banyak data tapi lancar daripada lemot sangat tidak nyaman.",tolong atas lota makan data lancar lot nyaman,2,3,0
playstore,telkomsel,paket mahal sinyal jelek korupsi banyak,paket mahal sinyal jelek korupsi,1,3,0
playstore,telkomsel,provinter tambahan pulsa internet *363#,provinter tambah pulsa internet,1,1,0
playstore,telkomsel,udah di-update tapi pemakaian fup indihome masih tidak bisa ditampilkan - update terbaru lg pemakaian data indihome masih tidak bisa ditampilkan,update pakai fup indihome tampil update baru lg pakai data indihome tampil,0,1,0
playstore,telkomsel,"BURUK BANGET NIH KARTU, SEKELAS TELKOM UDAH PAKETAN MAHAL JARINGAN SUSAH. ASTAGHFIRULLAH PADAHAL RUANGAN TERBUKA",buruk kartu kelas telkom paket mahal jaring susah astaghfirullah ruang buka,2,6,0
playstore,telkomsel,makin lama jaringan dan harga paket data makin hancur. mending bangkrut aja saja,jaring harga paket data hancur mending bangkrut,4,3,1
playstore,telkomsel,"Beli paket 10gb gak bisa dipakai sampe masa aktif berakhir, kode dial gak nyambung mulu, provider busuk mending tutup aja lah. otw ganti XL semua",beli paket gb pakai sampe aktif kode dial nyambung mulu provider busuk mending tutup otw ganti xl,2,3,0
playstore,telkomsel,tampilan bagus. cuma sering agak ngelag gitu pas mau aktivasi paket.,tampil bagus lambat gitu pas aktivasi paket,4,1,1
playstore,telkomsel,Sudah beli paket aktivasi belum tapi belum dikirimkan linknya via sms,beli paket aktivasi kirim linknya via sms,3,0,1
playstore,telkomsel,jaringan di ransiki manokwari selatan rusak padahal rumah sebelah tower tapi kirim wa saja susah sekali,jaring ransiki manokwari selatan rusak rumah belah tower kirim wa susah,3,2,1
playstore,telkomsel,sudah mulai membaik nggak seperti tahun yang lalu bismillah kedepannya selalu baik,baik nggak bismillah depan,2,0,1
playstore,telkomsel,sangat puas sekali,puas,1,0,1
playstore,telkomsel,"sangat bagus, saya terbantu dengan aplikasi ini, pertahankan",bagus bantu aplikasi tahan,1,1,0
playstore,telkomsel,paket mahal + sinyal buruk,paket mahal sinyal buruk,1,2,0
playstore,telkomsel,Kenapa koneksi sekarang makin memprihatinkan yah? dan kenapa selalu muncul kuota habis dan selalu disuruh membeli kuota darurat padahal kuota masih banyak? dan juga kenapa harga paket data melonjak sangat drastis?kenapa ini?,koneksi prihatin yah muncul kuota habis suruh beli kuota darurat kuota harga paket data lonjak drastis,2,5,0
playstore,telkomsel,"Baru isi paket data yang 8gb, tau habisnya ja, pdhl HP dalam keadaan tidak di pke.",isi paket data gb tau habis ja pdhl hp pke,1,2,0
playstore,telkomsel,Paling top didalam hidupku,top dalam hidup,2,0,1
playstore,telkomsel,"APLIKASI LEMOT, HARGA ELIT KUALITAS SULIT, GUA MAU BELI PAKET KUOTA LEWAT NIH APK TAPI GABISA, ERROR, NGELEG BGT, TULISANNYA CUMA ""MIIF IDI KISILIHIN SISTIM"" NYINYINYINYI MIMIMIMIMI",aplikasi lot harga elit kualitas sulit gua beli paket kuota apk gabisa error lambat tulis miif idi kisilihin sistim nyinyinyinyi mimimimimi,3,7,0
playstore,telkomsel,"JARINGAN MAKIN BUSUK AJA PERBAIKI KNPA , SESUAI KAN DENGAN HARGA PALETAN NYA LAH UDAH MAHAL JARINGAN BUSUK MULU",jaring busuk baik knpa sesuai harga palet mahal jaring busuk mulu,5,3,1
playstore,telkomsel,"sekarang kalo mau beli kuota yang sama kayak transaksi terakhir kali malah selalu gagal, sistem sedang bermasalah, padahal itu yang sesuai kebutuhkan",beli kuota kayak transaksi kali gagal sistem masalah sesuai butuh,2,6,0
playstore,telkomsel,"mau beli paket aja banyak error,repot",beli paket error repot,1,2,0
playstore,telkomsel,"naik semua harga paket datanya, tidak ada internet sakti. sangat mengecewakan",harga paket data internet sakti kecewa,2,2,0
playstore,telkomsel,"Memang pantas dapat *1, masak pulsa ada ketika kirim pulsa langsung nol.Telkomsel sudah beda, sekarang bnyak erornya, dan signal juga jelek, kalah sama indosat. Trus aplikasinya juga sering eror dalam pembelian. Jujur saya sangat kecewa",masak pulsa kirim pulsa langsung nol telkomsel beda bnyak eror signal jelek kalah indosat trus aplikasi eror beli jujur kecewa,2,10,0
playstore,telkomsel,"maaf kalo boleh jujur sangat kecewa,Telkomsel paket bulanan 34 GB,30 GB harga 65rb,75rb harga yang terjangkau hilang gak ada, sisa kuwota setiap kali kita perpanjang bukan nya bertambah malah hilang terimakasih.",maaf jujur kecewa telkomsel paket bulan gb gb harga rb rb harga jangkau hilang sisa kuwota kali panjang tambah hilang terimakasih,6,5,1
playstore,telkomsel,makin ruwet. dibuka keluar mulu,ruwet buka mulu,0,1,0
playstore,telkomsel,"SEMUANYA HATI2 JANGAN INSTAL APLIKASI SAMPAH INI,,,,,APLIKASI BIKIN EMOSI",hati instal aplikasi sampah aplikasi bikin emosi,0,3,0
playstore,telkomsel,"klo ingin uji kesabaran pakailah telkomsel, 15 tahun dari masih skolah baru kali ini sinyal apk menguji kesabatan, apk lemot muter terus gaada data yg ditampilin mentok muat ulang gini berharap betah, provider besar tambah gini wkwkwkk",uji sabar pakai telkomsel skolah kali sinyal apk uji sabat apk lot muter gaada data ditampilin mentok muat ulang gin harap betah provider gin wkwkwkk,3,4,0
playstore,telkomsel,makin kesini sinyal makin jelek .... lebih parah dari yg dulu.... mahalnya doang tapi sinyal ga ada bagusnya... gw di kota jakarta bukan di papua,kesini sinyal jelek parah mahal doang sinyal bagus kota jakarta papua,1,4,0
playstore,telkomsel,"makin kesini makin parah khususnya di luar negri sinyal tambah lemot ,harga naik drastis terus kuotanya di kurangin dari sebelumnya 250GB terus jadi 150GB dan sekarang 40GB 400rb terlalu di jadiin kesempatan telkomsel ini kecewa sih",kesini parah negri sinyal lot harga drastis kuota rangin gb gb gb rb jadiin sempat telkomsel kecewa,1,4,0
playstore,telkomsel,teu Mun Kuta Aya sok hangus lamun Waktu beak,teu mun kuta aya sok hangus lamun beak,1,1,0
playstore,telkomsel,"Telkomsel Tolong lah, masa kamu kasi paket 50k = 16GB doang.. ini gw pengguna 15th lebih, paket super seru spesial gw gak bisa gw beli bro.. masa tega bener sih, ini kalo org kawin 15th itu udah punya 3 anak bro.. 3 anak udah lari2",telkomsel tolong kasi paket k gb doang guna th paket super seru spesial beli bro tega bener org kawin th anak bro anak lari,4,5,0
playstore,telkomsel,"orbit udah bagus2 aplikasinya malah dimerge sama mytelkomsel.. di orbit enak ada gambarnya, jadi mudah ngecek device mana yang harus dibeli kuotanya. aplikaisnya burik, berat lagi.",orbit bagus aplikasi dimerge mytelkomsel orbit enak gambar mudah ngecek device beli kuota aplikaisnya burik berat,2,4,0
playstore,telkomsel,saya tidak bisa masuk aplikasi telkomsel...,masuk aplikasi telkomsel,0,2,0
playstore,telkomsel,"opsi tukar pointnya tidak berguna... ini provider untuk akses jaringan bukan jualan makanan, tiket nonton, arisan kendaraan, dll... buat opsi tukar poinnya yg sesuailah... dari orbit kalian sudah tiadakan penukaran kouta dengan point alhasil poin sudah tidak berguna, malah disini penukarannya lebih ngawur... kita ini beli paket pakai uang balas penukaran pointnya juga yg masuk akal seharusnya pointnya bisa ditukar dengan kouta bukan ditukar di luar jangkauan itu...",opsi tukar point guna provider akses jaring jual makan tiket nonton arisan kendara dll opsi tukar poin sesuai orbit tiada tukar kuota point alhasil poin guna tukar ngawur beli paket pakai uang balas tukar point masuk akal point tukar kuota tukar jangkau,9,4,1
playstore,telkomsel,"tower telkomsel makin banyak dimalalak,jaringan lelet",tower telkomsel dimalalak jaring lelet,1,1,0
playstore,telkomsel,"jika hari ini anda mengisi pulsa mulai dari minimal RP 20000 maka akan langsung dapat bonus internet 1 GB.. pulsa sudah di isi lebih dari RP 20000 tapi bonus internetnya tidak ada.. marketing sih marketing tapi jangan rakyat yg klean tipu.. milik swasta sja tdk mau menipu rakyat, eh ini Telkomsel milik BUMN cara marketingnya kok menipu ya? sungguh menjijikkan,🤮🤮",isi pulsa minimal rp langsung bonus internet gb pulsa isi rp bonus internetnya marketing marketing rakyat klean tipu milik swasta sja tdk tipu rakyat eh telkomsel milik bumn marketingnya tipu sungguh jijik,5,4,1
playstore,telkomsel,"min, signal simpati troble kah? solusi dong, signal di jakarta selatan parah banget",min signal simpati troble kah solusi signal jakarta selatan parah,1,1,0
playstore,telkomsel,kikir,kikir,1,0,1
playstore,telkomsel,harga paling mahal kwalitas becanda,harga mahal kwalitas becanda,1,1,0
playstore,telkomsel,makin kesini makin eror Mulu ngisi kuota idih,kesini eror mulu ngisi kuota idih,0,3,0
playstore,telkomsel,"setiap bulan menu paket data selalu berubah² dengan harga yang selalu naik, terlalu mahal...",menu paket data ubah harga mahal,2,2,0
playstore,telkomsel,lag tolol,lag tolol,0,1,0
playstore,telkomsel,"lambat sekali kayak siput jaringan, update pulsa data tdk sinkron tau"" pulsa data sdh hbs👎👎👎",lambat kayak siput jaring update pulsa data tdk sinkron tau pulsa data sdh hbs,2,7,0
playstore,telkomsel,keren pokoknya,keren pokok,1,0,1
playstore,telkomsel,"saya pesan kartu halo online di grapari DUMAI. sudah saya coba aktivasi melalui email yang ter tera,namun setelah ditunggu 1x24 jam ket. gagal. sekarang saya bingung,tak ada bantuan dan tak ada yang dapat saya hubungi,mohon bantuan untuk aktivasi nya",pesan kartu halo online grapari dumai coba aktivasi email ter tera tunggu x jam ket gagal bingung bantu hubung mohon bantu aktivasi,3,1,1
playstore,telkomsel,"apk nya suka eror gajelas, tiba tiba ke logout disuruh login lagi malah terjadi kesalahan. udah berulang kali kaya gini dari tahun kemarin ada terus update tapi hal kaya gini dibiarin, sebenernya update apa? buat apa? kalo kaya gini terus percuma update update",apk suka eror gajelas logout suruh login salah ulang kali kaya gin kemarin update kaya gin dibiarin sebenernya update kaya gin update update,0,3,0
playstore,telkomsel,bagus dan murah,bagus murah,2,0,1
playstore,telkomsel,"kenapa dah ini Telkomsel, makin kesini makan ancur signalnya note : terimakasih tanggapannya. sudah direstart berulang tetap aja, makanya bikin ulasan bintang 2",dah telkomsel kesini makan ancur signalnya note terimakasih tanggap direstart ulang bikin ulas bintang,2,1,1
playstore,telkomsel,"turunkan harga paketan ,🤣",turun harga paket,2,0,1
playstore,telkomsel,aplikasi banyak bug nya ini harus segera di hapus dari ps,aplikasi bug hapus ps,0,2,0
playstore,telkomsel,bagus sekali aplikasinya,bagus aplikasi,1,1,0
playstore,telkomsel,"udah 3 hari ini eror sya mau beli pketan tapi tidak bisa/memuatt terus di bagian mau pembayaran pdhl pake Wifi-nya sinyalnya bagus,,gimana sih!!!!tolong di perbaiki",eror sya beli pketan memuatt bayar pdhl pake wifi sinyal bagus gimana tolong baik,2,1,1
playstore,telkomsel,mantavvv abiszzz mudah dan sangat senang,mantavvv abiszzz mudah senang,1,0,1
playstore,telkomsel,teruk lah masak buka apikasi ya pakai data kok kena ambil pulsaya.. kok separah ini..,teruk masak buka apikasi pakai data kena ambil pulsaya parah,0,4,0
playstore,telkomsel,"min, telkom saya kenapa sih, orang kuota sekarat malah gabisa beli, saya mau ujian kenaikan kelas min, tolong lah min jangan di persulit💔",min telkom orang kuota sekarat gabisa beli uji naik kelas min tolong min sulit,2,3,0
playstore,telkomsel,"jaringan buruk, paket tiba-tiba hilang",jaring buruk paket hilang,2,2,0
playstore,telkomsel,sinyal skrg sangat lelet,sinyal skrg lelet,0,1,0
playstore,telkomsel,saya sangat puas dan aplikasi ini sangat membantu,puas aplikasi bantu,1,1,0
playstore,telkomsel,"jaringan luas,keluhan cepat ditanggapi&semoga ada lebih banyak lagi progam²menarik buat pelanggan.terima kasih",jaring luas keluh cepat tanggap moga progam tarik langgan terima kasih,8,0,1
playstore,telkomsel,Saya menyesal menyetujui kartu perdana saya ke kartu halo. merasa di bodohi telkomsel. dulu 145k dengan kuota 125gb. lama lama berjalan beberapa bulan pembayaran naik ke 160k dengan kuota hanya 80k. akal akalan telkomsel. mau ganti kartu sayangg. kartunya kartu dari sama smp,sesal tuju kartu perdana kartu halo bodoh telkomsel k kuota gb jalan bayar k kuota k akal akal telkomsel ganti kartu sayangg kartu kartu smp,1,3,0
playstore,telkomsel,sinyal lemot,sinyal lot,0,1,0
playstore,telkomsel,"Kuotanya sangat mahal sekali, tidak seperti Indosat, saya mau ganti ke Indosat aja teman teman",kuota mahal indosat ganti indosat teman teman,0,2,0
playstore,telkomsel,busuk,busuk,0,1,0
playstore,telkomsel,"makin kesini telkomsel makin buruk,harga makin melambung kualitas sinyal makin menurun,buat apa diupgrade kalo kualitas makin buruk?!!!!",kesini telkomsel buruk harga lambung kualitas sinyal turun diupgrade kualitas buruk,4,2,1
playstore,telkomsel,"bagus , promo nya donk",bagus promo donk,2,0,1
playstore,telkomsel,sering sering paket promo internet dan kadang sinyal lemot,paket promo internet kadang sinyal lot,3,1,1
playstore,telkomsel,eror trs ga bisa login,eror login,0,1,0
playstore,telkomsel,sudah mahal lemot lagi. hhmm...,mahal lot hhmm,0,2,0
playstore,telkomsel,selalu eror pas beli aneh,eror pas beli aneh,1,1,0
playstore,telkomsel,Aplikasi nyanyok.!! Dalam SEBULAN Lebih DARI 10KALI Minta UPDATE.!!!,aplikasi nyanyok bulan kali update,0,2,0
playstore,telkomsel,pulsa 10rb hilang gajelas padahal gada utang paket darurat nda kasih menyala data apk stress,pulsa rb hilang gajelas gada utang paket darurat kasih nyala data apk stress,1,5,0
playstore,telkomsel,"jaringan bapuk, apalagi ketika mati lampu. Mahal tdk menjamin",jaring jelek mati lampu mahal tdk jamin,2,4,0
playstore,telkomsel,beli data saja dipersulit.... pelayanan semakin buruk masa aktif semakin sedikit harga semakin mahal jika seperti ini terus apa manfaat Telkomsel bagi Rakyat Indonesia?,beli data sulit layan buruk aktif harga mahal manfaat telkomsel rakyat indonesia,2,4,0
playstore,telkomsel,"kenapa gk di buat ringan saja, loading paling lambat dari aplikasi yg lain, metode pembayaran loading gk bisa berfungsi",ringan loading lambat aplikasi metode bayar loading fungsi,0,3,0
playstore,telkomsel,dah ga ketolong ni. dapat secuil.,dah tolong ni cuil,0,1,0
playstore,telkomsel,sumpah ini aplikasi kapitalis,sumpah aplikasi kapitalis,0,1,0
playstore,telkomsel,ngeleg,lambat,0,1,0
playstore,telkomsel,"BERAT , LEMOT",berat lot,0,1,0
playstore,telkomsel,"aplikasi kikir, harga mahal kualitas gaada, jaringan busuk tidak intelek, punya satelit ga fungsi harga nya terlalu mahal",aplikasi kikir harga mahal kualitas gaada jaring busuk intelek satelit fungsi harga mahal,5,6,0
playstore,telkomsel,apk nya berguna+banyak promo,apk guna promo,2,0,1
playstore,telkomsel,mudah dan sangat membantu,mudah bantu,1,0,1
playstore,telkomsel,ngeleg memenangkan cacat perbaiki tower lu,lambat menang cacat baik tower,1,2,0
playstore,telkomsel,"Harga mahal jaringan jelek, lambat, ngelag",harga mahal jaring jelek lambat lambat,2,4,0
playstore,telkomsel,tingkatkan promonya lagi,tingkat promonya,1,0,1
playstore,telkomsel,"jaringan Telkomsel saya buruk di tempat saya, server ditempat saya sering dimatikan dari server pusat, contoh jam 7 pagi sampai jam 9 pagi signal bagus lancar saat main game, setelah itu signal buruk, sudah reset lewat aplikasi tetap aja buruk, nanti jam 3 sore lancar lagi sampai jam 4 sore, terus signal jelek lagi, sudah 5 G kayak gitu? beda dengan didaerah komersil seperti SCBD jaksel jaksel selalu lancar tiap hari!! , saya sudah tes setiap tempat., intinya bukan signalnya..",jaring telkomsel buruk server tempat mati server pusat contoh jam pagi jam pagi signal bagus lancar main game signal buruk reset aplikasi buruk jam sore lancar jam sore signal jelek kayak gitu beda daerah komersil scbd jaksel jaksel lancar tes inti signalnya,7,9,0
playstore,telkomsel,makin kesini jaringan nya lemot.....gak stabil....tiap bulan minta login baru.... ribetnya gak sepadan dgn pelayanan....cuma menang nama aja sih di banding vendor lain,kesini jaring lot stabil login ribetnya padan layan menang nama banding vendor,2,1,1
playstore,telkomsel,aplikasinya berat dan suka susah di buka...,aplikasi berat suka susah buka,0,2,0
playstore,telkomsel,bagus biarpun mati lampu trlkomsel slu ada singnal,bagus biarpun mati lampu trlkomsel slu singnal,2,2,0
playstore,telkomsel,ok mantap,ok mantap,2,0,1
playstore,telkomsel,gila bener ini Telkomsel cek harga paket 24 jam di malam dan siang hari beda jauh harganya 85k 45gb 24jam saat malam ada siang cek lagi sudah berubah jadi 100k 45gb 24jam kualitas sinyal busuk banget lagi,gila bener telkomsel cek harga paket jam malam siang beda harga k gb jam malam siang cek ubah k gb jam kualitas sinyal busuk,4,6,0
playstore,telkomsel,Makin berat n lambat buka aplikasi.. Perbanyak kuota promo..,berat n lambat buka aplikasi banyak kuota promo,1,3,0
playstore,telkomsel,"Aplikasinya sering keluar sendiri. aplikasinya bikin tingkat kesabaran meningkat, loadingnya saaaaanggggaaat lama 😏",aplikasi aplikasi bikin tingkat sabar tingkat loadingnya saaaaanggggaaat,3,2,1
playstore,telkomsel,"paket data cepat sekali habis,boros jaringan lelet layanan kian jeblok..",paket data cepat habis boros jaring lelet layan kian jeblok,3,4,0
playstore,telkomsel,ini aplikasi kenapa sih ga bs beli paket dr kemarin.. muter muter terus tp motong pulsa 2000-5000,aplikasi bs beli paket dr kemarin muter muter motong pulsa,1,2,0
playstore,telkomsel,"apkny jelek, saya gk bisa beli paket data udh coba dw dan masuk malah jd gk bisa²",apkny jelek beli paket data coba dw masuk,1,3,0
playstore,telkomsel,makin lemot saya beli paket giliran masuk metode pembayaran eror,lot beli paket gilir masuk metode bayar eror,1,4,0
playstore,telkomsel,"Untuk pembeli paket kuota, bisa enggak, sih, jangan digabung sama WeTV VIP atau akses Video lainnya yang belum tentu setiap pelanggan butuhin. Kalau enggak digabung gitu mungkin harga paketnya bisa lebih rendah, toh, akses WeTV, Vision, Prime, gak semua orang butuh itu.",beli paket kuota gabung wetv vip akses video langgan butuhin gabung gitu harga paket rendah akses wetv vision prime orang butuh,6,5,1
playstore,telkomsel,"pelayanan indihome sekarang buruk sekali, wifi tdk bisa di gunakan sdh laporan cuma suruh nunggu sampai 1hari penuh ,di follow up lagi juga gak ngaruh tetap gak ada kelanjutan. bayar telat sejam internet langsung di off tp kalau ada masalah gini lama sekali penanganannya.",layan indihome buruk wifi tdk sdh lapor suruh nunggu penuh follow up ngaruh lanjut bayar telat jam internet langsung off gin tangan,4,3,1
playstore,telkomsel,"gila mahal kali ngasih harga yang ngotak mas, dan juga poin yang tukar ke Kouta ga bisa di tukar katanya untuk pelanggan tertentu tapi enggak ada penjelasannya ga jelas kali",gila mahal kali ngasih harga ngotak mas poin tukar kuota tukar langgan jelas kali,3,2,1
playstore,telkomsel,harga paket data makin ngeri cuy l... ampir tiap bulan naik... pepek,harga paket data ngeri cuy l ampir pepek,2,2,0
playstore,telkomsel,"harga Kuota Mahal"" signalnya sering gangguan",harga kuota mahal signalnya ganggu,1,3,0
playstore,telkomsel,fix memang jelek sinyalnya,fix jelek sinyal,0,1,0
playstore,telkomsel,Harga paket mahal jaringan ripuh,harga paket mahal jaring ripuh,3,1,1
playstore,telkomsel,"Tolong perbaikin aplikasinya, masa ga bisa bayar paket kalau tersambung wifi, malah loading lama. Trus aku close aplikasinya, malah kepotong 2rb pulsaku",tolong perbaikin aplikasi bayar paket sambung wifi loading trus close aplikasi potong rb pulsa,1,6,0
playstore,telkomsel,kenapa kuota saya ilang padahal kuota masih ada sampai tanggal 9 juni masa senggang masih ada sampai 11 Juni knp ilang min,kuota ilang kuota tanggal juni senggang juni knp ilang min,0,5,0
playstore,telkomsel,aplikasinya patah patah jir 😂🥀,aplikasi patah patah jir,0,4,0
playstore,telkomsel,sangat keren banget dan juga membantu,keren bantu,1,0,1
playstore,telkomsel,"harganya mahal tp jaringannya jelek apalagi klau hujan,mendung",harga mahal jaring jelek klau hujan mendung,2,3,0
playstore,telkomsel,"kenapa ga semua paket bisa bayar pake ewallet ? hanya sebagian yg bisa bayar pake gopay, males klo harus isi pulsa dulu, susa beli paket pasti lenyap hitungan detik",paket bayar pake ewallet bayar pake gopay males isi pulsa susa beli paket lenyap hitung detik,3,3,0
playstore,telkomsel,paket nya mahal mahal semua padah kartu yang saya pakai udah lama,paket mahal mahal padah kartu pakai,1,2,0
playstore,telkomsel,semakin lama semakin mahal,mahal,0,1,0
playstore,telkomsel,aplikasi berat.. di handphone notif indikasi kerusakan aplikasi.. wkkwkw,aplikasi berat handphone notif indikasi rusa aplikasi wkkwkw,0,2,0
playstore,telkomsel,dah ah tambah buruk. coba tanya di layanan Vero lalu chat sama agen tetap gak ada solusi dan jawaban yg jelas,dah ah buruk coba layan vero chat agen solusi,2,3,0
playstore,telkomsel,cuma di telkomsel poin ga guna sama sekali,telkomsel poin,1,0,1
playstore,telkomsel,"legnya parah bgt, udh harga paket datanya mahal amat lagi",legnya parah harga paket data mahal,2,3,0
playstore,telkomsel,ok sih,ok,1,0,1
playstore,telkomsel,"saya sudah pakai kartu ini hampir 11 tahun,sudah beberapa hari ini pulsa saya d potong sekitar 1000sekian rupiah tanpa tahu saya langganan apa,ga bisa tau juga lewat aplikasi ini saya berlangganan apa,ga jelas !!!!",pakai kartu pulsa d potong sekian rupiah langgan tau aplikasi langgan,2,4,0
playstore,telkomsel,aplikasi tolol gak bisa masuk,aplikasi tolol masuk,0,3,0
playstore,telkomsel,kenapa pulsa saya sering ilang2 sendiri...,pulsa ilang,0,2,0
playstore,telkomsel,tahun 2026.. akhirnya cek kuota harus dari *888#... luar biasa..,cek kuota,0,2,0
playstore,telkomsel,sinyal sering hilang tiba tiba,sinyal hilang,0,1,0
playstore,telkomsel,sudah paling mahal tapi paling lemot di antara provider lain masa kalah sama Indosat dan XL.,mahal lot provider kalah indosat xl,0,3,0
playstore,telkomsel,Sudah 1 bulan saya mengeluhkan sinyal nya bermasalah tetapi tidak ada perbaikan sama sekali sebagai pengguna kartu Telkomsel sangat menyesal dengan situasi inj,keluh sinyal masalah baik guna kartu telkomsel sesal situasi inj,2,1,1
playstore,telkomsel,naikin terus harga nya,naikin harga,1,0,1
playstore,telkomsel,"paket mahal, SIGNAL ABAL- ABAL!!!!!!",paket mahal signal abal abal,1,1,0
playstore,telkomsel,"Paket sebelum yang ramah dikantong"" tidak ada kembali lagi dan harga paket internet makin gak ngotak sama kuota internet gb nya kecil serta tingkatkan kualitas jaringan nya masa harga paket lu naikin tapi kualitas jaringan internet lu itu itu saja, lu juga mau nipu untuk raih keuntungan lebih hah tapi jaringan lu kek gini trus tidak mau respon dan tanggapi komentar orang"" yang resah karna perbuatan lu hah, minimal butuh tindakan bukan balasan doang",paket ramah kantong harga paket internet ngotak kuota internet gb tingkat kualitas jaring harga paket naikin kualitas jaring internet nipu raih untung hah jaring kek gin trus respon tanggap komentar orang resah buat hah minimal butuh tindak balas doang,17,4,1
playstore,telkomsel,mahal doang layanan ga jelas. 👎🏻,mahal doang layan,0,1,0
playstore,telkomsel,"aplikasi makin berat, paket data mahal",aplikasi berat paket data mahal,1,3,0
playstore,telkomsel,ok sekali,ok,1,0,1
playstore,telkomsel,paketan mahal tidak sesuai....telkomsel sangat buruk tidak bisa kasih terbaik buat customer.tolong perbaiki layanan biar pelanggan tidak kabur,paket mahal sesuai telkomsel buruk kasih baik customer tolong baik layan biar langgan kabur,5,3,1
playstore,telkomsel,"dulu saya bangga""kan tp sekrang jangan lagi pakek Telkomsel... jaringan di kota surabaya saja busuk... parah banget,sama harga paket internetnya gak ngotak..",bangga sekrang pakek telkomsel jaring kota surabaya busuk parah harga paket internetnya ngotak,4,3,1
playstore,telkomsel,singkat saja kualitas menurun paket data mahal,singkat kualitas turun paket data mahal,2,3,0
playstore,telkomsel,"update aja trus aplikasi, update juga tentang kualitas sinyal internet nya dong, ada hujan dikit sinyal kek kerupuk langsung loyo, paraah, cuaca cerah aja sinyal nya, malesin.",update trus aplikasi update kualitas sinyal internet hujan dikit sinyal kek kerupuk langsung loyo paraah cuaca cerah sinyal malesin,2,3,0
playstore,telkomsel,"Kenapa paketan roamingnya kini kuotanya smkn sedkit (berkurang 50% lebih) dan smkn mahal. ??? tolong kembalikan spt semula, mengingat kami disini juga punya kbutuhan buat kluarga saya menggunakan Telkomsel SDH LBH dari 10 thn.... harusnya ada apresiasi buat pelanggan setianya... mohon perhatian nya buat admin",paket roamingnya kuota smkn sedkit kurang smkn mahal tolong kembali spt kbutuhan kluarga telkomsel sdh lbh thn apresiasi langgan setia mohon perhati admin,2,4,0
playstore,telkomsel,apk gajelas beli kuota aja di persulit sinyal jugaaa aneh hadehhhhh,apk gajelas beli kuota sulit sinyal jugaaa aneh hadehhhhh,0,2,0
playstore,telkomsel,"apaan update Skrang gak jelas bnget, masa harga paket roaming Qatar turun drastis, pindah provider aja lah gak jelass",update skrang bnget harga paket roaming qatar turun drastis pindah provider jelass,2,0,1
playstore,telkomsel,"aplikasi scam, telkomsel dr dulu emang suka scam pelangganya, saya mau beli paket internet yg saya mau malah gabisa dan suruh coba lagi, tapi di arahkan untuk membeli paket internet yg mahal dan terlalu banyak gbnya (saya menyesal, beli kuota banyak tapi berakhir hangus, makanya beli sedikit) sebaik nya telkomsel memperbaiki dan TAU DIRI BLOK, punya customer itu di pelihara bukan malah di scam terus. kemungkinan tahun ini saya STOP berlangganan telkomsel,",aplikasi scam telkomsel dr emang suka scam pelangganya beli paket internet gabisa suruh coba arah beli paket internet mahal gbnya sesal beli kuota hangus beli telkomsel baik tau blok customer pelihara scam stop langgan telkomsel,5,6,0
playstore,telkomsel,JEEK JELEK JELEK,jeek jelek jelek,0,2,0
playstore,telkomsel,makin kesini kok berat ea solusinya MIMIN,kesini berat ea solusi mimin,1,0,1
playstore,telkomsel,"Anda telah memakai pulsa Rp5.000 utk akses internet non-paket. Segera beli paket di MyTelkomsel tsel.id/shop ini apaan dah tau² pulsa dipotongin sendiri pake alesan ga jelas??!! internet gw konek terus woyyy.. punya wifi gua !!! klo pun harus beli gua udah ogah pake Telkomsel lagi, harga doang mahal kualitas sinyal jeleknya nauzubillah",pakai pulsa rp utk akses internet non paket beli paket mytelkomsel tsel id shop dah tau pulsa dipotongin pake alesan internet konek woyyy wifi gua beli gua ogah pake telkomsel harga doang mahal kualitas sinyal jelek nauzubillah,5,9,0
playstore,telkomsel,sangat membantu dan bermanfaat mudah di pahami bagi semua kalangan,bantu manfaat mudah paham kalang,2,0,1
playstore,telkomsel,Aplikasi nya lemottttt bangettttttttttt,aplikasi lemottttt bangettttttttttt,0,1,0
playstore,telkomsel,"udah bagus paketan nya, gg",bagus paket gg,2,0,1
playstore,telkomsel,"sinyalnya kaya siput,rating -100, produk dalam negeri kok gini , mana bisa mau bersaing sama produk luar",sinyal kaya siput rating produk negeri gin saing produk,2,0,1
playstore,telkomsel,seinyal nya susah hilang hilangan ....saya cukup kecewa sih apah lagi mobilitas saya di outdoor bogor kota besar loh masa sinyal amblas heran sayab..,seinyal susah hilang hilang kecewa apah mobilitas outdoor bogor kota loh sinyal amblas heran sayab,0,6,0
playstore,telkomsel,"semakin hari paket data roaming country Qatar semakin sedikit dan harga semakin mahal, kalau paket data masih bertahan 150 gb harga naik yang semula 380 ke 400 ribu rupiah its okayy, tapi kalo harga semakin naik tapi paket datanya di kurangi jadi 40 gb dalam sebulan, gak wajarr dong tolong lahhh telkom apa apaan ini jangan lah di kurangin banyak²",paket data roaming country qatar harga mahal paket data tahan gb harga ribu rupiah its okayy harga paket data kurang gb bulan wajarr tolong lahhh telkom rangin,6,6,0
playstore,telkomsel,"mahal doang jaringan bapuk berbulan bulan ga prnh dibenerin apa ya, mkin hari mkin bapuk",mahal doang jaring jelek bulan prnh dibenerin mkin mkin jelek,1,4,0
playstore,telkomsel,kuota internet nya boros banget,kuota internet boros,0,2,0
playstore,telkomsel,"Jujur telkom apk lumayan berat, dan lemot.. mungkin karena terlalu banyak isinya, seringkali ketika mau melakukan pembayaran di apk lemott sekali harus diulang berkali2 dan keluar masuk apk berkali2 dulu, itupun belum tentu berhasil.. semoga kedepannya ada perbaikan yaa",jujur telkom apk lumayan berat lot isi seringkali bayar apk lemott ulang kali masuk apk kali itu hasil moga depan baik,4,3,1
playstore,telkomsel,"Pengalaman selama menggunakan mytelkomsel, aplikasi terasa berat dan sering loading lama setiap buka halaman. seharusnya aplikasi ini terjadi ringan dan cepat, karena aplikasi ini di sediakan oleh jaringan Telkomsel sendiri. mau beli paket aja susah. padahal beli di ""tokonya sendiri"". semoga bisa jadi masukan untuk mytelkomsel",alam mytelkomsel aplikasi berat loading buka halaman aplikasi ringan cepat aplikasi sedia jaring telkomsel beli paket susah beli toko moga masuk mytelkomsel,5,5,0
playstore,telkomsel,aplikasi kartu perdana terlemot karena kebanyakan neko2 dalem aplikasi nya☺☺☺,aplikasi kartu perdana lot banyak neko dalem aplikasi,0,4,0
playstore,telkomsel,signal nya buruk sekali,signal buruk,0,1,0
playstore,telkomsel,apk mantap bos ku,apk mantap bos ku,2,0,1
playstore,telkomsel,apl lemot,apl lot,0,1,0
playstore,telkomsel,loading nya lelet banget,loading lelet,0,1,0
playstore,telkomsel,"gua tinggal di kota, tapi sinyal gk ada. harga mahal masa sinyal 10kb/dtk Telkomsel gk jelas, yang bener napa",gua tinggal kota sinyal harga mahal sinyal kb dtk telkomsel bener napa,1,4,0
playstore,telkomsel,mengecewakan...kuota mau hangus ga ada solusi,kecewa kuota hangus solusi,1,3,0
playstore,telkomsel,beli mahal kuaota pasti dibsuruh beli yg mahal lagi,beli mahal kuaota dibsuruh beli mahal,0,2,0
playstore,telkomsel,knp sih Telkomsel sinyal nya kayak taik lek mlu,knp telkomsel sinyal kayak taik lek mlu,0,2,0
playstore,telkomsel,"akhir2 ini kekuatan sinyalnya jelek bgt 😭😭😭 ngebid jadi ke ganggu,tiba2 sinyal suka hilang. semoga d dengar dn d perbaiki lagi 😇😇 Mei 2026",kuat sinyal jelek ngebid ganggu sinyal suka hilang moga d dengar dn d baik mei,4,3,1
playstore,telkomsel,sangat respon,respon,1,0,1
playstore,telkomsel,apk gembel reload lama banget malah gagal,apk gembel reload gagal,0,2,0
playstore,telkomsel,"jaringan buruk mahal doang tapi kualitas paling jelek, main game aja udh 999+ suka hilang jaringan klo hilang arah masih mending bisa di balikin lagi.",jaring buruk mahal doang kualitas jelek main game suka hilang jaring hilang arah mending balikin,5,5,0
playstore,telkomsel,buat yg punya perusahaan mohon jaringannya di perbaikinya saya selalu mengalami leg,usaha mohon jaring baik alami leg,2,1,1
playstore,telkomsel,mau beli kuota harus beli pulsa dulu. ga bisa pake yg lain,beli kuota beli pulsa pake,0,2,0
playstore,telkomsel,"Saya mengambil ekstra kuota gembira pas saya cek udh Diklaim tapi dinotifikasinya hanya dapat diklaim oleh pelanggan tertentu saja , tapi di Telkomselnya ada bacaan diklaim bagaimana ini , udhlh buka aplikasinya loading Mulu lagi",ambil ekstra kuota gembira pas cek klaim notifikasi klaim langgan telkomselnya baca klaim udhlh buka aplikasi loading mulu,3,4,0
playstore,telkomsel,sinyal nya jelek kuota nya mahal,sinyal jelek kuota mahal,0,3,0
playstore,telkomsel,oh Telkomsel kenpa sinyal mu sekrang busuk sekali,oh telkomsel kenpa sinyal mu sekrang busuk,0,1,0
playstore,telkomsel,"ngelag parah sumpah parah banget segini gw di bagian kota loh udh beli paket mahal kok kyk gini yak dari kudu gk pernah berubah udh sampe gunta ganti tempat msih ngelag aja tolong di perbaiki yah jadi kesel kalo ngelag mana banyak kerjaan lagi tolong kitabayar bukan buat lemot lemotan gini:""suara pengguna telkomsel""",lambat parah sumpah parah gin kota loh beli paket mahal kyk gin yak kudu ubah sampe gunta ganti msih lambat tolong baik yah kesel lambat kerja tolong kitabayar lot lot gin suara guna telkomsel,4,10,0
playstore,telkomsel,kacau makin mahal,kacau mahal,0,1,0
playstore,telkomsel,"kecewa , jangan download ini berat . dan jaringan buruk",kecewa download berat jaring buruk,1,2,0
playstore,telkomsel,itu di perbaiki lagi dong ngeleg banget co lagi main patah apalah,baik lambat co main patah apa,1,3,0
playstore,telkomsel,pulsa kepotong gajelas,pulsa potong gajelas,0,2,0
playstore,telkomsel,myTelkomsel jaringan simpati nya Jelek......gua harus ganti kartu percuma gua berlanggan data yang 80GB kalau jariangnya jelek...bikin emosi.....uangnya banya di kurup......sampah,mytelkomsel jaring simpati jelek gua ganti kartu gua langgan data gb jariangnya jelek bikin emosi uang banya kurup sampah,2,6,0
playstore,telkomsel,"Busett pilihan paketnya semakin mahal, mending Kalau sinyalnya bagus dan stabil",busett pilih paket mahal mending sinyal bagus stabil,4,2,1
playstore,telkomsel,"Pengguna telkomsel udh puluhan tahun,. Bukanya makin kesini makin bagus malah makin lemod kaya keong payaah,. Lamat laun telkomsel ilang karena jaringan susah,. Pada ganti xl dn yg lain yg lebih bagus",guna telkomsel puluh buka kesini bagus lemod kaya keong payaah lamat laun telkomsel ilang jaring susah ganti xl dn bagus,5,2,1
playstore,telkomsel,"sangat sangat kecewa dengan kualitas jaringan, yang di bandrol dengan harga tinggi namun tidak sesuai dengan kualitas, mending ke Axis kalo gini terus payah Telkom telkom",kecewa kualitas jaring bandrol harga sesuai kualitas mending axis gin payah telkom telkom,6,2,1
playstore,telkomsel,Aplikasi lemot . sinyal juga jelek buat game. bapuk amat si mahal doang,aplikasi lot sinyal jelek game jelek si mahal doang,1,5,0
playstore,telkomsel,"kalo buka aplikasi Telkomsel itu berasa balik lagi ke tahun 2011 internet nya lemot, padahal tinggal di kota Tangerang, saya beli kuota itu pake uang yah bukan ngutang sama bapak kau, jadi tolong perbaiki lagi kinerjamu dari semua aspek, karna saya pelanggan yg bayar.",buka aplikasi telkomsel asa internet lot tinggal kota tangerang beli kuota pake uang yah ngutang kau tolong baik kerja aspek langgan bayar,3,5,0
playstore,telkomsel,"jelek, pdhl sinyalnya gak bagus"" amat, masih suka naik turun ping nya waktu main game padahal di kota. harganya makin lama makin gak ngotak.",jelek pdhl sinyal bagus suka turun ping main game kota harga ngotak,3,2,1
playstore,telkomsel,app bapuk,app jelek,0,1,0
playstore,telkomsel,aneh bin nyata. saya biasa nya bisa beli paket combo sakti 90 35 GB. sekarang tidak bisa lagi. karena ada penawaran dari 188 untuk suruh saya pindah ke kartu prabaya atau pasca bayar. pokok nya seperti itu lah. 100 ribu pembelian paket dapat 70 GB. karena saya penguna paket kombo sakti 35 GB 90 ribu.itu pun saya ada uang.nah sekarang saya di tawari 100 pembayaran nya saat pengisian paket 2.aneh saya di suruh utang. otak tidak ada. itu pun saya beli paket kombo sakti karena saya ada uang. 👎👎👎,aneh bin nyata beli paket combo sakti gb tawar suruh pindah kartu prabaya pasca bayar pokok ribu beli paket gb penguna paket kombo sakti gb ribu uang tawar bayar isi paket aneh suruh utang otak beli paket kombo sakti uang,5,5,0
playstore,telkomsel,"jaringannya jelek. masa aktif satu bulan kadang tidak sampe 30 hari. harga kuotanya mahal. makin lama makin mahal. harusnya pelanggan tetap dikasih diskon, ini malah ngelunjak. nyesal pake Telkomsel",jaring jelek aktif kadang sampe harga kuota mahal mahal langgan kasih diskon ajar nyesal pake telkomsel,5,5,0
playstore,telkomsel,SINYAL TA1 JUMPING JUMPING KEBANYAKAN KORUPSI,sinyal ta jumping jumping banyak korupsi,0,2,0
playstore,telkomsel,terimakasih Telkomsel,terimakasih telkomsel,1,0,1
playstore,telkomsel,kenapa untuk sekarang harga makin mahal tapi makin lemot jaringan nya,harga mahal lot jaring,2,2,0
playstore,telkomsel,"aplikasi lelet, paketan mahal, 1 bulan cuma 28 hari tapi sinyalnya jelek",aplikasi lelet paket mahal sinyal jelek,1,4,0
playstore,telkomsel,kualitas jaringan yang katanya terbesar Masir sering susah,kualitas jaring besar masir susah,2,1,1
playstore,telkomsel,Very Good,very good,1,0,1
playstore,telkomsel,"apakah gak ada cara lain untuk meningkatkan kualitas jaringan anda,,karna kami pelanggan telkomsel sudah sangat kecewa dengan jaringan ini,,kami di daerah Karo,,tepatnya di desa Kuta buluh simole,,kecamatan Kuta buluh simole,,jaringan anda sangat tidak terpakai...tolong di cek kondisi sinyalnya,,sudah lama jaringan anda buruk...!!!",tingkat kualitas jaring langgan telkomsel kecewa jaring daerah karo tepat desa kuta buluh simole camat kuta buluh simole jaring pakai tolong cek kondisi sinyal jaring buruk,7,5,1
playstore,telkomsel,"udah paket mahal, jaringan super lelet, pulsa gak terpakai pun di makan, memang provider bermasalah dan korup Telkomsel ni, kapok pake telkomsel",paket mahal jaring super lelet pulsa pakai makan provider masalah korup telkomsel ni kapok pake telkomsel,2,6,0
playstore,telkomsel,lemot bgt astagaaa,lot astagaaa,0,1,0
playstore,telkomsel,"kenapa si Telkomsel ngelag bgt Minggu"" ini, beli kuota nya gabisa dibilng murah loh, makin hari makin aneh aja ni Telkomsel, JUJUR AJA SAYA PAKE TELKOMSEL BUKAN 4/5 TAHUN, jdi pgn beralih dri Telkomsel dan pgn berkata"" kasar, tolong di perbaiki sistem nya, cuihh",si telkomsel lambat minggu beli kuota gabisa dibilng murah loh aneh ni telkomsel jujur pake telkomsel jdi pgn alih dri telkomsel pgn kasar tolong baik sistem cuihh,2,3,0
playstore,telkomsel,"NGOTAK DONG KALO NGASIH HARGA PAKET KUOTA, KITA BERLANGGANAN SEMAKIN DIBELI SEMAKIN DIMAHALIN KUOTANYA, SAYA GAK MINTA HARGANYA TURUNIN, MINIMAL PERTAHANKAN HARGA KUOTANYA YANG UDAH KITA BELI SEBELUMNYA, LU NAIKIN HARGANYA OKELAH TAPI JANGAN DUA KALI LIPAT JUGA NAIKNYA..!!!",ngotak ngasih harga paket kuota langgan beli dimahalin kuota harga turunin minimal tahan harga kuota beli naikin harga oke kali lipat naik,8,4,1
playstore,telkomsel,internet nya mahal sekarang dan kwalitas jaringan sering leg..,internet mahal kwalitas jaring leg,1,1,0
playstore,telkomsel,"simpati lama2 gila ya,gangguan terus,ga beres nh,musti ganti kartu lain",simpati gila ganggu beres nh musti ganti kartu,0,1,0
playstore,telkomsel,udah mahal tau lancar jaringan ny apa la ini hapus aja lebih bai AXIS daripada Telkomsel,mahal tau lancar jaring ny la hapus bai axis telkomsel,2,3,0
playstore,telkomsel,buruk sangat buruk,buruk buruk,0,2,0
playstore,telkomsel,"maaf ku kasih bintang satu , harga paket data sekarang ngeri banget semakin mahal, sudah 10 tahun pake Telkomsel, harga paket datanya bukan di kasih diskon malah harganya makin naik, beli 50rb cuman dapat belasan GB per bulan,,mungkin saatnya pindah seluler lain",maaf ku kasih bintang harga paket data ngeri mahal pake telkomsel harga paket data kasih diskon harga beli rb cuman bas gb pindah seluler,6,4,1
playstore,telkomsel,"beli paket aja susah bego""",beli paket susah bego,1,1,0
playstore,telkomsel,respon utk keluhan dilayani dgn sangat baik tp blm utk respon aplikasinya erornya lama,respon utk keluh layan blm utk respon aplikasi eror,2,2,0
playstore,telkomsel,cuma kalo buka aplikasi telkomsel..agak lelet,buka aplikasi telkomsel lelet,0,2,0
playstore,telkomsel,jaringan buruk tidak sama kaya layanan lain ini pake Telkomsel dikit² jaringan ngelag pdhl full kotaknya tidak memuaskan pelanggan tidak sesuai kriteria,jaring buruk kaya layan pake telkomsel dikit jaring lambat pdhl full kotak muas langgan sesuai kriteria,5,4,1
playstore,telkomsel,belum juga 2 bulan udah 3 kali kendala mending pindah ke sebelah aja,kali kendala mending pindah belah,1,2,0
playstore,telkomsel,"Telkomsel sekarang tambah parah,kadang ga bisa di pake sama sekali padahal kuota masih banyak, kadang kadang juga pas main game lag lag sendiri mana berkali kali lagi dalam 1 game",telkomsel parah kadang pake kuota kadang kadang pas main game lag lag kali kali game,6,2,1
playstore,telkomsel,"emang sialan telkomsel ni. masa aktif kuota uda abis, karena dirumah aja, aku ga perpanjang, pake wifi. data seluler aku matikan, tp pulsa ku kesedot trs donk. jangan2 uda ga tau dari kapan pulsa g abis ga jelas, g kira emang kepake. tp ini baru isi pulsa semalam, sekarang uda berkurang banyak. telkomsel taik",emang sial telkomsel ni aktif kuota uda abis rumah panjang pake wifi data seluler mati pulsa ku sedot donk uda tau pulsa abis emang kepake isi pulsa malam uda kurang telkomsel taik,2,12,0
playstore,telkomsel,"ini aplikasi knpa ya ko nyedot datanya ga kira kira, sampai 4 gb hilang bgtu saja,bikin kapok ini mah paraaah bnget ini telkomsel",aplikasi knpa ko nyedot data gb hilang bgtu bikin kapok mah paraaah bnget telkomsel,0,5,0
playstore,telkomsel,"Baguslah, cuman kadang ngelag",bagus cuman kadang lambat,2,1,1
playstore,telkomsel,promo oke,promo oke,2,0,1
playstore,telkomsel,"aplikasi bermasalah, paket internet mahal, gk aktif data seluler tiba² main potong pulsa. pake juga mau gk mau.",aplikasi masalah paket internet mahal aktif data seluler main potong pulsa pake,1,6,0
playstore,telkomsel,Top,top,1,0,1
playstore,telkomsel,jaringan babi udah 2 tahun saya make gak berubah,jaring babi make ubah,1,1,0
playstore,telkomsel,sampai sekarang tidak bisa dibuka dgn jaringan lain,buka jaring,1,0,1
playstore,telkomsel,"SAYA TINGGAL DI JAWA TENGAH & DIY, PAKETAN DENGAN HARGA YANG MELAMBUNG TINGGI TETAPI TIDAK DIIMBANGI DENGAN KUALITAS SINYAL YANG BAIK ! SERING HILANG! DAN BISA DIBILANG SINYAL SANGAT BURUUK !!!!!",tinggal jawa diy paket harga lambung imbang kualitas sinyal hilang bilang sinyal buruuk,4,1,1
playstore,telkomsel,"jaringanya lag banget daerah sukaraja udah seminggu, lagnya siang sampe sore baru lancar",jaringanya lag daerah sukaraja minggu lagnya siang sampe sore lancar,1,0,1
playstore,telkomsel,secara umum bagus tp kelihatannya kuota agak mahal ya dr itungan penggunaannya,bagus kuota mahal dr itungan guna,2,2,0
playstore,telkomsel,"selalu terpotong pulsa saya,dari dulu sampai sekarang,tidak ada kejelasan dari pihak Telkomsel,ada apa..",potong pulsa jelas telkomsel,0,2,0
playstore,telkomsel,telkomsel sinyal bobrok... 😡,telkomsel sinyal bobrok,0,1,0
playstore,telkomsel,jaringan OK,jaring ok,2,0,1
playstore,telkomsel,sangan puas,sangan puas,1,0,1
playstore,telkomsel,makin lama harga pake makin mahal aja,harga pake mahal,1,1,0
playstore,telkomsel,Busuk.. pulsa kepotong sendiri. maksa harus beli quota.. sampah,busuk pulsa potong maksa beli quota sampah,0,5,0
playstore,telkomsel,"Telkomsel kok jdi gini dh kualitas makin buruk harga makin naik, GK sesuai sama yg namanya ""ada harga ada kualitas"" ini mah namanya ""ada harga gada kualitas"". Jaringan makin buruk, harga makin naik, kombo bulanan dri harga 35 10gb/bulan jadi 45 10gb/bulan, hdh pdhl tdi baru beli pulsa 35 buat beli paket kombo bulanan eh harganya malah naik aplikasi kikir kntI",telkomsel jdi gin dh kualitas buruk harga sesuai nama harga kualitas mah nama harga gada kualitas jaring buruk harga kombo bulan dri harga gb gb hdh pdhl tdi beli pulsa beli paket kombo bulan eh harga aplikasi kikir knti,13,6,1
playstore,telkomsel,"sinyal internet buruk skali. padahal kuota sudah mahal banget , tp sinyal buruk , pdhl ini di kota bos. terlalu emang yaa",sinyal internet buruk skali kuota mahal sinyal buruk pdhl kota bos emang,1,5,0
playstore,telkomsel,Aplikasinya berat,aplikasi berat,0,1,0
playstore,telkomsel,semangkin banyak peminat Telkomsel semakin jelek layanan dan jaringan internet nya seluruh Indonesia. aku turunkan Bintang 5 ke bintang 🌟⭐ 2,semangkin minat telkomsel jelek layan jaring internet indonesia turun bintang bintang,2,1,1
playstore,telkomsel,aplikasi jelek kebanyakan bug,aplikasi jelek banyak bug,0,2,0
playstore,telkomsel,mantap promo nya,mantap promo,2,0,1
playstore,telkomsel,Terbaik,baik,1,0,1
playstore,telkomsel,pulsa internet 5 GB,pulsa internet gb,0,1,0
playstore,telkomsel,terkadang lemot,terkadang lot,1,1,0
playstore,telkomsel,kenapa eror trus si???,eror trus si,0,1,0
playstore,telkomsel,sampah jaringan nya,sampah jaring,1,1,0
playstore,telkomsel,Sangat baik..jaingannya ada dimana mana..akses internetnya lebih mudah,jaingannya mana akses internetnya mudah,2,0,1
playstore,telkomsel,telkomsel gak adil kuota aja pada mahal sinyal jelek operator nya gimana sih,telkomsel adil kuota mahal sinyal jelek operator gimana,0,3,0
playstore,telkomsel,mantap cho,mantap cho,1,0,1
playstore,telkomsel,memuasan.,muas,1,0,1
playstore,telkomsel,sangat mebantu buat cari paket,mebantu cari paket,1,1,0
playstore,telkomsel,paket data termahal tapi jaringan sering hilang.. bikin miskin dan emosi pake kartu Telkomsel,paket data mahal jaring hilang bikin miskin emosi pake kartu telkomsel,2,4,0
playstore,telkomsel,"Saya pengguna Telkomsel sudah lama dan ikut rolly juga aplikasi Telkomsel, sekarang ini. bonus rolly tidak bisa di gunakan dan saya hapus aplikasinya parahnya aplikasi Telkomsel saya beli quota pakai pulsa dan stamp juga tidak bisa ambil bonus, apakah perlu aplikasi Telkomsel saya hapus juga di HP saya",guna telkomsel rolly aplikasi telkomsel bonus rolly hapus aplikasi parah aplikasi telkomsel beli quota pakai pulsa stamp ambil bonus aplikasi telkomsel hapus hp,3,9,0
playstore,telkomsel,sangat Bagus👍😊😊,bagus,1,0,1
playstore,telkomsel,"tolong perbaiki jaringannya, padahal awalnya lancar lancar aja tapi dipertengahan langsung ngelag beberapa detik, habis itu lancar lagi dan itu sangat mengganggu sekali.",tolong baik jaring lancar lancar tengah langsung lambat detik habis lancar ganggu,7,2,1
playstore,telkomsel,"lemot bgt, lama refresh",lot refresh,1,1,0
playstore,telkomsel,sinyal lu belakangan ini jelek sekali padahal kuota baru beli dan masih banyak,sinyal jelek kuota beli,0,2,0
playstore,telkomsel,aplikasi tersampah di dunia burik,aplikasi sampah dunia burik,0,2,0
playstore,telkomsel,Makin lama paket internet makin melangit mahal pooolll trs Aplikasi nya TDK Bekerja dengan baik tiap habis isi pulsa tidak langsung masuk ke aplikasi Tambah lama tambah parahh,paket internet langit mahal pooolll aplikasi tdk habis isi pulsa langsung masuk aplikasi parahh,2,5,0
playstore,telkomsel,Telkomsel semakin top,telkomsel top,1,0,1
playstore,telkomsel,"aplikasi sampah, kebanyakan nge bug. silahkan periksa koneksi internet anda dan ulangi setelah 1 menit, dan hasil tetap sama. CS tidak memberikan solusi",aplikasi sampah banyak nge bug silah periksa koneksi internet ulang menit hasil cs solusi,3,3,0
playstore,telkomsel,"BOT semua pelayanannya, dan Pengaduan semua jawaban kurang relevan dan penanganan lambat. Terutama Migrasi SimCard ke eSIM malah jadi tidak ada layanan.",bot layan adu relevan tangan lambat migrasi simcard esim layan,1,3,0
playstore,telkomsel,"jelek bgt , rugi gw masa beli 4 gb habis dalam 2 jam 39 menit karna alasan auto update aplikasi kata salesnya padahal ga pernah aktivkan auto update",jelek rugi beli gb habis jam menit alas auto update aplikasi salesnya aktivkan auto update,0,3,0
playstore,telkomsel,yess good,yess good,1,0,1
playstore,telkomsel,"ini kenapa ya sinyal jelek sekali, udah lebih 2 bulan ga jelas sekali sinyal, buka tiktok tiba"" ilang ga ada sinyal, padahal biasanya koneksinya aman-aman aja, main game juga ga bisa karena ga ada sinyal. kuota mahal tapi koneksi ga bisa teratur.",sinyal jelek sinyal buka tiktok ilang sinyal koneksi aman aman main game sinyal kuota mahal koneksi atur,1,4,0
playstore,telkomsel,hai telkomse..,hai telkomse,1,0,1
playstore,telkomsel,"Kuota mahal, sinyal susah",kuota mahal sinyal susah,0,3,0
playstore,telkomsel,Telkomsel di daera saya makin parah gak kayak dulu.,telkomsel daera parah kayak,0,2,0
playstore,telkomsel,kenapa sisa paket bersifat hangus. itu kan milik kita.,sisa paket sifat hangus milik,2,2,0
playstore,telkomsel,"Bagus kalau banyak promonya, apalagi kalau harganya dimurahin.",bagus promonya harga dimurahin,2,0,1
playstore,telkomsel,"Paket internet terlalu mahal, jaringan tidak stabil",paket internet mahal jaring stabil,3,1,1
playstore,telkomsel,"Sangat buruk/tidak bagus jaringan,dan satu hal lagi paling aneh dari Telkomsel yaitu memaksa masuk haru menggunakan hallo padahal tidak ada saya kasih ijin supaya kartu saya beralih ke hallo,maksud dan tujuan Telkomsel ya apa coba",buruk bagus jaring aneh telkomsel paksa masuk haru hallo kasih ijin kartu alih hallo maksud tuju telkomsel coba,4,3,1
playstore,telkomsel,"makin kesini makin parah, harga doang mahal, kualitas nol, sering banget lemotttttttl, tiba tiba nge lag parah sampe hilang sinyal, lagi sibuk dan butuh²nya internet malah gabisa dipake, trouble lah apalah, sekali lemot lemot smua",kesini parah harga doang mahal kualitas nol lemotttttttl nge lag parah sampe hilang sinyal sibuk butuh internet gabisa dipake trouble apa lot lot smua,2,9,0
playstore,telkomsel,good👏🏻,good,1,0,1
playstore,telkomsel,"mau masuk aplikasi kok bolak balik gak bisa... dan terjadi lagi....sinyal lemot, harga paketan mahal, gak lagi-lagi pake telkomsel untk paket data",masuk aplikasi bolak sinyal lot harga paket mahal pake telkomsel untk paket data,3,5,0
playstore,telkomsel,"halo Admin tolong di perbaiki Masalah pada saat nonton story Wa , download gambar, lihat video FB , agak lemot muter "" padahal jaringan bagus ""TOLONG DI PERBAIKI "" SEKELAS TELKOMSEL LO INI..",halo admin tolong baik nonton story wa download gambar lihat video fb lot muter jaring bagus tolong baik kelas telkomsel,6,2,1
playstore,telkomsel,jaringannya di daerah bekasi masih lemot min,jaring daerah bekas lot min,1,1,0
playstore,telkomsel,sangat berguna,guna,1,0,1
playstore,telkomsel,"pembayaran pakai link aja masih ribet, tidak seperti pembayaran pakai saldo pulsa yang mudah dan gampang! moga ke depanya bisa di mudahan untuk pembayaran dengan menggunakan apl link aja.",bayar pakai link ribet bayar pakai saldo pulsa mudah gampang moga depa mudah bayar apl link,4,2,1
playstore,telkomsel,tolong paket nya naik terus udah harga segitu aja jadi miskin saya,tolong paket harga segitu miskin,2,2,0
playstore,telkomsel,"paket combo sakti saya kenapa ngk bsa d Beli,😡",paket combo sakti ngk bsa d beli,1,0,1
playstore,telkomsel,kenapa pas beli kauta tiba tiba jadi kauta darurat padah beli yg 25rb di aplikasi tolong di perbaiki,pas beli kauta kauta darurat padah beli rb aplikasi tolong baik,2,1,1
playstore,telkomsel,"gak tau akhir² ini Telkomsel gak bisa di pakai main game, lag terus bikin ranting menurun, kalok masih seperti ini gw yg udah pelanggan Telkomsel dari lama pindah aja",tau telkomsel pakai main game lag bikin ranting turun kalok langgan telkomsel pindah,2,1,1
playstore,telkomsel,harga mahal jaringan jelek,harga mahal jaring jelek,2,2,0
playstore,telkomsel,"tolong dong diperbaiki jaringannya lelet banget capek tiap hari bikin laporan,lagi enak nonton malah ngelag",tolong baik jaring lelet capek bikin lapor enak nonton lambat,3,3,0
playstore,telkomsel,"telkomsel jaringan terlemot pantesan kuota tiap bulan ga habis2... padahal sudah 5G tapi lemotnya parah !!! lokasi, Cimahi !!!",telkomsel jaring lot pantesan kuota habis lot parah lokasi cimahi,1,5,0
playstore,telkomsel,"aplikasi aneh orang mau beli paket ga bisa terus, lemot lah gangguan lah",aplikasi aneh orang beli paket lot ganggu,1,3,0
playstore,telkomsel,masa aktif nya cepet bgt abis,aktif cepet abis,1,0,1
playstore,telkomsel,"isi nomor yang mana yg terisi yg mana kalau bikin aplikasi yang benar, sudah bener tampilan aplikasi yg tahun lalu dirubah2 malah jadi error susah buat cek satu2",isi nomor isi bikin aplikasi bener tampil aplikasi rubah error susah cek,0,5,0
playstore,telkomsel,"Aplikasi nya berat banget, data internet murah, dupake game nge lag. ampun makin lama keyakinan saya akan terbukti rating kalian akan semakin jatuh dan suatu saat akan di tinggalkan pelanggan setia. karena kalian peras dan manfaatkan pelanggan setia bukannya memanjakan dengan paket yg bikin mereka betah",aplikasi berat data internet murah dupake game nge lag ampun yakin bukti rating jatuh tinggal langgan setia peras manfaat langgan setia manja paket bikin betah,7,5,1
playstore,telkomsel,"bukan nya membaik malah memburuk, ni jaringan ilang 1 harian, kaga ada kompensasi gitu? gila dah beli paket mahal, masa aktif dah gak 30 hari, di ilang ilangin lagi jaringan nya, kekikiran",baik buruk ni jaring ilang hari kaga kompensasi gitu gila dah beli paket mahal aktif dah ilang ilangin jaring kikir,5,6,0
playstore,telkomsel,aplikasi busuk sampah,aplikasi busuk sampah,0,3,0
playstore,telkomsel,"buat beli paket data sulit sekali.. munyer"" terus",beli paket data sulit munyer,1,2,0
playstore,telkomsel,gak bisa masuk,masuk,0,1,0
playstore,telkomsel,makin kesini makin mahel aja...dulu 100k udah dapet paling ga 80 gb...skrg harganya mahel bgt.make dari namanya masih kartu as skrg jd simpati tp ttp aja mahel bgt.,kesini mahel k dapet gb skrg harga mahel make nama kartu as skrg simpati ttp mahel,2,0,1
playstore,telkomsel,sampai kena runtime exception saking lambatnya,kena runtime exception saking lambat,0,2,0
playstore,telkomsel,sip ok,sip ok,2,0,1
playstore,telkomsel,kuota semakin mahal,kuota mahal,0,2,0
playstore,telkomsel,"indihome penanganan lambatt, katanya maksimal 1x 36jam sudah bisa dipake lagi,ternyata ngga",indihome tangan lambatt maksimal x jam dipake ngga,2,1,1
playstore,telkomsel,"aplikasi burik, mau beli paket malah loading terus",aplikasi burik beli paket loading,1,1,0
playstore,telkomsel,Kasih bintang 1 Paling males pakai Telkomsel seperti ini jaringan doang bagus 4g sinyal Lemot riset 10x sama saja kualitas kurang baik,kasih bintang males pakai telkomsel jaring doang bagus sinyal lot riset x kualitas,3,2,1
playstore,telkomsel,"sinyal penuh tapi jaringan tidak ada, kacau",sinyal penuh jaring kacau,1,0,1
playstore,telkomsel,simpati makin lemot sekarang,simpati lot,0,1,0
playstore,telkomsel,agak nge lag kalo masuk aplikasi nya,nge lag masuk aplikasi,0,2,0
playstore,telkomsel,aplikasi apaan ini? nunggu dari pagi ampe siang aplikasi ngeleg mulu ga bisa isi kuota mana aplikasi berat lagi pas ngeleg mau pake wufi atau hotspot pas masuk ke aplikasi langsung ngeleg,aplikasi nunggu pagi ampe siang aplikasi lambat mulu isi kuota aplikasi berat pas lambat pake wufi hotspot pas masuk aplikasi langsung lambat,4,9,0
playstore,telkomsel,gabgguan apa gimana ya? ga bisa di akses. tolong jawaban nya,gabgguan gimana akses tolong,1,0,1
playstore,telkomsel,beli paket mahal2 jaringan lelet banget.,beli paket mahal jaring lelet,2,2,0
playstore,telkomsel,mempermudah pembelian kuota,mudah beli kuota,1,1,0
playstore,telkomsel,baikk dan terjamin murah,baikk jamin murah,1,1,0
playstore,telkomsel,"mau isi paket via pulsa saat masuk Mu metode pembayaran malah gak bisa, nanya ke CS gak ada kejelasan sama sekali, sampai saat saya cuma bisa ngisi paket via voucher",isi paket via pulsa masuk mu metode bayar nanya cs jelas ngisi paket via voucher,3,4,0
playstore,telkomsel,Tidak bisa membeli paket . asalan cek internet anda kembali . padahal udah pake wifi . makin kesini makin kesana telkomsel 🗿,beli paket asal cek internet pake wifi kesini kesana telkomsel,1,1,0
playstore,telkomsel,Telkomsel sangat Luas jaringan nya banyak bonus nya,telkomsel luas jaring bonus,3,0,1
playstore,telkomsel,kuota mahal tapi jaringan jelek😡,kuota mahal jaring jelek,1,3,0
playstore,telkomsel,hari ini lagi lag atau apa Cok benerin wok jaringan nya,lag cok baik wok jaring,2,0,1
playstore,telkomsel,Makin kesini makin lemot jaringannya🥹🥹🥹🥹 Saya pakai kartu Telkomsel dari THN 2009 tapi akhir² ini quota makin mahal & jaringannya lemot sekali,kesini lot jaring pakai kartu telkomsel thn quota mahal jaring lot,2,3,0
playstore,telkomsel,"cok deh,,, Lemotnya kayak siput mati",cok lot kayak siput mati,0,3,0
playstore,telkomsel,larang lemot,larang lot,0,2,0
playstore,telkomsel,"sinyal jadi lambat, hubungin CS LAMA! terus aja bot dan bot gada perubahan. kuota mahal tapi sinyal lama ampas bangett! CS AGEN ga guna sama sekali",sinyal lambat hubungin cs bot bot gada ubah kuota mahal sinyal ampas bangett cs agen,0,8,0
playstore,telkomsel,ini kenapa PAKET makin mahal banget siiih!!!! masa sebelum isi ulang ada paket 35rb.. nambah pulsa krna kurang 4rb terus yg paket 35rb ilang!!! masa penawaran berubah jadi 40rb+ !!! 🤬,paket mahal siiih isi ulang paket rb nambah pulsa krna rb paket rb ilang tawar ubah rb,3,4,0
playstore,telkomsel,untuk login tidak bisa ini kenapa ya? tolong admin kasi solusi,login tolong admin kasi solusi,1,1,0
playstore,telkomsel,"seringg banget nge buggg, susaaah banget login parah",seringg nge buggg susaaah login parah,0,1,0
playstore,telkomsel,"Mau tanya kenapa di App saya Ada indihome, padahal saya gak pernah daftar dan ada tagihan lagi.. gimna ini tanggung jawabnya dari pihak telkomsel",app indihome daftar tagih gimna tanggung telkomsel,0,2,0
playstore,telkomsel,Klo bisa promonya lebih murah,promonya murah,1,0,1
playstore,telkomsel,"ini knpa sih apk nya ngebag apa gimna sih rusak engk bisa di pake yah.?. aku selama ini pake apk yg lain aman"" ajh. aneh bikin sebel ajh",knpa apk ngebag gimna rusak engk pake yah pake apk aman ajh aneh bikin sebel ajh,0,1,0
playstore,telkomsel,apk ada tulisan reaktivasi akun di klik halaman tidak ditemukan...buka blokir juga sama aja...jadi apa gunanya...,apk tulis reaktivasi akun klik halaman temu buka blokir guna,2,1,1
playstore,telkomsel,kenapa suka susah Klo beli pake wifi,suka susah beli pake wifi,0,1,0
playstore,telkomsel,"Telkomsel, udah mah paket internet nya mahal...jaringan nya lelet suka tiba tiba ilang padahal bukan di tempat terpencil. nanti kalo kita ngeluh jaringan lelet, jawaban nya nyuruh kita cari tempat yg jaringan nya lebih bagus. padahal itu kan urusan nya dia sebagai penyedia layanan",telkomsel mah paket internet mahal jaring lelet suka ilang pencil ngeluh jaring lelet nyuruh cari jaring bagus urus sedia layan,6,7,0
playstore,telkomsel,saya mau beli Kouta malah error Mulu padahal jaringan lagi bagus,beli kuota error mulu jaring bagus,2,2,0
playstore,telkomsel,banyak bgt eror nya,eror,0,1,0
playstore,telkomsel,"bagusss cuman agak mines di Koutanya klo kita pindah"" daerah dari yang kota trus kita pindah ke kampung misal kita dari pulau lombok trus harganya 50k itu yang semulanya 24gb pas pindah ke pulau Sumbawa harganya ttp sama 50k tpi Koutanya menurun jadi 16gb klo bisa di kembalikan dari yang 16gb itu jadi 24gb kembali",bagusss cuman mes koutanya pindah daerah kota trus pindah kampung pulau lombok trus harga k mula gb pas pindah pulau sumbawa harga ttp k tpi koutanya turun gb kembali gb gb,3,2,1
playstore,telkomsel,"tolonglah perbaiki aplikasinya karena notifikasi ""anda tidak terhubung ke internet"" sering muncul terus dan sangat mengganggu sekali, apk ini sering muncul notifikasi muat ulang padahal data internet sudah nyala, tolong perbaiki",tolong baik aplikasi notifikasi hubung internet muncul ganggu apk muncul notifikasi muat ulang data internet nyala tolong baik,2,3,0
playstore,telkomsel,paket murah meriah,paket murah riah,3,0,1
playstore,telkomsel,tadi aku beli paket data trouble terus Lalu tiba- tiba pulsa ku kepotong 5 ribu padahal saldonya tadi cukup buat beli paket datanya tapi pas mau proses tiba tiba gagal lagi akhirnya kepotong lg terus akhirnya Jadi gak bisa beli tolong jangan kek gini dong Telkomsel benahin itu aplikasinya jangan sampe ngerugiin konsumen. kalau gini terus jadi males pake provider telkom.,beli paket data trouble pulsa ku potong ribu saldo beli paket data pas proses gagal potong lg beli tolong kek gin telkomsel benahin aplikasi sampe ngerugiin konsumen gin males pake provider telkom,5,8,0
playstore,telkomsel,"telkomsel makin lama makin jelek aja,,,dah paket mahal jaringan nya tambah jelek",telkomsel jelek dah paket mahal jaring jelek,2,4,0
playstore,telkomsel,"amplikasinya susah , login gk bisa masuk, eror mulu,",amplikasinya susah login masuk eror mulu,0,3,0
playstore,telkomsel,terbaik lahh,baik lahh,1,0,1
playstore,telkomsel,byr kartu halo di BNI gk bagus kelamaan loadingnya,byr kartu halo bni bagus loadingnya,2,0,1
playstore,telkomsel,"Ini app maunya apa sih!? udahlah skrg makin kikir, tapi app-nya masih sering bikin emosi. Heran ngga ada berbenahnya sedikitpun! dasar provider kikir!",app mau udahlah skrg kikir app bikin emosi heran ngga benah sedikit dasar provider kikir,2,2,0
playstore,telkomsel,"Paket udah mahal jaringan jelek, bahkan jadi E , Harga tidak sesuai sama apa yg pelanggan dapatkan, HARUSNYA JIKA DI SUATU ZONA TERJADI HILANG JARINGAN, KALIAN ITU HARUS MEMBERIKAN KOMPENSASI ATAU MENGGANTI KERUGIAN DARI KUOTA YANG HANGUS KARNA TIDAK BISA DIPAKAI, KALAU BEGINI ORANG DIRUGIKAN KALIKAN SAJA BERAPA ORANG YANG TERDAMPAK ? PALING NANTI JUGA DI BALALS PARA CS DENGAN KATA ""MAAF BLABLA"" JAWABAN COPAS KALIAN YANG TIDAK BERGUNA",paket mahal jaring jelek e harga sesuai langgan dapat zona hilang jaring kompensasi ganti rugi kuota hangus pakai orang rugi kali orang dampak balals cs maaf blabla copas guna,7,8,0
playstore,telkomsel,Semakin hari semakin buruk,buruk,0,1,0
playstore,telkomsel,layanan sangat lemot perbaiki kinerja mitra yg gk sopan,layan lot baik kerja mitra sopan,2,1,1
playstore,telkomsel,"Tlg aplikasinya dibenerin min, saat kita buka aplikasinya loadingnya lama banget padahal internet nggak ada masalah",tlg aplikasi dibenerin min buka aplikasi loadingnya internet nggak,1,2,0
playstore,telkomsel,data pulsa sebelum nya hilang,data pulsa hilang,0,3,0
playstore,telkomsel,"saya beli kuota yang harga 100 ribu 45 GB tapi kepakai cuman 3 hari dan itu pun enggak 24 jam, jaringannya langsung jelek ❌ giliran masa aktifnya udah habis baru ada jaringannya korupsi",beli kuota harga ribu gb pakai cuman jam jaring langsung jelek gilir aktif habis jaring korupsi,4,3,1
playstore,telkomsel,"makin hari makin ngeleg aja hp di restart berapa kali pun tetep ngeleg suka hilang tiba"" main game bikin emosi kok tibatiba hilang gitu kalo gini muluh saya akan putuskan SAYA AKAN LAWANNNNNB!!!!!",lambat hp restart kali lambat suka hilang main game bikin emosi tibatiba hilang gitu gin muluh putus lawannnnnb,1,4,0
playstore,telkomsel,"tolong adakan paket internet besar harga rakyat 30 hri, makin hari makin mahal 😭",tolong adakan paket internet harga rakyat hri mahal,2,1,1
playstore,telkomsel,"susah untk membukanya pdhl zinyal full..bnyk muter""nya",susah untk buka pdhl zinyal full bnyk muter,0,1,0
playstore,telkomsel,good👍,good,1,0,1
playstore,telkomsel,makin parah aja signal nya makin lemot gak kaya dulu,parah signal lot kaya,0,2,0
playstore,telkomsel,Jaringan simpati LEMOT !!!,jaring simpati lot,1,1,0
playstore,telkomsel,mantap tapi makin kesini makin pada mahal aja ini paket internet,mantap kesini mahal paket internet,2,1,1
playstore,telkomsel,paketnya mahal dan banyak pilihan membingungkan,paket mahal pilih bingung,1,2,0
playstore,telkomsel,harganya pada naik semua Telkomsel,harga telkomsel,1,0,1
playstore,telkomsel,"KESALAHAN SISTEM TERUS, TIDAK BISA DI MUAT ULANG. DICOBA LAGI, KESALAHAN SISTEM LAGI. KALIAN INI KERJA APA YA? APLIKASI BOTOL BEGINI DI RILIS KE PUBLIK.",salah sistem muat ulang coba salah sistem kerja aplikasi botol rilis publik,2,5,0
playstore,telkomsel,"aplikasi sampah, gua dari SMA sampe sekarang kerja itu pake telkomsel terus ga pernah tuh dari aplikasi ada notifikasi kalau kuota mau habis, jadi percuma dong ada aplikasi MYTELKOMSEL Sampah ini ? sayang banget kan kalau ada sisa pulsa terus kesedot mana paket mahal mahal lagi ga ngotak",aplikasi sampah gua sma sampe kerja pake telkomsel tuh aplikasi notifikasi kuota habis aplikasi mytelkomsel sampah sayang sisa pulsa sedot paket mahal mahal ngotak,2,12,0
playstore,telkomsel,telkomsel memang bagus,telkomsel bagus,1,0,1
playstore,telkomsel,GX pernah jelas padahal paling mahal,gx mahal,0,1,0
playstore,telkomsel,"kuota gamesmax dikorupsi, berbicara dengan costumer servis malah disuruh beli paket lagi, alasannya kuota gamesmax tidak dapat digunakan untuk login MLBB, saat sudah login menggunakan kuota INDOSAT bisa dan diganti ke kuota gamesmax Telkomsel malah loding dan tidak dapat melakukan aktivitas apapun di MLBB harga kuota hanya Rp.5000 tetapi hanya terpakai 20mb sangat tidak masuk akal",kuota gamesmax korupsi bicara costumer servis suruh beli paket alas kuota gamesmax login mlbb login kuota indosat ganti kuota gamesmax telkomsel loding aktivitas apa mlbb harga kuota rp pakai mb masuk akal,3,9,0
playstore,telkomsel,server sering down,server down,0,1,0
playstore,telkomsel,"sangat buruk, mau beli paket loading nya lama sekali. dan tidak user friendly",buruk beli paket loading user friendly,1,1,0
playstore,telkomsel,sering error,error,0,1,0
playstore,telkomsel,"payah ,gangguan terus , isi saldo gak masuk2,",payah ganggu isi saldo masuk,1,3,0
playstore,telkomsel,"Alhamdulillah Semoga tambah maju dan amanah, dari dulu sampai sekarang masih setia dengan Telkomsel.",alhamdulillah moga maju amanah setia telkomsel,3,1,1
playstore,telkomsel,susah untuk login pertama x,susah login x,0,1,0
playstore,telkomsel,jaringan kurang memuaskan,jaring muas,2,0,1
playstore,telkomsel,iklan nggak sesuai harga...,iklan nggak sesuai harga,2,0,1
playstore,telkomsel,"Telkomsel selular paling ternama indonesia , tp knp giliran PLN mati listrik jaringan juga ikut mati. modal energi donk jangan ngandelin PLN",telkomsel selular nama indonesia knp gilir pln mati listrik jaring mati modal energi donk ngandelin pln,2,2,0
playstore,telkomsel,"di SMS terus suruh bayar Telkomsel prasca bayar, tapi mau di bayar ga bisa terus , error lah, ini lah, itu lah. suruh nunggu terus beberapa saat, tetep gak bisa",sms suruh bayar telkomsel prasca bayar bayar error suruh nunggu,1,3,0
playstore,telkomsel,ok lah,ok,1,0,1
playstore,telkomsel,kenapa ya lemot sekali app nya,lot app,0,1,0
playstore,telkomsel,Kalender kalian sekarang mentok di 28 hari saja ya?,kalender mentok,0,1,0
playstore,telkomsel,kemahalan paket pakenya waktu habis pake juga hangus bisa di perbaiki untuk masyarakat banyak,mahal paket pakenya habis pake hangus baik masyarakat,2,2,0
playstore,telkomsel,Makin lama Kartu Makin Mahal Paketnya,kartu mahal paket,1,1,0
playstore,telkomsel,nanti saya update bintangnya klo paketnya sudah murah..,update bintang paket murah,2,0,1
playstore,telkomsel,"pelayanan terlamban dan terjelek ,nomer terblokir dan sudah di reg kembali dan berhasil reg tapi tetap ke blokir nge hubungi cs malah berbelat belit ga ada solusi 👎👎👎👎",layan lamban jelek nomer blokir reg hasil reg blokir nge hubung cs belat belit solusi,2,4,0
playstore,telkomsel,"makin hari makin mahal aja paketan lu, baru beli kemaren besoknya dah ilang. mana ga ada yang terjangkau pula harganya. pilihan macam apa itu, rugi dong!",mahal paket beli kemaren besok dah ilang jangkau harga pilih rugi,2,5,0
playstore,telkomsel,"kualitas tempe, jaringan di kota macam di hutan👎🏿",kualitas tempe jaring kota hutan,3,1,1
playstore,telkomsel,"mahal ente,benerin sinyal ente ,telkomsel",mahal ente baik sinyal ente telkomsel,1,1,0
playstore,telkomsel,super bagus,super bagus,1,0,1
playstore,telkomsel,"Paketan mahal , Sinyal Hmmm.. Parahh pdhl dah 5G -_-",paket mahal sinyal hmmm parahh pdhl dah,1,2,0
playstore,telkomsel,semakin lama semakin parah telkomsel jaringan semakin buruk.,parah telkomsel jaring buruk,1,2,0
playstore,telkomsel,"jelek banyak ribet nya kaya apk abal"" jelek pokok nya banya error",jelek ribet kaya apk abal jelek pokok banya error,0,4,0
playstore,telkomsel,"Paket makin mahal terus, sisa kuota malah angus, kualitas jaringan masih sering gangguan",paket mahal sisa kuota angus kualitas jaring ganggu,3,4,0
playstore,telkomsel,sangat puas saya,puas,1,0,1
playstore,telkomsel,"apa jaringan emng gak bisa bagus lagi yah tuan admin capek nungguin terus loading nya lama banget harga paket makin hoki, giliran jaringan malah lowbat alias lelet di usahakan lah jaringan nya di bagusin pada kecewa nih kek Nya pecinta Telkomsel",jaring emng bagus yah tuan admin capek nungguin loading harga paket hoki gilir jaring lowbat alias lelet usaha jaring bagusin kecewa kek cinta telkomsel,6,3,1
playstore,telkomsel,sangat membantu dan kalau bisa lebih murah paketan nya apalagi seorang pelajar seperti saya,bantu murah paket ajar,2,0,1
playstore,telkomsel,sangat menyesal pake operator telkomsel...sekarang paket semakin mahal..tapi jaringan semakin lemot...dari dulu telkomsel paketnya paling mahal tapi jaringanya setabil...sekarang paling lelet dam mahal,sesal pake operator telkomsel paket mahal jaring lot telkomsel paket mahal jaringanya setabil lelet dam mahal,3,6,0
playstore,telkomsel,kenapa gk bisa login dah kocak bet,login dah kocak bet,0,2,0
playstore,telkomsel,"beli paketan mahal, tapi kualitas murah tutup aja. mending pakai indosat",beli paket mahal kualitas murah tutup mending pakai indosat,4,2,1
playstore,telkomsel,"mau tukar poin untuk dapat kuota gratis tapi malah dibilang poin nya kurang, padahal butuh 3000 poin sementara poin saya ada 9.000 lebih , saat diulang malah tidak bisa diproses, jadi sekarang selain harga kuota yang makin nggak masuk akal ikutan nipu pelanggan juga yah, makin bobrok aja",tukar poin kuota gratis bilang poin butuh poin poin ulang proses harga kuota nggak masuk akal ikut nipu langgan yah bobrok,8,6,1
playstore,telkomsel,"poin telkomsel yang saya tukarkan ke salah satu program Ekstra Gembira di aplikasi dinyatakan sudah diklaim tapi hadiah penukaran tidak masuk dan di sms 777 menyatakan saya bukan pelanggan yang memenuhi syarat namun di aplikasi menyatakan saya memenuhi syarat, bukan masalah nominal dan hadiahnya tapi saya sudah lapor CS namun hasilnya nihil dan saya dibawa ke link yang rusak",poin telkomsel tukar salah program ekstra gembira aplikasi nyata klaim hadiah tukar masuk sms langgan penuh syarat aplikasi penuh syarat nominal hadiah lapor cs hasil nihil bawa link rusak,7,5,1
playstore,telkomsel,udah beli kuota mahal mahal tapi gak masuk apaan bahkan CS nya di hubungi malah Ngilang bales lah chat costumer udah bayar malah kuotanya gak masuk,beli kuota mahal mahal masuk cs hubung ngilang bales chat costumer bayar kuota masuk,1,8,0
playstore,telkomsel,jaringan lelet banget,jaring lelet,1,1,0
playstore,telkomsel,sangat puas sayangnya jaringan ditempat saya yg susah,puas sayang jaring tempat susah,2,2,0
playstore,telkomsel,Aplikasinya lemot banget😭,aplikasi lot,0,2,0
playstore,telkomsel,jelek,jelek,0,1,0
playstore,telkomsel,kenapa Telkomsel sering ganguan jaringan padahal dari semua kartu paket internet Telkomsel paling mahal aku pelanggan setia Telkomsel selalu mendapatkan jaringan buruk padahal.. ayo kembalikan jaringan Telkomsel 10 tahun yang lalu yang selalu no 1 jaringan paling bagus.. tolong perhatikan perawatan towernya..,telkomsel ganguan jaring kartu paket internet telkomsel mahal langgan setia telkomsel jaring buruk ayo kembali jaring telkomsel no jaring bagus tolong perhati awat towernya,9,3,1
playstore,telkomsel,sering NGELAG jaringan lelet,lambat jaring lelet,1,2,0
playstore,telkomsel,"Maaf sy pelanggan Telkomsel lumayan lama, kenapa akhir"" ini jaringan tidak stabil & semakin lama semakin lemot. sy sebagai pelanggan setia cukup kecewa, mahal kualitas jaringan buruk",maaf langgan telkomsel lumayan jaring stabil lot langgan setia kecewa mahal kualitas jaring buruk,7,5,1
playstore,telkomsel,"Sumpah dari kemaren kemaren belum ada tanggapan tentang sinyal matot nya.perbaikin lah, masa signal full tapi lag nya minta ampun",sumpah kemaren kemaren tanggap sinyal matot perbaikin signal full lag ampun,1,0,1
playstore,telkomsel,"data dari minggu kemari ga bisa di pake, gimana si ini pusat nya",data minggu kemari pake gimana si pusat,1,1,0
playstore,telkomsel,mantap pak aplikasi nya,mantap aplikasi,1,1,0
playstore,telkomsel,"aplikasinya sakit butuh ke dokter,, asli loading serasa masih dijaman batu 👎🏻👎🏻👎🏻 indihome lemothome",aplikasi sakit butuh dokter asli loading serasa jam batu indihome lemothome,1,3,0
playstore,telkomsel,"buffering parah min, jaringan 5g masih tetep buffering",buffering parah min jaring buffering,1,1,0
playstore,telkomsel,jaringan secepat kilat,jaring cepat kilat,2,0,1
playstore,telkomsel,woi knp sih skrg jaringan nya makin jelek paket mahal2 jaringan jelek gimana solusinya ini makin ngga puas make Telkomsel,woi knp skrg jaring jelek paket mahal jaring jelek gimana solusi ngga puas make telkomsel,5,4,1
playstore,telkomsel,"Semakin lama saya makin kecewa dengan Telkomsel. Dulu pelayanannya menurut saya bagus, tapi kenapa sekarang banyak paket internet yang hilang? Harga paket juga makin naik. Memang masih ada yang murah, tapi masa aktifnya hanya beberapa hari saja. Paket yang sering saya gunakan seperti Internet Sakti sekarang malah sudah tidak tersedia. Padahal paket itu cukup membantu dan cocok dipakai dalam jangka lama. Sebenarnya apa alasan paket-paket seperti itu dihilangkan? Semoga bisa dipertimbangkan kembal",kecewa telkomsel layan bagus paket internet hilang harga paket murah aktif paket internet sakti sedia paket bantu cocok pakai jangka alas paket paket hilang moga timbang kembal,12,3,1
playstore,telkomsel,"kalo hoki, jaringan bisa bagus seharian, kalo gak hoki, 2-3 hari jaringan jelekkk",hoki jaring bagus hari hoki jaring jelekkk,3,0,1
playstore,telkomsel,"jujur ya kami sudah penguna Telkomsel sdah 8 tahun lebih,,sangat kecewa dengan jaringan Telkomsel skrg ., sering lemot & hilang2 terus jaringan nya internet lambat & buruk . katanya Telkomsel internet nomor 1 di dunia . tolong buat staff manager Telkomsel terhormat perbaiki sistem kedepannya lebih baik dari sebelumnya.. terimakasih !!!!",jujur penguna telkomsel sdah kecewa jaring telkomsel skrg lot hilang jaring internet lambat buruk telkomsel internet nomor dunia tolong staff manager telkomsel hormat baik sistem depan terimakasih,4,6,0
playstore,telkomsel,"tolong banget ya buat Telkomsel, itu jaringannya nge lag parah. tolong dibenerin",tolong telkomsel jaring nge lag parah tolong dibenerin,1,1,0
playstore,telkomsel,"provider Telkomsel ini ,sinyal internet nya apa ada gangguan ya , sering sekali lemot , kasihan pengguna provider Telkomsel kalau sinyal internet nya tidak stabil dan sering lemot ,kuota beli tapi sinyal internet mengecewakan ,mohon di perbaiki.",provider telkomsel sinyal internet ganggu lot kasihan guna provider telkomsel sinyal internet stabil lot kuota beli sinyal internet kecewa mohon baik,3,5,0
playstore,telkomsel,makek udah lama gak ada perubahan sinyal jelek harga paket mahal,makek ubah sinyal jelek harga paket mahal,2,2,0
playstore,telkomsel,telkomsel jaringan nya jelek amat kouta padahal masih banyak apalagi di kasih hujan malah ga bisa muter buka vidio juga,telkomsel jaring jelek kuota kasih hujan muter buka vidio,1,2,0
playstore,telkomsel,buruk sekali csnyaa,buruk csnyaa,0,1,0
playstore,telkomsel,tambah mahal yak😔😔,mahal yak,0,1,0
playstore,telkomsel,aplikasi nya bagus,aplikasi bagus,1,1,0
playstore,telkomsel,"semakim sini semakin mahal, jaringan ga stabil, lemot di daerah kab. tangerang. mohon diperbaiki",semakim mahal jaring stabil lot daerah kab tangerang mohon baik,3,2,1
playstore,telkomsel,sinyal gak jelas tapi kuota harga mahal,sinyal kuota harga mahal,1,2,0
playstore,telkomsel,"semakin kesini.. semakin gajelas, udah masuk nya sekarang harus pakai internet, suka keluar"" sendiri, terus jaringan full tapi lambatkecewa saya",kesini gajelas masuk pakai internet suka jaring full lambatkecewa,1,1,0
playstore,telkomsel,minta paket geratis,paket gerat,1,0,1
playstore,telkomsel,mantul mantab betul dan terpercaya apk Telkomsel ini 👍,mantul mantab percaya apk telkomsel,2,0,1
playstore,telkomsel,kartu ampas,kartu ampas,0,1,0
playstore,telkomsel,"aplikasinya lemot, sama kaya singal nya, paket mahal2 coba diperbaiki kualitasnya.",aplikasi lot kaya singal paket mahal coba baik kualitas,3,3,0
playstore,telkomsel,"Mahal tapi signal jelek sekali , Customer service tidak ada solusi",mahal signal jelek customer service solusi,1,2,0
playstore,telkomsel,Paling banyak korupsi paket. kita sudah beli masih banyak sisa qwota malah habis krna masa berlaku. ampasss,korupsi paket beli sisa qwota habis krna laku ampasss,1,2,0
playstore,telkomsel,jaringan sering lemot boss,jaring lot boss,1,1,0
playstore,telkomsel,hadeh,hadeh,0,1,0
playstore,telkomsel,"layanan pada halaman utama jelek, bagusan yang lama",layan halaman utama jelek bagus,1,1,0
playstore,telkomsel,mau masuk aplikasi dan cek kuota aja sekarang susah,masuk aplikasi cek kuota susah,0,5,0
playstore,telkomsel,"aplikasi busuk, lemot, bikin hp berat, harga paket makin mahal",aplikasi busuk lot bikin hp berat harga paket mahal,2,4,0
playstore,telkomsel,menu ke bagian Indihome nya kenapa lemot banget,menu indihome lot,0,1,0
playstore,telkomsel,jaringan kontoll,jaring kontoll,1,0,1
playstore,telkomsel,semoga info selalu falid,moga info falid,1,1,0
playstore,telkomsel,"solusi bodohh jaringan jelek harus restart hp nya ,, provider lu nya aja kualitas nya jelekkkk",solusi bodohh jaring jelek restart hp provider kualitas jelekkkk,3,1,1
playstore,telkomsel,pengguna Telkomsel sudah 5thn Telkomsel kenapa makin kesini makin busuk ya paket internet makin mahal bukannya makin bagus ini malahan makin busuk. klo kaya gini mending ganti provider parah parah,guna telkomsel thn telkomsel kesini busuk paket internet mahal bagus busuk kaya gin mending ganti provider parah parah,4,5,0
playstore,telkomsel,"CS nya AI pas diminta ke manusia nunggunya kayak nunggu kiamat. Itu juga belum tentu direspon. Beli kuota rasa ga beli apa-apa. Kuota mahal tapi loadingnya parahnya minta ampun. Si veronika nyuruh refresh mulu, mah se refresh apa lagi coba???? Kan ga iya setiap 40 menit sekali di refresh, jadi tujuan orang beli kuota cuma untuk refresh gitu? saya komen disini karena dari app ny susah dihubungi, hanya sj vero mulu yang jawab!",cs ai pas manusia nunggunya kayak nunggu kiamat direspon beli kuota beli kuota mahal loadingnya parah ampun si veronika nyuruh refresh mulu mah refresh coba iya menit refresh tuju orang beli kuota refresh gitu komen app ny susah hubung sj vero mulu,7,9,0
playstore,telkomsel,sinyal jelek mulu dah heran,sinyal jelek mulu dah heran,0,2,0
playstore,telkomsel,lemot sekali setiap dibuka aplikasinya,lot buka aplikasi,0,2,0
playstore,telkomsel,kuota mahal sinyal burik..,kuota mahal sinyal burik,0,2,0
playstore,telkomsel,Mantap,mantap,1,0,1
playstore,telkomsel,"APLIKASI BUOSOK, ISINYA DIKIT TAPI NGELAG NYA LAMA BANGET, Loading terus, minimal upgrade sistem, cuman bikin kecewa pengguna aja cuih",aplikasi buosok isi dikit lambat loading minimal upgrade sistem cuman bikin kecewa guna cuih,1,6,0
playstore,telkomsel,"apknya nge lag, pdhal jaringan ,hp bagus, loadingnya lama bgt jir, kadang juga di pencet tulisannya eror trus",apknya nge lag pdhal jaring hp bagus loadingnya jir kadang pencet tulis eror trus,3,4,0
playstore,telkomsel,"memang pantas dapat bintang 1, sinyal nya kadang mudah kadang sulit",bintang sinyal kadang mudah kadang sulit,3,1,1
playstore,telkomsel,"kenapa pulsaku tersedot tanpa pemakaian jelas.1110 terpakai tanpa kejelasan..korup,sinyal jelek..tidak lagi pakai telkomsel lagi..habis data langsung buang..maling pulsa.fiturmu jelek semua,film gak mutu..tempatku telkomsel sinyal 2..gak usah sombong jaringan kuat padahal super lemot..",pulsa sedot pakai pakai jelas korup sinyal jelek pakai telkomsel habis data langsung buang maling pulsa fiturmu jelek film mutu tempat telkomsel sinyal sombong jaring kuat super lot,3,11,0
playstore,telkomsel,bagus banget jaringan nya tidak ngelag sama sekali dan bikin saya puas sama murah meriah,bagus jaring lambat bikin puas murah riah,5,1,1
playstore,telkomsel,"paketan makin mahal, masa aktifnya dikurangi, sinyal pun makin jelek, makin hari makin ga jelas ini Telkomsel",paket mahal aktif rang sinyal jelek telkomsel,1,3,0
playstore,telkomsel,mau beli pulsa aja di persulit buat login,beli pulsa sulit login,0,2,0
playstore,telkomsel,"ampun ini jaringan makin hari makin lemot, kerjaan jadi telat sumpah kesel banget",ampun jaring lot kerja telat sumpah kesel,2,3,0
playstore,telkomsel,Telkomsel oot jaringan satelit di hutan kali dikit dikit nge lag,telkomsel oot jaring satelit hutan kali dikit dikit nge lag,2,3,0
playstore,xl,ilang ilang heh,ilang ilang heh,0,2,0
playstore,xl,ini xl ada apa sih lelet banget. pindah kartu lain ajah ah yg lebih lancar jaringannya,xl lelet pindah kartu ajah ah lancar jaring,2,1,1
playstore,xl,"WOYY XL PERBAIKI SINYALLL LUU, XL PRIORITAS TAPI SINYAL AMPASSSS",woyy xl baik sinyalll luu xl prioritas sinyal ampassss,1,0,1
playstore,xl,"mahal semua, jaringan putus², beli paket yg 14 gb malah di kasih 9gb.",mahal jaring putus beli paket gb kasih gb,2,1,1
playstore,xl,"Paket 5G Quota masih banyak dan masih aktif,kenapa tidak ada sinyal sambungan internetnya?nggak ada pemberitahuan juga?",paket quota aktif sinyal sambung internetnya nggak pemberitahuan,1,2,0
playstore,xl,"apalah Kartu XL ini sinyal kadang ilang² sendiri, skrg update juga malah kuota makin mahal dan nge lag nya lebih parah pas main game gabisa gerak , kecewa",apa kartu xl sinyal kadang ilang skrg update kuota mahal nge lag parah pas main game gabisa gerak kecewa,3,6,0
playstore,xl,butut,butut,0,1,0
playstore,xl,"Aplikasi KOPLAK, LEMMMMMMMMOT... sayang TIDAK ADA bintang 1/4 itu nilai yg PAS, XL BELKOT, MAKIN PARAH KAU, nunggu paket habis, setelah itu by.. by.. by XL",aplikasi koplak lemmmmmmmmot sayang bintang nilai pas xl belkot parah kau nunggu paket habis by by by xl,4,2,1
playstore,xl,gimana sih XL padahal pake prioritas masih aja sinyal hilang timbul saat mati lampu tapi sinyal kayak Telkomsel dll gak mati tolong di perbaiki please,gimana xl pake prioritas sinyal hilang timbul mati lampu sinyal kayak telkomsel dll mati tolong baik please,2,6,0
playstore,xl,mantap GK ribet.sangat memuaskan,mantap ribet muas,2,1,1
playstore,xl,sinyal nya susah kenapa iniii,sinyal susah iniii,0,1,0
playstore,xl,XL sinyal kentut,xl sinyal kentut,0,1,0
playstore,xl,sinyal telat telatan aja sangat buruk,sinyal telat telat buruk,0,3,0
playstore,xl,tidak bisa beli paket yang ada di menu sangat mengecewakan tolong segera di perbaiki,beli paket menu kecewa tolong baik,2,1,1
playstore,xl,beli paketan mahal jaringan susah,beli paket mahal jaring susah,2,2,0
playstore,xl,"signal jelek, gak stabil rugi kuota",signal jelek stabil rugi kuota,1,3,0
playstore,xl,"ko jaringannya jadi jelek gini sih min, parah makin hari makin jadi, tolong perbaiki jaringannya nanti saya kasih bintang 5",ko jaring jelek gin min parah tolong baik jaring kasih bintang,3,2,1
playstore,xl,"call center gak berfungsi sama sekali... waktu jadi firstmedia layanan bagus.. semenjak jadi xl turun drastis.... aslii, dpt aplikasinya di call center gak bisa.. bikin aduan pas waktu cetak tiket jd troubleshoot.... payah bangett... kalo ada bintang minus 5 tak pilih... dah berbulan2 kayak gini",call center fungsi firstmedia layan bagus semenjak xl turun drastis asli dpt aplikasi call center bikin adu pas cetak tiket troubleshoot payah bangett bintang minus pilih dah bulan kayak gin,3,9,0
playstore,xl,najisssss sinyal nya jelek parah.bulan besok gw ganti pake simpati.xl najiss,najisssss sinyal jelek parah besok ganti pake simpati xl najiss,0,2,0
playstore,xl,"provider jelek, hari hari ilang jaringan",provider jelek ilang jaring,1,2,0
playstore,xl,"Ini kenapa Bonus kuota XL circle ku gak bisa diambil katanya error mulu,udah 2 kali kejadian kayak gini lagi masa gak di perbaiki ,rugi banget ini mah gak bisa ngambil, pasti ada aja error nya ini apk ,udah susah susah menuhin XL circle nya biar dapet bonus 5GB malah gak bisa diambil , tolong dong segera di perbaiki masa pengguna nya di buat rugi mulu , tolong perhatian nya Terimakasih🙏🙏",bonus kuota xl circle ku ambil error mulu kali jadi kayak gin baik rugi mah ngambil error apk susah susah menuhin xl circle biar dapet bonus gb ambil tolong baik guna rugi mulu tolong perhati terimakasih,7,10,0
playstore,xl,najis apknya mau bka apk nya malh muter trus geleh. sinyal ilang ilangn trus gmau pke kartu ini lgi,najis apknya bka apk malh muter trus geleh sinyal ilang ilangn trus gmau pke kartu lgi,0,2,0
playstore,xl,sangat buruk saya isi paket beberapa kali pulsa hangus paket data tidak masuk,buruk isi paket kali pulsa hangus paket data masuk,2,5,0
playstore,xl,"ini makin lama dibiarin makin rusak, beli pulsa dengan harga 20 rb aja gak bisa dibeli, padahal pulsa udah 20 rb,udah nunggu beberapa hari masih aja gak bisa dibeli, dan juga ada kuota yang harga beli 3rb padahal pulsa ada, kok gak bisa dibeli, katanya ganguan, error alah tolollll",dibiarin rusak beli pulsa harga rb beli pulsa rb nunggu beli kuota harga beli rb pulsa beli ganguan error alah tolollll,3,6,0
playstore,xl,jaringan jelek.,jaring jelek,1,1,0
playstore,xl,saya tidak bisa membeli kuota di aplikasi,beli kuota aplikasi,0,2,0
playstore,xl,"kartu bermasalah,ga beda jauh sama tri👎👎 setiap 30-60 detik harus nyala matiin mode pesawat biar sinyal lancar,udh dikasih rating segini bukannya dibenerin malah di diemin,ga worth banget nih kartu,sinyal ny klo lagi jelek ga ada tuh yng otomatis cari sinyal terbagus daerah sini,gendeng gblk",kartu masalah beda tri detik nyala matiin mode pesawat biar sinyal lancar kasih rating gin dibenerin diemin worth kartu sinyal ny jelek tuh yng otomatis cari sinyal bagus daerah gendeng gblk,3,8,0
playstore,xl,"aplikasinya sudah Bagus tapi tolong di benarkan saat membeli kuota error dan tulisannya ""terjadi gangguan saat memuat halaman ini"". terimakasih.",aplikasi bagus tolong benar beli kuota error tulis ganggu muat halaman terimakasih,2,4,0
playstore,xl,"XL 5G merata, cuma kurangi harga paketnya dan masa juga di perpanjang",xl rata kurang harga paket panjang,3,1,1
playstore,xl,"operator tukang tipu.... jaringan XL bapet kyk keong. asu,bedul",operator tukang tipu jaring xl bapet kyk keong asu bedul,1,2,0
playstore,xl,mohon maaf. kenapa signal xl sekarang parah rusaknya ya? untuk daerah ubud sampai tampak siring. gianyar. bali,mohon maaf signal xl parah rusak daerah ubud siring gianyar bal,0,1,0
playstore,xl,ini XL makin lama sinyalnya makin susah banget jaringannya suka ilang2an,xl sinyal susah jaring suka ilang an,1,2,0
playstore,xl,lemot banget pelayanan gajelas,lot layan gajelas,0,1,0
playstore,xl,"makin kesini,,,,makin buruk sinyal nya... apa Lg disaat cuaca hujan... lag parah....",kesini buruk sinyal lg saat cuaca hujan lag parah,0,2,0
playstore,xl,sinyal makin lama makin jelek ga da perubahan ilang2 trus sinyal,sinyal jelek da ubah ilang trus sinyal,0,2,0
playstore,xl,"tidak membantu sama sekali, SAMPAH",bantu sampah,0,1,0
playstore,xl,"Gimana xl ini langganan bertahun tahun sekarang makin lemot kecewa,diperbaiki lagi",gimana xl langgan tahun lot kecewa baik,2,2,0
playstore,xl,mengecewakan,kecewa,0,1,0
playstore,xl,"sinyal busuk, k harga kuota mahal",sinyal busuk k harga kuota mahal,1,3,0
playstore,xl,"jaringan nya knp sekarang ngelag kali, setiap ada masalah pasti ngelag minta ampun tolong diperbaikin lagi lah",jaring knp lambat kali lambat ampun tolong diperbaikin,1,2,0
playstore,xl,"Maya BERGUNA EMANG??!! TIAP KITA CHAT TUH BOT, BAKAL BENERAN DI TANGGEPIN AMA ORANG BENERANNYA? Stok voucher habis di bonus 5gb circle itu apaan mangsutnya??? Bisa gitu ya, aplikasi kaga jelas apaan tau jadinya",maya guna emang chat tuh bot beneran tanggepin ama orang benerannya stok voucher habis bonus gb circle mangsutnya gitu aplikasi kaga tau,5,4,1
playstore,xl,kartu taik sinyal parah,kartu taik sinyal parah,0,2,0
playstore,xl,"sinyal lu makin busuk aja parah , masa kalah sama kartu murahan , parah amat , perbaiki tuh sinyal internet , ganggu pekerjaan",sinyal busuk parah kalah kartu murah parah baik tuh sinyal internet ganggu kerja,3,5,0
playstore,xl,terimakasih XL,terimakasih xl,1,0,1
playstore,xl,"layanan call center (xlsatu) sungguh mengecewakan mau kontak call center suruh update tapi di playstore ga ada update terbaru , di WA juga jawab nya ampe bikin pegel nungguin siap siap putus langanan padahal udah dari tahun 2018 mendingan firstmedia call centernya lebih bermutu",layan call center xlsatu sungguh kecewa kontak call center suruh update playstore update baru wa ampe bikin gel nungguin putus langanan mending firstmedia call centernya mutu,1,2,0
playstore,xl,suka ngilang sendiri jaringan sinyalnya. sering gangguan pas mau beli paket internet,suka ngilang jaring sinyal ganggu pas beli paket internet,3,2,1
playstore,xl,tolong tambahin fitur dark mode gelap,tolong tambahin fitur dark mode gelap,0,1,0
playstore,xl,sy isi pulsa malah di potong g jelas,isi pulsa potong,0,2,0
playstore,xl,"tolong sinyal kenapa jadi sering ngilang sii, minta tolong di perbaiki segera",tolong sinyal ngilang sii tolong baik,1,1,0
playstore,xl,XL prioritas kontollllllllll merugikan saja . mau di ubah ke XL prabayar gak bisah karna Al center nya dapat uang banyak klo kita pke XL prioritas kontollllllllll,xl prioritas kontollllllllll rugi ubah xl prabayar bisah al center uang pke xl prioritas kontollllllllll,0,1,0
playstore,xl,"jujur sih ya awalnya emang baguss tapii akhir akhir inii beli voucher fisik trus di aktivasi ga pernah dapet bonus kuota biasanya juga dapet jadi kaya aneh aja,trus kuota bebas puas yang biasanya bisa di kurangin jumlah masa aktif nya sekarang gabisa jadi kalo punya uang mepet suka bingung beli yang apa.udah update juga tapi ya gitu keseringan ga dapet bonus kuota dari voucher fisik sih,jadi suka bingung kalo ga ada kuota+ ga ada pegangan,kalo pun ada xl poin juga yaa gitu deh",jujur emang baguss tapi ini beli voucher fisik trus aktivasi dapet bonus kuota dapet kaya aneh trus kuota bebas puas rangin aktif gabisa uang mepet suka bingung beli update gitu sering dapet bonus kuota voucher fisik suka bingung kuota pegang xl poin gitu,11,6,1
playstore,xl,5 device untuk buka aplikasi milik sendiri pakai jaringan sendiri ngga bisa lawak,device buka aplikasi milik pakai jaring ngga lawak,2,2,0
playstore,xl,kesalahan jaringan mulu padahal gak ada yang salah,salah jaring mulu salah,1,2,0
playstore,xl,"tidak berguna, setelah di update eh.. gk bisa di buka",guna update eh buka,1,0,1
playstore,xl,"Kouta makin mahal,bonus ngisi voucher lewat apk di hilangkan,total transaksi XL circle sudah lebih dari 100 ribu tapi gak dapat bonus Kouta 5 GB.minimal kalau harga makin mahal apk nya jangan banyak bug, nyusahin pengguna doang",kuota mahal bonus ngisi voucher apk hilang total transaksi xl circle ribu bonus kuota gb minimal harga mahal apk bug nyusahin guna doang,6,6,0
playstore,xl,tolong dong di perbaiki lagi sistem nya massa barusan saya beli voucher pas mau di masukin malah eror emang sering si saya kaya gini tapi kali ini udh berapa kali coba masukin ga bisa-bisa juga gimana ni pihak xl tolong dong di perbaiki lagi saat mau memasukan voucher XL nya,tolong baik sistem massa barusan beli voucher pas masukin eror emang si kaya gin kali kali coba masukin gimana ni xl tolong baik pasu voucher xl,5,2,1
playstore,xl,"jaringan taii,,,jamkot Mulu anjjing",jaring tahi jamkot mulu anjjing,1,1,0
playstore,xl,"scam anj sinyalnya cok, bar nya sih full tapi ngeleg banget anj, tolol anj operator xl sumpah",scam anj sinyal cok bar full lambat anj tolol anj operator xl sumpah,0,2,0
playstore,xl,Semakin Lama Semakin Mahal Aja Beli Kuota didalam Aplikasi seharusnya sering ada promo/ kuota agak lebih murah jadi pengguna itu puas selalu beli paket data didalam Aplikasi,mahal beli kuota dalam aplikasi promo kuota murah guna puas beli paket data dalam aplikasi,7,6,1
playstore,xl,"harga paket mahal, jaringan naik turun pula provider nggak jelas",harga paket mahal jaring turun provider nggak,3,1,1
playstore,xl,sebenarnya ini XL bagus tetapi saat saya beli qouta 5g lag parah njir,xl bagus beli qouta lag parah njir,1,2,0
playstore,xl,pulsalaternya kok cuma dapet 4rb aja dikit banget,pulsalaternya dapet rb dikit,1,1,0
playstore,xl,"main game ml jd putus"" koneksinya di hospot dr hp lain pke kartu merah lancar jaya, gw kirain server dr ml nya rupanya dr xlnya yg lemot",main game ml putus koneksi hospot dr hp pke kartu merah lancar jaya kirain server dr ml dr xlnya lot,3,1,1
playstore,xl,kartu gak guna baik Telkom dari pada lu kalo mau apa apa lag terus sinyal nya tapi pas gw gak ada kuota dia lancar apa masalah kalian sama gw,kartu telkom lag sinyal pas kuota lancar,2,1,1
playstore,xl,kenapa xl jaringannya makin lemot daerah penggilingan,xl jaring lot daerah giling,1,1,0
playstore,xl,"layanan call centernya internet masih lbh mudah di akses ketika masih menjadi FIRST MEDIA... dulu ketika masih FM, ada trouble, tinggal call/by aplikasi, tehnisi langsung datang. skrg sudah di akusisi XL Satu,,,eh call centernya makin nyungsep... di wa jarang respon, ada kendala tidak fast respon. ampun dah xl satu",layan call centernya internet lbh mudah akses first media fm trouble tinggal call by aplikasi tehnisi langsung skrg akusisi xl eh call centernya nyungsep wa jarang respon kendala fast respon ampun dah xl,5,3,1
playstore,xl,fitur pulsa later bantu bngt pas gk punya uang,fitur pulsa later bantu pas uang,1,1,0
playstore,xl,"Apk gak jelas, sering eror masa mau beli paket selalu mental mulu",apk eror beli paket mental mulu,1,1,0
playstore,xl,"sinyal paling lelet dari semua operator, nyesel gua pkek kartu XL",sinyal lelet operator nyesel gua pkek kartu xl,0,3,0
playstore,xl,"pelayanan jelek, bales nya lama",layan jelek bales,0,2,0
playstore,xl,"Tolong Tambahkan WIDGET untuk menampilkan sisa Kuota & Pulsa, karna myxl sering maintenance, jadi adanya Widget tentu sangat membantu🙏",tolong tambah widget tampil sisa kuota pulsa myxl maintenance widget bantu,1,3,0
playstore,xl,"kalo mau bangkrut, bangkrut aja si. di kampung ngeleg, di kota ngeleg, pagi ngeleg, siang ngeleg, sore ngeleg, malem ngeleg, subuh, ngeleg, 2 tahun ini XL lancarnya ga full 1 hari/ 1minggu , paling 2x main ML abis itu udah lag lagi. tiap bulan selalu rugi. beli paket bulanan 100gb lebih. kepake ga ada 10 gb mentok 3gb itu juga lancar cuma whatsapp buka vidio gambar, mudah mudahan bangkrut cepet",bangkrut bangkrut si kampung lambat kota lambat pagi lambat siang lambat sore lambat malem lambat subuh lambat xl lancar full minggu x main ml abis lag rugi beli paket bulan gb kepake gb mentok gb lancar whatsapp buka vidio gambar mudah mudah bangkrut cepet,6,15,0
playstore,xl,"Manis di awal doang ,bnyak bnget gangguan nya ,Skrang aja gangguan gak bisa login game .",manis doang bnyak bnget ganggu skrang ganggu login game,1,2,0
playstore,xl,"beli kuota paki duit nyari jerih payah kok malah gak bisa dipakai cuma tulisan aja kuota berhasil tolong ,pengalaman buruk itu semoga tidak kalian rasakan",beli kuota paki duit nyari jerih payah pakai tulis kuota hasil tolong alam buruk moga rasa,2,6,0
playstore,xl,makin lemot aja ya jaringannya,lot jaring,1,1,0
playstore,xl,wa care ga dijawab2,wa care,1,0,1
playstore,xl,buat main ml aja ngeleg nya gk ngotak mikir baru beli lo padahal,main ml lambat ngotak mikir beli,0,1,0
playstore,xl,Kualitas jaringan XL 90 persen buruk mending ganti ke Telkomsel atau Mtri di sana jauh lebih bagus ayo ganti ke kartu selain XL dijamin puas!,kualitas jaring xl persen buruk mending ganti telkomsel mtri bagus ayo ganti kartu xl jamin puas,7,2,1
playstore,xl,sudah 4 hari mulai tgl 19 mei-23 mei sinyal down,tgl mei mei sinyal down,0,1,0
playstore,xl,"sinyal makin jelek aja,,katanya 5G tercepat....sangat buruk,,,buruk sekali..!!!!",sinyal jelek cepat buruk buruk,1,3,0
playstore,xl,"internet lambat, tolong di perbaiki",internet lambat tolong baik,1,1,0
playstore,xl,sekarang buat beli paket data di app sering gangguan kadang juga kepotong pulsanya bikin susah sekarang pakek app,beli paket data app ganggu kadang potong pulsa bikin susah pakek app,2,5,0
playstore,xl,sinyalnya ko makin jelek ya.... udah lama pake XL tapi makin ke sini makin jelek banget sinyalnya.... mudah mudahan cepat d perbaiki,sinyal ko jelek pake xl jelek sinyal mudah mudah cepat d baik,4,2,1
playstore,xl,"Saya kecewa dengan xl, katanya kalau mau komplain bisa lewat aplikasi/pakai Facebook nyatanya ga jelas responnya dan yang di aplikasi ga bisa, belum lagi harga paket semakin ga masuk akal, tiba2 bekurang tidak sesuai dengan yang tertera, level cepet banget turun, bonus juga tidak sesuai tulisannya misal dapat 1,5 gb ternyata 500 GB, di evaluasi berulang kali ga ada perubahan. HADEH !!!",kecewa xl komplain aplikasi pakai facebook responnya aplikasi harga paket masuk akal bekurang sesuai tera level cepet turun bonus sesuai tulis gb gb evaluasi ulang kali ubah hadeh,6,6,0
playstore,xl,"apa penting nya ini update kalo masalah di pembelian paket selalu gagal dan eror terus, dari semalam nungguin sampe sekarang pagi selalu eror",update beli paket gagal eror malam nungguin sampe pagi eror,1,4,0
playstore,xl,"Ya Allah knpa ya Skrg XL sinyal nya parah bngt, ngak ada sma skli",allah knpa skrg xl sinyal parah ngak sma skli,1,1,0
playstore,xl,"benerin jaringannya min gw mau buka yt gabisa, itaiyo itaiyo😭😭😭😭 tumben tumben nan banget jaringannya, apa emang belakangan ini lagi down min? moga cepet benerin min",baik jaring min buka yt gabisa itaiyo itaiyo tumben tumben nan jaring emang down min moga cepet baik min,6,3,1
playstore,xl,susah sekali cek sisa kuota mau pake myxl atau manual,susah cek sisa kuota pake myxl manual,0,4,0
playstore,xl,aplikasi nya bagus tapi masih banyak bug mohon utuk di perbaiki soalnya ini sangat mengganggu contohnya saya mau mengambil paket sircel pasti terjadi eror mohon untuk di perbaiki,aplikasi bagus bug mohon utuk baik ganggu contoh ambil paket sircel eror mohon baik,4,4,0
playstore,xl,"masa mau beli kuota di aplikasi malah di suruh update dulu, padahal udah di update, makin lama makin burik aplikasinya",beli kuota aplikasi suruh update update burik aplikasi,0,4,0
playstore,xl,"lelet, error mulu",lelet error mulu,0,2,0
playstore,xl,sudah 2026 pun jaringan tetap buruk.,jaring buruk,1,1,0
playstore,xl,aplikasi basong. tetu wah,aplikasi basong tetu,0,1,0
playstore,xl,"FIRST MEDIA SEMENJAK DIBELI XL, JADI PLENGER ANJ, GAADA BALESAN APAPUN .",first media semenjak beli xl plenger anj gaada balesan apa,0,2,0
playstore,xl,masa paket saya tiba-tiba hangus,paket hangus,1,1,0
playstore,xl,"makin Lama,, kok penukaran point ga ada yg sesuai dgn kebutuhan... bonus penukaran utk beli kuota utama sengaja di hilangkan.. semua bonusnya ga ada mutu... kita butuh kuota utama biar bisa di pakai di Mana Mana.. memang hidupmu mau pakai beli voucher game aja,, atau voucher dengerin music atau buat beli belanja online aja.. 👉orang Indonesia kebanyakan pekerja Dan butuh internet.. mampuss dah. 👎👎👎",tukar point sesuai butuh bonus tukar utk beli kuota utama sengaja hilang bonus mutu butuh kuota utama biar pakai hidup pakai beli voucher game voucher dengerin music beli belanja online orang indonesia banyak kerja butuh internet mampuss dah,9,8,1
playstore,xl,jelek jaringan ilang ilangan harga mahal,jelek jaring ilang ilangan harga mahal,2,3,0
playstore,xl,myXl mending GK sah buat kartu,myxl mending sah kartu,1,0,1
playstore,xl,"xl makin kacaw,sinyal kurang bagus,trus pas ngundang xl circle udh di undang mau ambil bonus yang 5gb gk bisa di ambil malah eror trus kan aneh 🤦",xl kacaw sinyal bagus trus pas ngundang xl circle undang ambil bonus gb ambil eror trus aneh,4,3,1
playstore,xl,SAMPAH!!!,sampah,0,1,0
playstore,xl,selalu yang terbaik,baik,1,0,1
playstore,xl,BUKA APLIKASI SAJA SUSAH BANGET,buka aplikasi susah,0,2,0
playstore,xl,intinya bikin sebel kalau beli paket data lewat aplikasi ini,inti bikin sebel beli paket data aplikasi,1,3,0
playstore,xl,kartu dataku yang harus nya masuk di area 4 malah masuk di area 1 secara tiba2 padahal sebelum2nya aman saja,kartu data masuk area masuk area aman,0,3,0
playstore,xl,"kecewa beli paket disini gabisa di pake internet guys, udah coba hub XL center hasil nya sama aja. ngeliat di platform TT banyak yg komplain terkait beli paket tetapi tidak bisa di pake internet",kecewa beli paket gabisa pake internet guys coba hub xl center hasil ngeliat platform tt komplain kait beli paket pake internet,5,3,1
playstore,xl,sumpah ini kartu XL gratisan nya aja banyak ini padam dikit ngellek mendung dikit ngellek gak hedehhh,sumpah kartu xl gratis padam dikit ngellek mendung dikit ngellek hedehhh,1,3,0
playstore,xl,"pelayanan sangat buruk,,dan jawabanya dengan sangat ringannya hanya cukup kata maaf,,,padahal saat keluhan sangat berbelit belit dan sangat merugikan konsumen,,tapi hanya jawab dengan kata maaf,,",layan buruk jawabanya ringan maaf keluh belit belit rugi konsumen maaf,0,4,0
playstore,xl,harga paket kuota nya mahal mahal,harga paket kuota mahal mahal,2,3,0
playstore,xl,"ngang ngong kartu sampah, paketan di beli tapi tidak masuk. aplikasi seluler sampah. rugi 50rb tapi tidak bisa dipakai dengan alasan tidak jelas. sampah jangan pakek xl kena tipu sekali rasanya",ngang ngong kartu sampah paket beli masuk aplikasi seluler sampah rugi rb pakai alas sampah pakek xl kena tipu,1,7,0
playstore,xl,"jangan beli XL sinyalnya ga ada, ngelag pula, kalah sama telkomsel,Tree, Xl ngelag parah",beli xl sinyal lambat kalah telkomsel tree xl lambat parah,0,4,0
playstore,xl,buruk semuanya.,buruk,0,1,0
playstore,xl,Tidak jelas kadang kuota baru isi hangus gak jelas,kadang kuota isi hangus,1,2,0
playstore,xl,"kenapa sekarang gak kayak dulu. jujur lebih nyaman yang dulu, lebih banyak pilihan menu, sekarang malah makin sedikit, nggak asik lagi, mana promo udah nggak lagi, harganya mahal-mahal. kenapa aku udah nggak dapat promo harga murah lagii siiih.",kayak jujur nyaman pilih menu nggak asik promo nggak harga mahal mahal nggak promo harga murah lagi siiih,7,5,1
playstore,xl,"jaringan jelek dan saat mengambil bonus, selalu bermasalah, tidak bisa di pakai",jaring jelek ambil bonus masalah pakai,2,3,0
playstore,xl,coba sistem nya dirubah agar tdk merugikan pengguna xl. sudah sering kecewa paket data sering hangus sia sia. kesel dan kecewa.,coba sistem rubah tdk rugi guna xl kecewa paket data hangus sia sia kesel kecewa,2,9,0
playstore,xl,"jaringan sering ghoib, pas awal isi oke banget udah pertengahan bulan jaringan kek taik ngambang timbul tenggelam. ilang jaringan nya 1/2 hari bisa dimaklumi mungkin ada kerusakan tapi ini sampe masa aktif kuota abis ga normal2 jaringan nya sampe 2 mingguan, pelanggan naik tensi nahan emosi dan kecewa. mreka enak ongkang2 kaki duit kita udh di Telen, cepet kalo nelen duit orang tp jaringan lambat. isi kuota ga pernah di bawah 100rb kek ga ada harga nya tuh duit 100 klo pake xl.",jaring ghoib pas isi oke tengah jaring kek taik ngambang timbul tenggelam ilang jaring maklum rusa sampe aktif kuota abis normal jaring sampe minggu langgan tensi nahan emosi kecewa mreka enak ongkang kaki duit telen cepet nelen duit orang jaring lambat isi kuota rb kek harga tuh duit pake xl,12,9,1
playstore,xl,"parah, semenjak first media diambil alih sama XL sinyal nya lelet banget, udah bayar wifi 340rb perbulan, terpaksa harus beli paket data lagi ,",parah semenjak first media ambil alih xl sinyal lelet bayar wifi rb bulan paksa beli paket data,1,6,0
playstore,xl,"Sinyal XL sekarang bener² ga tertolong, jelek x sekarang XL. Dulu perasaan XL bagus tapi makin kesini kok makin jelek bukannya semakin bagus ahk",sinyal xl bener tolong jelek x xl asa xl bagus kesini jelek bagus ahk,2,2,0
playstore,xl,akhir' ini xl makin jelek sinyalnya kadang sinyal hilang sendiri untuk maen game jadi susah harga juga makin naik tambah lagi pas hujan ngeleg parah tolong segera di perbaiki min,xl jelek sinyal kadang sinyal hilang maen game susah harga pas hujan lambat parah tolong baik min,6,5,1
playstore,xl,sekarang benerin sinyalnya. jangan pengen dikasih bintang 5 aja.,baik sinyal ken kasih bintang,1,0,1
playstore,xl,sinyal lemot banget...,sinyal lot,0,1,0
playstore,xl,jaringan no 1 Ter ngelag di dunia,jaring no ter lambat dunia,1,1,0
playstore,xl,"aplikasi jelek banget, selalu error padahal kuota masih banyak. katanya aja jaringan tercepat, tapi apa apa lelet. tolong lah di perbaiki, ini saya mau ngecek kuota aja susahnya minta ampun astaga. beli kuota selalu error, apa apa selalu error. tolong perbaiki jaringan sama aplikasinya, jelek banget ampun",aplikasi jelek error kuota jaring cepat lelet tolong baik ngecek kuota susah ampun astaga beli kuota error error tolong baik jaring aplikasi jelek ampun,5,12,0
playstore,xl,aplikasi jelek beli paket lewat aplikasi ini belum bisa masuk tapi pulsa sdah kurang terus aplikasi GK jelas,aplikasi jelek beli paket aplikasi masuk pulsa sdah aplikasi,1,6,0
playstore,xl,suka gabisa masuk tanpa alasan,suka gabisa masuk alas,0,1,0
playstore,xl,"INI KENAPA AKHIR² INI SINYAL XL SUKA ILANG²AN TERUS ? PAKETAN ADA TAPI SINGAL SULIT BANGET PADAHAL DI KOTA, TOLONG PERBAIKI XL JARINGAN NYA .",sinyal xl suka ilang an paket singal sulit kota tolong baik xl jaring,3,3,0
playstore,xl,provider sampah kebanyakan gaada sinyal,provider sampah banyak gaada sinyal,0,2,0
playstore,xl,"signal xl makin jelek, dengan harga naik tapi signal parah",signal xl jelek harga signal parah,1,2,0
playstore,xl,"kartu dengan jaringan paling buruk,",kartu jaring buruk,1,1,0
playstore,xl,kuota ultra 5G bisa gak sih di pake di jaringan 4G mau beli takut salah mohon di jawab😮‍💨,kuota ultra pake jaring beli takut salah mohon,1,2,0
playstore,xl,jaringan buruk parah,jaring buruk parah,1,2,0
playstore,xl,"kuota mahal , sinyal makin ga jelas",kuota mahal sinyal,0,2,0
playstore,xl,"makin kesini jaringan nya bukan nya makain bagus malah makin jelek aje, gw beli kuota kaga murah",kesini jaring makain bagus jelek aje beli kuota kaga murah,3,2,1
playstore,xl,"gimana ini provider udah harga paketnya elit tapi jaringan sulit. kalah sama provider yang lain, bisa beri harga terjangkau tapi jaringan lebih baik",gimana provider harga paket elit jaring sulit kalah provider harga jangkau jaring,5,2,1
playstore,xl,"harga kuota semakin mahal kuota nya semakin sedikit masa berlakunya juga semakin berkurang,, saya pakai XL sudah lebih dari 5 tahun,, tolong kembalikan lagi harga nya seperti dulu, kuota jangan berkurang dan masa berlakunya 30 hari",harga kuota mahal kuota laku kurang pakai xl tolong kembali harga kuota kurang laku,2,6,0
playstore,xl,"jaringan ngelag anj,udah mah mahal ngelag lagi anj",jaring lambat anj mah mahal lambat anj,1,3,0
playstore,xl,nyesel terlanjur pake xl jaringan lemot keterlaluan .. iklanya aja bagus tapi kualitas buruk . .. ingin berkata kasar,nyesel lanjur pake xl jaring lot iklanya bagus kualitas buruk kasar,3,3,0
playstore,xl,paket makin mahal cuma 28 hari lgi,paket mahal lgi,1,1,0
playstore,xl,"eh abang axis lu 11/12 yak sama-sama gak bisa optimalin jaringan,capek juga liat apk sampah kayak lu cuma bisa bikin naik darah",eh abang axis yak optimalin jaring capek liat apk sampah kayak bikin darah,1,3,0
playstore,xl,paket akrab kok ngga bisa di ganti anggota lama ke anggota baru,paket akrab ngga ganti anggota anggota,2,3,0
playstore,xl,kualitas sinyal dan jaringan sangat BURUK,kualitas sinyal jaring buruk,2,1,1
playstore,xl,"aplikasi tidak bagus, loading terus dan layanan call center tidak responsif",aplikasi bagus loading layan call center responsif,1,1,0
playstore,xl,"susah aktivasi voucher, sudah seharian coba terus tapi tetap gabisa",susah aktivasi voucher hari coba gabisa,2,1,1
playstore,xl,lemot pol,lot pol,0,2,0
playstore,xl,kenapa tiba tiba nge lag si gblok ujan ama mati lampu engga tiba tiba bngt ilang asu,nge lag si gblok ujan ama mati lampu engga ilang asu,1,2,0
playstore,xl,XL tambah parah katanya 5G tapi kok sama kayak masih 2G...superrrrrr lemotttttttt padahal kuota paket data pake 5G..ampunnnn XL sekarang,xl parah kayak superrrrrr lemotttttttt kuota paket data pake ampunnnn xl,1,4,0
playstore,xl,KARTU TERBOBROK SINYAL NGELAG BILANG NYA 5G TERKENCANG DI INDONESIA TAPI APA? BUSUKKKKK. KUOTA MAHAL KUALITAS BUSUKKKKK,kartu bobrok sinyal lambat bilang kencang indonesia busukkkkk kuota mahal kualitas busukkkkk,1,4,0
playstore,xl,"error mulu mau top up game malah terjadi kesalahan trus,coba di menu game lain kek ml bisa giliran yg lain malah ngga bisa, tolong dong saya udah lama make myxl tapi tiap mau di pake error mulu, tolong perbaikannya,jadi menghambat pekerjaan saya kalo kek gini",error mulu top up game salah trus coba menu game kek ml gilir ngga tolong make myxl pake error mulu tolong baik hambat kerja kek gin,5,5,0
playstore,xl,ngeleg parah buka aplikasi aja susahnya minta ampun padahal jaringan bagus,lambat parah buka aplikasi susah ampun jaring bagus,2,4,0
playstore,xl,"udah jaringannya lemot, mahal lagi, menjngkat ke 5g tapi malahan makin lemot",jaring lot mahal menjngkat lot,1,3,0
playstore,xl,"buka aplikasi doang lama bener nih aplikasi, bikin yg ringan aja napa kntl",buka aplikasi doang bener aplikasi bikin ringan napa kntl,0,3,0
playstore,xl,kita cek duu kalau xl lancar ......kita lanjut diguna kan,cek duu xl lancar guna,2,1,1
playstore,xl,"eror melulu,sinyal ada tapi login ke myxl muter"" kek tong edan,mana lgi pusing banget ni pala",eror melulu sinyal login myxl muter kek tong edan lgi pusing ni pala,0,4,0
playstore,xl,"sinyal nya makin jelek aja , parah",sinyal jelek parah,0,2,0
playstore,xl,"saya ingin membeli paket jaringan namun halaman yg di tuju selalu eror atau terjadi masalah, tolong di bantu 🙏",beli paket jaring halaman tuju eror tolong bantu,2,1,1
playstore,xl,"aplikasi sangat buruk, dulu enak di pakai sekarang sering ada kendala, dasar aplikasi gk guna",aplikasi buruk enak pakai kendala dasar aplikasi,0,4,0
playstore,xl,Jaringan di xl sekarang kurang bagus,jaring xl bagus,2,0,1
playstore,xl,"di sarankan jangan pernah pakai kartu XL soalnya legnya minta ampun,di may XL tertulis 5G tercepat di Indonesia, padahal lelet SE Indonesia",saran pakai kartu xl legnya ampun may xl tulis cepat indonesia lelet indonesia,1,1,0
playstore,xl,"dari beberapa bulan yg lalu setiap beli kuota padahal baru di isi tapi sering g bisa di pakai, makin mahal dan lemot",beli kuota isi pakai mahal lot,0,3,0
playstore,xl,akhir akhir ini makin lemot kategori parah. Bukannya diperbaiki malah makin lemot. Kalo kondisi kaya gini menghambat saya kerja!!!! Parah mending Out aja pakai XL!!!!,lot kategori parah baik lot kondisi kaya gin hambat kerja parah mending out pakai xl,3,5,0
playstore,xl,aplikasi nya susah login semenjak update ke XL prioritas sudah beberapa minggu gabisa login gatau kuota tinggal berapa masa aktif tinggal berapa hari tambah ribet gini,aplikasi susah login semenjak update xl prioritas minggu gabisa login gatau kuota tinggal aktif tinggal ribet gin,0,5,0
playstore,xl,aplikasi sumpajjkkhh,aplikasi sumpajjkkhh,0,1,0
playstore,xl,apk sampah kebanyakan lag nya gw mau beli kuota buat hari ini lag terus benerin lah gw udh pelanggan setia kocak,apk sampah banyak lag beli kuota lag baik langgan setia kocak,2,4,0
playstore,xl,Tolong ya aplikasi ini diperbaiki lagi soalnya di handphone saya tidak bisa dibuka ini aplikasi nya mohon di perbaiki ya🙏,tolong aplikasi baik handphone buka aplikasi mohon baik,2,2,0
playstore,xl,XL semakin lemot,xl lot,0,1,0
playstore,xl,"bagusin dong jaringannya, perasaan leg Mulu g pernah bagus nih, terus harga paketannya juga mahal tapi jaringan nya lemot, gmna ini baikin dong, dari kemarin ga ada perubahannya sama sekali, harga elit jaringan sulit",bagusin jaring asa leg mulu bagus harga paket mahal jaring lot gmna baikin kemarin ubah harga elit jaring sulit,7,3,1
playstore,xl,sinyal jelek ajinggggg,sinyal jelek ajinggggg,0,1,0
playstore,xl,sinyal nya kaga jelas segini di kota apalagi di kampung mungkin lebih parah,sinyal kaga gin kota kampung parah,0,2,0
playstore,xl,karu sering trobel bikin emosi,karu trobel bikin emosi,0,1,0
playstore,xl,sangat mengecewakan,kecewa,0,1,0
playstore,xl,gw saranin buat yang mau beli Kouta mending jangan XL GK ada improve sejak dlu konsisten ngeleg nya,saranin beli kuota mending xl improve dlu konsisten lambat,1,2,0
playstore,xl,sdah lama kartu ini di pakai tapi ngak bisa di gunakan pulsa laternya,sdah kartu pakai ngak pulsa laternya,0,1,0
playstore,xl,"XL anjg harga ama GB nya berubah² tolol,",xl anjg harga ama gb ubah tolol,1,2,0
playstore,xl,xl woi ini gw ambil kuota ml XL point tapi g bisa di pake anj ini knp si mana vouchernya mahal bet lagi anj masa 15k cmn 3 hari ngtd ngtd anjg lu kikir monyet,xl woi ambil kuota ml xl point pake anj knp si vouchernya mahal bet anj k cmn ngtd ngtd anjg kikir monyet,1,5,0
playstore,xl,"semenjak First media di gabungkan dgn XL satu ,, internet suka lemot ...dan sering banguan .....ada apa ini",semenjak first media gabung xl internet suka lot banguan,0,2,0
playstore,xl,untuk update saat ini XL udh lumayan semoga ke depan nya di pertahankan sinyal nya biar pelanggan XL jadi nyaman itu aja dri ku sekian dan terima kasih,update xl lumayan moga tahan sinyal biar langgan xl nyaman dri ku sekian terima kasih,5,0,1
playstore,xl,"mahal doang, jaringan dikit dikit ilang",mahal doang jaring dikit dikit ilang,1,4,0
playstore,xl,speednya ga sesuai paket yang dibayar udah gitu sering ga stabil. coba tolong pelayanan ditingkatkan lagi,speednya sesuai paket bayar gitu stabil coba tolong layan tingkat,4,0,1
playstore,xl,jujur aja XL semakin ke sini semakin tidak bagus saya udah update tapi Terus disuruh update padahal 3 tahun lebih saya pakai XL cuman mengecewakan oh ya saya beli pulsa kepotong terus menerus Padahal saya mau beli paketan tapi nggak bisa karena kepotong terus Saya harus gimana lagi saya capek,jujur xl bagus update suruh update pakai xl cuman kecewa oh beli pulsa potong terus beli paket nggak potong gimana capek,2,6,0
playstore,xl,sering sekali XL SMS masalah beli kuota pdhl baru beli untuk 3 hari sebentar lagi XL anda tidak bisa d gunakan pdhl masa aktif masih panjang,xl sms beli kuota pdhl beli sebentar xl d pdhl aktif,0,2,0
playstore,xl,semakin mengecewakan...,kecewa,0,1,0
playstore,xl,"awal awal jaringan bagus, tapi makin lama makin jelek. semoga ada perbaikan",jaring bagus jelek moga baik,4,1,1
playstore,xl,"udah paketan mahal lemot pula , pdhal di kota lemotnya minta ampun rugi2 beli paket xl",paket mahal lot pdhal kota lot ampun rugi beli paket xl,2,6,0
playstore,xl,CS slow respon,cs slow respon,2,0,1
playstore,xl,hapus aja ni kartu xl kuota mahal mahal jaringan mines,hapus ni kartu xl kuota mahal mahal jaring mes,1,4,0
playstore,xl,"makin hari makin buruk signalnya sering gangguan,ap ini namanya xl 5g tercepat di indonesia,lama2 kabur semua pelanggan xl nya,tolong diperbaiki,masak tiap hari gangguan dan pas main ml kadang2 hilang signalnya trus lag parah,aq kasih bintang 1 dlu klo dh bagus baru full bintang",buruk signalnya ganggu ap nama xl cepat indonesia kabur langgan xl tolong baik masak ganggu pas main ml kadang hilang signalnya trus lag parah aq kasih bintang dlu dh bagus full bintang,6,6,0
playstore,xl,sering gagal juga makin mahal,gagal mahal,0,2,0
playstore,xl,minggu kemarin sdh isi pulsa tapi hr ini udah ada notif minggu ini akhir masa aktif kartu. piye toh?,minggu kemarin sdh isi pulsa hr notif minggu aktif kartu piye,0,2,0
playstore,xl,sinyal internet tidak lancar 3 hari berturut wilayah jl marelan kota medan sumut,sinyal internet lancar wilayah jl marelan kota medan sumut,1,1,0
playstore,xl,kenapa sekarang ini Kouta sinyal ngelag banget aku sampe udah muak gara gara ini Kouta main game ngelag parah jadi ga mood main,kuota sinyal lambat sampe muak gara gara kuota main game lambat parah mood main,2,8,0
playstore,xl,beli paketan 6 GB.... biasanya digunakan dpat bonus 2gb tik tok Daan dan YouTube...tapii kok sekarang sering gak ada bonus??? xl kok semakin mahall dan nyeleneh????,beli paket gb dpat bonus gb tik tok daan youtube tapi bonus xl mahall nyeleneh,3,0,1
playstore,xl,"masih agak lemot, dan paket makin mahal",lot paket mahal,1,2,0
playstore,xl,"Jaringan kurang bagus untuk wilayah Cikarang, paket data ribet terlalu banyak opsi ga jelas , bahkan untuk untuk orang awam pasti keliru dngn paketan yg ada koneksi sangat buruk",jaring bagus wilayah cikarang paket data ribet opsi orang awam keliru dngn paket koneksi buruk,4,3,1
playstore,xl,"bingung mau komplain ke mana, di sini aja lah.... internetnya benerin. dari siang hari sampe tengah malam lemoot parah.....",bingung komplain internetnya baik siang sampe malam lemoot parah,1,3,0
playstore,xl,knapa skarang jaringan tambah lemot,knapa skarang jaring lot,1,1,0
playstore,xl,kenapa di tahun 2026 xl sinyal nya jelek bngt ya padahal paketan kouta data msih banyak bahkan pulsa juga msih di atas 30k. heran aku kalau gini trus aku ganti kartu aja ya,xl sinyal jelek paket kuota data msih pulsa msih k heran gin trus ganti kartu,1,4,0
playstore,xl,wifi nya busuk dan sering putus dan cs nya juga respon nya lambat. nunggu 1 jam gak ada respon sampai lupa baru dibalas.kalsy gak bisa ngurus wifi mending gak usah masuk ke bisnis ini tang hanya bust konsumen kecewa berat,wifi busuk putus cs respon lambat nunggu jam respon lupa balas kalsy ngurus wifi mending masuk bisnis tang bust konsumen kecewa berat,5,4,1
playstore,xl,"professional lambat, katanya 5g, ini kok masih 4g",professional lambat,0,1,0
playstore,xl,sinyal parah kartu pascabayar saya tagihan lancar tp kya kuota abis,sinyal parah kartu pascabayar tagih lancar kya kuota abis,1,3,0
playstore,xl,"ini kenapa dah makin lama makin aneh jaringannya 😐 dari dulu aku masih sabar eh makin lama makin kesel juga -_- dan keluhannya juga itu itu aja, sampai sekarang masih sama, tolong prioritasin jaringanya ;-; padahal aku pengguna setia XL dari dulu sampai sekarang dan baru sekarang ini mulai agak kecewa 🤧 tolong dong pihak XL dan Mimin Maya (yang jadi CS) mohon untuk kedepannya semoga bisa jauh lebih baik :) maaf aku ga bisa terus kasih bintang 5 sampai masalah ini bisa selesai 😁 sekian trmksh",dah aneh jaring sabar eh kesel keluh tolong prioritasin jaringanya guna setia xl kecewa tolong xl mimin maya cs mohon depan moga maaf kasih bintang selesai sekian trmksh,4,4,0
playstore,xl,"sinyal xl parah banget sekarang,, tinggal di japus aja ngga mau jalan sinyal nya",sinyal xl parah tinggal japus ngga jalan sinyal,0,2,0
playstore,xl,"sekarang tuh kenapa jaringan xl kalo udh masuk jam 11 siang engga ada jaringan samsek padahal paket kouta byk, aku di provinsi sumut medan denai, ngeselin bgt padahal lagi push rank 😮‍💨",tuh jaring xl masuk jam siang engga jaring samsek paket kuota byk provinsi sumut medan denai ngeselin push rank,3,4,0
playstore,xl,paketan asu,paket asu,1,0,1
playstore,xl,"Sinyal makin lama bukan makin bagus, malah makin hilang-hilangan. lelet",sinyal bagus hilang hilang lelet,1,3,0
playstore,xl,saya penguna setia XL tapi sekarang agak kecewa karingan internet sering putus tiba padahal paket data banyak,penguna setia xl kecewa karingan internet putus paket data,1,3,0
playstore,xl,LAH EROR MULU NAJIS,eror mulu najis,0,2,0
playstore,xl,signal sering ilang parah wah ini xl,signal ilang parah xl,0,2,0
playstore,xl,"kenapa masa aktifnya nambahnya dari tanggal pembelian pulsa, harusnya nambahnya dari tanggal masa aktifnya dong, kalo kaya gini mah, sama aja boong beli pulsa nambah masa aktifnya sedikit 😭",aktif nambahnya tanggal beli pulsa nambahnya tanggal aktif kaya gin mah boong beli pulsa nambah aktif,0,5,0
playstore,xl,"sinyal sering trobel, jaringan semakin lelet untuk buka foto/video susah",sinyal trobel jaring lelet buka foto video susah,2,2,0
playstore,xl,Kuota jaringan busuk makin mahal sinyal susah tukar XL poin sukses tapi gabisa dipakai,kuota jaring busuk mahal sinyal susah tukar xl poin sukses gabisa pakai,3,4,0
playstore,xl,sinyal makin parah percuma beli Kouta banyak kalo sinyal tiba tiba gada trus ada lagi dan itu sering terjadi padahal lokasi mendukung untuk sinyal tidak ada kendala,sinyal parah beli kuota sinyal gada trus lokasi dukung sinyal kendala,1,3,0
playstore,xl,"buruk sekali layanan utk internetnya, apalagi pelayanan CS XLSatu nilai -5",buruk layan utk internetnya layan cs xlsatu nilai,1,1,0
playstore,xl,aplikasi ini juga bisa menjadi top up game,aplikasi top up game,2,1,1
playstore,xl,"APLIKASI GAJELAS, WIFI JARINGAN NORMAL SEMUA TAPI PAS MASUK SELALU ""jaringan anda bermasalah"" GA RESPONSIF. GAJELAS BANGET, GIMANA MAU MASUK PAKE KUOTA DATA INTERNET AJA BEGITU. WIFIKU JUGA BAGUS JARINGANNYA GAJELAS GAJELAS. APK LEMOT",aplikasi gajelas wifi jaring normal pas masuk jaring masalah responsif gajelas gimana masuk pake kuota data internet wifiku bagus jaring gajelas gajelas apk lot,6,7,0
playstore,xl,ERROR MULUU,error muluu,0,1,0
playstore,xl,sinyal terkadang hilang,sinyal terkadang hilang,1,1,0
playstore,xl,mau nanya XL nih kok pas malam selalu ngeleg masalah nya apa anj,nanya xl pas malam lambat anj,1,3,0
playstore,xl,benerin jaringan nya biar gak ngeleg,baik jaring biar lambat,2,1,1
playstore,xl,setiap beli paket xl circle selalu bermasalah.,beli paket xl circle masalah,1,1,0
playstore,xl,"tiap dibutuhin perbaikan melulu, jarang ada promo yang menggiurkan. semakin kesini makin mahal dan durasi paket berkurang. tadinya 30 hari jadi 28 hari",dibutuhin baik melulu jarang promo giur kesini mahal durasi paket kurang,3,3,0
playstore,xl,kartu terburuk yg pernah saya pakai di indonesia,kartu buruk pakai indonesia,0,1,0
playstore,xl,semakin Hari semakin laku paket nya semakin boros XL tidak bersahabat!!!! ganti!// paket internet XL semakin borossssssss!!!!/// SANGAT BOROS PAKET MEMBUAT TERPURUK RUK RUK,laku paket boros xl sahabat ganti paket internet xl borossssssss boros paket puruk ruk ruk,3,2,1
playstore,xl,"bintang satu dlu,ga ada kepuasan sama sekali,sinyal lelet,kuota mahal+ga 30 hari,otw ganti pake kartu yg lain aja ,",bintang dlu puas sinyal lelet kuota mahal otw ganti pake kartu,1,3,0
playstore,xl,min kenapa aku udah top up ml diamond nya ga masuk id udah user zona juga udah,min top up ml diamond masuk id user zona,2,1,1
playstore,xl,perbaiki jaringan nya!!!!!,baik jaring,2,0,1
playstore,xl,sudah bertahun tahun pake XL makin kesini makin lelet bikin kesal makin kesini jaringan terputus lah ilang lah semakin kesini semakin buruk jaringannya kalah sama providers sebalah,tahun pake xl kesini lelet bikin kesal kesini jaring putus ilang kesini buruk jaring kalah providers seba,2,4,0
playstore,xl,apa gunanya isi paket kalau tidak bisa di gunakan lemot,guna isi paket lot,2,1,1
playstore,xl,"mohon maaf saya dulu pelanggan firstmedia,tp setelah berubah XL satu,tagihan tiba2 berubah tanpa ada info, tlp customer service hnya diteruskan tanpa ada solusi,waktu ake first lapor ke cutomer service sekali langsung ad penanganan entah troble sinyal, router, sampai tagihan pelayanan nya oke",mohon maaf langgan firstmedia ubah xl tagih ubah info tlp customer service hnya terus solusi ake first lapor cutomer service langsung ad tangan troble sinyal router tagih layan oke,6,3,1
playstore,xl,"teruntuk pihak xl tolong ya jangan terlalu kikir masa beli pulsa kok gak nambah masa aktif nya, aneh banget.. percuma dong aku beli pulsa tapi masa aktif gak nambah dan sekarang malah gak bisa dibuka xl circle nya aneh banget",untuk xl tolong kikir beli pulsa nambah aktif aneh beli pulsa aktif nambah buka xl circle aneh,1,2,0
playstore,xl,sudah tidak bisa di buka.terima kasih sudah normal kembali,buka terima kasih normal,2,0,1
playstore,xl,"baru masang XL satu seminggu internet nya ngga ada. masa iya pasang, bayar, tapi ngga ada akses internet. jaringan di daerah 3t. HANCUR. kalo ngga bisa ngasih jaringan bagus ngapain nawarin produk. kalian mau maju, tapi produk kalian gagal total. ngga pernah ngalamin pasang wifi tapi seburuk ini.",masang xl minggu internet ngga iya pasang bayar ngga akses internet jaring daerah t hancur ngga ngasih jaring bagus ngapain nawarin produk maju produk gagal total ngga ngalamin pasang wifi buruk,8,7,1
playstore,xl,ga bisa terakumulasi. jelek,akumulasi jelek,0,1,0
playstore,xl,"masa aku beli paket yang 150 gb 150 ribu yang masuk malah 16 gb, udh konfirmasi ke livechat malah ada gangguan trs",beli paket gb ribu masuk gb konfirmasi livechat ganggu,2,2,0
playstore,xl,mohon agar jaringan nya di perbaiki 👌,mohon jaring baik,2,0,1
playstore,xl,"Perbaikan terus xl ini, bebas puas memakai batas hari, itu bukan bebas puas namanya, bebas tapi terbatas!! combo mini makin menyusut tapi harga tetap, begitupun paketan game cuma ada 1 pilihan harga.",baik xl bebas puas pakai batas bebas puas nama bebas batas combo mini susut harga paket game pilih harga,7,6,1
playstore,xl,"Aplikasi apa nih harga nya ga ngotak semua bonusan ga enak banget apk ini mau beli kuota pun di sini Lama ga biss login kadang bisa kadang engga aneh Lama"" apk busuk tolong di perbaiki lagi sperti axis jika membuka apk Tampa Harus ada kuota Dan kita bisa membeli offline Dan mendapatkan bonus aja semakin dikit Dan harga Naik semua busuk sampah apk ini",aplikasi harga ngotak bonus enak apk beli kuota biss login kadang kadang engga aneh apk busuk tolong baik sperti axis buka apk tampa kuota beli offline bonus dikit harga busuk sampah apk,7,7,0
playstore,xl,"jelek, bahkan terjelek dari Indosat, Smartfren, Telkomsel yang pernah saya gunakan...",jelek jelek indosat smartfren telkomsel,0,2,0
playstore,xl,"beli paket blm masuk2 sudah 1x24 jam lebih, suruh minta banruan ke maya lewat aplikasi myXL tpi aplikasinya susah bgt gak bisa chat dengan maya harus komplen kemna",beli paket blm masuk x jam suruh banruan maya aplikasi myxl tpi aplikasi susah chat maya komplen kemna,2,5,0
playstore,xl,makin hari makin lelet aja jaringan nya... kacau... kalau udah stabil jaringan nya.. aku ganti bintang lima,lelet jaring kacau stabil jaring ganti bintang,3,1,1
playstore,xl,tolong di kencengin jaringan nya udah beli paket mahal²jaringan masih susah sangat kecewa,tolong kencengin jaring beli paket mahal jaring susah kecewa,3,3,0
playstore,xl,saya mempunyai kouta 6 giga dan saya membeli paket 10 1hari tapi yang terpakai malah yang 6 giga ini kouta ga fungsi,kuota giga beli paket pakai giga kuota fungsi,1,2,0
playstore,xl,aplikasi rusak buat beli kuota lewat qris tapi gak masuk tolol,aplikasi rusak beli kuota qris masuk tolol,0,4,0
playstore,xl,"sumpah nih operator sekarang malah aneh, jaringan naik turun kadang ilang, ini kenapa sih xl makin hari makin aneh",sumpah operator aneh jaring turun kadang ilang xl aneh,2,1,1
playstore,xl,saya sudah membeli koute pake kode Qris saldo sudah tepotong tapi koutanya belum masuk,beli koute pake kode qris saldo tepotong koutanya masuk,1,2,0
playstore,xl,"CS lambat sinyal eror gada koneksi internet dari hampir seharian padahal ga pernah telat bayar,,,perbaikan dan pengajuan laporan sama sekali respon buruk cm bot yg balas,,,nyesel langganan dari 2023 firstmedia,,,mending ganti provider CS gercep respon,,KALO GA NIAT BUAT CS MENSING GAUSAH GA KEPAKE ITU CS BOT GA GUNA",cs lambat sinyal eror gada koneksi internet hari telat bayar baik aju lapor respon buruk cm bot balas nyesel langgan firstmedia mending ganti provider cs gercep respon niat cs sing gausah kepake cs bot,7,9,0
playstore,xl,baru isi pulsa 25k masa aktif gak nambah hhh,isi pulsa k aktif nambah hhh,0,1,0
playstore,xl,"sangat tidak puas, saya sudah mencoba berkali kali membeli paket, tidak ada notifikasi gagal atau berhasil, ini aplikasi tolong diperbaiki, saya menunggu cukup lama untuk membeli paket tidak ada keterangan berhasil atau gagal, jadi tidak ada kepastian dalam bertransaksi. saya juga menghubungi live chat tetapi untuk masuk saja selalu gagal, ini niat gak bikin aplikasi?",puas coba kali kali beli paket notifikasi gagal hasil aplikasi tolong baik tunggu beli paket terang hasil gagal pasti transaksi hubung live chat masuk gagal niat bikin aplikasi,10,6,1
playstore,xl,update plan gak jelas uda beli kuota lah yang muncul ntah paket mana di cariin gak ada internet jalan emang cuman gak tau sisa kuotanya berapa,update plan uda beli kuota muncul ntah paket cariin internet jalan emang cuman tau sisa kuota,1,5,0
playstore,xl,aneh tulisan 1 hari beli jam 8 malam jam 12 malam udah tidak berlaku padahal Kouta masih banyak aneh banget kalo 1 hari ya jam 8 malem beli ketemu jam 8 malem besoknya baru masa aktif nya gk berlaku lah ini baru aja beberapa jam masuk jam 12 ganti hari habis aneh gak amanah pakai XL korupsi waktu,aneh tulis beli jam malam jam malam laku kuota aneh jam malem beli ketemu jam malem besok aktif laku jam masuk jam ganti habis aneh amanah pakai xl korupsi,2,7,0
playstore,xl,sinyal leggg paraaaahhhh buat main game aja susahhh xl kikirrr,sinyal leggg paraaaahhhh main game susahhh xl kikirrr,1,0,1
playstore,xl,beli kuota masa ga bisa di pake meskipun cuman 15k ya tetep aja rugi,beli kuota pake cuman k rugi,0,2,0
playstore,xl,"kecepatan 0,00 KB , tolong XL yang sopan ya, pelanggan udah beli . kalo emng jelek jangan dijual belikan",cepat kb tolong xl sopan langgan beli emng jelek jual belikan,3,2,1
playstore,xl,jaringan tloo,jaring tloo,1,0,1
playstore,xl,"saya udh lama pakai xl skrg kecewa gak ada lagi pilihan combo mini yg 28hari sekarang dipaksa pakai combo mini 7hr atau flex mini maks 14 hr,trus gak bisa pula bayar pakai gopay kalau kayak gini terus pasti kabur pelangganmu",pakai xl skrg kecewa pilih combo mini paksa pakai combo mini hr flex mini maks hr trus bayar pakai gopay kayak gin kabur langgan,1,5,0
playstore,xl,buat widget bisa lihat sisa kuota. supaya gak lupa sebelum beli kuota baru. kayak punya telkomsel,widget lihat sisa kuota lupa beli kuota kayak telkomsel,1,4,0
playstore,xl,XL MINUS KAGA ADA GRATISAN,xl minus kaga gratis,1,1,0
playstore,xl,sinyal bapuk...,sinyal jelek,0,1,0
playstore,xl,selalu terkendala saat isi paket dan pulsa gagal terus di aplikasinya,kendala isi paket pulsa gagal aplikasi,1,4,0
playstore,xl,"saya makai XL bukan 1 bulan atau 2 bulan tapi udah tahunan, belakangan jaringan XL buruk banget padahal sinyal nya bagus, di tengah kota tetap jaringan nya jelek banget apalagi di bawa ke desa ya mungkin bisa jadi silang tu jaringan wkwk, tolong dong perbaiki dan kasi solusi nya gimana.",maka xl tahun jaring xl buruk sinyal bagus kota jaring jelek bawa desa silang tu jaring wkwk tolong baik kasi solusi gimana,6,5,1
playstore,xl,XL sekarang jelek banget sinyal nya apa lagi kalau pas hujan. saya sudah berpuluh tahun pake XL sekarang ancur sinyal XL jelek banget,xl jelek sinyal pas hujan puluh pake xl ancur sinyal xl jelek,1,2,0
playstore,xl,jaringan selalu buruk,jaring buruk,1,1,0
playstore,xl,5G lemot,lot,0,1,0
playstore,xl,"aplikasi bagus, hari ini ambil bonus dr tukar point , trjd lg hal yg sm tdk ada perubahan, jam 18.00 ambil 3 GB utama 750 point tapi hy bs aktif sampai jam 21.00, apa arti ulasan buat anda , jk begitu trus, 3 GB, hy digunakan bbrapa MB sdh jd 0 , kalo memang tdk mampu ksh bonus lbh bsr dihapus aja ,ga usah gengsi, dipajang trus tapi krg bermutu, thanks.",aplikasi bagus ambil bonus dr tukar point trjd lg sm tdk ubah jam ambil gb utama point hy bs aktif jam arti ulas jk trus gb hy bbrapa mb sdh tdk ksh bonus lbh bsr hapus gengsi pajang trus krg mutu thanks,8,5,1
playstore,xl,jaringan nya kayak pepek,jaring kayak pepek,1,1,0
playstore,xl,"5 taun pake XL kok baru baru ini ngelegmulu ya kenapa dah, padahal mah dlu lancar lancar aja kenapa setiap lag nya harus ada di jam 6 sampe jam 10 an selebih nya kaga, ko gtu siii jangan kecewain dongg.",taun pake xl ngelegmulu dah mah dlu lancar lancar lag jam sampe jam an lebih kaga ko gtu siii kecewain dongg,3,2,1
playstore,xl,"najis udah 2 bulan jaringan ga jelas , tau gini gaakan beli paket yang mahal, atau lebih baik ganti aja kartunya",najis jaring tau gin gaakan beli paket mahal ganti kartu,2,4,0
playstore,xl,hadeh gak ada berkembang ya XL ini dari dulu sinyal ya gak jelas suka ilang tiba tiba ngelag hadehhh kalah saing ya sama Kouta yg lain ?,hadeh kembang xl sinyal suka ilang lambat hadehhh kalah saing kuota,1,5,0
playstore,xl,internet lambat sekali sudah hampir seminggu buat laporan tapi tidak ada perubahan,internet lambat minggu lapor ubah,1,1,0
playstore,xl,"teruntuk XL tolong dong kalo XL circle udah 100k, tolong langusng di kirim kan bonus nya massa harus nunggu sampe 1-2minggu, atau nunggu awal bulan buat mendapatkan bonus, siapa tau orang membutuhkan bonus XL circle nya",untuk xl tolong xl circle k tolong langusng kirim bonus massa nunggu sampe minggu nunggu bonus tau orang butuh bonus xl circle,6,2,1
playstore,xl,bertahun tahun pake XL TPI malah sekarang sinyal tambah burik ngelag ters buka aplksi muter2 ga jelas. kuota ada sinyal Abang kuning hijau kaya lampu merah.,tahun pake xl tpi sinyal burik lambat ters buka aplksi muter kuota sinyal abang kuning hijau kaya lampu merah,2,3,0
playstore,xl,ngeleg BANGET pdhl pktan bnyk jaringan bgus pih,lambat pdhl pktan bnyk jaring bgus pih,1,1,0
playstore,xl,XL makin menggila harga internet nya blocked perusahaan xl,xl gila harga internet blocked usaha xl,1,0,1
playstore,xl,sekarang susah buat login padahal dulu gampang loh,susah login gampang loh,0,1,0
playstore,xl,"saya pelanggan lama sampe jadi pelanggan prioritas semakin lama semakin naik harga dan busuk signalnya,mengecewakan. pada akhirnya pakai telkomsel juga buat mencover masalah signal, nomer saya nomer lama uda banyak yang simpan jadi ga mungkin ganti nomer...terjebak",langgan sampe langgan prioritas harga busuk signalnya kecewa pakai telkomsel mencover signal nomer nomer uda simpan ganti nomer jebak,3,3,0
playstore,xl,"Gimana si pihak xl?! Ga bisa isi ulang kuota udah chat agen xl malah bolak balik ga di bales! Jelek banget, jawabnya lama lagi, mending 1-2 menit jawabnya ini berjam2 nunggu cuma bolak balik suruh nunggu antrian, pas bagian antrian ga di bales,dibales pun jawaban copy kan aneh. mending Indosat abis di marahin tapi nyelesaiin masalah,jawabnya pun cepet gila, ini 170GB tapi ga di selesaikan masalahnya, kalau bisa kembali 170GB saya bintang 5, kecewa sama pihak CS yg ga profesional 😌",gimana si xl isi ulang kuota chat agen xl bolak bales jelek mending menit jam nunggu bolak suruh nunggu antri pas antri bales dibales copy aneh mending indosat abis marahin nyelesaiin cepet gila gb selesai gb bintang kecewa cs profesional,7,9,0
playstore,xl,kecewa banget sama sinyal XL makin kesini sinyal nya jelek,kecewa sinyal xl kesini sinyal jelek,0,2,0
playstore,xl,apaan coba masak beli paket ml make penukaran poin gak bisa jalan gak jelas banget yg bener napa,coba masak beli paket ml make tukar poin jalan bener napa,2,1,1
playstore,xl,kuota doang mahal jaringan busuk,kuota doang mahal jaring busuk,1,3,0
playstore,xl,"sangat buruk,layanannya.masa pelamngan lama tidak menggunakan pulsa playlater.",buruk layan pelamngan pulsa playlater,0,2,0
playstore,xl,"woi jaringan provider lu benerin gw udah ngis bsnyak"" nge lag banget dah , udah mau bangkrut kah perusahannya benerin lagi jatongannya gausah sok""an ngadain gebrakan 5g kalo ngurus yang 4g aja gabisa",woi jaring provider baik ngis bsnyak nge lag dah bangkrut kah usah baik jatongannya gausah sok an ngadain gebrak ngurus gabisa,3,4,0
playstore,xl,aplikasi sampahhhh,aplikasi sampahhhh,0,1,0
playstore,xl,Fitur live cs lama banget nunggu pelayanan makin buruk yang tadi nya paket bebas puas pembelian minimal 3 .... sekarang malah jadi 6... padahal make XL udh hampir 3 tahun...parah ...perbaiki coba,fitur live cs nunggu layan buruk paket bebas puas beli minimal make xl parah baik coba,5,4,1
playstore,xl,awalnya xl bagus makin kesini makin parah sinyalnya aneh. mengecewakan,xl bagus kesini parah sinyal aneh kecewa,1,2,0
playstore,xl,"sangat membantu sekali,semoga pulsalater saya bisa di gunakan.",bantu moga pulsalater,1,0,1
playstore,xl,"baru baru ini di tanggal 21/05/2026 saya mengalami gangguan saat mau membeli paket data dengan slide ""Terjadi gangguan saat memuat halaman ini"" walaupun belum terpotong saldo nya saat coba berulang tetap saja tidak bisa dibeli paket, walaupun begitu tetap saja sangat resah dengan hal tersebut semoga bisa di perbaiki lagi biar aku naikin bintang nya",tanggal alami ganggu beli paket data slide ganggu muat halaman potong saldo coba ulang beli paket resah moga baik biar naikin bintang,5,7,0
playstore,xl,parah bener mending dulu jaman frist media jarang trouble ini dari tadi siang trouble pelaporan lewat aplikasi tidak dapat nolaporan dialihkan ke menu via WhatsApp dr WhatsApp nunggu lama ga ada masuk respon males pke XL begini wifi yg dulu aman saja dipegang frist media ini di pegang XL kacau menu pelaporan ada tp ga berguna status wifi tidak update. masa jaringan tidak ada di aplikasi terpantau jaringan tidak ada masalah kan gila. udah cukup sampai disini berlangganan XL wifi.,parah bener mending jaman frist media jarang trouble siang trouble lapor aplikasi nolaporan alih menu via whatsapp dr whatsapp nunggu masuk respon males pke xl wifi aman pegang frist media pegang xl kacau menu lapor guna status wifi update jaring aplikasi pantau jaring gila langgan xl wifi,10,8,1
playstore,xl,tolong perbaiki sinyal nya,tolong baik sinyal,1,0,1
playstore,xl,"awal"" beli kuota biasa ada pilihan bonus, sekarang udh ngga ada. Trs kalo mau scan voucher kuota juga sering gagal.",beli kuota pilih bonus ngga scan voucher kuota gagal,2,5,0
playstore,xl,signal di daerah pamogan taman pancing sulit,signal daerah pamogan taman pancing sulit,1,1,0
playstore,xl,Terlalu gampang hilang sinyal dan koneksi sangat-sangat buruk. Beli paketan mahal-mahal ternyata ga sebanding dengan harga yang sudah saya keluarkan. Untuk sementara saya kasih bintang 1 dulu. Oii admin tolong segera diperbaiki masalah koneksi yang semakin busuk dan ga jelas. Jangan sampe saya kasih rating 1 terus biar ada kejelasan dari pihak myXL terjelek koneksi internetnya. Aplikasi tolol bapuk. Terimakasih 🙏🏻,gampang hilang sinyal koneksi buruk beli paket mahal mahal banding harga keluar kasih bintang oii admin tolong baik koneksi busuk sampe kasih rating biar jelas myxl jelek koneksi internetnya aplikasi tolol jelek terimakasih,4,10,0
playstore,xl,"sinyal sering tiba2 hilang, saat maen game sangat ngeganggu, menyusahkan.",sinyal hilang maen game ngeganggu susah,2,2,0
playstore,xl,"Kenapa setiap satu minggu lebih wajib banget ada informasi kadaluwarsa? dikira orang-orang punya duit apa, minimal sebulan sekali tenggat waktunya, udah gitu kalau beli voucher malah gak ke detect buat perpanjang kartu!",minggu wajib informasi kadaluwarsa orang orang duit minimal bulan tenggat gitu beli voucher detect panjang kartu,2,3,0
playstore,xl,"sy dengan pelanggan First media yg skrg di ambil alih oleh XL one, kok ini pelayanan ke pelanggan yg sudah jalan 5 tahun kyk sy ini tetap tdk profesional banget ya.. bisa2 nya koneksi internet di rumah saya udh 3 jam offline tapi notice di aplikasi nya malah bagus2 aja koneksi nya, parah banget yaa",langgan first media skrg ambil alih xl one layan langgan jalan kyk tdk profesional koneksi internet rumah jam offline notice aplikasi bagus koneksi parah,4,3,1
playstore,xl,lag woyy di tempat gua ga bisa dipake gw mau belajar susah woyyyyyyy,lag woyy gua dipake ajar susah woyyyyyyy,0,2,0
playstore,xl,tolong perbaiki bug banyak sekali bug,tolong baik bug bug,1,0,1
playstore,xl,"mahal, ngebang lagi",mahal ngebang,0,1,0
playstore,xl,ngntod sinyal busuk,ngntod sinyal busuk,0,1,0
playstore,xl,"sering gangguan, pl3r",ganggu pl r,0,1,0
playstore,xl,sangat cepat dan ramah,cepat ramah,2,0,1
playstore,xl,"bosoook, sama sekali gak bisa digunakan pointnya, cuma berkurang dan gak bisa dipakai... GJLS",bosoook point kurang pakai gjls,0,1,0
playstore,xl,"kuota makin mahal, kualitas jaringan minimal",kuota mahal kualitas jaring minimal,2,3,0
playstore,xl,"Kenapa jaringan XL sekarang saya rasa lebih lambat dari sebelum2nya dan aplikasinya ketika dibuka loadingnya lama plus untuk pembayaran ketika kita sudah beli pulsa di komersial yg lain diarahkan untuk membayar dengan gopay dan tidak ada pilihan yg lain padahal sebelumnya ada pilihan yg lain jadi kan sia2 saya beli pulsa di toko komersial yg lain, tolong diperbaiki lagi dong aplikasinya agar memudahkan pengguna bukan menyulitkan, saya sudah beli pulsa 15rb masih ga bisa telp padahal sesama XL",jaring xl lambat aplikasi buka loadingnya plus bayar beli pulsa komersial arah bayar gopay pilih pilih sia beli pulsa toko komersial tolong baik aplikasi mudah guna sulit beli pulsa rb telp xl,5,10,0
playstore,xl,aplikasi tiba tiba gebug tolong server Indonesia nya hilang kenapa server inggris emang saya berada di luar daerah apa kurang gerti developer kalo gini cara nya tak kasih B3 kurang memuaskan dulu memuaskan sekarang error aplikasi nya yg make puyeng,aplikasi gebug tolong server indonesia hilang server inggris emang daerah gerti developer gin kasih b muas muas error aplikasi make puyeng,2,5,0
playstore,xl,"terjadi gangguan di myXL saat memuat halaman ini,gituh ajah teruss, tolonglah benerin yang waras.",ganggu myxl muat halaman gituh ajah teruss tolong baik waras,1,1,0
playstore,xl,"pembelian paket internet suka gagal,,koneksi pun suka eror",beli paket internet suka gagal koneksi suka eror,1,2,0
playstore,xl,"sinyal lemot parah,gak bisa gunakan aplikasi apapun",sinyal lot parah aplikasi apa,0,4,0
playstore,xl,kenapa saya masih punya kuota tapi internet tidak bisa di pakai,kuota internet pakai,0,1,0
playstore,xl,"PARAAAH SINYAL NYAAA JELEEK YAAMPUUN, SAMPE GBSA NGAPAIN2, awal pemakaian fine2 ajjaa, sekarang cuaca apapun gk ngaruh tetep jelek sinyalnyaaa",paraaah sinyal nyaaa jeleek yaampuun sampe gbsa ngapain pakai fine ajjaa cuaca apa ngaruh jelek sinyalnyaaa,1,2,0
playstore,xl,"kadang2 beli pakit kuota bebes puas ada bonos ,,, ini baru aja isi ulang kuota bebes puas Rp.15.000 5GB 3 hri masa axtf ya ,,, tapi ga ada bonos ya ,, trus yg masuk hanya 4.5 GB aja ,,, dasar jual vocer ya ga jujur agen myxl,,,",kadang beli pakit kuota bebes puas bonos isi ulang kuota bebes puas rp gb hri axtf bonos trus masuk gb dasar jual vocer jujur agen myxl,4,4,0
playstore,xl,"payah, di kota medan sering mati internet XL nya, bisa 2 jam bermasalahnya. tiap 1-2 bulan pasti ada mati 2 jam. sudah bertahun tahun seperti itu. tidak ada perubahan",payah kota medan mati internet xl jam masalah mati jam tahun ubah,0,5,0
playstore,xl,"skarang jaringannya tambah kalau, apalagi kuotanya juga mahall skarang.. , tambah parah jaringannya,kuota semakin maha alll..",skarang jaring kuota mahall skarang parah jaring kuota maha alll,3,3,0
playstore,xl,apk lu lama lama goblokk mas/mba gua kuota gua masa kga masuk pdhal udh belii anjg,apk goblokk mas mba gua kuota gua kga masuk pdhal beli anjg,0,6,0
playstore,xl,sinyal sering bermasalah,sinyal masalah,0,1,0
playstore,xl,XL suara nya jernih sinyal kuat XL ok banget 👍👍,xl suara jernih sinyal kuat xl ok,3,0,1
playstore,xl,"perbaiki lagi perataan jaringannya min,akhir akhir ini ngeleg bnget",baik perata jaring min lambat bnget,3,1,1
playstore,xl,"hari kamis tgl 21 pukul 14:00 coba sinyal diperbaiki lg ,ini sama sekli gk da akses internet",kamis tgl coba sinyal baik lg sekli da akses internet,2,0,1
playstore,xl,"RIBEEETT. KALO ADA KERUSAKAN JARINGAN, GATAU GIMANA NGADU NYA. GA DI TANGGAPIN. MAU NGADUIN KERUSAKAN AJA GABISA. SERING RUSAK LAGI JARINGAN. RIBEET LO !!",ribeeett rusa jaring gatau gimana ngadu tanggapin ngaduin rusa gabisa rusak jaring ribeet,2,2,0
playstore,xl,gangguan teruss padahal udah masa tenggang,ganggu teruss tenggang,0,1,0
playstore,xl,"ini XL kenapa dah 5 hari ini jaringan kayak taii, kuota gua masih 50gb, jaringan gak jalan, ngapa sihh XL mau nya apa dahh, yang bener ngapa, kesel bener gua",xl dah jaring kayak tahi kuota gua gb jaring jalan ngapa sihh xl dahh bener ngapa kesel bener gua,2,9,0
playstore,xl,"gilaa lemot BANGEETTTTT, PADAHAL SINYAL 5G, ganti ke 4G sama aja.. 83 rb melayang udh mana cuma 28 hari, hiks",gilaa lot bangeettttt sinyal ganti rb layang hiks,0,1,0
playstore,xl,lag banyak bug pembayaran tertunda bikin pulsa hilang,lag bug bayar tunda bikin pulsa hilang,0,2,0
playstore,xl,"jelek bgt ada kendala pelayannya lama,nunggu antrian lamanya minta ampun pas minta chat agen..pas udah chat dgn agen responnya lama bgt juga muter muter gaada solusi..bulan lalu beli kuota pakai shopepay eh saldo ketarik kuota ga masuk, dichat di XL gaada solusi aku chat shope langsung dibikinin laporan itupun nunggu seminggu baru juga dibalikin saldo ku..sekarang baru bgt beli pulsa mau beli kuota pakai pulsa aja ga pkai saldo eh amalh terjadi masalah pada memuat halaman ini aneh XL jelek bgt",jelek kendala layan nunggu antri ampun pas chat agen pas chat agen responnya muter muter gaada solusi beli kuota pakai shopepay eh saldo tarik kuota masuk dichat xl gaada solusi chat shope langsung dibikinin lapor itu nunggu minggu dibalikin saldo ku beli pulsa beli kuota pakai pulsa pkai saldo eh amalh muat halaman aneh xl jelek,15,14,1
playstore,xl,mengapa Siknalnya selalu bermasalah. !!!!!,siknalnya masalah,0,1,0
playstore,xl,"hi kak,silakan hbg maya via fb,mungkin bisa bantu.itu yg selalu tampil dilayar saat pengaduan masalah jaringan.pesan robot.ada gk direspon yg otak yg terlalu jenius itu?.ada gk diperbaiki!,yg ada paket internetnya semakin mahal,memang kurang ajar semua provider di indonesia.memang manusia² otak bb!",hi sila hbg maya via fb bantu tampil layar adu jaring pesan robot direspon otak jenius baik paket internetnya mahal ajar provider indonesia manusia otak bb,5,2,1
playstore,xl,"pertama tarif XL naik drastis, semakin lama sudah tarif mahal, harga paket mahal, leletnya luar biasa, sekali muncul sinyalnya paket langsung terpotong, sering x hilang timbul sinyalnya, hancur kali XL sekarang ini, apalagi kalau kartu paketnya udah Naik jadi platinum ataupun gold, langsung tu kartu nya jadi bermasalah sering x gk Ada sinyalnya, supaya disuruh ganti kartu/nomor",tarif xl drastis tarif mahal harga paket mahal lelet muncul sinyal paket langsung potong x hilang timbul sinyal hancur kali xl kartu paket platinum gold langsung tu kartu masalah x sinyal suruh ganti kartu nomor,6,9,0
playstore,xl,"parahh sinyallnya, nyesel bngt pake xl. selogan doang tercepat se indonrsia. ini malah terlemot se indonesia",parahh sinyallnya nyesel pake xl log doang cepat indonrsia lot indonesia,1,2,0
playstore,xl,aplikasi tolol motong pulsa seenak jidat,aplikasi tolol motong pulsa enak jidat,0,3,0
playstore,xl,makin mahal eh bukannya makin cepet malah suka buffer,mahal eh cepet suka buffer,1,1,0
playstore,xl,"XL BuSuK🔥💩🤮🤮PuLSa iLanG TeruSs🔥👹🔥SanGaTt""🔥 MenGeCeWakAn👹SiinYalLnyA pUn CiSs💩menCReTt🤮🤮",xl busuk pulsa ilang teruss sangatt kecewa siinyallnya ciss mencrett,0,4,0
playstore,xl,"niat ngga sih buat xl circle , transaksi udah tercapai kuota nya blm di klaim hilang sendiri👎",niat ngga xl circle transaksi capai kuota blm klaim hilang,1,3,0
playstore,xl,oy yang punya kartu XL minimal sinyal tu enak tolol gua udh beli paket mahal ratusan sibu tapi sinyal karu XL tolol ini kalo sinyal XL masih kaya gini gua ganti ke kartu lain paham,oy kartu xl minimal sinyal tu enak tolol gua beli paket mahal ratus sibu sinyal karu xl tolol sinyal xl kaya gin gua ganti kartu paham,1,7,0
playstore,xl,"ishh jengkel balikin duit gw, dana gw abis tapi koutanya nggak bisa dipake",ishh jengkel balikin duit dana abis koutanya nggak dipake,1,1,0
playstore,xl,kecewa sama xl voucher ga bisa di pakai,kecewa xl voucher pakai,1,1,0
playstore,xl,"nelpon ke pengguna XL, belum terhubung, pulsa sudah tersedot, sangat jelek sekali",nelpon guna xl hubung pulsa sedot jelek,1,3,0
playstore,xl,sulit mau laporan gangguan,sulit lapor ganggu,1,2,0
playstore,xl,"sudah 3 hari internet lemot,bahkan tidak bisa lihat status whatsapp... setiap hari coba chat maya cuma disuruh restart hp tapi tidak ada perubahan perbaiki jaringan di area kabupaten bogor segera",internet lot lihat status whatsapp coba chat maya suruh restart hp ubah baik jaring area kabupaten bogor,4,2,1
playstore,xl,"kuota saya sisa 3 GB itupun cuman buka pesan WhatsApp,GK cukup sehari eh langsung kosong parah,sangat jelek",kuota sisa gb itu cuman buka pesan whatsapp hari eh langsung kosong parah jelek,1,6,0
playstore,xl,"apasi gak jelas, sinyal tiba tiba ilang, sinyal ada tiba tiba menghubungkan ulang gak jelas xl padahal kuota ada, makin lama makin gak jelas xl",apas sinyal ilang sinyal hubung ulang xl kuota xl,0,2,0
playstore,xl,kecawa pakai XL sinyal jelek paket data gak sesuai,kecawa pakai xl sinyal jelek paket data sesuai,2,2,0
playstore,xl,kuotanya mahal😭😭,kuota mahal,0,2,0
playstore,xl,"udh paketan mahal, apk sering eror pula",paket mahal apk eror,1,2,0
playstore,xl,"hmm kok kuotanya di batesin😔😔😔, sinyal nya sering jelek lagi klo dirumah, apalagi klo pas ujan, baru mendung aja udh sendet² sinyal nyh, banyak besabar sampe nunggu ujan lese☺️",hmm kuota batesin sinyal jelek rumah pas ujan mendung sendet sinyal nyh besabar sampe nunggu ujan lese,3,3,0
playstore,xl,"bisa ga sih ga usah potong pls kta pas perpanjangan msa aktif kuota, gua mslhnya gmau memperpanjangnya, njirr",potong pls kta pas panjang msa aktif kuota gua mslhnya gmau panjang njirr,3,4,0
playstore,xl,jaringan ilang terus,jaring ilang,1,1,0
playstore,xl,sinyal 4g nya sangat buruk buruk buruk sekali,sinyal buruk buruk buruk,0,3,0
playstore,xl,"sinyal dull bar. tp kenyataannya chat aja. gambar jam bs 2menit. apalagi buka aplikasi lain, lemot bgt, malah di bilang, periksa koneksi jaringan anda. maunya bgmn sih. jelek bgt sih XL. aku XL prioritas pascabayar lho... padahal operator kuning lebih murah, dan sinyal jg baik2 aja. ini dh mahal, tp kyk dpt rongsokan",sinyal dull bar nyata chat gambar jam bs menit buka aplikasi lot bilang periksa koneksi jaring mau bgmn jelek xl xl prioritas pascabayar lho operator kuning murah sinyal dh mahal kyk dpt rongsok,3,7,0
playstore,xl,"aplikasi suka error,, menurut saya harga Kouta terlalu tinggi dan jaringan suka ngelag🙏🏻",aplikasi suka error harga kuota jaring suka lambat,2,4,0
playstore,xl,"kenapa sih kadang kalo beli kuota gak pernah masuk , padahal udah di bayar loh",kadang beli kuota masuk bayar loh,1,2,0
playstore,xl,kuota saya tidak bisa diperpanjang lagi padahal dipaket nya tertulis bonus perpanjang ke bulan berikutnya setelah mengisi pulsa malah hilang paket kuotanya hadeehh,kuota panjang paket tulis bonus panjang isi pulsa hilang paket kuota hadeehh,5,4,1
playstore,xl,Karena lumayan mahal untuk paket data nya,lumayan mahal paket data,2,2,0
playstore,xl,cirle nya suka hilang,cirle suka hilang,0,1,0
playstore,xl,"kouta maHAL CEPET BGT NYEDOTNYA ud g punya wifi cpt bgt sedot koutanya, sengaja ya biar kita beli trs???",kuota mahal cepet nyedotnya ud wifi cepat sedot koutanya sengaja biar beli,2,4,0
playstore,xl,sekarang perpanjang otomatis engga jelas udah di isi tetep engga di perpanjang XL gimana,panjang otomatis engga isi engga panjang xl gimana,3,0,1
playstore,xl,kenapa kuota khusus whatsapp saya kadang gak kepakai malah yang kepakai kuota utama saya? tolong diperbaiki,kuota khusus whatsapp kadang pakai pakai kuota utama tolong baik,2,2,0
playstore,xl,aplikasi konyol masa beli pulsa aja gak bisa,aplikasi konyol beli pulsa,0,3,0
playstore,xl,"XL makin kesini makin parah asli,jangan pake XL gua saranin,pak Telkomsel KLO GK simpati bagusss",xl kesini parah asli pake xl gua saranin telkomsel simpati bagusss,1,2,0
playstore,xl,Semoga jaring selalu bisa stabil di semua area,moga jaring stabil area,3,0,1
playstore,xl,kenapa ngga bisa kirim pulsa lhoo aneh banget,ngga kirim pulsa lhoo aneh,1,2,0
playstore,xl,banyak bug sering erorr dan live chat agent sangat lama responnya. mengecewakan,bug erorr live chat agent responnya kecewa,2,1,1
playstore,xl,"jaringan nya makin ngelag, meskipun Uda di kota, tetap ngelag parah, masak nonton film di PineDrama ngelag nya parah,",jaring lambat uda kota lambat parah masak nonton film drama lambat parah,1,7,0
playstore,xl,minnnnn turunin harga paket plzzzz😶😗,minnnnn turunin harga paket plzzzz,2,0,1
playstore,xl,"Penukaran XL POIN nya SANGAT SANGAT TIDAK MENARIK BAHKAN WAKTU UNTUK MENGAHBISKAN KUOTANYA PELIT AMAT NIH XL,,KAN JADI PERCUMA PUNYA XL POIN BANYAK BANYAK,,,MARKETING UNTUK PROGRAM DAN PROMONYA GAK BISA KERJA,,2026 NIH XL GAS POL Dong Biar tambah Keren..Huft",tukar xl poin tarik mengahbiskan kuota pelit xl xl poin marketing program promonya kerja xl gas pol biar keren huft,5,3,1
playstore,xl,sinyal jelek sekali padahal di cikarang tolong diperbaiki lagi maaf kasih bintang 1,sinyal jelek cikarang tolong baik maaf kasih bintang,1,1,0
playstore,xl,Selamat,selamat,1,0,1
playstore,xl,tiba² saja kenapa tulisannya jadi kecil banget ya. malah bikin susah...,tulis bikin susah,0,1,0
playstore,xl,"njir, berlangganan dengan paket xl satu value stream, dengan booster tertulis catchplay+ aku kira bisa nonton film premium ternyata cuma bisa nonton film gratisan aja. wkwkwkk, sumpah kocak. ada dan gk ada booster catchplay+ sama aja. tau info ini setelah hubungi customer service. mending firstmedia jarang trouble, speed selalu mentok dan yang paling utama, gak pernah bohongin customernya. sampah, aku menggunakan ini karena firstmedia dimerger. jadi sejak awal gak pernah tertarik sama xl.",njir langgan paket xl value stream booster tulis catchplay nonton film premium nonton film gratis wkwkwkk sumpah kocak booster catchplay tau info hubung customer service mending firstmedia jarang trouble speed mentok utama bohongin customernya sampah firstmedia merger tarik xl,7,6,1
playstore,xl,sinyal nya sering error,sinyal error,0,1,0
playstore,xl,"klo malem lemot bngt, rugi!!",malem lot rugi,0,3,0
playstore,xl,makin lama pake XL makin gedek sinyal selalu gangguan paket data nya juga setiap hari makin mahal kemarin 100rb 57gb skrng sisa 30an GB makin ngk ngotak XL,pake xl gedek sinyal ganggu paket data mahal kemarin rb gb skrng sisa an gb ngk ngotak xl,1,4,0
playstore,xl,susah dibuka error terus malesin,susah buka error malesin,0,3,0
playstore,xl,"jangan pake XL, jaringan jelek banget, nyesel banget pake XL, gw saranin jangan pake XL, nanti kaya di goa susah signal",pake xl jaring jelek nyesel pake xl saranin pake xl kaya goa susah signal,1,3,0
playstore,xl,jelek banget jaring lu,jelek jaring,1,1,0
playstore,xl,"sinyal seminggu ini jelek bgt😡 saya ini pakai kartu XL, 2 kartu dan semuanya sama biasanya baik2 saja kok sekarang tiba2 ilang sinyal, trus timbul lagi, saya harus sampai matikan pesawat, lalu nyalakan lagi baru timbul lagi. jelas ada masalah jaringan, ini saya udah cek berkali-kali, saya member lama kartu XL ini.",sinyal minggu jelek pakai kartu xl kartu ilang sinyal trus timbul mati pesawat nyala timbul jaring cek kali kali member kartu xl,1,7,0
playstore,xl,sinyal Wifi mulai gak stabil,sinyal wifi stabil,1,0,1
playstore,xl,kalo malam sinyal kaya kentut gak bs jalan sama sekali lokasi jkt utara,malam sinyal kaya kentut bs jalan lokasi jkt utara,0,2,0
playstore,xl,makin lama makin jelek,jelek,0,1,0
playstore,xl,Dari dulu pake kartu xl jaringan bagus kenapa sekarang busuk amat ya padahal tower XL Deket,pake kartu xl jaring bagus busuk tower xl deket,3,1,1
playstore,xl,sangat mengecewakan...jaringan di dalam ruangan aja susahnya minta ampun,kecewa jaring ruang susah ampun,1,3,0
playstore,xl,"kejam rek, pas main kdg pingny tinggi, kl mati lgsg turun pingnya",kejam rek pas main kdg pingny kl mati lgsg turun pingnya,1,2,0
playstore,xl,"beli kuota mahal"" signalnya siput..lemoot banget..",beli kuota mahal signalnya siput lemoot,0,2,0
playstore,xl,"Bertaun taun pakai XL, kok taun ini makin parah sinyalnya. Udah coba ikutin instruksi biar sinyal membaik,malah sama aja jeleknya. Sampai kapan nih sinyal lemot,lelet begini???",taun taun pakai xl taun parah sinyal coba ikutin instruksi biar sinyal baik jelek sinyal lot lelet,1,8,0
playstore,xl,GARA GARA SINYAL XL RANK JADI ANJLOK. KUALITAS PARAHHH,gara gara sinyal xl rank anjlok kualitas parahhh,1,3,0
playstore,xl,"mau hubungi CC suruh update, bukak ps kagak ada update.. apalah ini... jaringan wifi tiap malam down terus.. cs bot. hubungi agent tidak direapon2",hubung cc suruh update bukak ps kagak update apa jaring wifi malam down cs bot hubung agent direapon,1,6,0
playstore,xl,sudah platinum sinyal XL makin hancur internet hilang dan sinyal lemot banget buat aplikasi narik,platinum sinyal xl hancur internet hilang sinyal lot aplikasi narik,0,4,0
playstore,xl,XL LEMOTTTT JARINGAN BAGUS TPI LEMOTT KOUTA MASIH BANYAK TPI LEMOTT JARINGAN NYA,xl lemotttt jaring bagus tpi lemott kuota tpi lemott jaring,3,1,1
playstore,xl,nggak recomended untuk pake kartu ini main game,nggak recomended pake kartu main game,1,0,1
playstore,xl,gak jelas xl makin lama masa main lemot jadinya keluar coba,xl main lot coba,0,1,0
playstore,xl,"mahal,lag,gak guna mending beli wifi blok",mahal lag mending beli wifi blok,1,1,0
playstore,xl,"jaringan sering pending kalo hujan, harga paket mahal dan sudah tidak ada bonus seperti dulu.",jaring pending hujan harga paket mahal bonus,4,2,1
playstore,xl,"udah lama pake XL sekarang malah nambah boros,,paket nya mahal semua,,mengecewakan sinyal nambah lelet",pake xl nambah boros paket mahal kecewa sinyal nambah lelet,1,4,0
playstore,xl,"Sinyal XL makin lama makin lelet, jdi gk nyaman pake XL, jengkel bnget",sinyal xl lelet jdi nyaman pake xl jengkel bnget,1,2,0
playstore,xl,"jaringan nya mangkin gak jelas, kuota tambah mahal, sinyal lelet",jaring mangkin kuota mahal sinyal lelet,1,3,0
playstore,xl,lemot banget.cek paket harus buka myxl.sudi amat...sampah,lot cek paket buka myxl sudi sampah,1,3,0
playstore,xl,kapan jaringan stabil nya yg ada gangguan tiap hari,jaring stabil ganggu,2,1,1
playstore,xl,ntah knpa sekarang jaringan XL lemot bgt,ntah knpa jaring xl lot,1,1,0
playstore,xl,"aplikasi terlalu sering error hampir setiap hari,paket data sekarang pada kemahalan dan tidak ada discound lagi kemudian jaringan lambat sekali beli kouta yang 300gb masih ada 200gb tapi ngelag nya minta ampun nyesal saya beli paket data dan menggunakan xl axiata",aplikasi error paket data mahal discound jaring lambat beli kuota gb gb lambat ampun nyesal beli paket data xl axiata,3,9,0
playstore,xl,"ampun x lemot nya.. dah di matika hp si restat ulang tetep gk sesuai baru beli paket ampu x bah.. lokasi medan / mandailing natal gk pernah bagus ,, lampu hidup nya gk mati.. kecuali mati hilang jaringan",ampun x lot dah matika hp si restat ulang sesuai beli paket ampu x bah lokasi medan mandailing natal bagus lampu hidup mati kecuali mati hilang jaring,6,7,0
playstore,xl,"mulai sekarang aku buang sim xl , jelek bnget, pindah k telkomsel yg lbih bagus sinyal kuat",buang sim xl jelek bnget pindah k telkomsel lbih bagus sinyal kuat,2,2,0
playstore,xl,sering ngelag sinyal nya,lambat sinyal,0,1,0
playstore,xl,buruk jaringan selalu menghilang. lemot banget.tolong dong tingkatkan lagi jaringanya di jakarta selatan,buruk jaring hilang lot tolong tingkat jaringanya jakarta selatan,2,3,0
playstore,xl,sangat bagus sinyalnya,bagus sinyal,1,0,1
playstore,xl,"pas beralih ke xl prioritas kenapa tidak bisa login lagi di myxl, tulisannya: terjadi gangguang saat memuat halaman ini, gitu terus ga bisa bisa",pas alih xl prioritas login myxl tulis gangguang muat halaman gitu,1,0,1
playstore,xl,"Wifi putus putus, tolong di perbaiki lagi.. jangan hanya ngingetin suruh bayar bulanan aja",wifi putus putus tolong baik ngingetin suruh bayar bulan,1,2,0
playstore,xl,"jaringan internet nya tolong diperbaiki, masak hidup mati tiba2, udah bagus padahal kemaren tapi ada kendala lagi, udah seminggu loh jaringan saya hilang2 terus tiba2, harus beli internet 5G dulu baru bagus sinyal nya gitu?",jaring internet tolong baik masak hidup mati bagus kemaren kendala minggu loh jaring hilang beli internet bagus sinyal gitu,5,3,1
playstore,xl,pengelaman,kelam,0,1,0
playstore,xl,"sudah lumayan lama pakai XL, awal pkai saja murah, lama kelamaan makin Mahal. harga dgn paketan yang di kasih gak ngojek.",lumayan pakai xl pkai murah mahal harga paket kasih ngojek,4,1,1
playstore,xl,lemot. respon cs lama. tdk meyelesaikan Masalah.,lot respon cs tdk meyelesaikan,1,1,0
playstore,xl,"XL parahhh..!!! jaringan lemot ky kura² hadehh rugi dah.... padahal udah beli paket 150gb=150rb kirain jaringannya bagus,ternyata lemot nya parah bgt buat buka googling aj muter² .... tau gitu mending beli paket Indosat lg ,... niat mau coba,ternyata kecewa berat.... semoga di respon sama XL nih, biar ada perbaikan jaringan note : lokasi di magun jaya tambun selatan bekasi (sy gak tau wlyh lain mgkn bagus)",xl parahhh jaring lot ky kura hadehh rugi dah beli paket gb rb kirain jaring bagus lot parah buka googling aj muter tau gitu mending beli paket indosat lg niat coba kecewa berat moga respon xl biar baik jaring note lokasi magun jaya tambun selatan bekas tau wlyh mgkn bagus,12,9,1
playstore,xl,sering ilang ilang an napa dah jaringannya ni provider,ilang ilang an napa dah jaring ni provider,1,4,0
playstore,xl,"Kecewa berat sama ni xl, aku pengguna lama xl sekarang sinyal jelek banget, beli kuota yang mana aja pun tetap aja ga ngaruh tolong dong di perhatikan, padahal aku tinggal di kota yang pemancar sinyalnya di mana mana, masak harus upgrade jadi xl prioritas baru bisa lancar sinyalnya, padahal juga banyak yang komplain di ulasan tapi tidaj pernah berbenah harus di kasih ulasan jelek dulu kah?",kecewa berat ni xl guna xl sinyal jelek beli kuota ngaruh tolong perhati tinggal kota pancar sinyal masak upgrade xl prioritas lancar sinyal komplain ulas tidaj benah kasih ulas jelek kah,2,6,0
playstore,xl,terima kasih atas 7 tahunnya XL saya akan meninggalkan kartu XL saya karena XL sekarang semakin mahal dan pelit gak ada bonus kuota kaya dulu selamat tinggal XL terima kasih atas 7 tahunnya🫣,terima kasih tahun xl tinggal kartu xl xl mahal pelit bonus kuota kaya selamat tinggal xl terima kasih tahun,4,2,1
playstore,xl,"niiiii xllll jaringan emang nggak bisaaaa di andalin laaahhhh, main gameeee tipa2 hilang ppk udah gituuu apk iniiii jugaaa sering nggak bisaaaa fi bukak kalau nggak ke peper nggak usah beli paket xl iniii",niiiii xllll jaring emang nggak bisaaaa andalin laaahhhh main gameeee tipa hilang ppk gituuu apk iniiii jugaaa nggak bisaaaa fi bukak nggak peper nggak beli paket xl iniii,2,1,1
playstore,xl,"santun, walau ada bonus isi pulsa yang hangus. myxl terbaru oke !🙏🙏🙏",santun bonus isi pulsa hangus myxl baru oke,2,2,0
playstore,xl,"jaringan XL jelek banget kalo dari jam setengah 6 sore sampai jam 11 malam, perbaiki lagi lah jaringan nya jangan bikin kecewa pelanggan nya",jaring xl jelek jam sore jam malam baik jaring bikin kecewa langgan,4,3,1
playstore,xl,makin lama makin parah aja sinyalnya di pake buat main game aja gak kuat parah sih,parah sinyal pake main game kuat parah,2,2,0
playstore,xl,"bonus kwotanya sedikit banget,berikan saya discout 90% harga kwota besar bulanan,",bonus kwotanya discout harga kwota bulan,2,1,1
playstore,xl,ini kenapa jaringan xl kalau buat scroll tiktok dan buka kolom komentar tiktok kok lemot,jaring xl scroll tiktok buka kolom komentar tiktok lot,1,1,0
playstore,xl,"admin admin malah harganya melambung tinggi, data sering kesedot padahal ga buka aplikasi, gw reting 5 Kana 1 ga bakal keliatan di atas😒",admin admin harga lambung data sedot buka aplikasi reting kana liat,2,3,0
playstore,xl,"min saya setiap maen game ml ngelag trus knp yah XL sekarng ga kaya dulu lancar2 aja, padahal ram HP saya ram Setengah tera",min maen game ml lambat trus knp yah xl sekarng kaya lancar ram hp ram tera,3,1,1
playstore,xl,ini kenapa kuota masih banyak gabisa buat YouTube!,kuota gabisa youtube,0,1,0
playstore,xl,aplikasi nya sering banget eror dan ngebug dan jaringan nya nge lag bnget cok tolong dong di perbaiki masa hari² nge lag. juga kouta nya makin mahal. wkwk sampe sekarang juga aplikasi nya makin bermasalh sering terjadi gagal pembelian koita gak bisa ini itu sering ngelag sering bug jujur ya kok makin kesini aplikasi sering gini sihh jujur yaa saya sebagai pengguna XL cukup kecewa dengan hal ini apalagi tidak ada solusi yang benar² bisa membantu suruh chat maya mulu tapi sulit solusinya gak ada!,aplikasi eror ngebug jaring nge lag bnget cok tolong baik nge lag kuota mahal wkwk sampe aplikasi bermasalh gagal beli koita lambat bug jujur kesini aplikasi gin sihh jujur guna xl kecewa solusi bantu suruh chat maya mulu sulit solusi,6,12,0
playstore,xl,ku kira daerah saya saja xl lemotnya minta ampun,ku daerah xl lot ampun,0,1,0
playstore,xl,XL prioritas tidak cocok untuk pengangguran seperti saya,xl prioritas cocok anggur,0,1,0
playstore,xl,"saya pengguna jaringan 5G dulu awal awal Xl ada 5G jaringan nya bagus dan lancar, bahkan tergolong cepat. tetapi belakangan ini kualitas nya sangat menurun, dan sangat mengganggu aktivitas saya. bahkan terkadang sering berpindah ke 4G yang jaringan nya sangat lambat bahkan seperti tidak ada internet. bahkan untung mengirim rating ini saja ngelag",guna jaring xl jaring bagus lancar golong cepat kualitas turun ganggu aktivitas terkadang pindah jaring lambat internet untung kirim rating lambat,10,3,1
playstore,xl,"paket mahal,mau beli paket gagal terosss pulsa kesedotnya gak ngotak,gangguan teros.",paket mahal beli paket gagal terosss pulsa sedot ngotak ganggu ros,2,5,0
playstore,xl,isi survei mulu tp ga ada perubahan malah makin buruk aja tuh sinyal ilang ntah kemana,isi survei mulu ubah buruk tuh sinyal ilang ntah mana,0,2,0
playstore,xl,tetap pertahankan paketan yang sudah lama berlangganan otomatis,tahan paket langgan otomatis,3,0,1
playstore,xl,JARINGAN MAKIN BUSUK AJA INI PERBAIKI NAPA HARGA PAKET MAKIN MAHAL PULA,jaring busuk baik napa harga paket mahal,4,3,1
playstore,xl,"buruk, create ticket troubleshoot tidak bisa",buruk create ticket troubleshoot,0,1,0
playstore,xl,"apasii kocakk setiapp isii kuotaa, bonusa kuotaa selaluu ilangg gitu aja padahal belum di ambil",apasii kocakk setiapp isi kuotaa bonusa kuotaa selaluu ilangg gitu ambil,0,1,0
playstore,xl,"mau daftar flexi mini 7 gb 14 hari susahnya minta ampun, padahal saldo dan masa aktif cukup. sekiranya XL belum siap dg promo tersebut jangan di tawarkan dulu ke customer, jujur sangat kecewa",daftar flexi mini gb susah ampun saldo aktif xl promo tawar customer jujur kecewa,2,3,0
playstore,xl,"jaringan lelet, terus mau beli paket gangguan Mulu, gimana kalo lagi buru-buru",jaring lelet beli paket ganggu mulu gimana buru buru,2,2,0
playstore,xl,",,ayo,,,masih berani buktikan yg terbaik gak,,,perbaiki kualitas konect mu,,,gmn?,,,berani,,,BUKTIKAN,,",ayo berani bukti baik baik kualitas konect mu gmn berani bukti,4,2,1
playstore,xl,good apk,good apk,1,0,1
playstore,xl,"saran saya lebih baik ganti provider dari pada darah tinggi naik , ni busuk banget ga ketolong",saran ganti provider darah ni busuk tolong,0,1,0
playstore,xl,"terpaksa saya kasih 3 bintang karena saya kecewa sama myxl nya biasa nya ada bonus nya sekarang sudah TDK lagi percuma saya isi paket data terus ,sekarang XL sudah miskin pelayanan kurang memuas kan",paksa kasih bintang kecewa myxl bonus tdk isi paket data xl miskin layan muas,3,4,0
playstore,xl,kenapa aplikasi saya tidak bisa di buka?,aplikasi buka,0,1,0
playstore,xl,"jaringan buruk sering hilang sinyalnya,harga paket data mahal",jaring buruk hilang sinyal harga paket data mahal,3,4,0
playstore,xl,jaringan lemot,jaring lot,1,1,0
playstore,xl,"hallo Tolong di perbaiki ,signal nya Jelek/kurang bagus padahal kouta masih banyak dan gimana ini agar sinyal tetap stabil tolong di perbaiki.",hallo tolong baik signal jelek bagus kuota gimana sinyal stabil tolong baik,5,2,1
playstore,xl,kenapa sekarang sinyal y susah padahal dlu g sebusuk ini,sinyal y susah dlu busuk,0,2,0
playstore,xl,aplikasi terlalu susah digunakan,aplikasi susah,0,2,0
playstore,xl,sinyal saya di wilayah cikarang timur kurang stabil trus...gak enal bgt di pake sosmed apa lagi game...tolong dong di perbaiki....sya udh komplen lewat maya di xl cmn gak ada perubahan ..... mudah²an aja cpt di perbaiki,sinyal wilayah cikarang timur stabil trus enal pake sosmed game tolong baik sya komplen maya xl cmn ubah mudah an cepat baik,6,0,1
playstore,xl,kureng sekarang agak aneh nih jaringan XL sering legg gak stabil,reng aneh jaring xl legg stabil,2,0,1
playstore,xl,"kuotanya sangat ngelek padahal paket saya masih banyak, dan jaringannya gak ada mulu ngelek banget pokoknya",kuota ngelek paket jaring mulu ngelek pokok,2,1,1
playstore,xl,Ni XL kocak kuota circle kita kan sisa 15rb lagi kan bisa dapet yang gratis 5GB terus pas gua ngisi Data kok malah ke reset Kuota 5GB nya mana woii Makin hari makin gajelas nih XL terus Mati Mulu jaringannya padahal gua udah lama make ni Jaringan Mending gua ganti kartu.,ni xl kocak kuota circle sisa rb dapet gratis gb pas gua ngisi data reset kuota gb woii gajelas xl mati mulu jaring gua make ni jaring mending gua ganti kartu,6,9,0
playstore,xl,kuota ff gak bisa dipake,kuota ff dipake,0,1,0
playstore,xl,makin parah ganguan nya tiap,parah ganguan,0,1,0
playstore,xl,setiap mau maketin kuota di potong 2k njir,maketin kuota potong k njir,0,3,0
playstore,xl,saya isi pulsa Rp.100.000 terpotong penggunaan pylsa paylater Rp.44.000 tapi sisah Pulsa saya RP.27.000 seTAI ini kah XL.????,isi pulsa rp potong guna pylsa paylater rp sisah pulsa rp setai kah xl,1,3,0
playstore,xl,"hmm, aneh jaringanya ko ngeleg terus, jd bimbang klo beli paketan internet",hmm aneh jaringanya ko lambat bimbang beli paket internet,1,2,0
playstore,xl,"bayar kuota mahal, buat main buang buang duit ngelag parah jaringan gajelas",bayar kuota mahal main buang buang duit lambat parah jaring gajelas,1,6,0
playstore,xl,jaringan nya eror mulu,jaring eror mulu,1,1,0
playstore,xl,"wedyaan, paket datanya naik lagi harganyaa",wedyaan paket data harganyaa,1,1,0
playstore,xl,"Kuota semakin mahal, katanya akumulasi giliran dibeli paket yang sama namun kuota lebih sedikit malah kuota sebelumnya hangus. tanpa ada info terlebih dahulu.. 🤣🤣 kalo ada bintang 0 saya isi 0 saja.. padahal saya pelanggan lama di XL dan Axis..",kuota mahal akumulasi gilir beli paket kuota kuota hangus info bintang isi langgan xl axis,2,6,0
playstore,xl,xl nih ya aku udah komplen 2x ke live agent dan sudah merestart hp tapi masih aja sinyalnya ilang terus secara tiba tiba mana tiap kali internetan di momen penting selalu aja ilang entah kemana.... udah komplen ke csnya malah responnya hanya kasus yang dianggap sepele,xl komplen x live agent merestart hp sinyal ilang kali internetan momen ilang mana komplen csnya responnya anggap sepele,1,2,0
playstore,xl,aplikasi terlemot sinyal buka ini aplikasi lama banget buat check sisa kuota njirrr,aplikasi lot sinyal buka aplikasi check sisa kuota njirrr,1,5,0
playstore,xl,woilah min gimana gua beli lagi 5 gb gabisa dipake ini gimana sihh,woilah min gimana gua beli gb gabisa dipake gimana sihh,0,2,0
playstore,xl,jaringan kurang baik,jaring,1,0,1
playstore,xl,"beli paket mahal"" sampe 150rb aku kira kecepatan mungkin bisa 7mbps ato lebih, ini malah gak sampai 1mbps sial, kalo mau jual paket itu tulis juga kecepatan internetnya harga segeini kecepatanya juga segini di keterangan, penipu",beli paket mahal sampe rb cepat mbps ato mbps sial jual paket tulis cepat internetnya harga segeini kecepatanya gin terang tipu,6,2,1
playstore,xl,sumpah lama lama jaringan xl gak bklan laku kalok sinyal kyak gini terus,sumpah jaring xl bklan laku kalok sinyal kyak gin,1,0,1
playstore,xl,paket bulannya kalau bisa di turunin harganya,paket bulan turunin harga,2,1,1
playstore,xl,sinyal lebih di tingkan lagi biar jangkauan lebih luas lagi,sinyal ting biar jangkau luas,1,0,1
playstore,xl,"tolong dibenerin, udah seminggu ini error mulu padahal koneksi internet udah bagus",tolong dibenerin minggu error mulu koneksi internet bagus,1,1,0
playstore,xl,sering mati-hidup,mati hidup,0,1,0
playstore,xl,udah di-update tapi suruh update lagi..gimana sih ini,update suruh update gimana,0,1,0
playstore,xl,"5g prioritas gimmick doang ngakak XL, saya fix ganti provider!",prioritas gimmick doang ngakak xl fix ganti provider,0,1,0
playstore,xl,"aplikasi stupid, customer mau beli paket data internet kok di persulit, ini sengaja ya?",aplikasi stupid customer beli paket data internet sulit sengaja,1,4,0
playstore,xl,Kemarin sama hari ini masih gangguan..emang taik nih xl..gak kayak telkomsel..,kemarin ganggu emang taik xl kayak telkomsel,0,3,0
playstore,xl,kenapa setiap buka aplikasi selalu masuk dari awal lagi.. dan itupun selalu gagal?? moho penjelasannya,buka aplikasi masuk itu gagal moho jelas,0,4,0
playstore,xl,kok gak bisa pake dana lgi sih min tolong di perbaikin dong min,pake dana lgi min tolong perbaikin min,1,0,1
playstore,xl,"sinyal bagus, paketx murah juga hadiahx lumayan, klau bisa bonusx d tambah lagi, Trims",sinyal bagus paketx murah hadiahx lumayan klau bonusx d trims,4,0,1
playstore,xl,Ditempat saya xl sinyalnya bagus. Ayo dong xl adain lagi diskon 60% untuk pembelian Combo Plus nya.. 😊😊😄,tempat xl sinyal bagus ayo xl adain diskon beli combo plus,4,1,1
playstore,xl,"ane bingung jua kenapa perusahaan axis mengalami likuisasi oleh pihak pershann xl Axiata, namun jika kita beli kuota xl dg pakai apps gojek dan dana, gopay, wallet, kantong jago, dan ovo, kalau hal paket nya sih lancar saja, trgntung berapa gb yg hendak kita beli khusus nya flexi mini, dan kuota akrab, namun masih mengalami kendala pd saat kita memasukkan kode voucher pd kartu gosok, kdng kadang sistem android, sring trjadi maslah tntang keaktifan paketnya,",ane bingung jua usaha axis alami liku pershann xl axiata beli kuota xl pakai apps gojek dana gopay wallet kantong jago ovo paket lancar trgntung gb beli khusus flexi mini kuota akrab alami kendala pd masuk kode voucher pd kartu gosok kdng kadang sistem android sring trjadi mas tntang aktif paket,9,9,0
playstore,xl,"aku perhatiin beberapa kali setiap kuota habis dan mau beli paket data selalu saja ada perbaikan aplikasi, ujung2nya harus beli lewat *808#, trus pilihan paket yg biasa di beli ga ada, emang gitu ya cara XL cari untung, user lama ini bos, sumpah bikin males pake xl, biasanya beli 61,5 k yg 24gb, ini cuma ada pilihan 5+5 gb, terpaksa bgt belinya, terakhir deh ini, gak akan nyesel aku ganti kartu perdana lain....",perhatiin kali kuota habis beli paket data baik aplikasi ujung beli trus pilih paket beli emang gitu xl cari untung user bos sumpah bikin males pake xl beli k gb pilih gb paksa beli nyesel ganti kartu perdana,4,10,0
playstore,xl,sangat bagus🥰🥰,bagus,1,0,1
playstore,xl,"Asli sumpah demi Tuhan XL skarang makin parah .. Gw taro oprator lain di SIM 1 data aktif, trus gw taro XL di SIM 2 data ga aktif. Lah ini dlm sminggu pulsa XL sy hilang 8 ribu, sy sering trima sms ""Kamu sedang menikmati internet tarif normal 55/MB"". Padahal data tidak sy aktifin, ko bisa pulsa sy hilang 8 ribu slama sminggu. XL ko skarang diem2 jadinya doyan maling pulsa ya ..",asli sumpah tuhan xl skarang parah taro oprator sim data aktif trus taro xl sim data aktif dlm sminggu pulsa xl hilang ribu trima sms nikmat internet tarif normal mb data aktifin ko pulsa hilang ribu slama sminggu xl ko skarang diem doyan maling pulsa,5,9,0
playstore,xl,all good,all good,1,0,1
playstore,xl,"Aplikasi paling tolol yg pernah terinstall , buka aplikasi hampir 2 jam nunggu gk bisa terbuka buka, aplikasi lelet, banyak gangguan, respon cs di aplilkasi lambat,ini ulasan paling jujur dri saya kritikan sebagai evaluasi sistem myXL",aplikasi tolol terinstall buka aplikasi jam nunggu buka buka aplikasi lelet ganggu respon cs aplilkasi lambat ulas jujur dri kritik evaluasi sistem myxl,2,9,0
playstore,xl,sampai jam berapa aplikasi ini gangguan,jam aplikasi ganggu,0,2,0
playstore,xl,"min knp XL selalu ada masalah,jaringan lemot,aplikasi ga bisa dibukak",min knp xl jaring lot aplikasi dibukak,1,2,0
playstore,xl,"banyak ga bisa ke buka nya terus, kebanyakan di perbaiki terusss",buka banyak baik terusss,1,0,1
playstore,xl,sering kali aku kadang buka aplikasi myxl. muncul tulisan seperti ini. kami sedang menyiapkan myxl yang lebih baik. sering kali seperti itu. udah paket habis gak bisa beli paket data di myxl.,kali kadang buka aplikasi myxl muncul tulis myxl kali paket habis beli paket data myxl,3,2,1
playstore,xl,"ni apk kenapa si, dikit' pembaruan mana lama bngt lagi dan ini jls banget ganggu klo lagi mau isi voucher/cek kuota, tolong dong diperbaikin udah sering banget. dan juga sering lag nnti pas diliat kuota nya habis dan pas dicek lagi ternyata kuotanya masih ada.",ni apk si dikit baru jls ganggu isi voucher cek kuota tolong diperbaikin lag nnti pas liat kuota habis pas cek kuota,3,7,0
playstore,xl,JARINGAN BUSUK kebanyakan update tapi gaada guna,jaring busuk banyak update gaada,1,2,0
playstore,xl,"jaringan semakin gak jelas seharian perbaikan ,, pake XL punya hp serasa gak punya hp",jaring hari baik pake xl hp serasa hp,2,0,1
playstore,xl,gangguan woi apk kalo malem,ganggu woi apk malem,0,2,0
playstore,xl,kebanyakan perbaikan/trobel,banyak baik trobel,1,0,1
playstore,xl,"lama banget nunggunya sampai paket saya habis dulu kah baru bisa, apalagi kalau mau isi paket data harus ada kuota dulu baru bisa,puyeng aku pikirin.gimana kalau kuota nya ngga ada langsung ngga bisa masuk ja pake drama hotspot dulu.dari dulu sampe sekarang bagus yang dulu deh kayaknya.soalnya dulu ngga pake drama nunggu,kalau habis kuota juga masih bisa ngisi.",nunggunya paket habis kah isi paket data kuota puyeng pikirin gimana kuota ngga langsung ngga masuk ja pake drama hotspot sampe bagus kayak ngga pake drama nunggu habis kuota ngisi,5,12,0
playstore,xl,setiap malam pasti gangguan gak jelas.. bikin kesel mau beli pulsa atau isi ulang paket internet jadi susah.. tolonglah aplikasi jangan sering di utak Atik.. bikin tambah lemot aja,malam ganggu bikin kesel beli pulsa isi ulang paket internet susah tolong aplikasi utak atik bikin lot,1,7,0
playstore,xl,"aplikasi taik ni, setiap mau melakukan pembelian paket, selalu error, paket yang ada pilih tidak terdeteksi, klw ga terdeteksi ngapain di taro dalam pilihan, ga jelas kali ni Xl, sering kali perbaharui, ga jelas apa yang diperbaharui kayak",aplikasi taik ni beli paket error paket pilih deteksi klw deteksi ngapain taro pilih kali ni xl kali baharu baharu kayak,2,6,0
playstore,xl,"gila gila. makin kesini makin mahal, makin jelek juga jaringannya. dahlah makasih buat 4 tahunnya.",gila gila kesini mahal jelek jaring dah makasih tahun,2,3,0
playstore,xl,sering gangguan,ganggu,0,1,0
playstore,xl,"aplikasi tolol udah paket mahal"" jaringan sering down",aplikasi tolol paket mahal jaring down,2,4,0
playstore,xl,"mau buka ke XL mah susah,saya 1 Jam aja nggak masuk masuk",buka xl mah susah jam nggak masuk masuk,0,3,0
playstore,xl,sangat sangat kecewa...... lagi penting malah gangguan lama lagi,kecewa ganggu,0,2,0
playstore,xl,aplikasi rusak gangguan mulu mau bli paket gangguan gak jlas tolong di perbaiki ni aplikasi,aplikasi rusak ganggu mulu bli paket ganggu jlas tolong baik ni aplikasi,2,4,0
playstore,xl,sering tidak bisa dibuka . mohon diperbaiki lagi agar mudah di akses semua orang..,buka mohon baik mudah akses orang,3,0,1
playstore,xl,Alhamdulillah. irit bangat dengan XL,alhamdulillah irit bangat xl,1,0,1
playstore,xl,"Terlanjur make XL ya gimana ya, kuota kadang ngurang sendiri masa berlakunya,bukan mau menjelekkan atau gimana pas mau beli di aplikasi suka close close dan terkadang error terganggu bgt makenya, dahlah kadang mau masuk aplikasinya aja pun buat ngecek kuota susah bgt bgt,XL poinnya juga aneh kuota WhatsApp 1GB kok ga bisa kepake rugi bgt XL poinnya,pengen ganti kartu si tapi males, untuk XL mohon di perbaiki yaps biar makin betah di XL !.",lanjur make xl gimana kuota kadang ngurang laku jelek gimana pas beli aplikasi suka close close terkadang error ganggu makenya dah kadang masuk aplikasi ngecek kuota susah xl poin aneh kuota whatsapp gb kepake rugi xl poin ken ganti kartu si males xl mohon baik yaps biar betah xl,7,15,0
playstore,xl,tolong di perkuat kouta nya cepat banget habis nya notifikasi aja udh ngabisin 100MB kouta gimana kalo kita apk nya 5mnt udh 150mB di kalikan dengan setengah jam wauh mantap sekali jaringan nya jga kurang stabil,tolong kuat kuota cepat habis notifikasi ngabisin mb kuota gimana apk mnt mb kali jam wauh mantap jaring stabil,5,2,1
playstore,xl,mahal doank. quota nya ga sesuai,mahal doank quota sesuai,1,1,0
playstore,xl,makin lamaa makin buruk,lamaa buruk,0,1,0
playstore,xl,"SEKARANG MALAH SINYAL NYA JELEK BANGET, UDAH BELI 100 GB TETEP AJA GK GUNA SINYAL DIPAKE HILANG SENDIRI LAMA BANGET, DIBUAT MAIN GA LANCAR SEDIKIT PUN, MODE PESAWAT DAN BERBAGAI CARA MASIH AJA SAMA ,AUTO HAPUSS MENDING CARI LAIN",sinyal jelek beli gb sinyal dipake hilang main lancar mode pesawat auto hapuss mending cari,2,4,0
playstore,xl,Singal jelek banget,singal jelek,0,1,0
playstore,xl,"Parah,,,,udah beli masa berlaku SIMcard 1 tahun, tetap juga muncul kartu anda akan expayer dan benar-benar tidak bisa login ke aplikasi XL, kecewa banget. gue harus ganti jaringan lainnya.",parah beli laku simcard muncul kartu expayer login aplikasi xl kecewa ganti jaring,1,3,0
playstore,xl,"knpa di jam 12 lewat apk pasti mantance/perbaikan,buat repot orang kalo kuota habis aja",knpa jam apk mantance baik repot orang kuota habis,1,2,0
playstore,xl,"kuota makin ke sini makin mahal dapat nya makin dikit, hari nya juga makin berkurang. Uda tau tiap mau pergantian hari orang mau perpanjang kuota, ketika itu juga sering maintenance aplikasi di jam itu. bikin kuota yg terkumpul hangus gara2 tak bisa perpanjang",kuota mahal dikit kurang uda tau ganti orang panjang kuota maintenance aplikasi jam bikin kuota kumpul hangus gara panjang,2,10,0
playstore,xl,ga jls banget kebanyakan perbaikan tapi ga betul betul ini aplikasi,jls banyak baik aplikasi,1,1,0
playstore,xl,sekarang kalau buka apk myXl ko banyak banget ganguan nya njir,buka apk myxl ko ganguan njir,0,1,0
playstore,xl,lag lag tolol,lag lag tolol,0,1,0
playstore,xl,makin kesini makin jelek setelah di update. tiap tengah malem buka aplikasinya selalu gabisa diskon kuota pun makin kesini makin gaada tolong dong naikin lagi kualitasnya,kesini jelek update malem buka aplikasi gabisa diskon kuota kesini gaada tolong naikin kualitas,2,5,0
playstore,xl,g jls sering error,jls error,0,1,0
playstore,xl,"jelek, nyesel,trouble terus",jelek nyesel trouble,0,2,0
playstore,xl,jelek banyak bug,jelek bug,0,1,0
playstore,xl,apk idiot maintence trus,apk idiot maintence trus,0,1,0
playstore,xl,tolong di perbaiki setiap MLM pasti mantanance,tolong baik mlm mantanance,1,0,1
playstore,xl,"Harga Kuota Lebih Mahal,Sinyal Suka Kadang Kadang Hilang Sendiri,Kuota Mahal Bukannya Lebih Cepet Tapi Lebih Lambat,Aplikasi Kebanyakan Maintance/Suka Eror Kadang Gabisa Dibuka,Sehat"" Dah Wkwkwkwk,Klau Kayak Gini Terus Pelanggan Lu Bakalan Banyak Yang Cabut.",harga kuota mahal sinyal suka kadang kadang hilang kuota mahal cepet lambat aplikasi banyak maintance suka eror kadang gabisa buka sehat dah wkwkwkwk klau kayak gin langgan cabut,6,11,0
playstore,xl,WOY APAAN SI MAINTENANCE MULU JADI KAGA BISA BELI KUOTA. UDAH DI UNINSTALL TRS INSTALL LG SAMA AJA.,woy si maintenance mulu kaga beli kuota uninstall install lg,0,1,0
playstore,xl,biasanya bintang 5 skrg bintang 1 kr ahir2 ini byk maintence. mau cek kuota berkali kali gsk bisa.,bintang skrg bintang kr ahir byk maintence cek kuota kali kali gsk,0,2,0
playstore,xl,"DIKIT"" EROR NIAT GA SI BUAT APLIKASI?",dikit eror niat si aplikasi,0,3,0
playstore,xl,"lelet, makin sering beli paket makin mahal, kadang ga bisa dibuka apknya",lelet beli paket mahal kadang buka apknya,2,2,0
playstore,xl,"apk gajelas, aku udah ngisi ga masuk²",apk gajelas ngisi masuk,0,1,0
playstore,xl,"sinyal xl sangat lemot di daerah saya, padahal jarak tower cuman, 500 meter dari rumah,",sinyal xl lot daerah jarak tower cuman meter rumah,1,1,0
playstore,xl,mau isi kouta malah ga bisa masuk .. emang jaringan tolol,isi kuota masuk emang jaring tolol,1,3,0
playstore,xl,mau beli paket aja di persulit,beli paket sulit,1,1,0
playstore,xl,makin kusut aja sinyal nya,kusut sinyal,0,1,0
playstore,xl,sangat mudah,mudah,1,0,1
playstore,xl,"kalau udah sore ke malam jaringannya lelet, padahal bayar yang 50mbps tp waktu test cuma 10mbps. buat pengaduan susah. awal2nya oke, makin kesini makin buruk padahal bayar selalu tepat waktu",sore malam jaring lelet bayar mbps test mbps adu susah oke kesini buruk bayar,2,5,0
playstore,xl,"Jaringan lemot, pas data hidup sinyal malah hilang dan gong nya lagi paket data internet ngk pernah di hidupin tapi pulsa di potong terus dgn notifikasi paket data telah mencapai.... padahal data ngk hidup, kecewaaaaa",jaring lot pas data hidup sinyal hilang gong paket data internet ngk hidupin pulsa potong notifikasi paket data capai data ngk hidup kecewaaaaa,4,8,0
playstore,xl,respon Lama. semenjak diubah dari first media ke XL jaringan setiap hari lemot. kalau begini mending ganti provider lain aja,respon semenjak ubah first media xl jaring lot mending ganti provider,3,1,1
playstore,xl,gangguan teruss ahhh jelekkkkk,ganggu teruss ahhh jelekkkkk,0,1,0
playstore,xl,"udah lama pake XL, tp makin kesini makin mahal aja .. blm lg kalo cuaca mendung, lgsung ilang tuh jaringan ..",pake xl kesini mahal blm lg cuaca mendung lgsung ilang tuh jaring,1,3,0
playstore,xl,sinyal nya jelek banget daerah Jawa Barat Karawang,sinyal jelek daerah jawa barat karawang,0,1,0
playstore,xl,SIBUR (SINYAL BURUK) LOKASI KABUPATEN BEKASI CIBITUNG. TOLONG DIPERBAIKI YA. TERIMAKASIH,sibur sinyal buruk lokasi kabupaten bekas cibitung tolong baik terimakasih,2,1,1
playstore,xl,"makin lama makin ga jelas aja nih provider satu, udh maakin mahal tambah jaringan pun suka hilang"" ga jelas . kalau pen mau bagus perbaiki dh jaringan nya",provider maakin mahal jaring suka hilang pen bagus baik dh jaring,4,2,1
playstore,xl,"XL MAKIN KESINI MAKIN GA JELAS , SUDAH LEBIH DARI 7HARI SINYAL LAG TERUS , PADAHAL KUOTA BANYAK , TOLONG LAH DIPERBAIKI BIAR MAKIN BAGUS GITU , HAMPIR SEMUA PENGGUNA XL MASALAH NYA SAMA , YAITU SINYAL LAG PARAH , MASUKAN DARI SAYA , PERBAIKI SISTEM DAN SINYAL NYA AGAR PENGGUNA APK XL MAKIN NYAMAN DAN BETAH , TAPI KALO MASIH BEGINI YA MAU GA MAU GW GANTI KARTU , DARIPADA BELI KUOTA BANYAK TAPI SINYAL NYA JELEK DAN CACAT AKHIRNYA GA KEPAKE KAN SIA-SIA DAN RUGI , JANGAN LUPA DIPERBAIKI SINYALNYA 🙏",xl kesini sinyal lag kuota tolong baik biar bagus gitu guna xl sinyal lag parah masuk baik sistem sinyal guna apk xl nyaman betah ganti kartu beli kuota sinyal jelek cacat kepake sia sia rugi lupa baik sinyal,7,10,0
playstore,xl,"bisa ngga kalo pas lagi ngegame sinyal ngga ilang"" ?😡",ngga pas ngegame sinyal ngga ilang,1,3,0
playstore,xl,utk jaringan internet klu MLM selalu TDK ada koneksi,utk jaring internet klu mlm tdk koneksi,1,0,1
playstore,xl,ini ngapa sih XL ini..barusan saya updet tapi di aplikasi nya katanya blom di updet aneh bner ..mau beli paket via pulsa aja susah,ngapa xl barusan updet aplikasi blom updet aneh bner beli paket via pulsa susah,1,3,0
playstore,xl,buat isi kouta,isi kuota,0,1,0
playstore,xl,sudah 1 minggu ini signal di rumah saya lemot,minggu signal rumah lot,1,1,0
playstore,xl,"beli jaringan yg 5G tapi jaringan ampas padahal di kota,makin kesini makin nga jelas,jaringan selalu ampas nga guna",beli jaring jaring ampas kota kesini nga jaring ampas nga,3,3,0
playstore,xl,jaringan loading terus,jaring loading,1,0,1
playstore,xl,"apaan sih TULISAN SIGNAL 5G PALING CEPAT, TAPI NYATANYA LELET BANGET. NGGAK PUAS BANGET MAKE KUOTA UNTUK NONTON. BELI MAHAL-MAHAL TAPI SIGNAL LELET",tulis signal cepat lelet nggak puas make kuota nonton beli mahal mahal signal lelet,2,5,0
playstore,xl,"lebih diperbaiki lagi, wilayah sby barat kedurus parah",baik wilayah sby barat kedurus parah,1,1,0
playstore,xl,"Makin hari sinyal XL makin lemot aja,kuota 65GB ga nyampe 28 hari udah habis gra2 sinyal loading . Nonton video youtube aja macet2 melulu,jadi kuota internet cepet abis cuma buat LOADING DOANG 👎",sinyal xl lot kuota gb nyampe habis gra sinyal loading nonton video youtube macet melulu kuota internet cepet abis loading doang,1,4,0
playstore,xl,apk myxl sering di update terus pulsa sering terpotong,apk myxl update pulsa potong,0,2,0
playstore,xl,sangat tidak berguna,guna,1,0,1
playstore,xl,"Jaringan lemot banget, padahal tinggal di Tangerang",jaring lot tinggal tangerang,1,1,0
playstore,xl,kocak banget jaringan nya mending pake Smartfren,kocak jaring mending pake smartfren,2,1,1
playstore,xl,makin ke masa depan malah makin parah,parah,0,1,0
playstore,xl,"kak kenapa akhir² ini xl kuotanya mahal² ya padahal udah langganan lama, sama kadang sinyalnya suka ngilang sendiri😒 ini kenapa lagi ya xl sy beli kuota bulan mei 2026 malah tambah lemot sinyalnya kenapa xl pdhl kuota saya beli 60gb loh kapok saya ga akan isi lagi, maaf bintangnya sy kasih satu krn kecewa",xl kuota mahal langgan kadang sinyal suka ngilang xl beli kuota mei lot sinyal xl pdhl kuota beli gb loh kapok isi maaf bintang kasih kecewa,2,8,0
playstore,xl,"Jaringan data sangat buruk , mohon diperbaiki. Terimakasih",jaring data buruk mohon baik terimakasih,3,2,1
playstore,xl,"Apalah makin kesini makin lemot aja sinyal nya, kecewa parah dengan harga paket yg melambung tinggi tapi kualitas jaringan sangat sangat sangat lemot, Tolong lah di perbaiki, saya ngerti kalian menurunkan kualitas jaringan 4G biar pada beralih ke 5G tapi nggak harus menurunkan kualitas jaringan 4G dengan yg sangat buruk juga.",apa kesini lot sinyal kecewa parah harga paket lambung kualitas jaring lot tolong baik ngerti turun kualitas jaring biar alih nggak turun kualitas jaring buruk,10,6,1
playstore,xl,susah tidak bisa beli kuota .....,susah beli kuota,0,2,0
playstore,xl,"XL suka tiba tiba ngelag, Kuota mahal, Kuota penukaran XL poin Kuota Free Fire Lag Gak Bisa Login",xl suka lambat kuota mahal kuota tukar xl poin kuota free fire lag login,2,5,0
playstore,xl,"lawak sinyal ilang Mulu,udh gitu lama kartu gak jelas",lawak sinyal ilang mulu gitu kartu,0,1,0
playstore,xl,aplikasi berat saat digunakan,aplikasi berat,0,1,0
playstore,xl,paket bundling tidak bisa masuk,paket bundling masuk,1,1,0
playstore,xl,tingkat kan lagi ya bosss,tingkat bosss,1,0,1
playstore,xl,kenapa sih sekarang XL sering gangguan,xl ganggu,0,1,0
playstore,xl,tidak ada notifikasi untuk pembayaran langganan.,notifikasi bayar langgan,1,0,1
playstore,xl,harga kuota internet nya terjangkau paket internet nya berkurang,harga kuota internet jangkau paket internet kurang,2,2,0
playstore,xl,"makin lama makin mahal woi min,ada yang sama gak?😓",mahal woi min,0,1,0
playstore,xl,Makin Parahhh!!! Makin Gajelas!!! Beli Paket Mahal2!!! Sinyall Parah Sekali!!!!!!,parahhh gajelas beli paket mahal sinyall parah,1,2,0
playstore,xl,nyesel bgt pakai ini responnya kurang dan lambat bgt penanganan untuk wifi trouble,nyesel pakai responnya lambat tangan wifi trouble,1,2,0
playstore,xl,"jaringan data sering mati, padahal full sinyal",jaring data mati full sinyal,1,2,0
playstore,xl,harga kuota mahal. jaringan bapuk. terpaksa beli pulsa aja karna sudah masa tenggang kartu sudah lama pakai,harga kuota mahal jaring jelek paksa beli pulsa tenggang kartu pakai,2,5,0
playstore,xl,mau beli paket data aja ribet disuruh update tapi gak bisa di update,beli paket data ribet suruh update update,1,3,0
playstore,xl,UDAH BEBERAPA HARI INI SINYAL NYA JELEK BANGETTT,sinyal jelek bangettt,0,1,0
playstore,xl,"semenjak pindah ke XL satu, CSnya slow respon,mesti nunggu berjam-jam, itupun hanya janji tinggal janji, penanganan atas kendala jaringan sangat lambat.",semenjak pindah xl csnya slow respon mesti nunggu jam jam itu janji tinggal janji tangan kendala jaring lambat,5,4,1
playstore,xl,perbaiki perbaik dan perbaiki,baik baik baik,3,0,1
playstore,xl,"beli paket pun error jing, aplikasi apa ini, perusahaan elit perbaiki bug aplikasi sulit",beli paket error jing aplikasi usaha elit baik bug aplikasi sulit,2,4,0
playstore,xl,"apk apaan kaya gini mau beli paket sama pulsa malah suruh update, padahl dah v paling baru",apk kaya gin beli paket pulsa suruh update padahl dah v,1,3,0
playstore,xl,kok makin mahal sih,mahal,0,1,0
playstore,xl,"jujur lama kelamaan ni xl eror trus, mau top up lewat sini gangguan trus dari kemarin, apalagi setiap buka apknya juga suka mental trus, dan cuma di apk xl doang, yang berarti emang apknya yang bermasalah. 3 bintang buat bonus yang ada tiap bulan dan -2 buat apk eror. diliat liat emang banya yang protes, tapi cuma di tanggapi tanpa ada aksinya.",jujur ni xl eror trus top up ganggu trus kemarin buka apknya suka mental trus apk xl doang emang apknya masalah bintang bonus apk eror liat liat emang banya protes tanggap aksi,4,5,0
playstore,xl,"Please, kenapa setiap tukar xlpoin ada yg ga masuk gitu. Whatsapp 1gb ga pernah masuk udh ditukar bbrp kali. Terus tadi tukar ke viu 2gb. tapi tetep aja gabisa. kenapasih? kalo emg ga mampu ngasih kuota khusus gitu mending dihilangin fiturnya aja dah kata gua mah.",please tukar xlpoin masuk gitu whatsapp gb masuk tukar bbrp kali tukar viu gb gabisa kenapasih emg ngasih kuota khusus gitu mending dihilangin fiturnya dah gua mah,1,8,0
playstore,xl,"begitu ampas sekali jaringan nya, bentar bentar hilang bentar bentar hilang, bilang nya tercepat ternyata sama 3 dan im3 aja kalah. kuat",ampas jaring bentar bentar hilang bentar bentar hilang bilang cepat im kalah kuat,3,4,0
playstore,xl,"kenapa xl circle tidak dapat bonus padahal sudah mencapai target, tolong di bantu min",xl circle bonus capai target tolong bantu min,1,0,1
playstore,xl,"kecewa banget sama jaringan internet xl sekarang udah 5 tahun pakai xl, baru kali ini jaringan xl bikin emosi udah harga paket mahal jaringan sulit, tolong donk buat xl di perbaiki jaringan nya sungguh sangat mengecewakan",kecewa jaring internet xl pakai xl kali jaring xl bikin emosi harga paket mahal jaring sulit tolong donk xl baik jaring sungguh kecewa,7,4,1
playstore,xl,"pelayanan bagus, dan menginspirasi.",layan bagus inspirasi,1,1,0
playstore,xl,sangat kurang dalam hal bonus kuota layanan dan pulsa darurat,bonus kuota layan pulsa darurat,1,2,0
playstore,xl,sinyal jelek👎👎👎👎👎,sinyal jelek,0,1,0
playstore,xl,"ini kenapa ga bisa login dah, gajelas banget masa harus punya kouta dulu baru bisa masuk, padahal udah pake wifi, gimana mau beli kouta kalo login ke apk nya aja ga bisa aneh bgt",login dah gajelas kuota masuk pake wifi gimana beli kuota login apk aneh,0,4,0
playstore,xl,"XL lag parah 1 Minggu terakhir, buat scroll lag, buat yt lag, buat game lag. beneran separah itu.",xl lag parah minggu scroll lag yt lag game lag beneran parah,2,2,0
playstore,xl,"XL itu jaringannya menyebalkan padahal di pakai di kota. apa lagi kalo pas mendung, di buat buka apl XL sendiri pun LOLA... lambat sangat... 😡",xl jaring sebal pakai kota pas mendung buka apl xl lola lambat,2,3,0
playstore,xl,sangat jelek,jelek,0,1,0
playstore,xl,"sinyal lelet, paket berubah2, deskripsi paket dibikin rumit,, agar cstmr bingung dan ternyata tidak sesuai ekpetasi,, live chat ga ngasih solusi, chat respon nya lama..",sinyal lelet paket ubah deskripsi paket bikin rumit cstmr bingung sesuai ekpetasi live chat ngasih solusi chat respon,8,3,1
playstore,xl,Harga kuotanya semakin lama semakin mahal harganya,harga kuota mahal harga,2,2,0
playstore,xl,oke banget,oke,1,0,1
playstore,xl,"Beli kuota ada pemberitahuan berhasil,tetapi tidak masuk.Hanya dalam semalam pulsa habis",beli kuota pemberitahuan hasil masuk malam pulsa habis,1,5,0
playstore,xl,minta tolong di perhatikan untuk jaringan 4G yang akhir² ini sering sekali Drop MBPS. semenjak paket 5G ada. jaringan 4G sering bareng drop. mohon di perbaiki kembali sinyal 4G nya karna Masih banyak pengguna yang masih menggunakan Jaringan 4G. terlebih lagi masih banyak 5G di beberapa wilayah yang masih blm merata atau Device yang masih belum Support untuk 5G terlebih lagi saat Bermain Game / Scroll sosmed jadi sering Drop per beberapa menit sekali dan lumayan sering hilang sinyal,tolong perhati jaring drop mbps semenjak paket jaring bareng drop mohon baik sinyal guna jaring wilayah blm rata device support main game scroll sosmed drop menit lumayan hilang sinyal,9,4,1
playstore,xl,xL sangat berguna dengan saya,xl guna,1,0,1
playstore,xl,"XL jaringannya gak jelas banget, harga kuota mahal tapi lelet,lemot bin bekicot, sangat sangat merugikan konsumen. kuota sisa 1 GB jaringan internet lancar tapi setelah isi kuota jaringan internet kembali lelet, sungguh permainan yang sangat merugikan konsumen. XL= eXtra Lemot jaringan internet jelek kok kasih bintang 5 maaf maaf melulu tapi tidak ada solusinya, jaringannya tetap bikin emosi",xl jaring harga kuota mahal lelet lot bin bekicot rugi konsumen kuota sisa gb jaring internet lancar isi kuota jaring internet lelet sungguh main rugi konsumen xl extra lot jaring internet jelek kasih bintang maaf maaf melulu solusi jaring bikin emosi,8,14,0
playstore,xl,udh update pas mau aktifin paket disuruh update terus,update pas aktifin paket suruh update,2,1,1
playstore,xl,XL sering error jaringan ini sudah sehari semalam tidak ada perbaikan/respon sama sekali dr pihak penyedia layanan jadi kecewa berat padahal baru selesai top up pulsa tidak bisa di gunakan sama sekali 😬😤,xl error jaring hari malam baik respon dr sedia layan kecewa berat selesai top up pulsa,5,4,1
playstore,xl,"aplikasi bagus, memudahkan pelanggan XL, tapi kenapa jaringannya skrg buruk ya udah beberapa hari ini 🙏",aplikasi bagus mudah langgan xl jaring skrg buruk,4,2,1
playstore,xl,"sinyal XL paling cepat tapi tidak stabil, gak bisa buat dayli yg butuh ke stabilan koneksi.",sinyal xl cepat stabil dayli butuh stabil koneksi,3,1,1
playstore,xl,sangat prioritas dan banyak yg menggunanya,prioritas guna,1,0,1
playstore,xl,"dari first media ganti Xl malah jekek, ganti alat katanya gratis pas pembayaran berikut nya jadi harga naik",first media ganti xl jekek ganti alat gratis pas bayar harga,3,0,1
playstore,xl,"beli mahal2 ratusan ribu, kuota rollover harusnya dipake dulu. gebleg. baru ntar klo ada sisa masukin lagi ke rollover. korporasi gebleg. speed jam dini hari malah lelet, bangzat",beli mahal ratus ribu kuota rollover dipake gebleg ntar sisa masukin rollover korporasi gebleg speed jam lelet bangzat,0,4,0
playstore,xl,aplikasi yang murah meriah sayang pulsa later belum dapat,aplikasi murah riah sayang pulsa later,2,2,0
playstore,xl,"jujur makin hari makin kesel sama ini xl, udh mah harga nya naik trs, sinyal nya jelek lagi sering bgt nge lag, mending pake telkomsel🤣🤣🤣🤣",jujur kesel xl mah harga sinyal jelek nge lag mending pake telkomsel,2,2,0
playstore,xl,"aplikasi buruk,xl semakin buruk",aplikasi buruk xl buruk,0,3,0
playstore,xl,"Harga paket mahal, nunggu habis masa aktif biar dapet paketan murah. Pengaturan bahasa tidak jelas, sudah di ganti bahasa Indonesia tapi selalu berubah ketika aplikasi di buka lagi.",harga paket mahal nunggu habis aktif biar dapet paket murah atur bahasa ganti bahasa indonesia ubah aplikasi buka,6,4,1
playstore,xl,"Paketan masih ada 8 GB, tapi main tiktok aja udh ngelag bgt, udh pindah pindah tempat juga ttp sama aja ngelag nya, padahal sebelumnya gak separah ini loh XL. Jangankan maun tiktok, wa sama google aja masih ngelag, pdhl gk makan banyak kuota ttp aja ngelag. Parah bgt, minimal kalo harga di naikin, kualitas juga ikut meningkat dong. jgn mau untung sendiri aja",paket gb main tiktok lambat pindah pindah ttp lambat parah loh xl maun tiktok wa google lambat pdhl makan kuota ttp lambat parah minimal harga naikin kualitas tingkat jgn untung,4,8,0
playstore,xl,jaringan lambat,jaring lambat,1,1,0
playstore,xl,"paket cepat banget abis secara tiba-tiba👎 padahal HP tidak digunakan sebelum dimatiin Malam hari dicek ada byk,pagi hari paket tiba2 berkurang dasar permainan tim XL seharusnya jangan suka menipu pengguna XL nanti pada beralih ke yg lain. dan harga paket perminggu sebelum beli dicek kuota besar tiba2 pas isi pulsa mau langganan paket tersebut kouta berkurang dasar XL bakal malas lagi langganan paket bagus Telkomsel 👎saran: mohon jujur jangan suka tim loe mempermainkan paket internet pengguna",paket cepat abis hp dimatiin malam cek byk pagi paket kurang dasar main tim xl suka tipu guna xl alih harga paket minggu beli cek kuota pas isi pulsa langgan paket kuota kurang dasar xl malas langgan paket bagus telkomsel saran mohon jujur suka tim loe main paket internet guna,14,11,1
playstore,xl,apk lemot banget,apk lot,0,1,0
playstore,xl,"udah isi kuota pake kode *817* yg di tlpn itu tapi di aplikasinya kok ga muncul dan masa aktifnya ga berubah, makin aneh aja ni aplikasi",isi kuota pake kode tlpn aplikasi muncul aktif ubah aneh ni aplikasi,0,4,0
playstore,xl,"ayolah perbaiki biar kita enak makainya dan knp sering gangguan , ah gimana ini",ayo baik biar enak maka knp ganggu ah gimana,2,1,1
playstore,xl,aplikasi terus meminta update padahal sudah d update dan tidak bisa bertransaksi harus d update aplikasi jelek,aplikasi update d update transaksi d update aplikasi jelek,1,3,0
playstore,xl,"Saat pembelian Paket data mingguan tidak sesuai dengan apa yg dijual apalagi bonus kuota area sudah tidak tersedia| mungkin ini untuk yg terakhir kalinya saya memakai XL, saya akan menggunakan Provider lain yg lebih murah... terimakasih.",beli paket data minggu sesuai jual bonus kuota area sedia kali pakai xl provider murah terimakasih,7,2,1
playstore,xl,"pulsa q 50000 hilang... dapat kiriman pulsa dari kakak pada tgl 15/05/2026 pukul 18,27 wib. kembalikan pulsaku, mau dibuat beli kuota malah hilang duluan..",pulsa q hilang kirim pulsa kakak tgl wib kembali pulsa beli kuota hilang duluan,1,6,0
playstore,xl,kenapa gabisa beli kuota?? a,gabisa beli kuota a,0,1,0
playstore,xl,"udah update malah xl circle nya ngebug , gak ada transaksi nya ,sama gak bisa nambah anggota tolong diperbaiki",update xl circle ngebug transaksi nambah anggota tolong baik,2,1,1
playstore,xl,xl kacau sekarang segera perbaiki sebelum terlambat salam 1 SIGNAL RI37,xl kacau baik lambat salam signal ri,1,1,0
playstore,xl,sinyal gk pernah bagus,sinyal bagus,1,0,1
playstore,xl,"chat costumer service center kendala pulsa kesedot sendiri padahal beli bebas puas cuma 1 hari kalau dalam about nya pun gaada keterangan bisa diperpanjang sendiri, malah berputar putar saat ditanya solusinya",chat costumer service center kendala pulsa sedot beli bebas puas about gaada terang panjang putar putar solusi,4,5,0
playstore,xl,KAPAN BENERNYAA NIH DITUNGGUIN DARI MALEM MAU MAKETIN GA KELAR KELAR GANGGUAN APLIKASI,benernyaa ditungguin malem maketin kelar kelar ganggu aplikasi,2,3,0
playstore,xl,"jaringan terlambat didunia, mikir2 lagi klo mau beli kartu xl guys, kukira makin kesini makin bagus jaringan ternyata makin parah, udah jelek tetep nguras, kerennnn bettt XL",jaring lambat dunia mikir beli kartu xl guys kira kesini bagus jaring parah jelek nguras kerennnn bettt xl,4,3,1
playstore,xl,"bintang 2 masih kebagusan sumpah. aku udah dari lama loh pake xl, makin kesini jaringannya jelek banget. lagi genting tiba2 gabisa. kenapa sih? cape banget sumpah. bisa upgrade ga!!!! udah berulang kali kaya gini loh, tp masih kupake aja karna kudoain bisa jadi lebih baik. tolong lah",bintang bagus sumpah loh pake xl kesini jaring jelek genting gabisa cape sumpah upgrade ulang kali kaya gin loh kupake kudoain tolong,2,2,0
playstore,xl,"boros parah pake XL.. uda sinyalnya gangguan terus.. lemot.. poin bonus dan yg lainnya pelit bangat.. tolong jangan dibagi-bagi kuota, uda kuota utama saja.. jadi gak bermanfaatkan kouta yg lain.. gak kepake.. mubajir saya beli pake duit.. bukan bonus atau gratisan dari xL..",boros parah pake xl uda sinyal ganggu lot poin bonus pelit bangat tolong bagi kuota uda kuota utama manfaat kuota kepake mubajir beli pake duit bonus gratis xl,5,7,0
playstore,xl,perbaikan kembali jaringan nya bintang 1,baik jaring bintang,2,0,1
playstore,xl,"jujur kecewa banget ketika main tiba2 sinyal hilang kosong semua batang pun hilang, kecewa bgt ama xl nih, kejadian 23.08 senin 18 mei di purbayan sukoharjo, xl ramutu og",jujur kecewa main sinyal hilang kosong batang hilang kecewa ama xl jadi senin mei purbayan sukoharjo xl ramutu og,0,6,0
playstore,xl,"mau login aja gk bisa, padahal kartu nya baru beli bilang nya ""nomor anda sudah tidak aktif. Lakukan aktivasi sekarang juga"" pas mau di aktivasi lagi iccid number nya incorrect, padahal udah bener, sampe keluar masukin kartu SIM nya",login kartu beli bilang nomor aktif laku aktivasi pas aktivasi iccid number incorrect bener sampe masukin kartu sim,3,0,1
playstore,xl,"Harga semakin mahal ,kecepatan semakin berkurang. Lebih lelet dari yg lain",harga mahal cepat kurang lelet,2,3,0
playstore,xl,koutanya mahal mahal mahal banget,koutanya mahal mahal mahal,0,3,0
playstore,xl,jaringannya jelek bnget,jaring jelek bnget,1,1,0
playstore,xl,awal2 bli kartu bgus. abis tu isi paket agak besar lgsng ilng jringan nya. gk jls xl ni.,bli kartu bgus abis tu isi paket lgsng ilng jringan jls xl ni,1,0,1
playstore,xl,mon maap bintang 1 mengecewakan skrg si XL kuota banyak sinyal penuh tp lelet buat main game ping nya tinggi mulu jaringannya makin ampas,mon maap bintang kecewa skrg si xl kuota sinyal penuh lelet main game ping mulu jaring ampas,2,5,0
playstore,xl,"XL lu udh ga niat yaa, masa sekarang sinyal XL makin g jelas sihh,ngeleg muluu tiap nonton,main game patah² dll kecewa sii KLO g segera di perbaiki,buruan di benerin dh tuh sinyalnyaa",xl niat sinyal xl sihh lambat muluu nonton main game patah dll kecewa sii baik buru baik dh tuh sinyalnyaa,3,4,0
playstore,xl,"Ya Allah, gua chat cs nya cuma dibaca doang, permasalahan gabisa akses fitur bagi pulsa, padahal udh mengikuti prosedur. pulsa ada, jaringan ada, tapi transfer pulsa gagal terus,",allah gua chat cs baca doang masalah gabisa akses fitur pulsa ikut prosedur pulsa jaring transfer pulsa gagal,4,8,0
playstore,xl,"tidak bisa buat beli paket, setiap masuk tidak bisa terus",beli paket masuk,1,1,0
playstore,xl,"aneh, sinyal sering hilang sendiri aplikasi juga sering eror kaga jelas dan itu fitur bebas puas kaga ada puas puasnya mending di hapus aja itu fitur bebas puas",aneh sinyal hilang aplikasi eror kaga fitur bebas puas kaga puas puas mending hapus fitur bebas puas,5,6,0
playstore,xl,bayar mahal mahal jaringanya busuk banget sama kaya telkom,bayar mahal mahal jaringanya busuk kaya telkom,0,3,0
playstore,xl,"Kuota masih ada, sinyal bagus, malah lag bgt, gajelas dah biasanya bagus, malah sering ngelag skrg",kuota sinyal bagus lag gajelas dah bagus lambat skrg,2,3,0
playstore,xl,sinyalnya lemot jir gua main ml leg bet sumpah leg perbaiki di jambi tower nya,sinyal lot jir gua main ml leg bet sumpah leg baik jambi tower,1,3,0
playstore,xl,jangan hilang timbul,hilang timbul,0,2,0
playstore,xl,"padahal pengguna lama, kenapa jaringan nya selalu terganggu??. dan juga tidak lancar sekali pada saat penggunaan pada aplikasi. mohon di perbaikilah masalah jaringan nya",guna jaring ganggu lancar guna aplikasi mohon baik jaring,6,2,1
playstore,xl,"Tolong perbaiki sinyal XL, Sering Hilang Sendiri, Tidak Stabil dan terkoneksi lama, Pekerjaan Saya Sangat Terganggu.",tolong baik sinyal xl hilang stabil koneksi kerja ganggu,3,2,1
playstore,xl,"kenapa tidak bisa mendaftar ke myxl jika mendaftar pasi ada masalah gangguan serta KLO mau ndaftar paket di suruh update,padahal udah di update, sangat kecewa",daftar myxl daftar pasi ganggu ndaftar paket suruh update update kecewa,1,3,0
playstore,xl,"ini kok suruh update terus tapi gabisa beli paket data sih, kita bukan mau minta. kita beliiii. tulisannya disuruh update tp waktu di cek di playstore ternyata ga ada update an",suruh update gabisa beli paket data beliiii tulis suruh update cek playstore update an,1,4,0
playstore,xl,kenapa sih sinyal XL sekarang sering hilang! apakah lagi di perbaiki atau emng kayak gini sinyal nyah mohon di perbaiki ya,sinyal xl hilang baik emng kayak gin sinyal nyah mohon baik,2,2,0
playstore,xl,ini saya kenapa mau beli paket malah balik lagi suruh perbaharui aplikasi padahal ga ada apa² muter mulu di situ,beli paket suruh baharu aplikasi muter mulu situ,1,2,0
playstore,xl,"ini mau beli pulsa, mau beli paket gak bisa terus, tampilannya minta diperbaharui aplikasinya, padahal gak ada pembaharuan juga.",beli pulsa beli paket tampil baharu aplikasi baharu,1,2,0
playstore,xl,"Mohon perbaiki cara penghitungan kuotanya. Saya rasa lebih boros di XL daripada Telkomsel. Keduanya sama-sama sering saya pakai, bahkan yang Telkomsel lebih sering saya pakai untuk hotspot namun tak mudah habis. Saya harap kedepannya bisa lebih hemat lagi kuotanya.",mohon baik hitung kuota boros xl telkomsel pakai telkomsel pakai hotspot mudah habis harap depan hemat kuota,3,3,0
playstore,xl,trimakasih bos jadi lancar hp nya paki aplikasi myxl,trimakasih bos lancar hp paki aplikasi myxl,3,1,1
playstore,xl,"gua beli kuota game, tapi gak bisa digunain, buat apa coba, aneh bgt nih XL",gua beli kuota game digunain coba aneh xl,1,2,0
playstore,xl,saya isi pulsa 50k belum masuk pdahal udah sukses gimna sih min,isi pulsa k masuk pdahal sukses gimna min,1,2,0
playstore,xl,"makin kesini harga makin mahal, tapi kualitasnya makin jelek",kesini harga mahal kualitas jelek,2,2,0
playstore,xl,jaringan nya sekarang jelék banget... padahal jaringan 4.5g 2-3 bulan lalu jaringan bagus banget... nyesel bulan ini beli paket xl,jaring jel k jaring jaring bagus nyesel beli paket xl,5,1,1
playstore,xl,jaringan sangat jelek di area Morowali sulteng,jaring jelek area morowali sulteng,1,1,0
playstore,xl,jaringan ngelag udah 4 hari di Pelalawan kecamatan kerumutan,jaring lambat pelalawan camat kerumutan,1,1,0
playstore,xl,"jaringan goblog ga jelas lag banget upgrade dlu jaringan jangan so""an 5G,4G aja masih berkendala mendingan pakai yang lain XL GOBLOG",jaring goblog lag upgrade dlu jaring so an kendala mending pakai xl goblog,3,1,1
playstore,xl,"ini sdh hampir 1 Minggu, lemot terus ... lapor ke Maya, hasilnya 0, kayak telor, nunggu terus... lapor ke teknisinya, lempar tanggungjawab semua ...",sdh minggu lot lapor maya hasil kayak telor nunggu lapor teknisi lempar tanggungjawab,4,2,1
playstore,xl,"Sangat kecewa berlangganan XL Home. karena sering terjadi gangguan. dan saya merasa di rugikan. saya bayar dibsuruh tepat waktu, sekali bayar malah yang di dapat gangguan terus. di chat gak ada respon. di telpon ke pusat gak di angkat2.",kecewa langgan xl home ganggu rugi bayar dibsuruh bayar ganggu chat respon telpon pusat angkat,5,4,1
playstore,xl,SINYALNYA NGELEG MULU XL JELEK BANGET MENDING JANGAN PAKE XL GANTI AJA KARTUNYA,sinyal lambat mulu xl jelek mending pake xl ganti kartu,1,2,0
playstore,xl,tolong dong xL sinyal nya susah amat ya,tolong xl sinyal susah,0,1,0
playstore,xl,kenapa myxl saya as mau beli kaota dia suruh sa apdep myxl,myxl as beli kaota suruh sa apdep myxl,0,1,0
playstore,xl,"untuk semua lumayan,satu salahnya setiap kali melakukan pembelian data ,ketika pembayaran selalu saja di minta i upgrade aplikasi,padahal saya sudah upgrade ,dan ini bukan 1 kali ,tapi setiap kali saya beli kuota.",lumayan salah kali beli data bayar i upgrade aplikasi upgrade kali kali beli kuota,1,4,0
playstore,xl,"sinyal xl buruk dalam rumah periksa koneksi terus buka myxl pun lama bnget pasti suruh periksa koneksi padahl baru beli paket ,,harus nya jgn di kasih bintang ini klw mau bintang 5 ya harus cepat di perbaiki jaringn xl nya ini 1000000% burukk buruk buka internet ajh dalam rumah jlk bnget muter2 apa lg klw hujan hilng sudah di telan bumi tolong di perbaiki sinyal nya tambh tower jaringn nya saya penguna lama semakin kesini makin burukk",sinyal xl buruk rumah periksa koneksi buka myxl bnget suruh periksa koneksi padahl beli paket jgn kasih bintang klw bintang cepat baik jaringn xl burukk buruk buka internet ajh rumah jlk bnget muter lg klw hujan hilng telan bumi tolong baik sinyal tambh tower jaringn penguna kesini burukk,6,6,0
playstore,xl,"kalu sudah aman untuk paket data , aku kasih bintang 5, klau ada 10 aku kasih 10 nih bintang nya , paket data udah masuk. wlw harus nunggu 3 hari ,, tq , yg penting data aman . info aja. jngn suka banyk gangguan lagi XL klau bisa 😆 , wlw ada trouble juga jngn lama' . 👍",kalu aman paket data kasih bintang klau kasih bintang paket data masuk wlw nunggu tq data aman info jngn suka banyk ganggu xl klau wlw trouble jngn,4,6,0
playstore,xl,sinyal sering hilang!!!!!!,sinyal hilang,0,1,0
playstore,xl,jaringan makin kesni mkin ancur parah bet,jaring kesni mkin ancur parah bet,1,1,0
playstore,xl,"pulsa sering ilang tiba tiba!!! skarang makin lemot, mahall, ditunggu tunggu update bagi xl point nya ga smpe smpe kuotanya mahall...",pulsa ilang skarang lot mahall tunggu tunggu update xl point smpe smpe kuota mahall,0,4,0
playstore,xl,"apasih xl kasih bonus vidio platinum tapi tidak bisa di klaim, gak jelas banget nyesel banget pakai xl",apasih xl kasih bonus vidio platinum klaim nyesel pakai xl,1,2,0
playstore,xl,Jelek .. Knpa g bisa ambil bOnus .? Setiap buka login dari awal terus,jelek knpa ambil bonus buka login,1,2,0
playstore,xl,"jaringan ko jadi jelek asalnya bagus di daerah ku, tolong di perbaiki",jaring ko jelek asal bagus daerah ku tolong baik,3,1,1
playstore,xl,pengajuan kartu yang hilng rusak gak dilanjut padahal kartu sudah ditangan karena costumer service nya ngambek... baperan,aju kartu hilng rusak lanjut kartu tang costumer service ngambek baperan,0,3,0
playstore,xl,"udalah mahal malah ngelak lagi jaringan nya, tolong di perbaiki lagi yah",uda mahal ngelak jaring tolong baik yah,2,1,1
playstore,xl,ganti paket xl satu gabisa visa selalu ngikutin tagihannya first media. padahal sudah pindah ke paketannya xl satu,ganti paket xl gabisa visa ngikutin tagih first media pindah paket xl,2,2,0
playstore,xl,sengaja gua kasih bintang 5... gua pengguna XL dari 2017 sampe sekarang. udah ada 3hari. mau beli kuota selalu halaman tidak bisa di muat!!! jaringan WiFi gua full Lo padahal. tolong dong,sengaja gua kasih bintang gua guna xl sampe beli kuota halaman muat jaring wifi gua full tolong,2,5,0
playstore,xl,kalo ga bisa perbaiki sinyal robohkan aja tower XL,baik sinyal roboh tower xl,1,1,0
playstore,xl,"Sinyal XL wilayah Soropia sangat buruk, beberapa hari terakhir terlihat aktivitas mencurigakan di bts toronipa.",sinyal xl wilayah soropia buruk aktivitas curiga bts toronipa,0,1,0
playstore,xl,tolong dong sinyal XL ya di perbaiki,tolong sinyal xl baik,1,0,1
playstore,xl,jaringan payah kl bisa gak ada bintangnya bikin males berlangganan aja,jaring payah kl bintang bikin males langgan,2,2,0
playstore,xl,sinyal apaan ilang²an paketan doang mahal,sinyal ilang an paket doang mahal,1,2,0
playstore,xl,maaf sebelum nya ko ini mau beli koata di suruh update aplikasi nya pdhl udh di update tetap aja ga bisa tolong lah myXL udh lama pakai myXL nih,maaf ko beli koata suruh update aplikasi pdhl update tolong myxl pakai myxl,0,2,0
playstore,xl,"tidak bisa melakukan pembelian paket,,katanya aplikasi blom diperbarui,,padahal di playstore udah saya update versi yg paling baru",beli paket aplikasi blom baru playstore update versi,1,1,0
playstore,xl,jaringan sampah harga mahal Dan Masa Aktif? gk nyampe sebulan gua saranin wifi bagi yg mampu!!!!,jaring sampah harga mahal aktif nyampe bulan gua saranin wifi,2,4,0
playstore,xl,kok susah sich update nya padahal baru update disuruh perbarui LG gimana sich,susah sich update update suruh baru lg gimana sich,0,2,0
playstore,xl,"ini aplikasi XL nya gimana ni di apdate ju tdk bisa,masalahnya d mana",aplikasi xl gimana ni apdate ju tdk d,0,1,0
playstore,xl,busuk... beli paket booster sudah 4 hari ini ga masuk .. ga ada keterangan... XL prio....sSANGAT MENGECEWAKAN..!!,busuk beli paket booster masuk terang xl prio ssangat kecewa,1,3,0
playstore,xl,di update mlah gak bisa buat beli kuota.,update mlah beli kuota,0,1,0
playstore,xl,"tidak bisa menggunakan pulsa later, dan sekarang xl manis di awal, waktu itu xl banyak bonus dan harga pada murah sekarang xl semakin tidak bisa di andalkan karna, kuota di potong, yang awal nya saya beli 12 gb jadi 10 gb, dan harga yang melonjak di tinggi, internet jelek gampang ngelag (disconnect)",pulsa later xl manis xl bonus harga murah xl andal kuota potong beli gb gb harga lonjak internet jelek gampang lambat disconnect,4,5,0
playstore,xl,aplikasi apa ini saya sudah update aplikasi terbaru namun di suruh update lagi berulang ulang kali saya download dan update namun tetap di suruh update pulsa saya sudah mau habis cuman gara² update dan saya tidak jadi beli kuota,aplikasi update aplikasi baru suruh update ulang ulang kali download update suruh update pulsa habis cuman gara update beli kuota,0,7,0
playstore,xl,semakin lama semakin lemot🤦,lot,0,1,0
playstore,xl,mau berhenti langganan. call center berbagai saluran susah sekali dihubungi. udah dihubungi gak ada yg respon sy. sy gak akan ubah ratingnya sebelum ada yg reachout sy,henti langgan call center salur susah hubung hubung respon ubah ratingnya reachout,2,2,0
playstore,xl,jaringan ga jelasss.......,jaring jelasss,1,0,1
playstore,xl,gabisa beli kuota pake pulsa,gabisa beli kuota pake pulsa,0,2,0
playstore,xl,"cukup bahagian dengan XL,Tapi knp ketika buat buka ataupun utk bermain game GK lancar bahkan masuk pun tidak bisa, sedangkan buat Sosmed seperti Ig yt dll itu lancar"" aj. Mohon utk tindak lanjutnya demi kenyamanan customer👍🙌",bahagian xl knp buka utk main game lancar masuk sosmed ig yt dll lancar aj mohon utk tindak nyaman customer,4,1,1
playstore,xl,orang mau beli pulsa kok disuruh update2 sepanjang hari. kalian ini serius nggak sih melayani pelanggan?,orang beli pulsa suruh update serius nggak layan langgan,1,3,0
playstore,xl,telalh lemot banget XL gak espek,telalh lot xl espek,0,1,0
playstore,xl,"untuk di daerahku, jaringan XL yang terbaikkk, kalau mati lampu, Te*kom*el suka ilang jaringannya, tapi XL tetap bagus jaringannyaa, truss kalau abis pakett, bisaaa tukerr XL POINT jadi paket apapum yg di butuhin, terima kasih XL, sy ga perna review aplikasi, tapi aplikasi ini SANGATTTTT MEMBANTU DAN BERMANFAATTTTT",daerah jaring xl terbaikkk mati lampu te kom el suka ilang jaring xl bagus jaringannyaa truss abis pakett bisaaa tukerr xl point paket apapum butuhin terima kasih xl perna review aplikasi aplikasi sangattttt bantu bermanfaattttt,6,5,1
playstore,xl,xl lumayan bagus dan cepat,xl lumayan bagus cepat,3,0,1
playstore,xl,"Jaringan nya kalok udah masuk lantai 2 atau 5 mapah ampas , gaya prioritas konsumen jaringan nya aja kayak ciput , mau 5g atau 4g sama aja perbaiki dulu uji coba lagi jaringan nya di kondisi tertentu , soalnya udah agak gk normal xl ku pikir hp ku rupanya xl nya yang masuk angin",jaring kalok masuk lantai mapah ampas gaya prioritas konsumen jaring kayak ciput baik uji coba jaring kondisi normal xl ku pikir hp ku xl masuk angin,6,4,1
playstore,xl,"ditemgah kota, sinyal full bar 4g, tp ga konek. lu pikir kita ngemis beli kuota ha?",ditemgah kota sinyal full bar konek pikir ngemis beli kuota ha,0,2,0
playstore,xl,"Sudah hampir 3 tahun pakai kartu dari XL Axiata, tapi makin ke sini jaringan malah makin mengecewakan. Sering banget sinyal merah terus, internet hilang sendiri, padahal lokasi yang biasanya lancar sekarang jadi susah koneksi. Buat main, chat, sampai nonton sering buffering dan bikin kesal. Sebagai pelanggan lama tentu berharap kualitas jaringan makin bagus, bukan malah menurun. Tolong lebih diperhatikan lagi kualitas sinyal dan kestabilan jaringan untuk pelanggan setia.",pakai kartu xl axiata jaring kecewa sinyal merah internet hilang lokasi lancar susah koneksi main chat nonton buffering bikin kesal langgan harap kualitas jaring bagus turun tolong perhati kualitas sinyal stabil jaring langgan setia,11,4,1
playstore,xl,MAU BELI PAKET DISURUH UPDATE PADAHAL APLIKASI DAH TERBARU...,beli paket suruh update aplikasi dah baru,1,3,0
playstore,xl,"performa jaringan sudah lebih baik dibanding operator sebelah, mungkin yg perlu di tingkatkan terkait chat dengan MAYA/live agent yg tidak responsif menangani kendala yg di alami user, tidak ada penjelasan tidak ada solusi, dan juga balasan dari MAYA/live agent yg lama dan bertele-tele. *nunggu 1 jam ± hanya buat di buatin tiket aduan, buang buang waktu! tingkatin lagi dah tuh kualitas pelayanan mengenai aduan/keluhan dari user. buat se efisien mungkin dari mulai awal pengaduan, Sampai akhir.",performa jaring banding operator belah tingkat kait chat maya live agent responsif tangan kendala alami user jelas solusi balas maya live agent tele tele nunggu jam buatin tiket adu buang buang tingkatin dah tuh kualitas layan adu keluh user efisien adu,11,9,1
playstore,xl,Makin kesini makin mahal harganya makin lemot pula jaringannya ni XL Kapok beli paket kuota xl lagi Mending pindah ke provider yg leb8h lancar jaringannya,kesini mahal harga lot jaring ni xl kapok beli paket kuota xl mending pindah provider leb h lancar jaring,6,4,1
playstore,xl,jaringannya lelet,jaring lelet,1,1,0
playstore,xl,"aplikasi ini sangat terjangkau tetaapi terkadang""yaa meng updatenya lama sekali sehingga sy lama menunggunya",aplikasi jangkau tetaapi terkadang meng updatenya tunggu,1,1,0
playstore,xl,"penghambat rezeki nih kartu, bangkrut aja udh nih lah kartu gak jelas, sinyal jelek banget",hambat rezeki kartu bangkrut kartu sinyal jelek,1,3,0
playstore,xl,"hi kak, aplikasi XL ini sangat berguna namun saat saya ingin membeli kuota tidak bisa karena katanya ""belum di update"" namun saya sudah update tetap tidak bisa, ini harus bagaimana ya? mohon bantuan nya",hi aplikasi xl guna beli kuota update update mohon bantu,2,2,0
playstore,xl,sangat bagus cuman harga kuotanya murahin dikit aja,bagus cuman harga kuota murahin dikit,2,2,0
playstore,xl,udah beli kuota bukannya yg kepake kuota malah nyedot pulsa,beli kuota kepake kuota nyedot pulsa,0,4,0
playstore,xl,"sinyal buruk udah seminggu padahal kuota 14,5 GB. sangat kecewa",sinyal buruk minggu kuota gb kecewa,0,3,0
playstore,xl,bagus makin cepat,bagus cepat,2,0,1
playstore,xl,"makin mahal coo, sialan lah",mahal coo sial,0,2,0
playstore,xl,jangan beli XL prioritas!!!!!! karena gak bisa beli paketan udah isi pulsa malah tulisan maaf gangguan,beli xl prioritas beli paket isi pulsa tulis maaf ganggu,1,2,0
playstore,xl,"tolong kenapa tidak mau masuk akun XL saya minta di reaktivasi lagi dan sya coba masukkan iccid pada kartu SIM saya Tpi data tidak lengkap dan salah kenapa sih, permasalahanx setelah saya up, makin update apknya makin ribet ngebug😮‍💨🙏",tolong masuk akun xl reaktivasi sya coba masuk iccid kartu sim tpi data lengkap salah permasalahanx up update apknya ribet ngebug,0,5,0
playstore,xl,tidak boros tapi jaringannya suka bermasalah,boros jaring suka masalah,1,2,0
playstore,xl,semoga amanah,moga amanah,2,0,1
playstore,xl,"Argo kuota HP sekeluarga tidak akurat, bahkan di mode pesawat sebulan penuh tetap habis.",argo kuota hp keluarga akurat mode pesawat bulan penuh habis,0,3,0
playstore,xl,"sudah bisa untuk transaksi lagi, terima kasih responnya yg cepat 👍",transaksi terima kasih responnya cepat,3,0,1
playstore,xl,"sering tiba2 hilang signal , sering mengalami error & banyak gangguan",hilang signal alami error ganggu,0,4,0
playstore,xl,gimana sih menu beli paketannya harus suruh perbarui update padahal udah diupdate bulan lalu,gimana menu beli paket suruh baru update diupdate,1,1,0
playstore,xl,"beli paket bayar aja , susah bener😡😡😡",beli paket bayar susah bener,1,1,0
playstore,xl,mantap🐌,mantap,1,0,1
playstore,xl,kenapa tiap isi kuota gangguan trs ya akhir2 ini....,isi kuota ganggu,0,2,0
playstore,xl,beli kuota gak masuk,beli kuota masuk,0,2,0
playstore,xl,"kuota nya gak bisa di gunain sama aja, gak usah download apk XL dan jangan beli kartu xl gak bisa di gunain..",kuota gunain download apk xl beli kartu xl gunain,0,1,0
playstore,xl,Perpanjang paket akrab nya gk sesuai jam 12 malam.,panjang paket akrab sesuai jam malam,4,1,1
playstore,xl,udah bisa teratasi min makasih,atas min makasih,1,1,0
playstore,xl,sangat baik bermanfaat,manfaat,1,0,1
playstore,xl,respon lama sering bug,respon bug,1,0,1
playstore,xl,tidak memberikan solusi saat terjadi masah,solusi masah,1,0,1
playstore,xl,aplikasi taiii . error mulu selama seminggu,aplikasi taiii error mulu minggu,0,2,0
playstore,xl,mahalnya doang sinyal butut,mahal doang sinyal butut,0,2,0
playstore,xl,"sinyalnya kok main-main ya? cuma buka game santai aja harus putus nyambung. ga sekali dua kali loh terjadi tapi tiap hari ky gini, katanya tercepat tapi mana yg ada malah lag terus",sinyal main main buka game santai putus nyambung kali loh ky gin cepat lag,3,0,1
playstore,xl,"kenapa ya akhir"" ini jaringannya sering gangguan ilang padahal kuotanya masih banyak sangat mengecewakan menghambat kerjaan klo jaringannya ga bisa di pake dikit"" ilang",jaring ganggu ilang kuota kecewa hambat kerja jaring pake dikit ilang,3,7,0
playstore,xl,kuota darurat,kuota darurat,0,1,0
playstore,xl,aplikasi jubag. mo daptar. paket ga bisa,aplikasi jubag mo daptar paket,1,1,0
playstore,xl,udah 5 hari scan voucher masih blm bisa juga padahal lagi butuh²nya. niat isi pulsa utk perpanjang takutnya kena makan. sebenarnya ada niat perbaiki nggak sih setelah terima banyak komplainan begitu?🤬,scan voucher blm butuh niat isi pulsa utk panjang takut kena makan niat baik nggak terima komplain,4,4,0
playstore,xl,nikmati kseruan nya dan banyak bonus nya jaringan mantap bisa pilih menu yg kita butuhkan..,nikmat kseruan bonus jaring mantap pilih menu butuh,4,2,1
playstore,xl,tolong uang kembalikan beli kuota flexmax 40gb di apk pembayaran via bca. tapi kuota ga masuk masuk!!!!,tolong uang kembali beli kuota flexmax gb apk bayar via bca kuota masuk masuk,0,4,0
playstore,xl,"ini gimana, beli kuota dari sore gangguan terus, aplikasi udah di update malah disuruh update lagi. apanya yang mau di update.. tolong ya min segera diperbaiki, saya mau beli paket data tidak bisa ini, dan juga murahin lagi harga kuotanya, dulu aja banyak promonya.. apalagi yang extra combo plus itu udah yg paling pas, ga lemot kayak pas pake kuota flexmax",gimana beli kuota sore ganggu aplikasi update suruh update apa update tolong min baik beli paket data murahin harga kuota promonya extra combo plus pas lot kayak pas pake kuota flexmax,6,10,0
playstore,xl,paket bebas puas hariannya kalau bisa di u ah tanpa batas minimum,paket bebas puas hari u ah batas minimum,2,2,0
playstore,xl,pelayanan mantap dan kualitas jaringan dahsyat,layan mantap kualitas jaring dahsyat,3,0,1
playstore,xl,makin hari makin buruk sulit untuk login dan sering tidak ad jaringan,buruk sulit login ad jaring,1,2,0
playstore,xl,"soal penambahan masa aktif hrusnya lebih bijak, misal masa aktifku smpe tgl 30, tapi baru tgal 20 udah aq isi 10k.. seharusnya masa aktif bertmbah sesuai ketentuan misal 7 hari berarti harusnya masa aktif smpe tgl 7",tambah aktif hrusnya bijak aktif smpe tgl tgal aq isi k aktif bertmbah sesuai tentu aktif smpe tgl,2,1,1
playstore,xl,lebih ke nyesel sih beli kartu ini,nyesel beli kartu,0,1,0
playstore,xl,udah berapa x. klo memang keberatan ngirim bonus circle hapus aja tuh bonus nya,x berat ngirim bonus circle hapus tuh bonus,2,1,1
playstore,xl,sudah 2 kali saya beri ulasan bintang 1 karna apa? karna di awal suka bug bonus Kouta hilang padahal belum waktunya hangus bonus nya dan yng kedua ini saat saya mengambil bonus Kouta itu bonus nya tidak bisa di gunakan sama sekali emang menyesal saya menggunakan xl,kali ulas bintang suka bug bonus kuota hilang hangus bonus yng ambil bonus kuota bonus emang sesal xl,4,5,0
playstore,xl,ga bisa si pake apa ga bisa isi paketan gjls selalu ada bacaan abdet mlu,si pake isi paket gjls baca abdet mlu,1,0,1
playstore,xl,Jaringan burik padahal di Jaksel,jaring burik jaksel,1,0,1
playstore,xl,tolong diaktifkan layanan bagi poin dong,tolong aktif layan poin,1,0,1
playstore,xl,ini XL kenapa si jaringan sekarang udah seminggu busuk banget di Jawa Tengah mana paketan sekarang mahal² gak ada promo lama² mending ganti provider,xl si jaring minggu busuk jawa paket mahal promo mending ganti provider,4,2,1
playstore,xl,buka aplikasi aja susah,buka aplikasi susah,0,2,0
playstore,xl,"kenapa xl sekarang sinyal nya bikin lemot, semenjak 5g sinyal pun jelek, tolong perbaiki sinyal nya",xl sinyal bikin lot semenjak sinyal jelek tolong baik sinyal,1,2,0
playstore,xl,"saya memberi bintang lima hanya agar di atas, saya mau memberitahu tentang keluhan saya yaitu bahwa setelah update minum pembelian di BEBAS PUAS sangat² tidak bisa bebas di karenakan ada minim harus berapa hari dsb,dan oleh karena itu kenapa tidak di buat seperti dulu saja karena agar lebih mudah dan murah tentunya, dan mohon di kembalikan seperti dulu. #suarapenggunaXL #mohonbantuanadmin",bintang memberitahu keluh update minum beli bebas puas bebas karena minim dsb mudah murah mohon kembali,3,5,0
playstore,xl,jaringan asu,jaring asu,1,0,1
playstore,xl,"Koneksi sangat tidak stabil... Gak tau karena masalah apa, terpaksa rate bintang 1 lagi. 🤣 Mungkin harus beralih ke operator lain.😜",koneksi stabil tau paksa rate bintang alih operator,1,2,0
playstore,xl,"mohon maaf sinyal kadang-kadang nyala mati sendiri,buat game ping-nya tidak stabil,tapi ga tau sih pengguna lainnya,atau kemungkinan ada bug system ?",mohon maaf sinyal kadang kadang nyala mati game ping stabil tau guna bug system,5,2,1
playstore,xl,bonus ny g bsa di ambil😹,bonus ny bsa ambil,1,1,0
playstore,xl,semuanya paket mahal aplikasi bisa bug juga kadang2.dan pernah pulsaku ilang secara tiba-tiba,paket mahal aplikasi bug kadang pulsa ilang,2,4,0
playstore,xl,"kuota saya banyakk tapiii bukak apa apa tidakkk bisaaaa, sangat lelet beli kuota mahal mahall TPI lelet nya nauzubillaaa, pagi siang soreee lelet jaringan apa malem jam 2 baru ngga lelet, malahan kuata yg saya beli ngga kuatanyg terbagi bagiii dehhh tolongggg donggg dibenerin sistemnyaaaa kemarennn ngga gini kokkk sekarang ampunnn mau pindahh ke kartu lain ajaaa aku bulan depann nanti, sudah terlalu sabar akuuu untuk menghadapi kelemotann jaringannn iniiiii",kuota banyakk tapiii bukak tidakkk bisaaaa lelet beli kuota mahal mahall tpi lelet nauzubillaaa pagi siang soreee lelet jaring malem jam ngga lelet kuata beli ngga kuatanyg bagi bagiii dehhh tolongggg donggg dibenerin sistemnyaaaa kemarennn ngga gin kokkk ampunnn pindahh kartu ajaaa depann sabar akuuu hadap kelemotann jaringannn iniiiii,2,11,0
playstore,xl,jaringan nyah GK jelas bener,jaring nyah bener,1,0,1
playstore,xl,kartu XL aku knpa yah padahal udah di isi kouta tapi gak bisa online. SMS MH ada masuk tapi pas di aktifkan data gak bisa online,kartu xl knpa yah isi kuota online sms mh masuk pas aktif data online,1,3,0
playstore,xl,gangguan Mulu gabisa buat beli paket,ganggu mulu gabisa beli paket,1,1,0
playstore,xl,sinyalnya makin buruk,sinyal buruk,0,1,0
playstore,xl,"xl dongo udah mahal lemot jaringan suka ilang""an ga jelas",xl dongo mahal lot jaring suka ilang an,1,3,0
playstore,xl,"jaringan jadi lemot banget ni XL,,paketnya malah tambah mahal😭",jaring lot ni xl paket mahal,2,2,0
playstore,xl,selama 5g ini jaringan XL kacau parah .gangguan mulu,jaring xl kacau parah ganggu mulu,1,2,0
playstore,xl,myxl makin lelet aja skrg bos,myxl lelet skrg bos,1,1,0
playstore,xl,sangat kecewa sekali uda pake puluhan tahun bukannya makin bagus ini malah makin hancur sinyalnya 2bulan ini tolong di tingkatkan pelayanannya,kecewa uda pake puluh bagus hancur sinyal tolong tingkat layan,2,2,0
playstore,xl,sinyal makin lemot aja .padahal semua paket mahal gua,sinyal lot paket mahal gua,1,3,0
playstore,xl,"XL circle ku eror, sudah coba chat maya katanya bukan tanah dia",xl circle ku eror coba chat maya tanah,1,1,0
playstore,xl,"sangat tidak familiar. sy tukar poin video saja, sudah kepotong poinnya tapi tidak bisa digunakan",familiar tukar poin video potong poin,3,1,1
playstore,xl,mau beli kuota ko tidak bisa,beli kuota ko,0,1,0
playstore,xl,force close,force close,0,1,0
playstore,xl,banyak error nya/-100,error,0,1,0
playstore,xl,tower lu ke sambar petir kah? tiap hari sinyal jelek,tower sambar petir kah sinyal jelek,0,3,0
playstore,xl,kenapa ini jaringan saya engga bisa dipakai padahal masih ada 4GB lohh😌,jaring engga pakai gb lohh,1,0,1
playstore,xl,"apndh gua beli kuota yg hrsny 20 jd cmn 15gb apaan bgt, gw cek pembelian ny mlh jd yg 10gb 7 hr doang di korup 5gb syln. klo gt mnding beli yg 25k aj ngpain gua beli yg 30 syg"" duit jink",apndh gua beli kuota hrsny cmn gb cek beli ny mlh gb hr doang korup gb syln gt mnding beli k aj ngpain gua beli syg duit jink,1,5,0
playstore,xl,benerin sinyal lu kemem,baik sinyal mem,1,0,1
playstore,xl,"di era serba cepat begini, masih aja jaringan lelet. di pakai browsing, buka satu web butuh waktu 1 menit lebih. sangat menggangu produktivitas kerja, yang butuh research cepat",era serba cepat jaring lelet pakai browsing buka web butuh menit menggangu produktivitas kerja butuh research cepat,4,3,1
playstore,xl,"makin lama makin ga jelas ni aplikasi, munu beli kuota makin dikit, kalau beli kuota ada masalah mulu, makin rusak aplikasi ga jelas",ni aplikasi munu beli kuota dikit beli kuota mulu rusak aplikasi,0,5,0
playstore,xl,harga paketan mahal mahal sinyalnya jelek lengkap sudah,harga paket mahal mahal sinyal jelek lengkap,2,3,0
playstore,xl,Singnal makin buruk.,singnal buruk,0,1,0
playstore,xl,Paketnya makin mahal sedih banget mana sinyalnya tidak stabil,paket mahal sedih sinyal stabil,2,2,0
playstore,xl,apk XL ngga pantas 5G. masukin nomor sim saja jaringannya ngelag parah ngga masuk masuk ke dalam apknya. diulang ulang tetep sama jaringannya bosok banget... ngelag. mending 3G saja ngga pantas 5G asli.,apk xl ngga masukin nomor sim jaring lambat parah ngga masuk masuk apknya ulang ulang jaring bosok lambat mending ngga asli,4,8,0
playstore,xl,"sangat mengecewakan,sinyal parah banget,penghargaan cuma iklan doang aslinya 0",kecewa sinyal parah harga iklan doang asli,2,2,0
playstore,xl,"XL Circle di nomor saya tidak bisa diakses, namun di nomor lain dengan device yang sama bisa diakses",xl circle nomor akses nomor device akses,2,0,1
playstore,xl,kenpa jaringan jelek sekali ud beli paket mahal2 tapi gk bisah di pakek karna gk ad jaringan internet ny tolong dong di perbaik lagi,kenpa jaring jelek ud beli paket mahal bisah pakek ad jaring internet ny tolong baik,4,2,1
playstore,xl,"awal - akhir bintang 1 udah pemakaian 5 Tahun, tapi masih jelek banget astagfirullah🤣, masa beli kuota buat memperpanjang masa aktif malah kuota lama di angusin, kalau cuma beberapa masih mending ini 170 GB, 170GB LOHHH! MALAH BALIK KE 10GB, PADAHAL MASA AKTIFNYA BESOK JAM 12 MALAM! AKU BELI DI HARI INI BIAR GA ANGUS MALAH DI ANGUSIN! ANEH🤣SINYALNYA KALAU MALAM / HUJAN MASIH LAMA BANGET 🤣 Chat CS malah dapet jawaban yang tidak membantu!Jelek!Jadi mending balik lagi ke Indosat bye XL☺",bintang pakai jelek astagfirullah beli kuota panjang aktif kuota angusin mending gb gb lohhh gb aktif besok jam malam beli biar angus angusin aneh sinyal malam hujan chat cs dapet bantu jelek mending indosat bye xl,5,7,0
playstore,xl,bonus kuata yang 500mb yang kita gunakan mala pulsa yang di tarik,bonus kuata mb mala pulsa tarik,2,2,0
playstore,xl,"harga pulsa dan harga paket datanya jang mahal-mahal, tolong turunin.",harga pulsa harga paket data jang mahal mahal tolong turunin,3,4,0
playstore,xl,sudah 2 hari. jaringan XL trouble. gak bisa nyambung sama sekali. sampek 2 hari pun masih belum stabil..,jaring xl trouble nyambung sampek stabil,2,0,1
playstore,xl,Sangat baik dan stabil,stabil,1,0,1
playstore,xl,cepat,cepat,1,0,1
playstore,xl,kuota harga naik terus tp tambah leeeeemooooooottt poollllll.. paaarraaaahh kpn ni ada peningkatan XL,kuota harga leeeeemooooooottt poollllll paaarraaaahh kpn ni tingkat xl,2,1,1
playstore,xl,knp sekarang tidak ada bonus setelah pembelian kuota,knp bonus beli kuota,1,1,0
playstore,xl,"harga elit sinyal sulit, kuota cpt hbs",harga elit sinyal sulit kuota cepat hbs,2,2,0
playstore,xl,"kartu xl jelek udh malas paket kartu ini ada"" aja masalah nya masak iya vocher ngak bisa di masukin di proses mulu ngak masuk""",kartu xl jelek malas paket kartu masak iya vocher ngak masukin proses mulu ngak masuk,2,3,0
playstore,xl,palikasinya lemot.sinyalnya susaaah.suka ilang sendiri.saya pake yg priority esim dan yang fisik.dua²nya sama² buruk sinyalnya,palikasinya lot sinyal susaaah suka ilang pake priority esim fisik buruk sinyal,0,3,0
playstore,xl,"jaringan bagus udh isi pulsa habis sia"" mau Untuk beli paket tpi selalu bermasalah sementara ndd masalah di jaringan, setiap dapat bonus pembelian nda ada bonusnya pdhl hrusnya ada, Sa menangis btul ap kh kaya bgini",jaring bagus isi pulsa habis sia beli paket tpi masalah ndd jaring bonus beli bonus pdhl hrusnya sa menang btul ap kh kaya bgini,6,3,1
playstore,xl,"tidak bisa dipake beli data, setiap diklik tombol bayar slalu muncul update padahal barusan diupdate.",dipake beli data klik tombol bayar slalu muncul update barusan diupdate,0,1,0
playstore,xl,semoga bisa lebih baik lagi,moga,1,0,1
playstore,xl,saya mau beli paket lewat aplikasi kok GK bisa ya ..saya Sudah instal aplikasi terbaru tetap tidak bisa ..sayang donk pulsanya,beli paket aplikasi instal aplikasi baru sayang donk pulsa,1,3,0
playstore,xl,woilah ini klo mau aktifin data eror mulu paket mahal.,woilah aktifin data eror mulu paket mahal,1,3,0
playstore,xl,ku kasih 1 bintang soalnya pas saya mau beli kuota mohon di perbarui terus bilang nya padahal saya sudah di perbarui apa sih maunya,ku kasih bintang pas beli kuota mohon baru bilang baru mau,1,1,0
playstore,xl,"XL KAYAjing LAMA LAMA punya paketan masih 13GB tapi gak bisa di pake kntlemang sinyal XLjuga hilang"" padahal 4G+ aneh lama"" XL",xl kayajing paket gb pake kntlemang sinyal xljuga hilang aneh xl,1,1,0
playstore,xl,harga paket wifi tiba2 naik tanpa konfirmasi. bulan kemarin sama bulan ini harganya beda. bulan ini naik 40rbuan. pdhl sering lemot jaringannya dan kadang2 suka trouble. benar2 mengecewakan,harga paket wifi konfirmasi kemarin harga beda rbuan pdhl lot jaring kadang suka trouble kecewa,6,3,1
playstore,xl,"aplikasinya bagus, tapi ukuran huruf di aplikasi sangat kecil, tidak nyaman dibaca, sy cari untuk membesarkan hurufnya tidak ada",aplikasi bagus ukur huruf aplikasi nyaman baca cari besar huruf,3,3,0
playstore,xl,mau cek tagihan FM lemot gk kebuka2 contennya. padahal pake jaringan FM dirumah. mending gk usah ada aplikasi lah kalo lemot menyajikan datanya. di email bulanan aja tagihannya.,cek tagih fm lot buka contennya pake jaring fm rumah mending aplikasi lot saji data email bulan tagih,4,8,0
playstore,xl,BENERIN SINYAL WOI XL!!!!!,baik sinyal woi xl,1,0,1
playstore,xl,"Xl makin sekarang makin menurun,jaringan nya juga lemot,nyesel saya pake kartu ini👎👎👎👎👎👎👎",xl turun jaring lot nyesel pake kartu,1,2,0
playstore,xl,Kouta harian masa sekarang di wajibkan beli minimal 28 hari dulu Masi mending yang 6rp sama 8 Rp Masi bisa beli 1 hari sekarang harus beli minimal 28 hari,kuota hari wajib beli minimal mas mending rp rp mas beli beli minimal,1,4,0
playstore,xl,bonus Xl cticle tidak langsung aktf gimana ini aplikasi makin Parah,bonus xl cticle langsung aktf gimana aplikasi parah,2,2,0
playstore,xl,"Chat Maya: Respon super lambat, banyak bug, gak tau kenapa HP suka ngeleg, aplikasi berat. (Nunggu gajian 30 hari, masa aktif kuota 28 hari, miris!!!)",chat maya respon super lambat bug tau hp suka lambat aplikasi berat nunggu gaji aktif kuota miris,3,6,0
playstore,xl,bonus jadi hilang,bonus hilang,1,1,0
playstore,xl,"jaringan tidak stabil,payah",jaring stabil payah,2,1,1
playstore,xl,"udah diupdate tpi mau beli pulsa gk bisa,setiap mau bayar disuruh update terus pake dana gk bisa pake bank gk bisa disuruh update trus kesel",diupdate tpi beli pulsa bayar suruh update pake dana pake bank suruh update trus kesel,1,4,0
playstore,xl,jaringan tidak sesuai harga,jaring sesuai harga,3,0,1
playstore,xl,saya baru saja beli kuota dan dapat bonus vidio platinum 30 tapi kenapa ga bisa di klaim ya bonus nya,beli kuota bonus vidio platinum klaim bonus,2,1,1
playstore,xl,sangat murah,murah,1,0,1
playstore,xl,Tidak membantu sama sekali terkait kendala paket hilang tiba-tiba,bantu kait kendala paket hilang,2,2,0
playstore,xl,"jaringan sangat buruk, Suka lemot,",jaring buruk suka lot,1,2,0
playstore,xl,kirain naik ke gold bakal semakin murah malah semakin mahal dan satu juga sinyal xl kenapa sering hipang hilang an. terimakasih,kirain gold murah mahal sinyal xl hipang hilang an terimakasih,2,2,0
playstore,xl,giliran beli diskonan alasannya gangguan pas beli formal gada gangguan,gilir beli diskon alas ganggu pas beli formal gada ganggu,2,2,0
playstore,xl,maap ini gimana ya jaringan batang nya selalu ga stabil tolong perbaiki XL punya ku agar tidak lemot dan selalu lancar trimakasi,maap gimana jaring batang stabil tolong baik xl ku lot lancar trimakasi,4,3,1
playstore,xl,"𝑎𝑠𝑡𝑎𝑔𝑓𝑖𝑟𝑢𝑙𝑙𝑎ℎ, 𝑘𝑒𝑛𝑎𝑝𝑎 𝑠𝑒𝑚𝑎𝑘𝑖𝑛 𝑏𝑎𝑛𝑦𝑎𝑘 𝑒𝑟𝑟𝑜𝑟, 𝑢𝑑𝑎ℎ𝑙𝑎ℎ 𝑠𝑖𝑛𝑦𝑎𝑙 𝑙𝑒𝑚𝑜𝑡 𝑏𝑎𝑛𝑔𝑒𝑡, 𝑘𝑎𝑑𝑎𝑛𝑔 𝑘𝑎𝑑𝑎𝑛𝑔 𝑖𝑙𝑎𝑛𝑔, 𝑐𝑢𝑚𝑎𝑛 ℎ𝑎𝑟𝑔𝑎𝑛𝑦𝑎 𝑡𝑎𝑚𝑏𝑎ℎ 𝑚𝑎ℎ𝑎𝑙. 𝑎𝑦𝑜𝑙𝑎ℎ 𝑦𝑎𝑛𝑔 𝑏𝑒𝑛𝑒𝑟. udahlah beli yg 5G, keterangan Nya sih, 500MBps,tapi kok punyaku 1MBps aja nggak.",udahlah beli terang mbps punya mbps nggak,1,0,1
playstore,xl,"sinyal ilang-ilangan Mulu, mesti kudu di mode pesawat biar balik semula, katanya 5g terbaik se-Indonesia tapi nyatanya nggak!!! buka aplikasi jmo buat benerin data aja lag mulu",sinyal ilang ilangan mulu mesti kudu mode pesawat biar baik indonesia nggak buka aplikasi jmo baik data lag mulu,2,5,0
playstore,xl,halo mau beli pket aja harus diperbaharui pdahal udah diperbaharui kcewa,halo beli pket baharu pdahal baharu kcewa,1,0,1
playstore,xl,Disini gua bukan buzzer jangan pernah beli xl sekarang jaringan ngeleg ga stabil ga kaya dulu malahan sekarang bagusan tri kenceng saran saya jangan pernah belu kouta xl makasih,gua buzzer beli xl jaring lambat stabil kaya bagus tri kenceng saran belu kuota xl makasih,4,4,0
playstore,xl,aplikasi sering error,aplikasi error,0,2,0
playstore,xl,good jobss,good jobss,1,0,1
playstore,xl,udah lama ngumpulin supaya dapat bonus xl circle malah gbisa di klaim alasannya ganguan hadeh,ngumpulin bonus xl circle gbisa klaim alas ganguan hadeh,1,1,0
playstore,xl,"sinyal jelek, harga ga ngotak kuota sirkel gadaa masuk bnyak minus nya, sesekali respon lah masukkan kita sebagai pengguna. hampir 10 THN ttp setia pke XL TPI mkin kesini makin kacau. tolong lah sinyal nya diperbaiki",sinyal jelek harga ngotak kuota sirkel gadaa masuk bnyak minus respon masuk guna thn ttp setia pke xl tpi mkin kesini kacau tolong sinyal baik,4,6,0
playstore,xl,jaringan xl sering banget gangguan sinyal hilang seharian apalagi kalo hujan. harga kuota doank mahal tapi sistemnya buruk. penyelesaiannya pun lama. merugikan usaha orang.,jaring xl ganggu sinyal hilang hari hujan harga kuota doank mahal sistem buruk selesai rugi usaha orang,2,7,0
playstore,xl,"capek batin, jaringan udah bagus kagak bisa bisa",capek batin jaring bagus kagak,2,2,0
playstore,xl,Kok makin mahal sih😭,mahal,0,1,0
playstore,xl,baru di buka ko langsung minta update,buka ko langsung update,1,0,1
playstore,xl,apk tdk berguna soalnya Uda berapa kali update Masi disuru update lagi,apk tdk guna uda kali update mas disuru update,1,0,1
playstore,xl,"XL home wifi nya sangat sering gangguan, tidak ada penanganan cepat",xl home wifi ganggu tangan cepat,2,1,1
playstore,xl,"masa aplikasi udah d update,suruh update lagi,kenapa coba",aplikasi d update suruh update coba,0,2,0
playstore,xl,"ga jelas, saya udah beli paket kuota lalu sudah bayar dan sudah terpotong saldo saya tapi status pembelian gagal dan tidak aktif gimana si ini tolong di cek lagi",beli paket kuota bayar potong saldo status beli gagal aktif gimana si tolong cek,2,4,0
playstore,xl,"Kecewa banget, udh isi ulang berkali kali, masa aktif kartu ga nambah, pengen banget berkata kasar tapi ga boleh, mohon di benerin, saya sudah kesel dri kemaren, ga di notice? emg provider jelek berarti, jangan modal omongan kalo gitu saya juga bisa, hadehhh",kecewa isi ulang kali kali aktif kartu nambah ken kasar mohon baik kesel dri kemaren notice emg provider jelek modal omong gitu hadehhh,1,5,0
playstore,xl,lancar dan tidak ngeleg,lancar lambat,1,1,0
playstore,xl,sinyal makin gk jelas harap di benerin segera lh repot klo klamaan,sinyal harap baik lh repot klamaan,1,1,0
playstore,xl,"sudah di apdate ulang, tapi tetap gagal mau daptar mt XL.. babi",apdate ulang gagal daptar mt xl babi,0,2,0
playstore,xl,"buset XL medit banget, baru banget bulan kemarin gua beli flexmax 50k masih 19gb, skrg langsung turur jd 15gb BUSETT, udah gila XL, ini cuma 1,sebelum ini mah udh banyak yg di turunin tapi harga tetap sama",buset xl medit kemarin gua beli flexmax k gb skrg langsung turur gb busett gila xl mah turunin harga,2,1,1
playstore,xl,hedeh aplikasi nggk jelas kuotanya,hedeh aplikasi nggk kuota,0,2,0
playstore,xl,"SUMPAH KALO KALIAN GAMMERS ATAU SEKEDAR MAIN GAME, JANGAN PERNAH PAKE XL.!! NORMAL PING NYA SAJA 50/60 MS ITUPUN GA BERTAHAN LAMA ATAU GA STABIL, SERING BANGET PING NAIK KE 200MS. UNTUK GERAK NORMAL DO GAME SAJA BUTUH MS 20-30 ITU SUDAH MAX, SEDANGKAN XL JAUH DELAYNYA,MANA JARINGAN SUKA TIBA2 HILANG LAGI, INI MASIH JARINGAN BELUM LAYANAN CS NYA YANG KAYAK SAMPAH JAWABAN TEMPLATE BOT GADA SOLUSI BALESNYA PULUHAN MENIT ANTRIAN GAJELAS ITU JUGA BELUM TENTU SELESAI MASALAH,2TH SMA AJA GA BERUBAH",sumpah gammers dar main game pake xl normal ping ms itu tahan stabil ping ms gerak normal do game butuh ms max xl delaynya jaring suka hilang jaring layan cs kayak sampah template bot gada solusi balesnya puluh menit antri gajelas selesai th sma ubah,8,7,1
playstore,xl,"memakai XL memang leB ih baik sinyalnya di tempat saya tapi buruknya adalah apabila sudah berlangganan kuota cukup besar di setiap bulanya dan tiba2 ada yang transfer atau anda beli kuota yang lebih kecil dengan jeda waktu satu menit saja,,, dor kuota yang lebih besar hangus ini sudah saya alami sendiri. yang terhitung kuota yang kecil tadi sungguh merugikan bukan",pakai xl leb ih sinyal buruk langgan kuota bulanya transfer beli kuota jeda menit dor kuota hangus alami hitung kuota sungguh rugi,2,8,0
playstore,xl,"buruk, selain sering gangguan, paket kuota juga sering habis blum sampai tanggal, oke lah klo habis dua hari lagi sampai tanggal ini mah sering semingguan sebelum habis tanggal udh abis",buruk ganggu paket kuota habis blum tanggal oke habis tanggal mah minggu habis tanggal abis,2,6,0
playstore,xl,"Sinyal kadang putus sendiri hilang , sinyal jelek makin lama kesini parah .. tolong diperbaiki lagi jaringan internet dan sinyalnya",sinyal kadang putus hilang sinyal jelek kesini parah tolong baik jaring internet sinyal,3,3,0
playstore,xl,"myxl kebanyakan error, mau masuk saja kadang minta masukan nomor, kadang otomatis, tapi yg parahnya itu mau daftar paket gak bisa, sudah hubunhi CS, tetep saja gak ada perubahan, daftar paket tetep gak bisa. jika waktu 1x 24 jam gak ada perubahan,atau daftar paket tetep gak bisa. itu artinya xl hanya mementingkan keuntungan saja. dan saya nyatakan,berhenti menggunakan xl, bahkan semua kerabatpun berhenti semua menggunakan xl. salam waras🙏",myxl banyak error masuk kadang masuk nomor kadang otomatis parah daftar paket hubunhi cs ubah daftar paket x jam ubah daftar paket xl penting untung nyata henti xl kerabat henti xl salam waras,6,6,0
playstore,xl,"jangan Pernah isi pulsa biasa ,pasti di sedot ,malng kelas kakap",isi pulsa sedot malng kelas kakap,0,3,0
playstore,xl,sinyal sering gk stabil,sinyal stabil,1,0,1
playstore,xl,"Sinyal makin lama makin jelek, kecewa banget, ngirim pesan diawali jam lama trus ceklist 1 lama baru ceklist 2, browser restart terus ngga bisa masuk, telp wa pun juga susah. Iklan nya jaringan terbaik, tolong dong sesuai dengan apa yang di iklankan.",sinyal jelek kecewa ngirim pesan awal jam trus ceklist ceklist browser restart ngga masuk telp wa susah iklan jaring baik tolong sesuai iklan,3,5,0
playstore,xl,makin ksini makin ngelag xl parah gak kaya dulu,ksini lambat xl parah kaya,0,2,0
playstore,xl,Setiap mau buat pakek selalu terjadi gangguan padahal saya kasih kalian uang.,pakek ganggu kasih uang,0,1,0
playstore,xl,"setiap Kali Mau Beli Paket Selalu di suruh Update Terus, Pas Ke GooglePlay Nggak ada Opsi Update.",kali beli paket suruh update pas googleplay nggak opsi update,2,1,1
playstore,xl,"aplikasi gajelas, error mulu",aplikasi gajelas error mulu,0,2,0
playstore,xl,aplikasi bagus,aplikasi bagus,1,1,0
playstore,xl,"sudah membeli kuota tapi tidakk bisa di pakai mana 15gb sayang sekali, chat maya tanggapannya sangat sangat tidakk membantu dan lama sekali dalam memberi tanggapan wkwkwk 😂",beli kuota tidakk pakai gb sayang chat maya tanggap tidakk bantu tanggap wkwkwk,4,1,1
playstore,xl,"bonus beli pulsa gak bisa di pakai, dulu bisa",bonus beli pulsa pakai,1,1,0
playstore,xl,beli paket sering gk masuk,beli paket masuk,1,1,0
playstore,xl,"Kok bonus kuota paket tengah malam nggak ada lagi ya, padahal kan bisa hemat sampai akhir bulan karena kuota tengah malam bisa untuk download film di youtube untuk di tonton nanti, dan kenapa XL sekarang saat mulai jam 6 sore selalu lag parah",bonus kuota paket malam nggak hemat kuota malam download film youtube tonton xl jam sore lag parah,2,6,0
playstore,xl,"tolong ni,kuota bebas puas di benerin, katanya bebas puas, tapi ada batas maksimal pembelian",tolong ni kuota bebas puas baik bebas puas batas maksimal beli,4,4,0
playstore,xl,"buat game ngeleg dadakan terus,parah",game lambat dada parah,1,2,0
playstore,xl,"kecewa banget saya sudah beli paket mahal-mahal tapi belum masuk,padahal transaksinya sudah berhasil,respon nya juga ga ada",kecewa beli paket mahal mahal masuk transaksi hasil respon,4,4,0
playstore,xl,aplikasi nya Errol beli paket pakai pulsa ga bisa suruh update dulu padahal sudah di perbarui tolong di perbaiki 🙏🙏🙏,aplikasi errol beli paket pakai pulsa suruh update baru tolong baik,2,3,0
playstore,xl,baru isi kuota selalu ga dapet bonus,isi kuota dapet bonus,2,1,1
playstore,xl,kuota game Ml GK ada fungsi jadi masih mending di hilangkan saja fitur nya udah beli kuotanya tapi pas di game gak bisa mtcmaking,kuota game ml fungsi mending hilang fitur beli kuota pas game mtcmaking,4,3,1
playstore,xl,xl kikir gabisa dibuka padahal ada pulsanya,xl kikir gabisa buka pulsa,1,1,0
playstore,xl,call center lama respon,call center respon,1,0,1
playstore,xl,poin XL lebih baik buat donasi poin konservasi atau perairan.,poin xl donasi poin konservasi air,2,1,1
playstore,xl,konrksi terparah,konrksi parah,0,1,0
playstore,xl,kok sering eror,eror,0,1,0
playstore,xl,"harga kuota mahal, jaringan murahan",harga kuota mahal jaring murah,3,2,1
playstore,xl,bagus ga ada kndala,bagus kndala,1,0,1
playstore,xl,mending pada pindah ayo ke Telkomsel biar g ngeleg ngeleg dan juga pada murah KLO pembelian paket di sana. sya kecewa SMA myXL SYA PENGGUNA LAMA 2016 TPI SEKRANG UDAH G KAYA YANG DULU LAGI KMNA MYXL YANG DULU MINN😮‍💨,mending pindah ayo telkomsel biar lambat lambat murah beli paket sya kecewa sma myxl sya guna tpi sekrang kaya kmna myxl minn,5,3,1
playstore,xl,"xl tolong dirubah dridulu kayagini2 aja ttg pmbelian paket 1 hari , dzolim kau xl korupsi ! beli kouta 1 hr beli nya jm 11 mlm jm 12 mlm udh abis /nonaktif , apanya yg 1 hr itu cmn 1jm iya pham mksd anda 24 jm , tapi disesuaikan dg pembelian pket jm brp pun hitungan nya 1 hr bkn ikutin aturan 24 jm , sesuaikan dg pembelian paket dg jm brpa pun , JANGAN TOLOL LAH ANDA KORUPSI ! XL !!!",xl tolong rubah dridulu kayagini ttg pmbelian paket dzolim kau xl korupsi beli kuota hr beli jm mlm jm mlm abis nonaktif apa hr cmn jm iya pham mksd jm sesuai beli pket jm brp hitung hr bkn ikutin atur jm sesuai beli paket jm brpa tolol korupsi xl,5,5,0
playstore,xl,ini internetnya kok mati,internetnya mati,0,1,0
playstore,xl,"sinyal tidak bisa digunakan untuk bermain game online.,",sinyal main game online,1,0,1
playstore,xl,bagus buat beli pulsa,bagus beli pulsa,1,1,0
playstore,xl,"nguber waktu agar kuota yg lama dirolover eh malah hilang udh harga tambah mahal koneksi internetnya didaerah bangkalan spesialis loading, hadeeeehhh kl 28 hari kedepan masih parah perlu dipertimbangkan untuk beralih ke operator lain😤",nguber kuota dirolover eh hilang harga mahal koneksi internetnya daerah bangkal spesialis loading hadeeeehhh kl depan parah timbang alih operator,2,4,0
playstore,xl,tidak ada yang diresponkah ? keluh kesah pengguna xl,diresponkah keluh kesah guna xl,2,0,1
playstore,xl,"sangat baik, membantu dan memuaskan kemudahan dalam mengakses semua informasi dan data dan banyak bonus point dan reward dari myxl",bantu muas mudah akses informasi data bonus point reward myxl,4,1,1
playstore,xl,"sejak make ini kartu makin g jelas padahal udh ditengah kota bukannya sinyal tambah enak , malah tambah gak jelas",make kartu tengah kota sinyal enak,1,1,0
playstore,xl,"Untuk pengguna XL prioritas nggak bisa masuk ke akunnya, katanya gangguan ketika memuat padahal sinyal bagus bagus aja. Mohon segera di perbaiki 🙏🏻",guna xl prioritas nggak masuk akun ganggu muat sinyal bagus bagus mohon baik,4,2,1
playstore,xl,"harga paket terus aja naikin tolol sinyal ga di urus buat apa"" harus mode pesawat dulu Bru lancar mentang² pengguna dah bnyk harga paket semua langsung di mahalain tapi sinyal kek taik. gue kasi bintang 5 karna buat di baca sama developer nya",harga paket naikin tolol sinyal urus mode pesawat bru lancar mentang guna dah bnyk harga paket langsung mahalain sinyal kek taik kasi bintang baca developer,7,6,1
playstore,xl,sangat jelek sekali jaringannya padahal di daerah jakarta.,jelek jaring daerah jakarta,1,1,0
playstore,xl,"Susah masuk apalagi sinyal hilang terus peh raguna, pelayanan lama, ngga jelas",susah masuk sinyal hilang peh raguna layan ngga,0,4,0
playstore,xl,"mohon maaf ini pihak XL saya kasih bintang 4 dulu masih ada bug yng mau saya komplain yaitu bug di XLCircle yang dimana itu menggundang anggota xl lain untuk bergabung di grub lalu melakukan transaksi sebesar Rp.100.000 jika tercapai target maka akan mendapatkan bonus kuota XL circle tetapi sudah 2 bulan ini saya terkena bug kuota bonus XLCircle tidak ada gimana ini solusinya jika sudah diperbaiki akann saya kasih bintang 5, sekian terimakasih",mohon maaf xl kasih bintang bug yng komplain bug xlcircle mana gundang anggota xl gabung grub transaksi rp capai target bonus kuota xl circle kena bug kuota bonus xlcircle gimana solusi baik akann kasih bintang sekian terimakasih,6,6,0
playstore,xl,sudah langganan disney+ tidak menerima sms otp,langgan disney terima sms otp,2,0,1
playstore,xl,"kalo buat aplikasi yang bener napaaa, suka ngebug lah sering lag lahh. masa udah transaksi seratus ribu rupiah biar dapet bonus quota circle 5 gb malah ga ada. ngebugnya ngeselin, mana udah keriset lagi target transaksi nya. curiga bonus scam",aplikasi bener napaaa suka ngebug lag lahh transaksi ratus ribu rupiah biar dapet bonus quota circle gb ngebugnya ngeselin riset target transaksi curiga bonus scam,5,2,1
playstore,xl,apk ini sangat tidak berguna,apk guna,1,0,1
playstore,xl,bagus banget apknyaa,bagus apknyaa,1,0,1
playstore,xl,"Sinyal gak stabil, kadang stabil kadang lemah banget, padahal di kota loooo.... paraahhh",sinyal stabil kadang stabil kadang lemah kota loooo paraahhh,4,1,1
playstore,xl,"sumpah gw pake xl tuh karna kartu sebelah lagi ga jelas sinyalnya trus mahal juga paketnya dibanding ini, tpi kenapa sinyal lu ikutan nge lag juga padahal gw pindah ke sini karna itu gw kira bakalan bagus malah hampir sama bahkan buka playstore aja tdi lumayan nge lag loh, jadi tolong lah di cek untuk kartu provider xl sinyalnya tolong lah, padahal udh di akuin sama ookla loh",sumpah pake xl tuh kartu belah sinyal trus mahal paket banding tpi sinyal ikut nge lag pindah bagus buka playstore tdi lumayan nge lag loh tolong cek kartu provider xl sinyal tolong akuin ookla loh,3,4,0
playstore,xl,udah pake yg 5G hpnya 5G tp jaringan xl ttp aja lelet 😫,pake hpnya jaring xl ttp lelet,1,1,0
playstore,xl,knpa gak bisa transaksi pulsa bacannya updet terus,knpa transaksi pulsa bacannya updet,1,1,0
playstore,xl,aku sangat suka paket combo miniflex tapi sinyal buruk banget buat main game kompetitif...,suka paket combo miniflex sinyal buruk main game kompetitif,2,1,1
playstore,xl,banyak gangguan,ganggu,0,1,0
playstore,xl,Jaringannya jelek banget saya dari desa bagus pas saya kerja di daerah bandung eh malah jelek di kota yang harusnya sinyal bagus tapi tidak bagi Axis atau XL sinyal nya ilang ilang ga stabil kecewa sama XL,jaring jelek desa bagus pas kerja daerah bandung eh jelek kota sinyal bagus axis xl sinyal ilang ilang stabil kecewa xl,6,7,0
playstore,xl,xl jaringan nya nyampah .,xl jaring nyampah,1,1,0
playstore,xl,fitur pengaduan bermasalah,fitur adu masalah,0,2,0
playstore,xl,harga mahal sinyal buriq,harga mahal sinyal buriq,1,1,0
playstore,xl,sinyal lol kura kura lambat ngeleg harga internetnya juga mahal,sinyal lol kura kura lambat lambat harga internetnya mahal,1,3,0
playstore,xl,kenapa aplikasinya tidak bisa mendaftarkan kouta/ daftarin nomor nya ke aplikasinya mohon di percepat perbaikannya. banyak yang kecewa.,aplikasi daftar kuota daftarin nomor aplikasi mohon cepat baik kecewa,2,4,0
playstore,xl,gunanya bonus apaan? ngelag mulu klo pke paket bonus,guna bonus lambat mulu pke paket bonus,4,1,1
playstore,xl,"manis di awal doang, Kouta mahal sinyal sulit, udah kayak hantu, mending pilih kartu lain. makin ke sini makin aneh XL.!!",manis doang kuota mahal sinyal sulit kayak hantu mending pilih kartu aneh xl,1,5,0
playstore,xl,"jaringannya makin lama makin ancur , niat gak bikin provider , bukan masalah harga , yang penting itu kualitas jaringan!!!!!!!!!!",jaring ancur niat bikin provider harga kualitas jaring,4,0,1
playstore,xl,"data masih 1,5 gb gak bisa pake tau2 pulsanya ludes, dari dulu XL gak berubah,",data gb pake tau pulsa ludes xl ubah,0,4,0
playstore,xl,SINYAL LEMOT PARAH TOLONG DI PERBAIKI!,sinyal lot parah tolong baik,1,2,0
playstore,xl,harga elit jaringan syulit,harga elit jaring syulit,2,0,1
playstore,xl,"tolong sinya 5g nya di perbaiki karna akhir"" ini sangat kurang bagus..",tolong sinya baik bagus,2,0,1
playstore,xl,"jaringan sering lelet, beli paket data tapi gak bisa ke pakai karena jaringan lelet, sia-sia beli paket data hangus gak ke pakai karena masa aktif data keburu hanya karena jaringan lelet habis",jaring lelet beli paket data pakai jaring lelet sia sia beli paket data hangus pakai aktif data keburu jaring lelet habis,5,10,0
playstore,xl,huft iya udah kalo gitu meskipun jaringannya gak jelas tapi saya baik ya udah gapapa tenang aja saya ganti kok retingnya yang penting di buat lebih lancar yaa,huft iya gitu jaring gapapa tenang ganti retingnya lancar,2,0,1
playstore,xl,ini kenapa pas udah upgrade ke xl prio malah nggak bisa di akses buat masuk dah,pas upgrade xl prio nggak akses masuk dah,2,2,0
playstore,xl,daerah tasikmalaya xl kurang bagus lelet,daerah tasikmalaya xl bagus lelet,1,1,0
playstore,xl,"jaringann xl kek bujanggg ilang"" gak jelassss,, paket banyakk kek gak berfungsi,,Kota pekanbaru",jaringann xl kek bujanggg ilang jelassss paket banyakk kek fungsi kota pekanbaru,1,2,0
playstore,xl,woi min aapasih gw dah beli Kouta nya masih ngelek nyesel gw beli buang buang duit doang,woi min aapasih dah beli kuota ngelek nyesel beli buang buang duit doang,0,5,0
playstore,xl,ini dari tadi pagi kaga bisa beli paket/kirim paket,pagi kaga beli paket kirim paket,3,0,1
playstore,xl,"mau bayar tagihan aja susah bener.confirm payment ke dana ga konek"".",bayar tagih susah bener confirm payment dana konek,1,2,0
playstore,xl,semuanya ok,ok,1,0,1
playstore,xl,"ini apa sih, sya mau kontak cs disuruh update aplikasi, begitu masuk play store ga ada update sama sekali?",sya kontak cs suruh update aplikasi masuk play store update,0,3,0
playstore,xl,kok xl aku gak. bisa buka si gimana pihak xl gak bisa dibuka tolong di perbaiki ya xl kalau udh di perbaiki nanti saya kasih bintang 🌟🌟🌟🌟🌟 lima oke,xl buka si gimana xl buka tolong baik xl baik kasih bintang oke,3,0,1
playstore,xl,"xl m*nyet,, mau registrasi aja harus beli paket dulu.",xl m nyet registrasi beli paket,1,1,0
playstore,xl,"sumpah xl makin kesini makin lelet,main ml gabisa gerak bintang gua kalah mulu anjj",sumpah xl kesini lelet main ml gabisa gerak bintang gua kalah mulu anjj,0,3,0
playstore,xl,XL kek 4SU..!!! Sinyal buusuk bnaget..!!! udah mahal sinyal Bussuukk.. 4SU..!!!,xl kek su sinyal buusuk bnaget mahal sinyal bussuukk su,0,1,0
playstore,xl,sinyal tidak luas,sinyal luas,1,0,1
playstore,xl,Anjinggggggggg mahal bgt masa 5 giga cuma nonton youtub 3 jam doangg,anjinggggggggg mahal giga nonton youtub jam doangg,0,1,0
playstore,xl,XL sekarang sangat mengecewakan dang sangat sangat jelek sinyalnya Juita masih banyak cuma muter muter doang apalagi di daerah jagakarsa amit amit lemotnya mau pindah simpati yg lancar mahal,xl kecewa dang jelek sinyal juita muter muter doang daerah jagakarsa amit amit lot pindah simpati lancar mahal,1,6,0
playstore,xl,"terbaik, tadi saya menanyakan tentang bonus yg belum masuk di chat maya, langsung bisa diatasi👍, dan terima kasi buat atmin ""#M185""🥰",baik bonus masuk chat maya langsung atas terima kasi atmin,5,3,1
playstore,xl,"makin lama signalnya jelek,sudah bayar tp dibilang belum bayar,hubungi customer centernya susah",signalnya jelek bayar bilang bayar hubung customer centernya susah,0,2,0
playstore,xl,"APLIKASI OPERATOR BUSUK , GANGGUAN TERUS .",aplikasi operator busuk ganggu,0,3,0
playstore,xl,xl udah Ga Bagus. Saya Beli data biasa nya Lama Bangt Hbisnya..Makin aneh Data Baru 3 hari dh kesedot hbis Walaupun Beli Ratusan GB sekalipun tetap Di Sedot Diam DiamTibaTba Hbis dalam Seminggu..walaupun 28 hari..pindah Ke Indosat atau Telkomsel aja mendingan,xl bagus beli data bangt hbisnya aneh data dh sedot habis beli ratus gb sedot diam diamtibatba habis minggu pindah indosat telkomsel mending,2,4,0
playstore,xl,"tolonglah ini xl kenapa makin kesini makin bobrok jaringannya . bukannya makin nyaman malah makin naik darah ,, udah jaringan lemot harga kuota juga mahal . kalo setimpal gapapa ini harga mahal jaringan bobrok . ga sesuai",tolong xl kesini bobrok jaring nyaman darah jaring lot harga kuota mahal timpal gapapa harga mahal jaring bobrok sesuai,8,6,1
playstore,xl,"kuota mahal sinyal kek ee bangkrut aja rugi banget, kali ini jelek lagi sumpah gua ganti provider",kuota mahal sinyal kek ee bangkrut rugi kali jelek sumpah gua ganti provider,0,6,0
playstore,xl,bagus sakali saya sangat puas,bagus sakal puas,2,0,1
playstore,xl,"Sinyal tidak stabil suka hilang2,alasan slalu dalam perbaikan,mohon dprhatikan keluhan pelanggan soal layanan internetnya.Terimakasih",sinyal stabil suka hilang alas slalu baik mohon dprhatikan keluh langgan layan internetnya terimakasih,4,1,1
playstore,xl,"Tolong Tingkatkan Lagi kwalitas Sinyal nya,agar lebih josss",tolong tingkat kwalitas sinyal josss,1,0,1
playstore,xl,"XL mau bangkrut x yak ,. sinyal makin ke sini makin kek apa.an tauk ,. jaringan full tpy di pake maen game GG normal,. jujur kecewa bngt am jaringan XL yg skarang..!! harga makin mahal tpy jaringannya mahal jg ,.",xl bangkrut x yak sinyal kek an tauk jaring full tpy pake maen game gg normal jujur kecewa am jaring xl skarang harga mahal tpy jaring mahal,7,5,1
playstore,xl,wifi rumah saya putus karena kabel nya putus sudah 3 hsri belum ada tanda tanda kejelasan perbaikan,wifi rumah putus kabel putus hsri tanda tanda jelas baik,2,2,0
playstore,xl,"server yang benar-benar tidak berguna udh jelas ada riwayat ny tgl 13-05-2026 transaksi sukses dan target XL circle sudah tercapai , bonusnya tidak diberikan malah di kasih tau suruh coba lagi , sumpah operator XL tolol semua .. klo ada bintang 0 lebih pantas buat XL karena bintang 1 aja masih terlalu bagus , XL gak pantes di kasih bintang",server guna riwayat ny tgl transaksi sukses target xl circle capai bonus kasih tau suruh coba sumpah operator xl tolol bintang xl bintang bagus xl pantes kasih bintang,5,3,1
playstore,xl,jaringan nya lemot parah,jaring lot parah,1,2,0
playstore,xl,monitor katuaaa.....jaringan hilang katuaa🤟,monitor katuaaa jaring hilang katuaa,1,1,0
playstore,xl,makasih,makasih,1,0,1
playstore,xl,burukk jelek gak baguss sangat jelekkkkk,burukk jelek baguss jelekkkkk,0,1,0
playstore,xl,"jaringan rusak, tapi cs tidak responsif. download aplikasi ini juga gk membantu.",jaring rusak cs responsif download aplikasi bantu,1,1,0
playstore,xl,Pembelian dengan Pulsa yg kekurangan nya dari e-walet tidak bisa dilakukan pembayaran. HP saya Xiaomi.,beli pulsa kurang e walet bayar hp xiaomi,0,2,0
playstore,xl,Semoga jaringan lebih luas dan tidak sering error.,moga jaring luas error,3,1,1
playstore,xl,"kenapa kalo mau isi ulang kuota harus update aplikasi, sedangkan aplikasi ku udah paling terbaru???",isi ulang kuota update aplikasi aplikasi ku baru,0,3,0
playstore,xl,"sinyal xl sangat buruk sekali,,,harga kuota sangat mahal,,kualitas dibawah standar...sangat mengecewakan",sinyal xl buruk harga kuota mahal kualitas bawah standar kecewa,2,5,0
playstore,xl,Aplikasi paling buruk ngelag walaupun koneksi bagus jelek banget,aplikasi buruk lambat koneksi bagus jelek,1,4,0
playstore,xl,bonus Tidak bisa di ambil 😭,bonus ambil,1,1,0
playstore,xl,"JANGAN BELI KUOTA DI APLIKASI INI KALO GAMAU KENA TIPU KAYAK SAYA, TOTAL 200RB LEBIH KUOTA TIDAK MASUK PADAHAL SALDO SUDAH TERPOTONG, INI BUKAN PERTAMA KALINYA SAYA MENGALAMI KEJADIAN SEPERTI INI MENGGUNAKAN APLIKASI SAMPAH INII !!!!!",beli kuota aplikasi gamau kena tipu kayak total rb kuota masuk saldo potong kali alami jadi aplikasi sampah ini,1,11,0
playstore,xl,"kecewa aja,udah pake XL 5 tahun bukannya makin bagus malah makin jelek. udah mah sinya burik buat search aja leletnya minta ampun,buat game juga patah2,harga kuota makin mahal masih byk lah males ketik satu2. saran mending benerin tu masalah sinyal yang ngk jelas,klo mah harga mahal sinyal bagus ya ngk masalah,lah ini udah mahal sinyal kek silit",kecewa pake xl bagus jelek mah sinya burik search lelet ampun game patah harga kuota mahal byk males ketik saran mending baik tu sinyal ngk mah harga mahal sinyal bagus ngk mahal sinyal kek silit,7,9,0
playstore,xl,aplikasi dongo jaringan di bagusin dulu baru beli udah kek plenger jaringan,aplikasi dongo jaring bagusin beli kek plenger jaring,2,1,1
playstore,xl,ampas,ampas,0,1,0
playstore,xl,mantap lancar sekali,mantap lancar,2,0,1
playstore,xl,jaringan cuma bikin emosi bangke,jaring bikin emosi bangke,1,0,1
playstore,xl,aplikasi ini kadang² error sudah di upgrete di suru upgrade lagi beli paket di combo mini ngak bisa,aplikasi kadang error upgrete suru upgrade beli paket combo mini ngak,2,2,0
playstore,xl,"kenapa bisa² nya pulsa ku kesedot😭, padahal udah aku amanin 😭 128k lagi😭",pulsa ku sedot amanin k,0,2,0
playstore,xl,Baru di update kemaren minta di update lagi. Update teroooss. fungsi ikon tempat sampah di halaman rincian paket data itu apa ya? knp ga di hilangkan aja fitur tong sampah itu,update kemaren update update teroooss fungsi ikon sampah halaman rincian paket data knp hilang fitur tong sampah,1,4,0
playstore,xl,aplikasi UD terbaru tapi disuruh update.. mau isi data ga bisa...,aplikasi ud baru suruh update isi data,0,3,0
playstore,xl,"Sinyal macam apa ini,sinyal kok ilang ilangan",sinyal sinyal ilang ilangan,0,1,0
playstore,xl,sinyal suka lemot!! CS lemot!! serba lemot,sinyal suka lot cs lot serba lot,0,3,0
playstore,xl,"beli mahal mahal eh jaringan jelek,sama saja penipuan",beli mahal mahal eh jaring jelek tipu,1,3,0
playstore,xl,seminggu lebih wifi tidak bisa digunakan. cs dihubungi susah. Mau saya berhentikan saja pakai wifinya. Tolong bagaimana caranya. Bayar terus tapi tidak bisa dipakai buat apa..,minggu wifi cs hubung susah henti pakai wifinya tolong bayar pakai,0,2,0
playstore,xl,"haduh saya pusing bgt sama sinyalnya, jelek bgt bikin kesel mau buka kerjaan yang menggunakan inet jadi menghambat . padhl saya gak yang tinggal di pelosok bgt sinyalnya paling bagus 3 itu pun loading terus, padahal yang di buka apknya ringan seperti wa.",haduh pusing sinyal jelek bikin kesel buka kerja inet hambat padhl tinggal pelosok sinyal bagus loading buka apknya ringan wa,2,5,0
playstore,xl,"XL yang terhormat. saya pelanggan setia dari beberapa tahun yang lalu. Namun dengan berat hati saya sampaikan bahwa akhir-akhir ini ada penurunan kualitas pelayanan yang diberikan; terkhususnya untuk pembelian kuota data. contohnya, hari ini saya membeli paket seharga Rp.15.300 dengan besar kuota 5Gb. Kemudian, yang tercatat dalam bukti transaksi adalah 6,5Gb. Anehnya, kuota yang saya dapatkan hanya sebesar 4,5Gb. Apakah ada penjelasan mengenai pengurangan tersebut atau memang disengaja?",xl hormat langgan setia berat hati turun kualitas layan khusus beli kuota data contoh beli paket harga rp kuota gb catat bukti transaksi gb aneh kuota dapat gb jelas kurang sengaja,5,8,0
playstore,xl,Sukses terus buat XL. kedepannya semoga lebih baik lagi soal kecepatan internet dan kestabilan. dan jadi provider dengan kouta harga terjangkau😎🔥,sukses xl depan moga cepat internet stabil provider kuota harga jangkau,5,1,1
playstore,xl,XL semakin jelek sinyal cuma 1 buang² uang beli kuota pls ...,xl jelek sinyal buang uang beli kuota pls,0,4,0
playstore,xl,"koneksi internet buruk,jelek ga recomended!!",koneksi internet buruk jelek recomended,0,2,0
playstore,xl,"jaringannya lemot, sering nge leg, suka terputus pas lagi penting penting nya, tolong dibenarkan lagi jaringannya",jaring lot nge leg suka putus pas tolong benar jaring,3,1,1
playstore,xl,"saya sudah update, tapi pas mau beli paket datanya, kata aplikasi nya belum update, bingung saya",update pas beli paket data aplikasi update bingung,2,2,0
playstore,xl,"saya diundang masuk XL prioritas lewat whatsapp akunnya legit, yang jadi masalah pas saya mau logi ke app engga bisa karena suatu masalah, saya mau login ke xl biasanya juga tidak bisa karena nomor nya sudah prioritas, yang jadi masalah kontak untuk report nya engga ada nih, saya cari info juga harus dateng ke kantor fisiknya ribet banget woi, kalau gitu engga usah ngundang-ngundang lewat wa min, gimana coba nih, gak usah sok keren bikin inovasi macem-macem dlu lah benerin dlu nih akses-aksesny",undang masuk xl prioritas whatsapp akun legit pas log app engga login xl nomor prioritas kontak report engga cari info dateng kantor fisik ribet woi gitu engga ngundang ngundang wa min gimana coba sok keren bikin inovasi macem macem dlu baik dlu akses aksesny,8,6,1
playstore,xl,aplikasi lemot,aplikasi lot,0,2,0
playstore,xl,sinyal ilang sendiri nge lag,sinyal ilang nge lag,0,1,0
playstore,xl,aplikasi ini kurang bagus pada saat mau daftar paket malah keluar aplikasi anda blum di update tolong dong🙏🙏,aplikasi bagus daftar paket aplikasi blum update tolong,2,2,0
playstore,xl,"Sudah teratasi dengan baik, mohon kedepannya tidak mengulangi lagi. Terima kasih.",atas mohon depan ulang terima kasih,1,1,0
playstore,xl,udah beli pulsa malah gabisa buat beli apk nya,beli pulsa gabisa beli apk,0,1,0
playstore,xl,"respon cs lama sekali, masalah wifi tdk ada tanggapan lapor kemana jg ga bsa. kalau belum siap buat app atau cs lebih baik fix dulu",respon cs wifi tdk tanggap lapor mana bsa app cs fix,3,0,1
playstore,xl,"nggak enak tiba"" memperpanjang kuota sendiri",nggak enak panjang kuota,1,1,0
playstore,xl,kurang memuaskan setiap mau klaim bonus gk bisa,muas klaim bonus,2,0,1
playstore,xl,"harga paket mahal tapi sinyal makin gajelas , huuuuu",harga paket mahal sinyal gajelas huuuuu,2,1,1
playstore,xl,"pelayanan CS nya jelek, masa mau memberikan pengaduan malah eror terus, agent live nya eror, jadi saya mau mengadukan permasalahan susah, perbaiki lah sistem nya jangan kaya gini terus ini bukan sekali atau dua kali tapi sering terjadi kejadian seperti ini",layan cs jelek adu eror agent live eror adu masalah susah baik sistem kaya gin kali jadi,2,8,0
playstore,xl,"hanya pemasangan awal saja yg bagus kalau sudah lewat 3 bulan itu sudah Lalot terus"" jadi sy turunin bintang dari bintang 5 ke bintang 2 nanti bulan depan kl masih jelek jaringan turun lagi satu sampai ke pemutusan ok",pasang bagus lalot turunin bintang bintang bintang kl jelek jaring turun putus ok,4,1,1
playstore,xl,"Jaringan Semakin Lemot , Harga Terlalu Mahal",jaring lot harga mahal,2,2,0
playstore,xl,"ga pas login, pas beli paketan pun lemott parahh. kobisaa sikk",pas login pas beli paket lemott parahh kobisaa sikk,3,0,1
playstore,xl,transfer rate baik upload/download gk stabil,transfer rate upload download stabil,1,0,1
playstore,xl,"Sangat mengecewakan sekarang, padahal pinjam pulsa sudah dilunasi, malah nggak bisa pinjam lagi,enakan yg dulu.Paket internet juga tambah mahal...",kecewa pinjam pulsa lunas nggak pinjam enak paket internet mahal,1,3,0
playstore,xl,baguss lancar apk nya cmn paket nya aga marahal,baguss lancar apk cmn paket aga marahal,2,0,1
playstore,xl,kuota murahinlah mahal amat bang,kuota murahinlah mahal bang,0,2,0
playstore,xl,"menu call center nya jelek sekali, respon melalui Robot cepet.. tapi ketika dialihkan ke agen.. lama sekali.. bisa 6 jam.. udah nelpon..waah udah ikutin tekan ini.. itu.. ga respon. (tidak berguna sekali) waktu di first media masih ok banget..lho",menu call center jelek respon robot cepet alih agen jam nelpon waah ikutin tekan respon guna first media ok lho,5,2,1
playstore,xl,tgl 15/05/26 saya isi ulang pulsa 30 RBU dimyx via ovol...dgn rincian isi pulsa 15 RBU double jadinya 30rbu...laporan di ovo dan SMS XL sukses kepotong 30rbu.. Tapiiiiiii mengapa yg RELOAD/masuk dipulsa cuman 15 RBU azaaaaaaaa...kemana neh yg 15 RBU lagiiiiii...?????? sampe skrng ga masuk2 yg 15 RBU lagi.......,tgl isi ulang pulsa rbu dimyx via ovol rincian isi pulsa rbu double rbu lapor ovo sms xl sukses potong rbu tapiiiiiii reload masuk pulsa cuman rbu azaaaaaaaa mana neh rbu lagiiiiii sampe skrng masuk rbu,2,6,0
playstore,xl,"jujur membingungkan,kan udah di update trus kan ak th mau paketin data/kuota,aneh nya kok ga bisa ktnya hrus di update padahal udh di update,gimana mau update coba.. kcwa si,bikin kesel..",jujur bingung update trus ak th paketin data kuota aneh ktnya hrus update update gimana update coba kcwa si bikin kesel,0,3,0
playstore,xl,"mau beli paket gagal terus koneksi udah lancar,benerin dong",beli paket gagal koneksi lancar baik,3,1,1
playstore,xl,"mau beli kuota susahnya minta ampu . perbaruan terus tapi , dri app nya gak ada apa² nya . kecewa banget si kalo bgni",beli kuota susah ampu baru dri app kecewa si bgni,0,4,0
playstore,xl,"apasihh makin banyak bug padahal udah beli pulsa terus pas mau beli paket bilang nya harus di update aplikasinya padahal udah di update haduhhh bikin males mending ganti kartu aja deh dari pada bug nya gak di perbaikan, tolong ya di perbaiki",apasihh bug beli pulsa pas beli paket bilang update aplikasi update haduhhh bikin males mending ganti kartu bug baik tolong baik,5,3,1
playstore,xl,"Beli kouta, transaksi berhasil tapi kouta nya belum masuk juga",beli kuota transaksi hasil kuota masuk,2,3,0
playstore,xl,tambah parah aplikasinya,parah aplikasi,0,2,0
playstore,xl,sampah bintang 1 pun nggak pantas tiap taun harga naik kayak yang jual Fir'aun tapi nyuruh nyuruh regist 5g yang 4g aja nggak layak ini yang di kasih award speed terkenceng stabil kek dll,sampah bintang nggak taun harga kayak jual fir aun nyuruh nyuruh regist nggak layak kasih award speed kenceng stabil kek dll,3,6,0
playstore,xl,"saya pengguna xl 1, wifunya sudah saya putus lewat cs via telpon. Tapi tagihan masih jalan sampai saat ini, tolobg ini gimana!!!cari keuntungan aja xl ya",guna xl wifunya putus cs via telpon tagih jalan tolobg gimana cari untung xl,1,2,0
playstore,xl,makin lama bukannya makin bagus malah makin busuk,bagus busuk,1,1,0
playstore,xl,"beli paket 1 hari tapi yg di pake pake yg 14 hari dulu,,, apa apaan jadi percuma paket 1 hari gx ke pake??",beli paket pake pake paket gx pake,2,0,1
playstore,xl,gabisa di pake login selalu eror,gabisa pake login eror,0,1,0
playstore,xl,sering gangguan ketika mau daftar paket Internet,ganggu daftar paket internet,1,1,0
playstore,xl,kenapa lemot tidak sesuai dengan harga paketnya,lot sesuai harga paket,3,1,1
playstore,xl,kpn bisa di gunakan paket mlmy udh setengah 2 belum bisa di pakai,kpn paket mlmy pakai,1,0,1
playstore,xl,"udah langganan xl dari 2019, dulu jaringan nya sangat lancar, kenapa sekarang lelet, bonus paketan saya hangus, xl circle saya gak bisa dipake selalu alasanya bonus sedang tidak tersedia. tobat dehh xl jangan bikin orang rugii, jaringan lelet banget kuota cepat habis padahal hanya di pake wa bisnis sama Ig, semoga segera diperbaiki sistem operasi xl.",langgan xl jaring lancar lelet bonus paket hangus xl circle dipake alasanya bonus sedia tobat dehh xl bikin orang rugi jaring lelet kuota cepat habis pake wa bisnis ig moga baik sistem operasi xl,13,7,1
playstore,xl,kapan fitur berbagi XL poin tersedia,fitur bagi xl poin sedia,2,0,1
playstore,xl,ribet bngt klo dh masuk prioritas...hubungi Maya hubungi Maya juga ga ngebantu mlh semakin ga jls...ribet bngt hrs ke XL center...diubah ke prabayar lgi ga bisa ..mff bngt aku kasih bintang satu...jujur untuk kualitas jaringan XL udah termasuk bagus tp kalo dh masuk prioritas mau diubah lgi ke prabayar ribet bngt bintang 0,ribet dh masuk prioritas hubung maya hubung maya ngebantu mlh jls ribet hrs xl center ubah prabayar lgi mff kasih bintang jujur kualitas jaring xl bagus dh masuk prioritas ubah lgi prabayar ribet bintang,3,5,0
playstore,xl,"gangguan terus, ga pernah ada solusiii !!!!",ganggu solusiii,0,1,0
playstore,xl,tingkatkan lagi dan banyakin promonya,tingkat banyakin promonya,1,0,1
playstore,xl,sinyal gak stabil,sinyal stabil,1,0,1
playstore,xl,Ok bgt kalau bisa dapat bonus nya dari xl dong om,ok bonus xl om,2,0,1
playstore,xl,pulsa kepotong sendiri. sering berkaali2,pulsa potong berkaali,0,2,0
playstore,xl,jaringan sangat buruk ga sesuai dengan harga data internet!!!,jaring buruk sesuai harga data internet,3,2,1
playstore,xl,entah kenapa kok masih tidak ada perubahan.. saat input verifikasi kode lewat sms tiba2 sistem error dan aplikasi kembali ke awal... kadang malah error total gak bisa di buka.. sebenarnya kalian bisa bikin aplikasi online atau tidak?? klo hanya formalitas di takedown saja dari gplay.. kita berusaha jaga kalian tapi kalian malah seenaknya dengan komsumen..,ubah input verifikasi kode sms sistem error aplikasi kadang error total buka bikin aplikasi online formalitas takedown gplay usaha jaga komsumen,1,6,0
playstore,xl,harga paketan naik terus tapi sinyal dan kecepatan internet selalu turun,harga paket sinyal cepat internet turun,3,0,1
playstore,xl,Sumpah Xl makin kesini makin ngga jelas jaringannya. lemot parah,sumpah xl kesini ngga jaring lot parah,1,3,0
playstore,xl,"apa coba udah di update malah di suruh update lagi kocak, mau nunggu besok jga gw butuh nya sekarang, dngo",coba update suruh update kocak nunggu besok butuh dngo,1,3,0
playstore,xl,XL semenjak muncul paket flexmax harga murah tapi kualitas sinyal menurut banget tolong kembalikan kualitas sinyal kayak dulu lagi. gw pake XL dari 2016 dan gak pernah ganti lagi. malah pakai 4 no hp XL semua tapi ini sinyal di semua no sama aja gangguan semua. jangan buat pelanggan lama pindah provide capek kalau kendala sinyal laporan ke callcenter terus.,xl semenjak muncul paket flexmax harga murah kualitas sinyal tolong kembali kualitas sinyal kayak pake xl ganti pakai no hp xl sinyal no ganggu langgan pindah provide capek kendala sinyal lapor callcenter,7,4,1
playstore,xl,"Setelah aktivasi ke XL Center, sim card.x masih belum bisa berfungsi, tolong diperbaiki lagi servicex.",aktivasi xl center sim card x fungsi tolong baik servicex,2,0,1
playstore,xl,klo mau usaha bisnis yang sesuai janji jaringan bagus dan tidak lemot.dari tahun kibenen masih kalah ama si merah aja.gx ada hujan angin wifi anjlok buruk sekali.kompensasinya gx ada maju dengan iming iming manis ama pelanggan ajarin salesnya berbicara jujur W BUKAN BUAT PERSONAL PAKAI WIFI BISNISSSSSSS IMAGE MU DARI DULU GX BERUBAH XL KLO GX KASIHAN SALESNYA W GX MAU LANGGANAN.bayar saya gx pernah telat layanan kayak keong.satu RT GANTI PROVIDER SEKALIAN NIE BILLING SAYA 60812362,usaha bisnis sesuai janji jaring bagus lot kibenen kalah ama si merah gx hujan angin wifi anjlok buruk kompensasi gx maju iming iming manis ama langgan ajarin salesnya bicara jujur w personal pakai wifi bisnisssssss image mu gx ubah xl gx kasihan salesnya w gx langgan bayar gx telat layan kayak keong ganti provider nie billing,6,7,0
playstore,xl,Jaringan jelek di wilayah Tulungagung,jaring jelek wilayah tulungagung,1,1,0
playstore,xl,jelek banget jaringannya lemot banget gak bisa ngapa ngapain ini jaringannya,jelek jaring lot ngapa ngapain jaring,2,2,0
playstore,xl,"wifi sering gangguan terlalu lemot di banding provider lain, telfon pengajuan sampe 10menit+ gaada respon",wifi ganggu lot banding provider telfon aju sampe menit gaada respon,1,4,0
playstore,xl,sinyal mantap banget baguuuuuuuus.apalagi dari jam 7 mlm sampai jang 9 oke pisan makasih xl,sinyal mantap baguuuuuuuus jam mlm jang oke pis makasih xl,3,0,1
playstore,xl,"paket masih banyak 10 gb-20gb lelet nya minta, ampun",paket gb gb lelet ampun,1,1,0
playstore,xl,lumayan bagus.,lumayan bagus,2,0,1
playstore,xl,"tolong perbaiki jaringan di pekanbaru min, asli gak bisa kerja. kalau sudah normal baru saya buat bintang 5",tolong baik jaring pekanbaru min asli kerja normal bintang,5,0,1
playstore,xl,Terbantu bangett,bantu bangett,0,1,0
playstore,xl,"kartu paling pelit, jaringan juga lemot",kartu pelit jaring lot,1,1,0
playstore,xl,jaringan nya sangat jelek??,jaring jelek,1,1,0
playstore,xl,udah dua hari mau isi ulang voucher ngga bisa kecewa,isi ulang voucher ngga kecewa,1,2,0
playstore,xl,"sangat kecewa sama jaringan XL sekarang, sinyal nya suka ngilang ngilang sendiri, apalagi pas di pake maen game lemooott banget. kecewa sangat, padahal sudah bertahun-tahun pake kartu XL, tapi tetep aja kek gini sinyalnya jeleeekkkk",kecewa jaring xl sinyal suka ngilang ngilang pas pake maen game lemooott kecewa tahun pake kartu xl kek gin sinyal jeleeekkkk,4,4,0
playstore,xl,"ini kenapa ya sinyal xl makin kesini makin jelek, tiap buka media sosial pasti buffering, yang lancar cuma whatsapp doang heran",sinyal xl kesini jelek buka media sosial buffering lancar whatsapp doang heran,2,1,1
playstore,xl,kenapa setelah saya update Kok aplikasi nya malah GK bisa buat beli paket kuota gimana sih kurang puas dengan aplikasi XL ini gaes,update aplikasi beli paket kuota gimana puas aplikasi xl gaes,2,3,0
playstore,xl,Semoga xl ga ada yang pakek sinyal lemot kuota elit jaringan sulit sumpah kecewa,moga xl pakek sinyal lot kuota elit jaring sulit sumpah kecewa,2,4,0
playstore,xl,jaringan nya buruk,jaring buruk,1,1,0
playstore,xl,"Tolong ubah sistem pembelian Kuota bebas puas seperti yg sebelumnya, dimana bisa membeli tanpa syarat minimum pembelian. Karena menurut saya metode pembelian dengan syarat minimum pembelian kurang diminati banyak pengguna termasuk saya. Mohon pertimbangkan pendapat saya mewakili pengguna MyXl terimakasih. Hwhwhwhwhw",tolong ubah sistem beli kuota bebas puas mana beli syarat minimum beli metode beli syarat minimum beli mati guna mohon timbang dapat wakil guna myxl terimakasih hwhwhwhwhw,4,5,0
playstore,xl,"jaringan tibatiba lag, mati gajelas",jaring tibatiba lag mati gajelas,1,1,0
playstore,xl,"tidak sesuai bilinya brapa gb dan masuknya dan bonus""nya sama paket lokalnya hilang gak kayak dulu",sesuai bilinya brapa gb masuk bonus paket lokal hilang kayak,3,3,0
playstore,xl,kenapa lelet padaha paket 300 MBPS,lelet padaha paket mbps,1,1,0
playstore,xl,SIngal tiba tiba hilang sendiri jadi males,singal hilang males,0,2,0
playstore,xl,kenapa susah banget mau isi kuota daritadi masih diprosea terus ah kenapa jadi gini sih aplikasinya operatornya tolong diupgrad lagi biar lebih mudah astagaaa,susah isi kuota daritadi diprosea ah gin aplikasi operator tolong diupgrad biar mudah astagaaa,1,3,0
playstore,xl,"jaringan paling lemot dan lelet di indonesia,tak ada perubahan sama sekali",jaring lot lelet indonesia ubah,1,2,0
playstore,xl,"banyak bug pdhl udh update apknya, tpi pas mau beli kuota suruh update lagi gjls banget",bug pdhl update apknya tpi pas beli kuota suruh update gjls,1,2,0
playstore,xl,"Napa ni aplikasi skrng gk bisa di buka terus ...udh berapa kali instal hapus ,tetep ajh masih gk bisa login",napa ni aplikasi skrng buka kali instal hapus ajh login,0,3,0
playstore,xl,"lama kelamaan makin parah aja nih xl, udh bertahun²pake xl dulu sinyal lancar jaya sekrang (-99),mana paketan makin mahal",parah xl tahun pake xl sinyal lancar jaya sekrang paket mahal,3,2,1
playstore,xl,sinyal ngeleg terus ga seperti xl dulu,sinyal lambat xl,0,1,0
playstore,xl,Xl semakin jelek,xl jelek,0,1,0
playstore,xl,"sinyal sering eror, sering mati data , harga mahal dengan kualitas jelek, benerin lah ini sinyal",sinyal eror mati data harga mahal kualitas jelek baik sinyal,3,5,0
playstore,xl,"sekarang malah sering trouble, bikin emosi, untuk searching urusan penting malah sinyal yang jadi kendala..🤦🤦",trouble bikin emosi searching urus sinyal kendala,0,1,0
playstore,xl,sinyal patah2 padahal daerah termasuk mudah akses,sinyal patah daerah mudah akses,2,1,1
playstore,xl,"KUOTA MAKIN MAHAL, JARINGANNYA SEMAKIN BUSUK",kuota mahal jaring busuk,1,3,0
playstore,xl,"XLLL LUU KENAPA SINYAL NYA SUKA TBTB ILANG SIHHH, BENCI NLBGT ASELI, PERBAIKIN SIHH LAGI MAIN GAME PERANG MALAH ILANG, DUHH GUSTIII, tolong lah cara atasi nya gimana!?!?!??",xlll luu sinyal suka tbtb ilang sihhh benci nlbgt aseli perbaikin sihh main game perang ilang duhh gustiii tolong atas gimana,1,5,0
playstore,xl,ayo seperti awal dulu bagus dan oke sekarang susah beli paketan,ayo bagus oke susah beli paket,4,1,1
playstore,xl,kenapa sekarang aplikasinya buat beli paket gak bisa tolong di perbaiki aplikasinya saya kasih bintang satu dulu,aplikasi beli paket tolong baik aplikasi kasih bintang,2,2,0
playstore,xl,ini udah update tapi kok tulisan disuruh update lagi. . mau beli kuota jadi gak bisa,update tulis suruh update beli kuota,0,2,0
playstore,xl,kadang² jaringan jelek dan kalok di buka gak bisa dan SAYA UDAH PER BARUHI KENAPA GAK BISA,kadang jaring jelek kalok buka baruh,2,1,1
playstore,xl,sinyal ku lag di lombok timur kalo main mobile legends tolo di perbaiki sinyalnya sampe los 4 kalo loh,sinyal ku lag lombok timur main mobile legends tolo baik sinyal sampe los loh,1,0,1
playstore,xl,parah xl jaringan lelet .boros lagi,parah xl jaring lelet boros,1,3,0
playstore,xl,udah beberapa taun saya pakai ini kartu tapi tetap sinyal nya tidak ada perubahan aneh banget udah paketannya pada mahal,taun pakai kartu sinyal ubah aneh paket mahal,1,2,0
playstore,xl,"Bertahun-tahun pakai XL, tapi belakangan makin mengecewakan. Sinyal sering banget ngelag, apalagi setiap habis hujan, sblm hujan pun lngsng ada feeling 'ini jaringan pasti ngeleg lagi Ini"", anehnya selalu benar. udah gtu harga paket terus naik dan paket murah makin dibatasi, tapi kualitas jaringan..... hadehhh mengecewakan..",tahun pakai xl kecewa sinyal lambat habis hujan sblm hujan lngsng feeling jaring lambat aneh gtu harga paket paket murah batas kualitas jaring hadehhh kecewa,7,5,1
playstore,xl,Aplikasi ini ga bisa di pakai sekarang,aplikasi pakai,0,1,0
playstore,xl,"semakin kesini bukannya lancar,malah lemot,tolong donk perbaiki lagi.Udah di update aplikasinya,,jaringannya jelek,sering hilang sinyalnya.",kesini lancar lot tolong donk baik update aplikasi jaring jelek hilang sinyal,3,4,0
playstore,xl,"udah 5 tahun aku pakai xl ,makin lemot srtiapa hari nya...",pakai xl lot srtiapa,0,1,0
playstore,xl,"aku udah langganan myxl lama bgt, sekali kali dong bonusin kuota. aku bukanya minta² tpi jarang ada bonus kalau belih kuota",langgan myxl kali bonusin kuota buka tpi jarang bonus belih kuota,2,2,0
playstore,xl,tolong tambahin masa aktifnya pas isi pulsa 5.000 yg awalnya 5 hari jadi 7 hari gituu hehe,tolong tambahin aktif pas isi pulsa gituu hehe,1,1,0
playstore,xl,"Setelah Firstmedia pindah XL, BUSUK PELAYANNYA EMAIL GAK DIBALAS, CALL CENTER GAK RESPON",firstmedia pindah xl busuk layan email balas call center respon,1,1,0
playstore,xl,mending pada pindah provider dah lu pada xl dah gak jelas jaringan nya yang katanya 5G paling cepat tapi kenyataannya jaringan tidak setabil udah mah harga kuotanya mahal kadang masa aktif nya gk nambah,mending pindah provider dah xl dah jaring cepat nyata jaring setabil mah harga kuota mahal kadang aktif nambah,6,4,1
playstore,xl,lemot bgt skrg xl pdhl d kota bkn di plosok desa jjur kcewa,lot skrg xl pdhl d kota bkn plosok desa jjur kcewa,0,2,0
playstore,xl,jaringan parah. paketan mahal. merugikan pengguna y,jaring parah paket mahal rugi guna y,3,3,0
playstore,xl,banyak kendala. mau beli kuota di myxl makin susah.,kendala beli kuota myxl susah,0,3,0
playstore,xl,sinyal lemot sekali,sinyal lot,0,1,0
playstore,xl,"harga paket semakin mahal, jaringan parah abis. Jujur sangat kecewa dengan XL sekarang, rugi beli paket kuota mahal2 tapi ujung2nya tidak bisa di pakai. paling malu pas bayar qris di kasir. lelet banget jaringannya. mana antrian kasir panjang. tolong dong xl. saya harap ada perbaikan secepatnya. jika bulan depan masih begini, saya tidak bisa langganan xl lagi.",harga paket mahal jaring parah abis jujur kecewa xl rugi beli paket kuota mahal ujung pakai malu pas bayar qris kasir lelet jaring antri kasir tolong xl harap baik cepat langgan xl,9,8,1
playstore,xl,aplikasinya bagus yang tidak aku suka jaringannya buruk Dan tidak ada bonus atau promo berikan promo min biar tambah banyak yang memakai XL,aplikasi bagus suka jaring buruk bonus promo promo min biar pakai xl,5,2,1
playstore,xl,wifi nya jelek banget ilang ilangan ping tinggi ditelpon malah gangguan juga ga nyambung ke cs XL nya sialan,wifi jelek ilang ilangan ping telpon ganggu nyambung cs xl sial,0,4,0
playstore,xl,maaf ini gimana internet saya gak bisa di pake kuota masih ada tapi gak bisa di pake udh dm sana sini ga ada jawaban gak ada perbaikan udah chat maya pun sama ga ada perubahan,maaf gimana internet pake kuota pake dm baik chat maya ubah,2,1,1
playstore,xl,hai XL.kuota bonus yang aktif 1 hari aktifkan dalam 24jam donk.bukan di hari ambil bonus jam 00.00 sudah tidak aktif,hai xl kuota bonus aktif aktif jam donk ambil bonus jam aktif,3,2,1
playstore,xl,boros sekali,boros,0,1,0
playstore,xl,semakin sering saya beli paket data di myXl semakin mahal saja,beli paket data myxl mahal,1,2,0
playstore,xl,"mau beli paket data malah di suruh update, pas di cek gada pembaruan",beli paket data suruh update pas cek gada baru,2,3,0
playstore,xl,selalu beli kuota di aplikasi ini tapi jaringannya masuk tapi lag parah saat main game,beli kuota aplikasi jaring masuk lag parah main game,2,4,0
playstore,xl,kuotanya sudah agak mahal,kuota mahal,0,2,0
playstore,xl,"ini yang ngurusin ada ga sih, udah update saat mau beli disuruh update padahal tidak ada update baru",ngurusin update beli suruh update update,1,1,0
playstore,xl,Ini sinyal xl bagaimana jelek banget tidak memuaskan sama sekali,sinyal xl jelek muas,1,1,0
playstore,xl,Dengan myXL semua jadi mudah dan cepat,myxl mudah cepat,2,0,1
playstore,xl,di suruh UPDATE baru bisa beli Kouta udah mau di update tapi ga bisa gimana sih,suruh update beli kuota update gimana,0,2,0
playstore,xl,"aplikasi jelek, switch antar akun sulit. login sulit",aplikasi jelek switch akun sulit login sulit,0,4,0
playstore,xl,paket Kouta aja 5G kamu terhubung jaringan tercepat ngeluarin duit maksudnya? klo gak sanggup ke 5G minimal gak usah sok update jaringan masih lelet maksa banget kecewa banget sich,paket kuota hubung jaring cepat ngeluarin duit maksud sanggup minimal sok update jaring lelet maksa kecewa sich,5,5,0
playstore,xl,"point ga berfungsi!, point 12rb hilang tiba tiba, masuk ke apk kadang gabisa padahal data aktif. makin mahal doang bug ga di benerin, apk kikir",point fungsi point rb hilang masuk apk kadang gabisa data aktif mahal doang bug baik apk kikir,3,4,0
playstore,xl,tidak pernah bisa membuat tiket aduan. agent maya yang tidak pernah bisa membantu menyelesaikan kendala harus menunggu balasan selama belasan jam,tiket adu agent maya bantu selesai kendala tunggu balas bas jam,0,2,0
playstore,xl,bagus sekali.....,bagus,1,0,1
playstore,xl,busuk sinyalnya,busuk sinyal,0,1,0
playstore,xl,"tiap nuker voucher kuota game, jaringannya ga pernah bener, serasa ga ada kuota gamenya meskipun ada juga",nuker voucher kuota game jaring bener serasa kuota gamenya,3,2,1
playstore,xl,mantap bangettt,mantap bangettt,1,0,1
playstore,xl,"masih banyak bug , untuk scan voucher menggunakan barcode dan input manual , aneeehhh",bug scan voucher barcode input manual aneeehhh,1,0,1
playstore,xl,Udah di update ke versi terbaru kenapa buat transaksi pulsa harus perbarui aplikasi lagi?,update versi baru transaksi pulsa baru aplikasi,1,2,0
playstore,xl,"aplikasi yang sangat amat bagus, ketika ada masalah cs nya sigap banget bantuin, sabar juga ngadepin nya, good job👍👍👍",aplikasi bagus cs sigap bantuin sabar ngadepin good job,4,2,1
playstore,xl,"Kuota aplikasi yg di tukar melalui XL poin beberapa contoh di antaranya kuota WA, ataupun Kuota game gk berfungsi sama sekali. scam ini namanya, nuker point ke kuota buat alternatif eh malah gk berfungsi sama sekali, tolong diperbaiki lahh. Demi kenyamanan pengguna XL",kuota aplikasi tukar xl poin contoh kuota wa kuota game fungsi scam nama nuker point kuota alternatif eh fungsi tolong baik lahh nyaman guna xl,5,5,0
playstore,xl,"di-update bukan nya bagus, maketin pulsa pake gada jaringan ,sambung wifi ,gabisa yang bener aja",update bagus maketin pulsa pake gada jaring sambung wifi gabisa bener,2,2,0
playstore,xl,"sinyal lu noh di dalem rumah keteter 😹, ngaku internet tercepat nomor 1 di indonesian tapi taikkkk buka fb lite aja ngelag nya minta ampun kalah ama im3, xl d luar dpt sinyal camn 3batang tp d dlem rmh sebatang 😹 geser posisi tidur lngsung wassalam gada sinya 🤣 kalo gua malu tuh ngaku"" sinyal tercepat di indonesia btw gua lokasi cikarang barat",sinyal noh dalem rumah keteter ngaku internet cepat nomor indonesian taikkkk buka fb lite lambat ampun kalah ama im xl d dpt sinyal camn batang d dlem rmh batang geser posisi tidur lngsung wassalam gada sinya gua malu tuh ngaku sinyal cepat indonesia btw gua lokasi cikarang barat,3,7,0
playstore,xl,"JARINGAN XL TIDAK BISA DIANDALKAN SAMA SEKALI, DI PUSAT KOTA SINYAL PENUH TIDAK BISA AKSES INTERNET. SETELAH DICOMPLAINT MALAH MINTA DIKASIH BINTANG 5. HELLO PLEASE, GA AKAN DIUBAH SEBELUM DINTINDAKLANJUTI DENGAN BENAR!!!!!!!!",jaring xl andal pusat kota sinyal penuh akses internet dicomplaint kasih bintang hello please ubah dintindaklanjuti,4,2,1
playstore,xl,"halo XL.. hari ini saya aktifin paket harian seharusnya dapat 4,5 GB, malah yg di dapat 3,5 GB.. udah makin mahal, makin gak jelas juga loh kuotanya 🥹🥹.. kok gitu sih..",halo xl aktifin paket hari gb gb mahal loh kuota gitu,2,2,0
playstore,xl,"aku lah muak sama xl soal nya dimana mana ngelag terus,ganggu saat belajar, main game,dll. harga nya juga sangat mahal harusnya gak usah dikasih bintang soal nya gak bagus kalian bener bener nyesel kalu beli xl dimna mana pasti ngeleg",muak xl mana lambat ganggu ajar main game dll harga mahal kasih bintang bagus bener bener nyesel kalu beli xl dimna lambat,3,6,0
playstore,xl,"harga paket internetnya bagus, hanya saja kalo dalam 1 bulan ada 30 hari maka 20 hari itu jaringan internetnya baik, dan 10 hari itu jaringan internetnya sangat hancur makanya harus punya kartu operator seluler yang lain juga",harga paket internetnya bagus jaring internetnya jaring internetnya hancur kartu operator seluler,5,1,1
playstore,xl,"sms/pesan mengganggu, paket quota masih beberapa hari lagi, tertulis paket kamu habis, kacau sekelas XL seperti ini, pesan mengecoh",sms pesan ganggu paket quota tulis paket habis kacau kelas xl pesan kecoh,2,2,0
playstore,xl,"gak jelas bangett nih kouta xl, cepet banget habisnya padahal riwayat penggunaan datanya baru 4,28 gb eh udah habis aja kouta 23 gb masa aktif 1 bulannya dalam waktu 12 hari",bangett kuota xl cepet habis riwayat guna data gb eh habis kuota gb aktif bulan,2,5,0
playstore,xl,"aplikasi sering error , gagal di saat pembelian paket",aplikasi error gagal beli paket,1,3,0
playstore,xl,ok bngt terimakasih XL,ok terimakasih xl,2,0,1
playstore,xl,"mau beli paket disuruh update, udah update masih tetep gak bisa beli. aneh...",beli paket suruh update update beli aneh,1,1,0
playstore,xl,"layanan kurang bagus, katanya pengajuan ganti kartu cepat ternyata tidak sama sekali sudah lebih dari 3 hari tidak ada konfirmasi balasan dari layanan ini, jaringsn juga tidak stabil",layan bagus aju ganti kartu cepat konfirmasi balas layan jaringsn stabil,4,1,1
playstore,xl,"penipu, jumlah kuota di penawaran dan pas sudah beli jumlahnya tidak sesuai, kurang. penipu",tipu kuota tawar pas beli sesuai tipu,2,2,0
playstore,xl,kenapa di aplikasi ini tidak bisa unsubscribe addon yang telah ditambahkan? tolong untuk di tingkatkan agar lebih mudah melakukan penambahan dan pengurangan addon,aplikasi unsubscribe addon tolong tingkat mudah tambah kurang addon,3,2,1
playstore,xl,"5G tercepat, verified by okla. oklanya bejat juga. Kuota masih 12 GB sinyal XL untuk buka aplikasinya sendiri saja lelet.",cepat verified by okla oklanya bejat kuota gb sinyal xl buka aplikasi lelet,1,4,0
playstore,xl,"beli paket 65gb tanggal 15/05/2026 jam 9:38 dapet notifikasi berhasil diaplikasi dan SMS, tapi kuota ga nambah cek diaplikasi juga ga ada history . sangat buruk merugikan sekali , lapor cs malah bot yang jawab parah banget ga rekomen banget pake XL ngerugiin. mau ambil untung gak gini caranya. pelayanan super jelek banget",beli paket gb tanggal jam dapet notifikasi hasil aplikasi sms kuota nambah cek aplikasi history buruk rugi lapor cs bot parah rekomen pake xl ngerugiin ambil untung gin layan super jelek,4,11,0
playstore,xl,"Keluhan : Saya lagi kesal sama jaringan wifi xl satu , jaringan saya tidak tersedia malah ada muncul jaringan lain dari xl tapi saya tidak dapat login karena selalu salah password ""DIR 69"" padahal jaringan saya namanya simba awalnya Pihak xl tidak ada solusi tidak ada tekhnisi datang juga , saya tlp ke cs nya sudah banyak tapi tetap tidak ada solusi percuma dong bayar doang tapi gak bisa dipake",keluh kesal jaring wifi xl jaring sedia muncul jaring xl login salah password dir jaring nama simba xl solusi tekhnisi tlp cs solusi bayar doang dipake,7,1,1
playstore,xl,"Beli paket internet dari semalem sampe sekarang belum masuk, dicek riwayat transaksi masih menunggu pembayaran, tapi pembayaran sudah berhasil dan saldo terpotong",beli paket internet semalem sampe masuk cek riwayat transaksi tunggu bayar bayar hasil saldo potong,4,3,1
playstore,xl,so good 🫶😻,so good,1,0,1
playstore,xl,"pelayanannya jelek, koneksi sering hillang, 5g udah gak kbisa koneksi, masih bagusan first Media. sudah lewat maya tapi respon lama dan enggak banget.... kayak ai tidak menyelesaikan masalah. sangat jauh dari memuaskan........",layan jelek koneksi hillang kbisa koneksi bagus first media maya respon kayak ai selesai muas,3,2,1
playstore,xl,bintang 4 Karna poinnya biasa ga bisa di pake,bintang poin pake,1,0,1
playstore,xl,"apalah main game jaringan jelek banget sampe merah hadeh, mana Tambah mahal lgi",apa main game jaring jelek sampe merah hadeh mahal lgi,2,4,0
playstore,xl,"Mohon maaf, kenapa setiap pembelian kuota sekarang tidak ada bonus kuotanya lagi (dulu bisa milih mau bonus kuota ig, yt, atau kuota utama) sekarang knp tidak bisa?? Kemudian, xl sekarang hanya berfokus di bonus xl point, itupun ada jangka waktu aktifinnya, cmn bisa aktifin 1 minggu sekali lah, 1 bln sekali lah, pokoknya udah gk sebagus dl. Semoga kedepannya cepat diperbaiki yaa, karna perlu bgt ni bonus kuota, biar gak rugi beli kuota mahal""🙏🙏",mohon maaf beli kuota bonus kuota milih bonus kuota ig yt kuota utama knp xl fokus bonus xl point itu jangka aktifinnya cmn aktifin minggu bln pokok bagus dl moga depan cepat baik ni bonus kuota biar rugi beli kuota mahal,9,10,0
playstore,xl,jaringan sampah kuota masih ada belasan GB tapi ngelag nya minta ampun,jaring sampah kuota bas gb lambat ampun,1,3,0
playstore,xl,"pilihan kuotanyaa makin dikitt,mana maakin mahall² lagii,trs pas mau beli kuota di suruh upgrade apk duluu,pas udah di upgrade apknya ttp aja info nya di suruh upgrade,kenapa siii,mana seringg bangett error tauu apk iniii😭plisss perbaiki gak🫵🏻",pilih kuotanyaa dikitt maakin mahall lagi pas beli kuota suruh upgrade apk duluu pas upgrade apknya ttp info suruh upgrade siii seringg bangett error tauu apk iniii plisss baik,3,9,0
playstore,xl,enta kenapa mau beli paket aja haru update dulu padahal uda update tapi tetap ngga bisa beli paket..,enta beli paket haru update uda update ngga beli paket,2,1,1
playstore,xl,bagus banget aplikasi,bagus aplikasi,1,1,0
playstore,xl,"Saya ngisi kuota akrab 80GB bersama, 15GB pribadi, tpi yang muncul kuota bersama doang, udahmah gk bisa masukin anggota lagi. Kasih bintang 1 dulu yah, kalo udah bener dan kuota saya dah kembali baru kasih bintang 5 lagi. ini mau sampai kapan Aplikasi XL gangguan?",ngisi kuota akrab gb gb pribadi tpi muncul kuota doang udahmah masukin anggota kasih bintang yah bener kuota dah kasih bintang aplikasi xl ganggu,1,7,0
playstore,xl,deposit ke xl belum cair2 udah sebulan lebih kocak pihak xl selalu mempersulit🥵🥵,deposit xl cair bulan kocak xl sulit,0,4,0
playstore,xl,"udah 20 tahun make xl, tapi akhir2nya kecewa. jaringan makin kesini makin buruk. berkali2 minta refresh jaringan hasilnya sama aja",make xl kecewa jaring kesini buruk kali refresh jaring hasil,4,2,1
playstore,xl,Extra combo plus + extra combo mini hadir kembali 👍👍👍,extra combo plus extra combo mini hadir,1,0,1
playstore,xl,XL taii bonus Kouta sircel gak di kasih kasih padahal target isi ulang pulsanya udah penuh 2 kali,xl tahi bonus kuota sircel kasih kasih target isi ulang pulsa penuh kali,1,3,0
playstore,xl,"dari First Media ke xlsatu jaringan wifi jadi jelek terus. dan ini akhirnya Los merah, tapi mau pengaduan ribet WA tidak dibalas²... tidak ada solusi, di aplikasi juga susah. nanti kalau sudah bener aku ganti bintangnya tapi perbaiki dulu layananmu. kita bayar wifi mahal masa tidak ada solusi",first media xlsatu jaring wifi jelek los merah adu ribet wa balas solusi aplikasi susah bener ganti bintang baik layan bayar wifi mahal solusi,4,6,0
playstore,xl,"tolong dong, aplikasinya dibenerin lagi, sering banget bermasalahnya, entah itu maintance atau error. saya udah update masa gabisa bayar pake qris. ini maksudnya gimana. eror Mulu eror Mulu, kapan bener nya gausahlah pake apk sama aja, gabisa beli error Mulu Maya juga ngapain ada, gabisa buat keluhan yang jelas jadinya pake dikasih menu.",tolong aplikasi dibenerin masalah maintance error update gabisa bayar pake qris maksud gimana eror mulu eror mulu bener gausahlah pake apk gabisa beli error mulu maya ngapain gabisa keluh pake kasih menu,0,6,0
playstore,xl,"belai kuota selalu telat masuk nya,bikin takut salah beli & kirim",belai kuota telat masuk bikin takut salah beli kirim,1,5,0
playstore,xl,sudah melakukan pembayaran tapi tidak jadi paket.,bayar paket,1,0,1
playstore,xl,"jelek banget jaringan nya,jelek poll,sering ilang ilang,gak bagus pokoknya",jelek jaring jelek poll ilang ilang bagus pokok,2,4,0
playstore,xl,meskipun aku pengguna lama tapi harga paket internet nya mahal-mahal sedangkan banyak pengguna baru harga paket internet nya murah-murah dan juga sinyal masih kurang. tolonglah di diperhatikan hal-hal diatas jangan biarkan kami kecewa dan pindah ke lainnya.,guna harga paket internet mahal mahal guna harga paket internet murah murah sinyal tolong perhati atas biar kecewa pindah,8,4,1
playstore,xl,paket gratisan hilang dan GK bisa ambil paket darurat pulak,paket gratis hilang ambil paket darurat pulak,3,3,0
playstore,xl,XL mmg top,xl mmg top,1,0,1
playstore,xl,ko lama sekali xl ndak bisa dibuka semua sosmednya sinyal ndak ada jaringan ndak ada trus gimanain ini ya,ko xl ndak buka sosmednya sinyal ndak jaring ndak trus gimanain,1,3,0
playstore,xl,ok punya...banyak kemudahan,ok mudah,2,0,1
playstore,xl,nilai bintang 5 dan angka 10 cz pelayanan oke bgt dan bnr bnr kasih solusi.. terimakasih CS Hendri yg bekerja di gerai XL Jababeka Cikarang Selatan.. semoga XL makin jaya,nilai bintang angka cz layan oke bnr bnr kasih solusi terimakasih cs hendri gerai xl jababeka cikarang selatan moga xl jaya,6,0,1
playstore,xl,"Makin hari makin stress masa kuota flexmax 100gb internet kadang ilang sendiri sinyal nya, main ML aja nge lag ga becus nih XL padahal penjualan kartu XL bagus tapi internet down mulu apalagi kuota harian makin kesini makin mahal",stress kuota flexmax gb internet kadang ilang sinyal main ml nge lag becus xl jual kartu xl bagus internet down mulu kuota hari kesini mahal,3,6,0
playstore,xl,"PROVIDER SAMPAH Jaringan sering ilang""an Harga paket data mahal Kuota tiba"" lenyap Jangankan buat browsing/streaming , buat WA aja sering pending 🤣🤣 HARGA BINTANG LIMA KUALITAS KAKI LIMA",provider sampah jaring ilang an harga paket data mahal kuota lenyap browsing streaming wa pending harga bintang kualitas kaki,5,7,0
playstore,xl,ngadat jaringan putus putus area kerambitan tabanan bali ngadat br dinas kukuh kawan,ngadat jaring putus putus area kerambit taban bal ngadat br dinas kukuh kawan,1,0,1
playstore,xl,"saya ini berlanganan XL sudah bertahun tahun kenapa sekarang kualitas XL semakin buruk sanyal mudah hilang eror lambat apa ini, harga semakin naik tapi kualitas sangat buruk, harusnya sering update harus semakin baik ini malah sebaliknya, tolong segera perbaiki sinyalnya terimakasih",berlanganan xl tahun kualitas xl buruk sanyal mudah hilang eror lambat harga kualitas buruk update tolong baik sinyal terimakasih,6,5,1
playstore,xl,jaringan internet sangat buruk,jaring internet buruk,1,1,0
playstore,xl,perbaiki jaringan owner XL biar gak sayang ngasih bintang,baik jaring owner xl biar sayang ngasih bintang,2,0,1
playstore,xl,susah mengambil bonus paket nyaa,susah ambil bonus paket nyaa,2,2,0
playstore,xl,perbaiki jaringan lu bbi,baik jaring bbi,2,0,1
playstore,xl,"Kenapa Terjadi Aktivasi Otomatis Untuk Paket COMBO VIP PLUS ??? sementara Saya tidak melalukan Transaksi Avtivasi, *Kadaluarsa Paket 14/05/2026 Jam 23.59 wib,* *Aktivasi Otomatis 15/05/2026 Jam 02.00 wib,* Pulsa 150.000, Terpotong Otomatis 100.000 untuk Paket, SANGAT MERUGIKAN !!!",aktivasi otomatis paket combo vip plus lalu transaksi avtivasi kadaluarsa paket jam wib aktivasi otomatis jam wib pulsa potong otomatis paket rugi,11,3,1
playstore,xl,Cara apdetnya ko susah si,apdetnya ko susah si,0,1,0
playstore,xl,"udah berapa kali saya melakukan pembelian tapi kuota tidak masuk dan saldo tetap di potong,mohon untuk di lakukan perbaikan kedepannya agar konsumen tetap nyaman memakai provider xl",kali beli kuota masuk saldo potong mohon laku baik depan konsumen nyaman pakai provider xl,3,3,0
playstore,xl,proses lambat masa saya menggu paket saya di perpanjang tak ada sampa Skrang padahal udah saya isi pulsa nya🗿🙄,proses lambat menggu paket panjang sampa skrang isi pulsa,3,2,1
playstore,xl,enak cepat dan dapet sensasi kartu xl sangat luas jangkaun,enak cepat dapet sensasi kartu xl luas jangkaun,3,1,1
playstore,xl,gak berguna,guna,1,0,1
playstore,xl,"Ini xl aneh banget, pantes aja byk yg nggak suka, bisa bisa nya ya gua isi pulsa 25 ribu, utang pulsa cuman 5 rb, tp anehnya pas gua cek pulsa gua, yg ada cuman 5000, apaan nih, nyesel gua beli kartu xl, udahlah mahal, lemot lagi, mendingan gua beli by u. Mau ganti kartu by u aja lah gua",xl aneh pantes byk nggak suka gua isi pulsa ribu utang pulsa cuman rb aneh pas gua cek pulsa gua cuman nyesel gua beli kartu xl udahlah mahal lot mending gua beli by u ganti kartu by u gua,2,14,0
playstore,xl,udah 2 minggu ini XL jaringannya jelek. percuma kouta banyak tapi jaringan lelet. gak berguna.,minggu xl jaring jelek kuota jaring lelet guna,3,3,0
playstore,xl,jaringan susah bgt knp nih XL tolong lah bagus sikit,jaring susah knp xl tolong bagus sikit,2,2,0
playstore,xl,"Sy beli Kouta 50 gb yg harga 92 rb, yg terbaca cuman 45gb sja",beli kuota gb harga rb baca cuman gb sja,1,1,0
playstore,xl,selalu pinta update saat mau bayar padahal udah update app susah!,pinta update bayar update app susah,0,1,0
playstore,xl,apaan customer service nya mines banget bukannya cari solusinya atau konfirmasi ada kendala atau apa kek ini malah ngilang kocak,customer service mes cari solusi konfirmasi kendala kek ngilang kocak,2,4,0
playstore,xl,sinyal tidak stabil,sinyal stabil,1,0,1
playstore,xl,udah di abdet atau updat tetep ga bisa beli kuota,abdet updat beli kuota,0,1,0
playstore,xl,mahal banget tambah lemod buat tiktokan kadang muter² doang apa punya sy aja ya?,mahal lemod tiktokan kadang muter doang,1,1,0
playstore,xl,"XL Prioritas harga y naik gk kira2 sampe 20rb 🤬 .. mau di migrasi , berbayar lagi ratusan ribu 😏 klo udh harga naik , jaringan hrus y bagus , ini malah makin gak karuan , makin butut jaringannya , muter terus jaringan y 😏 parah sih XL skrg , harga naik malah downgrade 👎 kalo bukan karna nomer lama mah , sudah ku buang deh 😏",xl prioritas harga y sampe rb migrasi bayar ratus ribu harga jaring hrus y bagus karuan butut jaring muter jaring y parah xl skrg harga downgrade nomer mah ku buang,7,3,1
playstore,xl,"Tiap bulan, dipertengahan bulan, pasti SELALU internetnya mati, dan tiap bulan HARUS komplen terus, emg ga ada niatan menjadi lebih baik ya? tiap bulan selalu gangguan, tapi ga pernah ada kompensasinya, tetep minta bayaran full, tapi ga dikasih solusi..",tengah internetnya mati komplen emg niat ganggu kompensasi bayar full kasih solusi,2,3,0
playstore,xl,"makin hari harganya makin mahal, kuota nggak diisi mati kalo diisi jgua nggak trrlalu kepake, balik kin dong versi 2024 atau 2025 dong harusnya makin lama make makin banyak promo nggak malah dinaikin. jujur kecewa sih mau beli kartu baru juga males kalo harus ngurus 2 sim atau ganti nomor baru. sekali kali baca keluhan coustemer napa sih jangan malah meresahkan",harga mahal kuota nggak isi mati isi jgua nggak trrlalu kepake kin versi make promo nggak dinaikin jujur kecewa beli kartu males ngurus sim ganti nomor kali baca keluh coustemer napa resah,2,7,0
playstore,xl,"jaringan ga bener, leg legan ga laku buat streaminga, live, game dll lemoooot",jaring bener leg legan laku streaminga live game dll lemoooot,3,0,1
playstore,xl,LEMOTTTTT MAKIN LAMA KOCAK LU XL,lemottttt kocak xl,0,1,0
playstore,xl,aplikasi tolol yang pernah gw temui sering error² gak jelas dan gak guna,aplikasi tolol temu error,1,3,0
playstore,xl,"kalo bisa ya ciptain kartu sama app nya ya yang berguna,,udah kartu ganguan Mulu,app nya gampang korup,, gajelas bet.saya merasa puas dengan bintang 1 ini.. Sangatt topp,,ini yang buat kartu niat buat ga sih?sinyal gangguan Mulu,padahal sinyal full",ciptain kartu app guna kartu ganguan mulu app gampang korup gajelas bet puas bintang sangatt topp kartu niat sinyal ganggu mulu sinyal full,2,2,0
playstore,xl,gendeng bgt nih XL.Kenapa sih ngelek mlu?pdahal baru beli paketan,gendeng xl ngelek mlu pdahal beli paket,1,1,0
playstore,xl,Di kota kok bs leg maen game.,kota bs leg maen game,2,1,1
playstore,xl,sayang banget semakin kesini jaringan XL ga jelas kuota paket masih banyak tapi lemot nya minta ampun kadang sampe kesel pengen banting hp gara2 jaringan nya yg buruk,sayang kesini jaring xl kuota paket lot ampun kadang sampe kesel ken banting hp gara jaring buruk,4,5,0
playstore,xl,sinyal bagi ku sinyal terbaik di indonesia,sinyal ku sinyal baik indonesia,1,0,1
playstore,xl,sinyal wifinya lemot lelet,sinyal wifinya lot lelet,0,2,0
playstore,xl,kayak apA ini.. beli paket malah dsuruh update.. pdahal udah versi terbaru.. sampe2 ta uninstall download kembali ttp gak bisa..,kayak beli paket dsuruh update pdahal versi baru sampe ta uninstall download ttp,1,2,0
playstore,xl,gak bisa beli paket alasanya belum di updet,beli paket alasanya updet,1,0,1
playstore,xl,ruwet.,ruwet,0,1,0
playstore,xl,"parah masa kaga ada call center, sinyal atau jaringan jelek terus sue",parah kaga call center sinyal jaring jelek sue,1,2,0
playstore,xl,ngak bisa beli paket,ngak beli paket,1,0,1
playstore,xl,"pelayanan sangat buruk. chat dengan maya mau dihubungkan dengan agent live chat, disuruh nunggu satu jam. setelah satu jam tetep terhubung sama maya, dan di chat tidak merespons apa apa.. buang buang waktu banget",layan buruk chat maya hubung agent live chat suruh nunggu jam jam hubung maya chat respons buang buang,6,4,1
playstore,xl,xl kok Kenap 5GB tercepat di Indonesia tapit gelek terus,xl kenap gb cepat indonesia tapit gelek,1,0,1
playstore,xl,kartu sampah jangan dipake guys,kartu sampah dipake guys,1,1,0
playstore,xl,sinyal taik ilang mulu posisi cilegon,sinyal taik ilang mulu posisi cilegon,0,2,0
playstore,xl,SUMPAH MAU BELI KOUTA TAPI DISURUH UPDATE PDHL UDH BERULANG KALI BALIK KE PLAYSTORE GAADA FITUR UPDATENYA GIMANA MAU UPDATE,sumpah beli kuota suruh update pdhl ulang kali playstore gaada fitur updatenya gimana update,0,3,0
playstore,xl,balik LG Makai XL agak murah TPI sinyal hah full lelet pake internet SMS juga klau ganyak text ga kekirim gagal trus parahh,lg maka xl murah tpi sinyal hah full lelet pake internet sms klau ganyak text kirim gagal trus parahh,2,2,0
playstore,xl,sinyal tambah parah,sinyal parah,0,1,0
playstore,xl,sinyal..hancur..pollll..lemot pollll..pdhl dalam kota .,sinyal hancur pollll lot pollll pdhl kota,0,3,0
playstore,xl,"Kenapa jaringan XL ngedrop cuma satu bar, yg tadinya full kok ini jadi ngedrop",jaring xl ngedrop bar full ngedrop,1,0,1
playstore,xl,"aplikasi gajelas, lol",aplikasi gajelas lol,0,1,0
playstore,xl,paket mahal sinyal lelet,paket mahal sinyal lelet,1,2,0
playstore,xl,"makin parah... beli paket yg biasa jadi langganan selalu gagal, giliran beli paket yg lebih murah langsung beehasil. Zolim sekali makin kesini...",parah beli paket langgan gagal gilir beli paket murah langsung beehasil zolim kesini,5,2,1
playstore,xl,"woiiiiii harga kuota mahalll sinyal gampang gangguan, di perbaiki sinyal nya bukan perbaiki harga di naikin semua ngotakkkkkk",woiiiiii harga kuota mahalll sinyal gampang ganggu baik sinyal baik harga naikin ngotakkkkkk,4,2,1
playstore,xl,"xl makin bermasalah, kalau sudah enggak bisa perbaiki jaringan jual aja produknya, mengecewakan orang saja",xl masalah baik jaring jual produk kecewa orang,4,2,1
playstore,xl,bagus ada gratisan nya,bagus gratis,2,0,1
playstore,xl,"sebagai pengguna XL dari tahun 2008,pas kelas 2 SMP sampai sekarang saya kecewa dengan perkembangan XL di tahun 4.0 harusnya XL lebih berkembang bukan malah merosot, atau XL sudah tidak memerlukan pelanggan lagi???",guna xl pas kelas smp kecewa kembang xl xl kembang merosot xl langgan,5,3,1
playstore,xl,"dulu bagus tapi sekarang jelek banget mau beli kouta circle aja selalu bermasalah, terjadi gangguan internet lah,minta perbaharui lah, padahal internet normal dan apliksinya pun udah di upgred",bagus jelek beli kuota circle masalah ganggu internet baharu internet normal apliksinya upgred,2,4,0
playstore,xl,jaringan sesuai mood XL provider aneh tulisan nya doang 5G aneh,jaring sesuai mood xl provider aneh tulis doang aneh,3,0,1
playstore,xl,bagus banget ini jadi gampang heheh,bagus gampang heheh,1,0,1
playstore,xl,sinyal benerin dibekasi kek ee sinyal akhir akhir ini ilang mulu,sinyal baik bekas kek ee sinyal ilang mulu,1,1,0
playstore,xl,k bnyakan gabungan provider TPI gak bisa menanggulangi masalah koneksi sinyal. .,k bnyakan gabung provider tpi tanggulang koneksi sinyal,1,1,0
playstore,xl,Operator Busuk,operator busuk,0,1,0
playstore,xl,"First media menjadi XL1 benar benar sangat buruk, wa CS jam 4 sore di balas jam 2 dini hari otak nya dimana.... XL klo gk mampu buat profider internet gak usah bikin nyusahin pelanggan yg sudah nyaman dengan first media saja...",first media xl buruk wa cs jam sore balas jam otak mana xl profider internet bikin nyusahin langgan nyaman first media,2,1,1
playstore,xl,"aplikasinya padahal sudah di update tpi knpa setiap saya mau melakukan bayar paket pake pulsa gabisa,selalu muncul mnta di update padahal sudah saya update,tolong dong bantuan nya",aplikasi update tpi knpa bayar paket pake pulsa gabisa muncul mnta update update tolong bantu,1,2,0
playstore,xl,jaringannya terlalu buruk,jaring buruk,1,1,0
playstore,xl,sistem tidak ada pembaruan,sistem baru,0,1,0
playstore,xl,halo saya baru aja beli flex mini 40 ribu tapi kenapa belum masuk tapi gopay saya sudah berkurang ya,halo beli flex mini ribu masuk gopay kurang,1,2,0
playstore,xl,makin buruk. aplagi sinyal y makin lebih buruk!!,buruk aplagi sinyal y buruk,0,2,0
playstore,xl,andai di tambah kouta roblox 🥀,andai kuota roblox,1,1,0
playstore,xl,APSIH GJLS BGT PDHL UDAH MENCAPAI 100K UANG PEMBELIAN DI XL CIRCEL TAPI BONUS NYA GA MASUK GA DI SARANIN PAKE XL MENDING YG LAIN TELKOMSEL /YG LAIN KNP SAYA KASIH BINTANG 5 KARNA BIAR ORG TU BACA PUNYA GW,apsih gjls pdhl capai k uang beli xl circel bonus masuk saranin pake xl mending telkomsel knp kasih bintang biar org tu baca,2,1,1
playstore,xl,Gimana sih gw beli paket kuota vocer ngeleg giliran beli di apk myxl lancar. pilil kasih ratain dong!,gimana beli paket kuota vocer lambat gilir beli apk myxl lancar pilil kasih ratain,2,2,0
playstore,xl,"cuma tanya aja paket/ kuota baru beli kemarin kenapa ngak bisa lancar ya saat di gunakan, nyendat nyendat seperti TDK ada paket, terimakasih",paket kuota beli kemarin ngak lancar nyendat nyendat tdk paket terimakasih,4,1,1
playstore,xl,makin parah nih xl akhir akhir ini ganguan mulu padahal ga di pedalaman,parah xl ganguan mulu dalam,1,1,0
playstore,xl,"XL semakin buruk di segala daerah harap di perbaiki dan bisa lebih baik jaringannya,tidak usah di adakan survei pelanggan dulu!!!",xl buruk daerah harap baik jaring adakan survei langgan,3,1,1
playstore,xl,makin kesini makin mahal.. makin kesini makin lemot.,kesini mahal kesini lot,0,2,0
playstore,xl,"mantap membantu,klaim bonus nya agar di mutakhir kan lagi,tks",mantap bantu klaim bonus mutakhir tks,3,0,1
playstore,xl,"sangat jelek jaringan nya, jelek sekali saya kecewa, iklan nya doang menjanjikan tapi kenyataan sangat jauh sekali jelek sekali,",jelek jaring jelek kecewa iklan doang janji nyata jelek,1,4,0
playstore,xl,sinyal sering gangguan,sinyal ganggu,0,1,0
playstore,xl,kenapa sy tidak mendapat kan bonus isi ulang kuota lagi??,bonus isi ulang kuota,1,1,0
playstore,xl,"XL kok sinyalnya makin kesini makin kesana yah, muak bnget sumpah lama lama klo kek gini terus gw pengen ganti kartu.",xl sinyal kesini kesana yah muak bnget sumpah kek gin ken ganti kartu,0,1,0
playstore,xl,Memuaskan,muas,1,0,1
playstore,xl,"XL skrng semakin terdepan harga melambung tinggi, no promo no diskon👎👎👎,smoga XL bagi2 promo diskon 70% kembali seperti dahulu,,,,,",xl skrng depan harga lambung no promo no diskon smoga xl promo diskon,6,0,1
playstore,xl,"sinyal XL bner""sinyal ny jelek",sinyal xl bner sinyal ny jelek,0,1,0
playstore,xl,"sinyal makin kesini makin parah, harga kuata sekarang mahal² parah,satu lagi nih bikin gw kesel, data internet XL gw matiin internetan pake wifi kenapa pulsa gw tau² habis parah XL",sinyal kesini parah harga kuata mahal parah bikin kesel data internet xl matiin internetan pake wifi pulsa tau habis parah xl,1,9,0
playstore,xl,i i gimana sih aplikasinya mw beli paket aj udh 3 hari pas pembayaran selalu gangguan terus keluarnya,i i gimana aplikasi beli paket aj pas bayar ganggu keluar,2,3,0
playstore,xl,"sinyalnya jelek bgt, sering ngelag kalah jauh sama provider lain",sinyal jelek lambat kalah provider,0,3,0
playstore,xl,"hei, kau tau, apk mu sangat aneh, sulit untuk mengetahui sisa pket ku, pket ku boros banget kesedot, 30 gb bsa hanya smpe 1 minggu, pdhl aku ga sesering itu buka sosmed. tolong d perbaiki",hei kau tau apk mu aneh sulit sisa pket ku pket ku boros sedot gb bsa smpe minggu pdhl sering buka sosmed tolong d baik,2,5,0
playstore,xl,harga paket semakin mahal .. tapi jaringannya suka lelet dan hilang2 . apa lagi aplikasinya lelet parah suka error pas pembayaran,harga paket mahal jaring suka lelet hilang aplikasi lelet parah suka error pas bayar,4,7,0
playstore,xl,XL makin hari makin gak jelas sinyal udah beberapa hari ilang2 trus udah beli paket mahal KLO kayak gini mending ganti kartu aja lah,xl sinyal ilang trus beli paket mahal kayak gin mending ganti kartu,2,3,0
playstore,xl,jaringan internet sering lemot bahkan gk ada sinyal internet,jaring internet lot sinyal internet,1,1,0
playstore,xl,sangat bagus dan banyak banget bonusnya,bagus bonus,2,0,1
playstore,xl,sering gagal transaksi padahal sinyal internet lancar,gagal transaksi sinyal internet lancar,2,1,1
playstore,xl,parah XL kouta gw masih banyak saldo ada tetap aja lemod di jaksel,parah xl kuota saldo lemod jaksel,1,2,0
playstore,xl,"paket mahal jaringan laggg parah, apalagi saat hujan sinyal tiba2 hilang bukannya diperbaiki malah disuruh chat sana sini hadehhh...perbaiki dulu jaringan nya baru minta rating bintang 5 nya🤬😤😮‍💨",paket mahal jaring laggg parah hujan sinyal hilang baik suruh chat hadehhh baik jaring rating bintang,6,4,1
playstore,xl,lelet bangett jadaahh,lelet bangett jadaahh,0,2,0
playstore,xl,sering update aplikasi malah eror gak ada bagusnya ini XL mending pindah kartu lain yang menjamin kepuasan pelanggan.,update aplikasi eror bagus xl mending pindah kartu jamin puas langgan,4,3,1
playstore,xl,XL makin kesini makin pelit. bonus isi kuota internet jadi enggak ada sih?. terus poin bonusnya pada mahal dan sedikit Kouta yang didapatkan dari poin bonus tersebut. dan sekarang sinyalnya jelek sering drop padahal full bar penuh dari indikatornya tapi lemot saat memuat browsing internet atau bahkan memuat video YouTube lemot banget.,xl kesini pelit bonus isi kuota internet poin bonus mahal kuota dapat poin bonus sinyal jelek drop full bar penuh indikator lot muat browsing internet muat video youtube lot,5,7,0
playstore,xl,wifi lelet jangan dipake guys ke yang lain aja MENGECEWAKAN!!!!!,wifi lelet dipake guys kecewa,1,2,0
playstore,xl,kenapa jaringan XL sekarang susah banget? masa harga kuota juga makin naik tapi susah sinyal. tolong proses lebih lanjut kak gimana secepatnya diperbaiki jaringannya. tks,jaring xl susah harga kuota susah sinyal tolong proses gimana cepat baik jaring tks,6,3,1
playstore,xl,"aneh apk gaje,nge bug Mulu pas lagi perlu² nya,gw mau beli paket terus bayar pake qris atau bank,malah di suruh update,pas cek play store kagak ada update aneh",aneh apk gaje nge bug mulu pas beli paket bayar pake qris bank suruh update pas cek play store kagak update aneh,3,4,0
playstore,xl,"Halo Tim XL, Mohon bantuannya. Saya ada masalah waktu guna aplikasi myXL. Saya sudah berjaya download dan install aplikasinya. Tapi, setiap kali saya cuba nak login/masuk aplikasi, selalu gagal dan tak boleh masuk. Saya dah cuba banyak kali, tapi resultnya tetap sama. Padahal, aplikasi lain dekat HP saya boleh jalan macam biasa. Agak-agak apa sebabnya dan macam mana nak selesaikan ya? Terima kasih dulu atas bantuannya.",halo tim xl mohon bantu aplikasi myxl jaya download install aplikasi kali cuba nak login masuk aplikasi gagal masuk dah cuba kali resultnya aplikasi hp jalan nak selesai terima kasih bantu,3,9,0
playstore,xl,tinggkatkan bonus kuota biar orang tertarik,tinggkatkan bonus kuota biar orang tarik,2,1,1
playstore,xl,"XL di daerah cirebon kalau mendung atau hujan sinyalnya satu buat internetan aja gk bisa,apalagi kalau pas mati lampu ilang semua sinyalnya heran",xl daerah cirebon mendung hujan sinyal internetan pas mati lampu ilang sinyal heran,2,3,0
playstore,xl,"jelekkkkkk, mahalll , jaringan seringgg hilangg tanpa sebabbb, kalau kualitas masih jelek dimurahin dong",jelekkkkkk mahalll jaring seringgg hilangg sebabbb kualitas jelek dimurahin,2,1,1
playstore,xl,tolong perbaiki myxl prabayar saya tidak bisa mengambil kuota bonus XL cirlce,tolong baik myxl prabayar ambil kuota bonus xl cirlce,2,2,0
playstore,xl,jaringan XL semakin lama semakin jelek,jaring xl jelek,1,1,0
playstore,xl,"banyak gangguan, sehingga mengganggu aktifitas kerja",ganggu ganggu aktifitas kerja,1,2,0
playstore,xl,halo min kenapa akhir akhir ini sinyal XL gak bagus min tolong perbaikannya yaa min,halo min sinyal xl bagus min tolong baik min,3,0,1
playstore,xl,5G tercepet t4l.. ngelag mulu,tercepet t l lambat mulu,0,1,0
playstore,xl,tolong dong di perbaiki lagi kenapa setiap mau beli kouta booster/kouta prio selalu bermasalah katanya bermasalah jaringan kurang stabil lah padahal jaringannya aman aman aj kok lancar. XL makin kesini makin ga jelas ga kya dlu,tolong baik beli kuota booster kuota prio masalah masalah jaring stabil jaring aman aman aj lancar xl kesini kya dlu,5,4,1
playstore,xl,woy kam.pang bagusin dulu sinyal ini sinyal kok ngelek terus padah 5 balok tapi ngelek udah harga paket mahal!! sinya kaya taik,woy kam pang bagusin sinyal sinyal ngelek padah balok ngelek harga paket mahal sinya kaya taik,3,2,1
playstore,xl,"gak bisa masuk ke aplikasinya,apa kartunya lama ya",masuk aplikasi kartu,0,2,0
playstore,xl,"Aplikasinya benar-benar bikin emosi. Mau beli paket yang memang saya butuhkan malah error terus, loading tanpa ujung, kadang gagal tiba-tiba. Aneh nya, paket lain yang lebih mahal atau kurang sesuai justru lancar tanpa masalah. Rasanya seperti dipaksa ambil pilihan yg paling gak wort jt, lol apk scam",aplikasi bikin emosi beli paket butuh error loading ujung kadang gagal aneh paket mahal sesuai lancar paksa ambil pilih wort jt lol apk scam,5,9,0
playstore,xl,bagus lancarr ke segala internet,bagus lancarr internet,1,0,1
playstore,xl,"jaringan lemot, sinyal suka ilang, udah gak kek dlu sat set tanpa nunggu",jaring lot sinyal suka ilang kek dlu sat set nunggu,2,2,0
playstore,xl,sinyal XL susah dari semalam,sinyal xl susah malam,0,2,0
playstore,xl,tulisan doang tercepat di Indonesia.. faktanya lemot sinyal 5G aja ga keluar.. parah... rugi beli paket 5G,tulis doang cepat indonesia fakta lot sinyal parah rugi beli paket,2,4,0
playstore,xl,"XL Sekarang MAHAL,... Pindah Provider lain dulu aja ke si Merah yang Amanah. Kuota XL Boros sy pakai si merah 9GB sehari pakai XL 12GB sehari padahal penggunaan harian sama. XL bocor kaya keran Air netes lama lama Kuota habis walaupun tak di pakai 😭 . XL Korupsi Kuota Pelanggan nya.",xl mahal pindah provider si merah amanah kuota xl boros pakai si merah gb hari pakai xl gb hari guna hari xl bocor kaya keran air netes kuota habis pakai xl korupsi kuota langgan,3,9,0
playstore,xl,jelek bgt,jelek,0,1,0
playstore,xl,JARINGAN MACAM APA INI,jaring,1,0,1
playstore,xl,Mau isi paket data suru update mulu padahal udah terupdate gimana sih apknya bukan nya mempermudah malah mempersulit ga kaya yg lain. Tulisanya aja XL Smart tapi ga Smart sama sekali!!!!!!!!!!,isi paket data suru update mulu terupdate gimana apknya mudah sulit kaya tulisanya xl smart smart,2,2,0
playstore,xl,aplikasinya lemot..jaringan lelet. muter2 ga karuan.harga quota paket mahal,aplikasi lot jaring lelet muter karuan harga quota paket mahal,3,4,0
playstore,xl,"lambat, CS tidak bisa dihubungi",lambat cs hubung,0,1,0
playstore,xl,"mau beli paket pake qris gabisa, udah isi pulsa mau bayar pake pulsa gabisa, tulisannya suruh update app. apaan yg mau di update kan baru instal iniiiihhhhh",beli paket pake qris gabisa isi pulsa bayar pake pulsa gabisa tulis suruh update app update instal iniiiihhhhh,1,3,0
playstore,xl,sinyalnya lemot taem,sinyal lot taem,0,1,0
playstore,xl,"pengguna xl dr sd sampe skrg udh kuliah kecewa sih. makin lama harga paket datanya mahal banget, aplikasi juga gabisa kalau offline. terus apa gunanya ada aplikasi buat beli paket data kalau pas paket data habis gabisa digunain",guna xl dr sd sampe skrg kuliah kecewa harga paket data mahal aplikasi gabisa offline guna aplikasi beli paket data pas paket data habis gabisa digunain,7,7,0
playstore,xl,"MyXL waktu dibuka kok gak bisa trus ada tulisan bug dan suruh hapus data,, uda hapus data sama aja g bisa dibuka aplikasinya,, mengecewakan 👎👎",myxl buka trus tulis bug suruh hapus data uda hapus data buka aplikasi kecewa,0,7,0
playstore,xl,"kartu terkontol yang gua punya masih memding dah telkomsel harga mahal kualitas jangan di tanya lah ini ngomng nya doang 5G pas dipake jaringan suka ilang, harga ga ngotak ngelek ngelek benerin dong.",kartu kontol gua memding dah telkomsel harga mahal kualitas ngomng doang pas dipake jaring suka ilang harga ngotak ngelek ngelek baik,6,5,1
playstore,xl,jelek banget... udh di update tetap ajh minta update lagi kalau mau ngisi paket internet,jelek update ajh update ngisi paket internet,1,1,0
playstore,xl,versi INI ga bisa di HP vivo y95 tolong perbaiki v8.1 apa ada,versi hp vivo y tolong baik v,1,0,1
playstore,xl,"aplikasi tambah berat buka awal kadang ngestak gak bisa masuk menu, harga paket makin mahal masa aktif cuman 28hari turnin harga flexMax dan masa aktif jadikan 30hari",aplikasi berat buka kadang ngestak masuk menu harga paket mahal aktif cuman turnin harga flexmax aktif jadi,4,3,1
playstore,xl,paket datanya mahal....klo lg bokek 5rb aja gak bs buat kuota harian .....,paket data mahal lg bokek rb bs kuota hari,1,4,0
playstore,xl,saya GK bisa beli paket padahal udh saya update gimana cara nya sih,beli paket update gimana,1,0,1
playstore,xl,"makin ga jelas paket data tadi gw cek masih sisa 40gb+ dan masa tenggang masih tgl 03 juli tiba"" ludes aja tuh paket data nya sekarang malah suruh isi pulsa",paket data cek sisa gb tenggang tgl juli ludes tuh paket data suruh isi pulsa,2,7,0
playstore,xl,saldo sudah berkurang membayar via qris namun paket tidak masuk,saldo kurang bayar via qris paket masuk,2,2,0
playstore,xl,adminnya ga fast respon,adminnya fast respon,1,0,1
playstore,xl,"Udah jaringan nya ngeleg, paket data mahal, promo nya dikit, mahal plus dapet data dikit doang, hadehhh, tolong dong di liat keluhan pengguna min, kalo gini terus bisa ganti kartu",jaring lambat paket data mahal promo dikit mahal plus dapet data dikit doang hadehhh tolong liat keluh guna min gin ganti kartu,6,7,0
playstore,xl,semenjak first jadi xl satu.. jaringan ngadat.. buka aplikasi xl satu aja mau bayar tagihan gk bisa.. tolong di up,semenjak first xl jaring ngadat buka aplikasi xl bayar tagih tolong up,1,2,0
playstore,xl,Kuota malam saya masih ada 19Gb tapi gabisa di pakai padahal Sampe 20 Mei berlakunya wkwk .,kuota malam gb gabisa pakai sampe mei laku wkwk,0,2,0
playstore,xl,sinyal jellek bnget sekarang..udah 14 tahun pakek XL..bukan nya tambah bagus..malah tambah error ..,sinyal jellek bnget pakek xl bagus error,1,1,0
playstore,xl,tolong kirimin aku paket data,tolong kirimin paket data,1,1,0
playstore,xl,"aplikasi sering error, lama proses maintenancenya. beli kuota jam 23.40 krna 00.00 udah mau abis masa aktifnya, belum jam 00.00 kuota sebelumnya udah gada diganti sama yang baru beli",aplikasi error proses maintenancenya beli kuota jam krna abis aktif jam kuota gada ganti beli,1,4,0
playstore,xl,Selama memakai kartu ini selama bertahun-tahun kualitas/performanya sangat-sangat buruk dan juga buat paketannya juga sekarang udah mahal banget udah gak ada diskon yang menarik.,pakai kartu tahun kualitas performa buruk paket mahal diskon tarik,4,2,1
playstore,xl,sinyal jelek,sinyal jelek,0,1,0
playstore,xl,sinyal xl sekarang buruk. kalau begini terusss saya acari yg lain aja deh,sinyal xl buruk terusss acar,0,1,0
playstore,xl,"sejak merger sama smartkmfret sinyal jadi jelek, plus harga paket jadi makin mahal. ga guna merger dengan smartkmfret",merger smartkmfret sinyal jelek plus harga paket mahal merger smartkmfret,5,2,1
playstore,xl,sangat buruk cok,buruk cok,0,1,0
playstore,xl,"ini gimana si bonus kuota, hitungan sistem xl itu curang ya, kuota dinyatakan aktif 2 hari, di klaim tgl 13 jam 10 malam, eh masa expired hingga tgl 14, itu mah namanya sehari, kalo kasih layanan yg jujur, mual gw sm lu",gimana si bonus kuota hitung sistem xl curang kuota nyata aktif klaim tgl jam malam eh expired tgl mah nama hari kasih layan jujur mual sm,2,6,0
playstore,xl,gak suka banget jaringan lemot kecewa,suka jaring lot kecewa,1,2,0
playstore,xl,koneksi taik lambat.. waktunya ganti provider.. percuma bertahun tahun make XL makin kesini bukan makin bagus sinyal dan koneksi nya..malah makin busuk..rugi make paket inet XL.,koneksi taik lambat ganti provider tahun make xl kesini bagus sinyal koneksi busuk rugi make paket inet xl,2,4,0
playstore,xl,tingkatkan jaringannya,tingkat jaring,2,0,1
playstore,xl,"woy lah cik ini kenapa sinyal suka ilang Mulu sih gak jelas banget, kadang harus mode pesawat dulu baru ada lagi sinyal nya udah mau 2 Minggu begini Mulu gw woy lah",woy cik sinyal suka ilang mulu kadang mode pesawat sinyal minggu mulu woy,1,2,0
playstore,xl,biaaaasaaa ajaaaa kelesssss.. tadi nya bintang 5 sekarang w turunin jd 3.. makin kesini XL jaringannya lemot.ngeselin banget nanti Kalo udah normal w naikin lagi tuhh bintang 😡,biaaaasaaa ajaaaa kelesssss bintang w turunin kesini xl jaring lot ngeselin normal w naikin tuhh bintang,2,2,0
playstore,xl,"Aplikasi lemot, sering nge-bug, sering muncul pemberitahuan perbaikan aplikasi tapi malah bikin tambah lemot.. update 4 tahun pemakaian myxl ini sekarang gimna ya,sering sekali saldo saya sudah terpotong tapi transaksi gagal dan tidak ada pengembalian dana yg terpotong, contoh hari ini saya saldo saya sudah terpotong 50k tapi transaksi gagal tidak ada kah sesuatu yg bisa saya hubungi untuk pengembalian dana nya...tolong kebijakannya xl",aplikasi lot nge bug muncul pemberitahuan baik aplikasi bikin lot update pakai myxl gimna saldo potong transaksi gagal kembali dana potong contoh saldo potong k transaksi gagal kah hubung kembali dana tolong bijak xl,7,10,0
playstore,xl,maap min sy ksh bintang 1 soalnya jatingannya busuukk bngettttt bkin emosi jiwa..!!!!! coba tlg dibantu min utk wilayah kembangan utara jakbar nh... tr klo jaringannya sdh OK bru sy ksh bintang 5 mksh,maap min ksh bintang jatingannya busuukk bngettttt bkin emosi jiwa coba tlg bantu min utk wilayah kembang utara jakbar nh tr jaring sdh ok bru ksh bintang mksh,5,1,1
playstore,xl,kenapa jaringan lelet kali,jaring lelet kali,1,1,0
playstore,xl,"provider jembut,jaringan leg banget",provider jembut jaring leg,1,0,1
playstore,xl,"udh bagus sih, cuman saran dari gw tolong di adakan fitur bagi bagi xl poin, supaya sesama temen atau keluarga yg make kartu xl bisa berbagi xl poinnnya ke kita dan ke sesama pengguna xl juga, jadi tolong ditambahin fitur itu ya min biar pengguna bisa saling berbagi poin ke sesama pengguna xl 🙏",bagus cuman saran tolong adakan fitur xl poin temen keluarga make kartu xl bagi xl poinnnya guna xl tolong ditambahin fitur min biar guna bagi poin guna xl,6,0,1
playstore,xl,"xl lg knp ni, sy beli paket 50rb gagal terus, salah sy coba sampe 4x gagal terus ternyata di rec sy ke debit 4x senilai 200rb pembayaran. sy cek lg di aplikasi tidak ada kuota yg masuk. mau komplain kmn .....",xl lg knp ni beli paket rb gagal salah coba sampe x gagal rec debit x nila rb bayar cek lg aplikasi kuota masuk komplain kmn,2,8,0
playstore,xl,"jujur nyesel beli xL jujur banget dah, sinyal lemot dimana ajah sumpah, bukan Ngada Ngada emang ini fakta",jujur nyesel beli xl jujur dah sinyal lot mana ajah sumpah ngada ngada emang fakta,0,4,0
playstore,xl,aplikasi gak jls,aplikasi jls,0,1,0
playstore,xl,"sinyal lu lelet bgt cuma buka wa aja ngelagnya minta ampun.yang di naikin tuh kualitas jaringan bukan harga,hadeh harga mahal kualitas minim.tll",sinyal lelet buka wa ngelagnya ampun naikin tuh kualitas jaring harga hadeh harga mahal kualitas minim tll,5,4,1
playstore,xl,XL = XUPER LEMOT PAKAI XL DI KOTA BERASA DI DALAM HUTAN LEMOTTT BGT,xl xuper lot pakai xl kota asa hutan lemottt,1,2,0
playstore,xl,sudah di upgrade kok masih aja laporan belum di update sistem eror nih,upgrade lapor update sistem eror,1,2,0
playstore,xl,"jaringan nya jelek kadang tiba"" ilang pas main ml dan mahal juga",jaring jelek kadang ilang pas main ml mahal,3,3,0
playstore,xl,"ini kenapa y beli kuota byr pke Qris saldo udh berkurang tp kuotanya gak masuk, kecewa sih😭",y beli kuota byr pke qris saldo kurang kuota masuk kecewa,1,5,0
playstore,xl,apus aja dari play store gua main ml lag mulu ga jelas ni xl coii buka tiktok aja lag apa lagi main game,apus play store gua main ml lag mulu ni xl coii buka tiktok lag main game,1,1,0
playstore,xl,jaringan XL wilayah kembangan jakbar belakangan ink jelek bnget min...smpe skit kpla sy coba tlg dibantu deh...,jaring xl wilayah kembang jakbar ink jelek bnget min smpe skit kpla coba tlg bantu,3,1,1
playstore,xl,XL manis di awal doang sinyal ngelag mulu perasaan,xl manis doang sinyal lambat mulu asa,0,1,0
playstore,xl,nggak suka kadang² tidak ada layanan kadang² juga ngeleg najis.,nggak suka kadang layan kadang lambat najis,2,2,0
playstore,xl,kenapa xl semakin kesini jaringan semakin gak stabil dihhh,xl kesini jaring stabil dihhh,2,0,1
playstore,xl,baik Trimakasih,trimakasih,1,0,1
playstore,xl,XL knpa skrang sering lemot kecewa kecewa pokonya,xl knpa skrang lot kecewa kecewa poko,0,4,0
playstore,xl,Leg jagan pakai ini masak pindah 2 meter aja dh gabisa ngpa ngapain jaringan ini sudah 1000 tahun saya pakai xl tpi sama aja hujan sedikit hilang jaringan,leg jagan pakai masak pindah meter dh gabisa ngpa ngapain jaring pakai xl tpi hujan hilang jaring,2,1,1
playstore,xl,"ini XL makin lama makin ga jelas masa XL circle udah penuh 2 kali tapi bonusnya hanya bisa di ambil 1 kali doang, mana MAYAnya ga kasih solusi. mohon adminnya untuk kasih kayak dulu lagi",xl xl circle penuh kali bonus ambil kali doang maya kasih solusi mohon adminnya kasih kayak,2,2,0
playstore,xl,"gabisa login terjadi gangguan Mulu, udah isi nama sama nomor ttep gabisa chat Maya alasannya tidak valid muluu tolong dong tanggung jawab kasih solusinya.",gabisa login ganggu mulu isi nama nomor ttep gabisa chat maya alas valid muluu tolong tanggung kasih solusi,2,2,0
playstore,xl,kenapa ga bisa beli pulsa si,beli pulsa si,0,1,0
playstore,xl,"gimana mau make internet klo gabisa login, trus gimana solusinya??",gimana make internet gabisa login trus gimana solusi,1,0,1
playstore,xl,Knp myXL berbeda?,knp myxl beda,0,1,0
playstore,xl,"Selain harga paket yg semakin mahal dengan kuota yg tidak seberapa sistem XL benar2 mengecewakan. Saya mengaktifkan batas penggunaan kuota jadi saya tau berapa kuota yg saya pakai setelah pembelian paket, dulu saya beli paket 65 gb dan baru digunakan 59,27 gb tapi tiba2 paket saya dikatakan habis padahal masih ada sisa kurang lebih 5 gb, dan juga kadang saat beli paket kuota yg di beli tidak sesuai dengan apa yg tertera (misal beli paket 33 gb tpi yg datang malah 30 gb)",harga paket mahal kuota sistem xl kecewa aktif batas guna kuota tau kuota pakai beli paket beli paket gb gb paket habis sisa gb kadang beli paket kuota beli sesuai tera beli paket gb tpi gb,10,10,0
playstore,xl,ga ada bintang paan coba leg mulu padahal Bojong bukan Plosok Plosok banget dah,bintang paan coba leg mulu bojong plosok plosok dah,0,1,0
playstore,xl,sayang sekali tidak ada paket dibawah 5rb dan jika mau ambil bonus kuota harus ada kuota aktif.,sayang paket bawah rb ambil bonus kuota kuota aktif,2,3,0
playstore,xl,mohon jaringannya di kondisikan,mohon jaring kondisi,1,0,1
playstore,xl,"makin ksini makin parah jaringan xl,,",ksini parah jaring xl,1,1,0
playstore,xl,gak jelas sinyal suka ilang sendiri servernya banyak masalah,sinyal suka ilang servernya,0,1,0
playstore,xl,kenapa skrg jaringan XL jelek bgt lebih jelek dari sebelumnya,skrg jaring xl jelek jelek,1,2,0
playstore,xl,"pengaduan xl satu sangat slow respon, mending di pegang oleh First Media kembali saja",adu xl slow respon mending pegang first media,3,2,1
playstore,xl,"Tdak seauai haarga bebas puaaaas, unlimitit sdh gk ada.. ?¿??",tdak seauai haarga bebas puaaaas unlimitit sdh,0,1,0
playstore,xl,"skr harga kuotanya mahal gak kebeli, kapan harga bisa turun murah spt dulu lg",skr harga kuota mahal kebel harga turun murah spt lg,3,2,1
playstore,xl,begini kan aku beli vocer 7gb 28h tu na di situ kan ada tulisan gratis bonus paket na pas udah masuk ko enggak ada bonus nya tolong di perbaiki saya udah beli 10 vocer tapi enggak ada kalo emang engga ada bonus engga usah di kasi tulisan kaya gitu itu namanya penipuan,beli vocer gb h tu na situ tulis gratis bonus paket na pas masuk ko bonus tolong baik beli vocer emang engga bonus engga kasi tulis kaya gitu nama tipu,7,2,1
playstore,xl,Lemot,lot,0,1,0
playstore,xl,jaringan lemot suka hilang,jaring lot suka hilang,1,2,0
playstore,xl,mulai dh sama aja lagnya dari pagi sampe malem mending simpati daripada xl,dh lagnya pagi sampe malem mending simpati xl,1,1,0
playstore,xl,"jelek, mau daftar paket aja susah",jelek daftar paket susah,1,2,0
playstore,xl,sinyal xl sangat sangat buruk.,sinyal xl buruk,0,1,0
playstore,xl,"aplikasi makin hari tambah jelek, pulsa udah di isi, giliranmau daftar paket data malah engak bisa, jujur di bikin kecewa",aplikasi jelek pulsa isi giliranmau daftar paket data engak jujur bikin kecewa,1,5,0
playstore,xl,"ini knpsih ? sinyal tiba"" ngeleg mau buka myxl gk bsa giliran sinyalnya udh bisa pas liat paketan nya udh 0 , pdhl bru di isi",knpsih sinyal lambat buka myxl bsa gilir sinyal pas liat paket pdhl bru isi,2,1,1
playstore,xl,kekuatan sinyal ampe -90 masa iya gitu percuma dong beli kuota padahal 4G,kuat sinyal ampe iya gitu beli kuota,1,1,0
playstore,xl,GA JELAS JUR NIHH APP,jur nihh app,0,1,0
playstore,xl,bgus bgt tapi dikurangi tiba tiba hilang jaringannya,bgus rang hilang jaring,1,2,0
playstore,xl,mantap keren,mantap keren,2,0,1
playstore,xl,"jaringan udah eror 3hari jatuh tempo tgl 15 tgl 12 sudah bayar, berharap jaringan bisa di pakai tapi ternyata masih tidak ada akses internet, sudah buat pengaduan ke no cs yang 1, dilempar LG ke no cs 2 dan keduanya gak ada respon dan br hari ini di respon, sejak pagi sampai Skrang di suruh menunggu,karena pengecekan gila aja pengecekan Mulu dr pake Ampe Skrang gak ada selesai2 bener2 buruk",jaring eror jatuh tempo tgl tgl bayar harap jaring pakai akses internet adu no cs lempar lg no cs respon br respon pagi skrang suruh tunggu kece gila kece mulu dr pake ampe skrang selesai bener buruk,7,4,1
playstore,xl,"jelek sekali ngechat maya kagak di gubris, beberapa kali ngelaporin masalah jaringan buruk, gitu2 aja jawabannya, kaga ada tindakan tetep aja buruk jaringannya",jelek ngechat maya kagak gubris kali ngelaporin jaring buruk gitu jawab kaga tindak buruk jaring,2,4,0
playstore,xl,"signal dan jaringan makin kesini makin parah, di bawa masuk ke ruangan rumah atau apapun langsung hilang,di pakai maen game jadi bikin emosi",signal jaring kesini parah bawa masuk ruang rumah apa langsung hilang pakai maen game bikin emosi,5,5,0
playstore,xl,sinyal jelek lelet sering ganguan,sinyal jelek lelet ganguan,0,2,0
playstore,xl,jadi lebih mudah,mudah,1,0,1
playstore,xl,jaringan masih jauh dari kata 5g,jaring,1,0,1
playstore,xl,tolong di perbaiki untuk paket bebas puas yg 3300,tolong baik paket bebas puas,3,1,1
playstore,xl,kenapa sesudah di update di aplikasi kok bilangnya belum di update ?? apa masalahnya,update aplikasi bilang update,0,1,0
playstore,xl,saya tinggal di dki.. sinyal lama lam semakin susah.. mohondi perbaiki lagi pelayanan sinyal xl nya,tinggal dki sinyal lam susah mohondi baik layan sinyal xl,2,1,1
playstore,xl,"udah pakai XL sekitar 8 tahunan tapi jujur sinyalnya makin jelek harga paket makin naik, sekarang aja beli kuota 18GB tapi yang datang cuma 15GB jujur kecewa banget sihh apalagi harga nya tinggi, semoga segera di perbaiki",pakai xl tahun jujur sinyal jelek harga paket beli kuota gb gb jujur kecewa sihh harga moga baik,5,4,1
playstore,xl,Peningkatan kecepatan aplikasi saat dibuka,tingkat cepat aplikasi buka,2,1,1
playstore,xl,"BGST Udha isi pulsa, beli paket mahal, tetep gk bisa di beli gak guna lu",bgst udha isi pulsa beli paket mahal beli,1,2,0
playstore,xl,udah sinyal lemot harga paket nggk ada yg diskon,sinyal lot harga paket nggk diskon,3,1,1
playstore,xl,makin kesini makin lelet jaringan nya,kesini lelet jaring,1,1,0
playstore,xl,error mulu aplikasinya apaan dah kaga jelas lu bintang 1 selama belum berubah benerin lah bos gua udah beli saldo banyak bangk,error mulu aplikasi dah kaga bintang ubah baik bos gua beli saldo bangk,3,4,0
playstore,xl,Ngeleg parah berhenti ku beli kuota mu,lambat parah henti ku beli kuota mu,0,4,0
playstore,xl,"Complaint saya ke XL. 1. Saya membeli paket di MyXL selalu gagal ,padahal sudah update dan hapus cache bahkan sampai berkali-kali install ulang apkikasi hasilnya tetap tidak bisa membeli paket selalu muncul "" Mohon Update aplikasi MyXL anda "" ,sudah melapor ke cust service tapi di suru kirim email dan di mohon menunggu 3x24 jam. 2. Saya membeli paket 5G namun saat saya gunakan di area 5G kecepatannya menurun apalagi di area 4G ,malah hilang jaringannya. Tolong di respon setiap keluhan customer.",complaint xl beli paket myxl gagal update hapus cache kali kali install ulang apkikasi hasil beli paket muncul mohon update aplikasi myxl lapor cust service suru kirim email mohon tunggu x jam beli paket area cepat turun area hilang jaring tolong respon keluh customer,9,4,1
playstore,xl,"provider ga bisa buat kerja sama sekali,,jangan pada pake xl,,sinyal bapuk,,gua isi kuota 30gb percuma",provider kerja pake xl sinyal jelek gua isi kuota gb,1,3,0
playstore,xl,jangkauan lumayan luas,jangkau lumayan luas,2,0,1
playstore,xl,"Semakin dibeli semakin mahal bro. Terjamin lancar yahh, gw main aja ngeleg banget jir. Penyimpanan masih luas kuota banyak masih ngeleh cuma main game kecil doank?",beli mahal bro jamin lancar yahh main lambat jir simpan luas kuota ngeleh main game doank,3,6,0
playstore,xl,makin kesini sinyal makin parah aja xl...padahal gw pengguna XL udah lama bngt...sekarang sinyal penuh tapi bodong gak konek konek buka aplikasi,kesini sinyal parah xl guna xl sinyal penuh bodong konek konek buka aplikasi,1,2,0
playstore,xl,sangat objektif,objektif,1,0,1
playstore,xl,"internetnya kurang lancar cabut aja claim internet tercepat di Indonesianya, dari tadi kaga scroll ig tiktok ngelag semua mana sisa kuota masih 11GB lagi mohon jaringannya di optimalkan",internetnya lancar cabut claim internet cepat indonesia kaga scroll ig tiktok lambat sisa kuota gb mohon jaring optimal,3,5,0
playstore,xl,bagus tolong harga nya makin gila woiiii,bagus tolong harga gila woiiii,2,0,1
playstore,xl,aplikasi myxl sering gk nanggapi,aplikasi myxl nanggapi,0,1,0
playstore,xl,udah gak ada diskon gede lagi gak kayak dulu,diskon gede kayak,1,1,0
playstore,xl,apk sialan,apk sial,0,1,0
playstore,xl,harga mahal.kwalitas sinyal tdk lancar perpindahan 4g dan 5g alias sering nyangkut jadi tdk ada koneksi.di myxl ada tarif 7 giga 14 hari mau dibeli tdk bisa.xl operator omdo,harga mahal kwalitas sinyal tdk lancar pindah alias nyangkut tdk koneksi myxl tarif giga beli tdk xl operator omdo,2,1,1
playstore,xl,makin lama complain pelanggan ga dianggap ga direspon nih XL gmn yah masih lemott bgt jaringan sumpah dah tolo segera direspon keresah pelanggan pihak XL saya pengguna XL udh mau seminggu blm ad perubahan masih aja lemot,complain langgan anggap direspon xl gmn yah lemott jaring sumpah dah tolo direspon resah langgan xl guna xl minggu blm ad ubah lot,4,3,1
playstore,xl,Makin hari sinyal jelek trus maen mobile legends jumping trs mengecewakan GA ADA PAKET YG ISINYA KUOTANYA AJA TANPA ADA LIMIT WAKTU NYA,sinyal jelek trus maen mobile legends jumping kecewa paket isi kuota limit,2,3,0
playstore,xl,"mohon bantuannya saya mau beli paket data tapi diminta update aplikasi terus,sudah di update masih begitu juga, mohon segera...",mohon bantu beli paket data update aplikasi update mohon,1,2,0
playstore,xl,"ayolah min harga doang makin mahal, tiap buka aplikasi maintenance mulu, gabisa dibuka pake jaringan wifi",ayo min harga doang mahal buka aplikasi maintenance mulu gabisa buka pake jaring wifi,3,2,1
playstore,xl,"sinyal ga jelas, mau nambah paket malah ilang yang pertama",sinyal nambah paket ilang,1,1,0
playstore,xl,jelek signal,jelek signal,0,1,0
playstore,xl,Semoga lebih instan/ aamiin,moga instan aamiin,2,0,1
playstore,xl,signal XL belakangan ini parah parah parah ..lemot abiss..paket data masih banyak parah parah parah ..lemot lemot..,signal xl parah parah parah lot abiss paket data parah parah parah lot lot,1,10,0
playstore,xl,"barusan banget pagi tgl 13/05/2026 beli kuota lewat aplikasi XL yg masuk poin nya doang kuota nya gak masuk. ini gmn rugi saya pulsa kepotong kuota gak dapet 🫣🥲 sudah chat via aplikasi XL pun tetap tidak dapat hasil yg memuaskan, kuota gak masuk pulsapun hilang 🥲 kapok banget beli kuota lewat aplikasi XL jadinya",barusan pagi tgl beli kuota aplikasi xl masuk poin doang kuota masuk gmn rugi pulsa potong kuota dapet chat via aplikasi xl hasil muas kuota masuk pulsa hilang kapok beli kuota aplikasi xl,5,17,0
playstore,xl,cara pembayaran pakai pulsa disuruh update aplikasi dulu tapi di klik ga ada yang bisa di update,bayar pakai pulsa suruh update aplikasi klik update,0,3,0
playstore,xl,"menu quotanya makin lama makin berkurang dan makin mahal, bonus juga sudah tidak ada lagi",menu quotanya kurang mahal bonus,1,2,0
playstore,xl,mantap xl,mantap xl,1,0,1
playstore,xl,"buruk masa isi pupsa 30 ribu dalam 5menit habis 20ribu ,padahal kuota ada kenapa pakainya pulsa dulu engga pakai kuotanya jelek sekarang xl mahal lagi",buruk isi pupsa ribu menit habis ribu kuota pakai pulsa engga pakai kuota jelek xl mahal,0,6,0
playstore,xl,Anak rantau,anak rantau,0,1,0
playstore,xl,"sebenarnya layanannya bagus. tapi karena paket internet pembayaaran asal iya iya aja, di samakan jadwalnya dengan orang tua. hasilnya saya trauma pakai paket XL yang bolong 7 hari, tiap bulan. bayar cepat tapi aktif harinya di bukan itu tujuh hari setelahnya. sangat beresiko kena tarif dasar. mau bilang bintang satu tidak berguna. paling saya akan bilang tidak di sarankan berlangganan paket ke konter yang kasih promo paket setengah harga terus di langganankan. operatornya gak bilang masalahnya",layan bagus paket internet pembayaaran iya iya sama jadwal orang tua hasil trauma pakai paket xl bolong bayar cepat aktif hari tujuh telah resiko kena tarif dasar bilang bintang guna bilang saran langgan paket konter kasih promo paket harga langganankan operator bilang,12,3,1
playstore,xl,sekarang gak ada kuota malem jadi males pake XL,kuota malem males pake xl,0,3,0
playstore,xl,xl aplikasi payah..susah d buka..koneksi jaringanku bermasalah..?ad jg jaringan XL yg bermasalah teruuuus..,xl aplikasi payah susah d buka koneksi jaring masalah ad jaring xl masalah teruuuus,2,5,0
playstore,xl,"Sangat Bagus,Namun Sayang Saya Tidak Bisa Meminjam Data!!!",bagus sayang pinjam data,1,1,0
playstore,xl,tambah parah apk nya,parah apk,0,1,0
playstore,xl,"pelyanan call center gak respon, pergantin provider dari internet first media ke xl home makin ancur internet dirumah udah satu minggu mati, bulan depan gua putusin aja lah cape coba cek no id pelanggn 10667844 kenapa mati cape gak direspon",pelyanan call center respon pergantin provider internet first media xl home ancur internet rumah minggu mati gua putusin cape coba cek no id pelanggn mati cape direspon,2,6,0
playstore,xl,"kenapa sekarang login jadi susah , mau beli kuota pun gk bisa , mau topup pun bermasalah",login susah beli kuota topup masalah,0,3,0
playstore,xl,harga paket internet terlalu mahal dan tidak ada bedanya flax mini dengan flax max untuk harganya. hapus saja itu flax mini jika jumlah kuota sama dengan flax max.,harga paket internet mahal beda flax mini flax max harga hapus flax mini kuota flax max,3,4,0
playstore,xl,selalu dapet sms paketan habis...risih.kayak diteror tiap hari padahal paketan masih banyak...ga masuk akal,dapet sms paket habis risih kayak teror paket masuk akal,3,3,0
playstore,xl,mudahan bagus,mudah bagus,2,0,1
playstore,xl,leg tros bosen amat mahal doang,leg tros bosen mahal doang,0,2,0
playstore,xl,XL duh XL !!! jaringan mu bikin kapok lelet banget,xl duh xl jaring mu bikin kapok lelet,1,3,0
playstore,xl,Pengalaman buruk ya pakai xl. Isi 20GB tapi kualitas internet masih lambat sekali ditambah masa aktif hanya 3 hari. Korupsi macam apa itu?,alam buruk pakai xl isi gb kualitas internet lambat tambah aktif korupsi,2,3,0
playstore,xl,sudah jarang bonusnya,jarang bonus,1,0,1
playstore,xl,"aplikasi paling gaje.sudah isi pulsa, malah kena potong krn sms notif bonus dari XL. beli paket susah benar karena kurang pulsa krn dipotong, gagal mulu.. parah. berkurang terus pulsaku.. sisa pulsa pun dimakannya. memang kau ya xl. buat orang marah. kembalikan pulsaku yg kau potong!!! terpaksa beli kuota yang 73rb, padahal isi 100k utk kuota yang 100k dan awalnya ada sisa pulsa, eh, swktu baayar gak bisa malah berkurang dibawah 100k. bayar pakai e wallet gagal mulu, pulsa malah dipotong. naseb",aplikasi gaje isi pulsa kena potong sms notif bonus xl beli paket susah pulsa potong gagal mulu parah kurang pulsa sisa pulsa makan kau xl orang marah kembali pulsa kau potong paksa beli kuota rb isi k utk kuota k sisa pulsa eh swktu baayar kurang bawah k bayar pakai e wallet gagal mulu pulsa potong naseb,2,26,0
playstore,xl,XL MAKIN PARAH AMAT SIH SINYAL FULL KOUTA BANYAK TAPI LEMOT BANGET MUTER MUTER MULU JARINGAN EROR GAK JELAS! PAKET AJA MAHAL MAHAL JARINGAN BURUK!,xl parah sinyal full kuota lot muter muter mulu jaring eror paket mahal mahal jaring buruk,3,7,0
playstore,xl,"makin kesini makin jelek ya jaringannya gatau kenapa suka bgt tiba tiba lemot gitu, dah dari bertahun tahun pake ini dan cuma 1 yang bikin stay, karena ""nomor utama"" klo bukan mah udah pindah sebelah, update nya suka ga nentu nih harga ganti ganti mulu",kesini jelek jaring gatau suka lot gitu dah tahun pake bikin stay nomor utama mah pindah belah update suka nentu harga ganti ganti mulu,2,5,0
playstore,xl,"tolonglah jaringan XL buruk sekali di daerah. syaa,,di daerah Karawang,harganya mahal kualitas jaringan buruk",tolong jaring xl buruk daerah syaa daerah karawang harga mahal kualitas jaring buruk,4,3,1
playstore,xl,"Apalah ini kartu makin aneh,harga mahal tapi jaringan lemot",apa kartu aneh harga mahal jaring lot,2,3,0
playstore,xl,mau beli kuota aja susah nya minta ampun. selalu muncul suruh update padahal apk nya udh di update. tolong dong di perbaiki lagi,beli kuota susah ampun muncul suruh update apk update tolong baik,1,3,0
playstore,xl,kartu tidak bermutu saya sudah pakai XL dari lama tapi kenapa tiba² sinyal saya hilang padahal saya sudah isi pulsa dan kuota di konter..mana harga nya bukan main lagi.. kuota/pulsa saya masih banyak tapi udah nggak bisa dipake semuanya hanguss😭 jujur saya sangat kecewa ...,kartu mutu pakai xl sinyal hilang isi pulsa kuota konter harga main kuota pulsa nggak dipake hanguss jujur kecewa,1,6,0
playstore,xl,"tambah hancur,,,, sinyal ampun ,,, mngecewakan",hancur sinyal ampun mngecewakan,0,1,0
playstore,xl,XL ini kenapa ya sering banget kayaknya bermasalah dan ngelag? Tolong lah segera di fix,xl kayak masalah lambat tolong fix,0,3,0
playstore,xl,tolong diperbaiki lagi jaringannya lahh.,tolong baik jaring lahh,2,0,1
playstore,xl,"XL GAJELAS JARINGAN SEBAGUS"" JADI JELEK TBTB MANA BUKAN HANYA BEBERAPA MENIT/JAM LAGI INI BERMINGGU"" DONG, TOLONG DI PERBAIKI XL, KUOTA MASIH BANYAK JADI ANGUS KARNA WAKTUNYA KEBURU ABIS, KEJADIAN GINI BUKAN SEKALI ATAU DUA KALI",xl gajelas jaring bagus jelek tbtb menit jam minggu tolong baik xl kuota angus keburu abis jadi gin kali,3,3,0
playstore,xl,udah seminggu lag parah,minggu lag parah,0,1,0
playstore,xl,"saya pakai XL sejak tahun 2016 padahal, kenapa sudah 1 bulan ini jaringan dan sinyal selalu hilang, data internet tidak bisa di pakai padahal kuota nya banyak. padahal dulu XL provider paling bagus, tapi sekarang..... apa harus ganti provider saja gitu?",pakai xl jaring sinyal hilang data internet pakai kuota xl provider bagus ganti provider gitu,2,3,0
playstore,xl,tidak bisa di buka di samsung j7prime akses dial namber 817 untuk aktivasi voucer pun susah,buka samsung j prime akses dial namber aktivasi voucer susah,2,1,1
playstore,xl,"pelayanan lambat terakhir pake wifi xl,eror uda 4 hari telfon ke pusat proses nya dua hari kerja lambat pelayanan nya",layan lambat pake wifi xl eror uda telfon pusat proses kerja lambat layan,3,3,0
playstore,xl,"jaringan internet super lambat, kadang hilang. xl gila parah",jaring internet super lambat kadang hilang xl gila parah,2,3,0
playstore,xl,"ini XL provider paling gangguan seindonesia, nyesal gw beli simcard ini, jaringan full jaya tetep aja gangguan, mending ganti lain aja,",xl provider ganggu indonesia nyesal beli simcard jaring full jaya ganggu mending ganti,3,3,0
playstore,xl,"Bonus 1,5gb gk bisa dipake aneh",bonus gb dipake aneh,1,0,1
playstore,xl,di surakarta lag .. buka tiktok smpai kek berada dlm hutan ...,surakarta lag buka tiktok smpai kek dlm hutan,2,0,1
playstore,xl,sinyal XL makin jelek 💩,sinyal xl jelek,0,1,0
playstore,xl,"ini sinyal kok belum ada perbaikan gimana ya, masih saja sinyal hilang tanpa sebab dan waktunya cukup lama. kayak mantan saja, kalau seperti ini terus terusan saya bisa jadi mantan pengguna XL juga loh.",sinyal baik gimana sinyal hilang kayak mantan terus mantan guna xl loh,2,4,0
playstore,xl,"kualitas sinyal semakin jelek,apa XL mau buang pelanggan?",kualitas sinyal jelek xl buang langgan,2,2,0
playstore,xl,provider dengan jaringan paling ampas se indonesia.,provider jaring ampas indonesia,1,1,0
playstore,xl,bikin pusing,bikin pusing,0,1,0
playstore,xl,sinyal XL sekarang lemot banget,sinyal xl lot,0,1,0
playstore,xl,Alhamdulillah enak aja pake myxl,alhamdulillah enak pake myxl,1,0,1
playstore,xl,"jaringan jelek, nyesel beli xl tau gitu gausah beli aja buang"" duit",jaring jelek nyesel beli xl tau gitu gausah beli buang duit,1,5,0
playstore,xl,Aplikasi sdh di perbaharui Masi tetap tdk bisa belikuota di aplikasi ini,aplikasi sdh baharu mas tdk belikuota aplikasi,0,2,0
playstore,xl,"Makin kesini makin mengikuti jejak Telkom, paket serba mahal. Jaringan makin tambah lemot. 👎🏻👎🏻👎🏻",kesini ikut jejak telkom paket serba mahal jaring lot,2,3,0
playstore,xl,"KENAPA SIH TIAP MAU ISI KUOTA TU GAGAL TERUS, SELALU GANGGUAN GANGGUAN GANGGUAN TERUUUSSSSS... JADI TIAP ISI PULSA TERUS MAU ISI KUOTA, TERUS GANGGUAN, TU PULSA KEPOTONG WOOIIIII.. AYOLAH JGN DRAMA GANGGUAN TERUS TIAP MAU ISI KUOTAAA !!!!!",isi kuota tu gagal ganggu ganggu ganggu teruuusssss isi pulsa isi kuota ganggu tu pulsa potong wooiiiii ayo jgn drama ganggu isi kuotaaa,1,12,0
playstore,xl,padahal aplikasi nya udah saya perbarui tapi masih ndk bisa di pakai,aplikasi baru ndk pakai,0,1,0
playstore,xl,"makin kesini makin ancur min,,masa nonton YouTube dengan kualitas video 240p aja nggk sanggup muter terus hadeuh",kesini ancur min nonton youtube kualitas video p nggk sanggup muter hadeuh,2,0,1
playstore,xl,flexmax nya gaenak,flexmax gaenak,0,1,0
playstore,xl,ini kenapa harga paket internet mahal banget sama lemit banget yakk. tolong dong minn jan dibikin kek gini. padahal saya udh setia pake xl lebih dari 7thn lohh. kalau kek gini terus mending saya ganti paket internet provider lain aja lahh,harga paket internet mahal lemit yakk tolong minn jan bikin kek gin setia pake xl thn lohh kek gin mending ganti paket internet provider lahh,4,2,1
playstore,xl,"kouta mahal sinyal jelek,jaringan 5G belom merata",kuota mahal sinyal jelek jaring bom rata,1,3,0
playstore,xl,lanjut..bosku,bos,1,0,1
playstore,xl,sinyalnya semakin hari semakin parah mohon segera di perbaiki,sinyal parah mohon baik,1,1,0
playstore,xl,"PARAH...SETIAP MASA AKTIF HAMPIR HABIS, JARINGAN KAYAK T4111111 PADAHAL KUOTA MASIH BANYAK",parah aktif habis jaring kayak t kuota,1,3,0
playstore,xl,dh 3 hari erorr mulu mau beli kuota.,dh erorr mulu beli kuota,0,1,0
playstore,xl,"SINYAL JELEK PARAH, HARGA KUOTA DOANG MAHAL TAPI KUALITAS SINYAL TIDAK BAGUS, SIAP-SIAP AJA LAH NYARI PROVIDER LAIN.",sinyal jelek parah harga kuota doang mahal kualitas sinyal bagus nyari provider,3,5,0
playstore,xl,"lelet,,sering di kasih pilihan,,pas isi TDK lgsg terbuka",lelet kasih pilih pas isi tdk lgsg buka,1,2,0
playstore,xl,minimal kalo paket mahal sinyal di perbaiki lah biar saya juga enak dan betah di XL kalo sinyal masih jelek mending ganti ke kartu lain,minimal paket mahal sinyal baik biar enak betah xl sinyal jelek mending ganti kartu,3,3,0
playstore,xl,"saya kasih bintang satu,gara gara setiap saya beli paket sinyal nya ngelag Mulu,tolong operator XL di benerin sinyal terimakasih 🙏",kasih bintang gara gara beli paket sinyal lambat mulu tolong operator xl baik sinyal terimakasih,3,3,0
playstore,xl,aplikasi ini bagus,aplikasi bagus,1,1,0
playstore,xl,jngn beli xl karna sinyal nya banyak ganguan Mulu stiap abis magrib slalu sinyal nya ilang ilangan Mulu padahal kuota masih gede baru kmrin bli nyesel gua bli kartu XL,jngn beli xl sinyal ganguan mulu stiap abis magrib slalu sinyal ilang ilangan mulu kuota gede kmrin bli nyesel gua bli kartu xl,0,4,0
playstore,xl,"Pelayanan dari Maya masih kurang bagus dan tidak ada penyelesaian yang tuntas, untuk aplikasi bagus diawal aja lama kelamaan sinyal jelek, kadang isi pulsa terpotong, aplikasi error, dan data tidak dapat digunakan. saya berharap ada perbaikan kedepannya🙏",layan maya bagus selesai tuntas aplikasi bagus awal sinyal jelek kadang isi pulsa potong aplikasi error data harap baik depan,5,7,0
playstore,xl,"sinyal lu dipake buka ovo kok error mulu, pake Smartfren ga ada error",sinyal dipake buka ovo error mulu pake smartfren error,0,2,0
playstore,xl,"udah dipenuhi ke versi terbaru malah kurang responsif, perbaiki dulu baru kasih bintang 5",penuh versi baru responsif baik kasih bintang,1,0,1
playstore,xl,"tolong perbaiki jaringan🙏, jaringannya suka tidak ada saat dalam ruangan",tolong baik jaring jaring suka ruang,3,1,1
playstore,xl,Kebijakannya Anda Lumayan Saja 0ke Salam.,bijak lumayan salam,1,0,1
playstore,xl,"signal hilang-hilang isi pulsa buat beli paket dalam aplikasi paket gagal terisi pulsa terkuras sedikit pas mau beli ulang sudah ngak bisa pulsa terkurang padahal gagal beli paket, apalah kartu kayak gini. tolonglah kalau gagal beli paket pulsanya jangan dikurangin lah, harus ngisih lagi buang-buang waktu saja",signal hilang hilang isi pulsa beli paket aplikasi paket gagal isi pulsa kuras pas beli ulang ngak pulsa kurang gagal beli paket apa kartu kayak gin tolong gagal beli paket pulsa rangin ngisih buang buang,5,15,0
playstore,xl,gua tinggal di pusat kota kediri masak jaringan hilang..minimal klo ada perbaikan kan bisa diberitahukan lewat notif aplikasi,gua tinggal pusat kota diri masak jaring hilang minimal baik diberitahukan notif aplikasi,3,6,0
playstore,xl,"kenapa sisa kuota paketnya jadi hilang tidak diakumulasikan? padahal sama paket flekmax, apa karena saya beli paket yang lebih rendah?",sisa kuota paket hilang akumulasi paket flekmax beli paket rendah,3,4,0
playstore,xl,annjjjj sinyal nya jlk banget trus paket nya juga mahal,annjjjj sinyal jlk trus paket mahal,1,1,0
playstore,xl,"Ini cs xl ini kenapa ya, disini mau nanya soalnha abis beli kuota kan biasanya dapet poin, sama nanti kan terakumulasi tuh di xl circle ya, semenjak terakhir kemarin beli kok gamasuk akumulasi transaksinya sama poin xl nya ga bertambah, pas nanya ke admin xl jawabnya lama banget. Terus abis itu pas udah dikirim bukti malah ngilang",cs xl nanya soalnha abis beli kuota dapet poin akumulasi tuh xl circle semenjak kemarin beli gamasuk akumulasi transaksi poin xl tambah pas nanya admin xl abis pas kirim bukti ngilang,8,5,1
playstore,xl,"sinyal nya jelek ga tahan, bener"" harus muter"" ruangan, itupun kalau hoki bisa dapet jaringan bagus, sampe ada niat ganti ke tel..",sinyal jelek tahan bener muter ruang itu hoki dapet jaring bagus sampe niat ganti tel,3,3,0
playstore,xl,"beli paket mahal mahal cuma dapet ngeleg nya doang anj, gua turnamen Ampe kalah gara gara sinyal gajelas",beli paket mahal mahal dapet lambat doang anj gua turnamen ampe kalah gara gara sinyal gajelas,2,7,0
playstore,xl,"aplikasi lambat, terlalu sering ada pembaruan tapi tetap lambat, kuota mahal, terlalu banyak pembagian nya,,,, padahal saya menggunakan XL dari tahun 2016, baru kali ini sangat mengecewakan",aplikasi lambat baru lambat kuota mahal bagi xl kali kecewa,0,6,0
playstore,xl,jangan susah dong orang saya beli data susah banget,susah orang beli data susah,0,3,0
playstore,xl,ini knpa ngga bisa beli paket. malah disruh updat teruus. padahal udah versi terbaru ini myxl nya,knpa ngga beli paket disruh updat teruus versi baru myxl,1,1,0
playstore,xl,"awalnya saya merasa cukup puas dengan layanan, tapi sekarang kok kualitas semakin menurun terutama sinyalnya jelek, lemot terlebih lagi saat listrik padam.",puas layan kualitas turun sinyal jelek lot listrik padam,2,2,0
playstore,xl,"hadeh cape lama-lama pake xl mangkin dongo, harga mangkin mahal tapi kualitas jaringan zonk, jaringan ga stabil, sering mati nyalah mati nyalah, update mulu tapi gapernah ada perubahan, bikin darah tinggi",hadeh cape pake xl mangkin dongo harga mangkin mahal kualitas jaring zonk jaring stabil mati nyalah mati nyalah update mulu gapernah ubah bikin darah,5,6,0
playstore,xl,beli paket ga bisa malah minta update padahal udah versi baru di play store,beli paket update versi play store,1,0,1
playstore,xl,beli paket nya aman dan terpercaya,beli paket aman percaya,2,0,1
playstore,xl,"mau nya XL tu apa ya kata nya paket 5G lebih kencang, namun nyata nya malah putus"" saat di gunakan, jika ingin ulasan saya berubah tolong sesuaikan harga paket mu dan kualitas jaringan mu, harga mahal jaringan lemot buat ap?",xl tu paket kencang nyata putus ulas ubah tolong sesuai harga paket mu kualitas jaring mu harga mahal jaring lot ap,8,2,1
playstore,xl,ini cara beli kouta bebas puas di myxl bagiamana kok gak ada untuk sekarang,beli kuota bebas puas myxl bagiamana,1,2,0
playstore,xl,ngasih 5 bintang tp nggak bisa masuk.k myxl 🥺🥺🥺🥺,ngasih bintang nggak masuk k myxl,0,1,0
playstore,xl,kalo ada paket wa sebulan,paket wa bulan,1,1,0
playstore,xl,"aplikasi rusak, ketika saya mau login pasti ada peringatan tidak punya kartu, padahal kartu saya aktif dan tidak kadaluarsa. saat ingin membeli paket ada tulisan harus update dulu, padahal udah di update tapi tetap ga bisa beli.",aplikasi rusak login ingat kartu kartu aktif kadaluarsa beli paket tulis update update beli,1,1,0
playstore,xl,ngelag kali jaringan cok,lambat kali jaring cok,1,1,0
playstore,xl,Bismillah xl .sering hilang sinyal nya baik itu .sinyal hap atau pun sinyal untuk internet ya .( wifi] dan sinyal nya lemah .sekali.ini berjalan sudah cukup lama .sampai saat ini tidak ada perbaikan .mohon di indahkan.,bismillah xl hilang sinyal sinyal hap sinyal internet wifi sinyal lemah jalan baik mohon indah,2,1,1
playstore,xl,"kok Punya aku pas mau buat beli paket malah disuruh update terus yah, padahal udah update yg terbaru makin jelek ajah Aplikasinya, makin ngk jelas ajah",pas beli paket suruh update yah update baru jelek ajah aplikasi ngk ajah,2,3,0
playstore,xl,"sudah beli data , dana sudah terpotong data tidak masuk, segera di perbaiki. sudah chat maya tidak membantu",beli data dana potong data masuk baik chat maya bantu,3,4,0
playstore,xl,"sinyal sekarang lemot,tidak stabil,tidak seperti awal pake XL prioritas",sinyal lot stabil pake xl prioritas,1,1,0
playstore,xl,mahal doang sinyal gajelas,mahal doang sinyal gajelas,0,1,0
playstore,xl,jgn beli ni kartu jaringan nya super jelek👎👎,jgn beli ni kartu jaring super jelek,1,1,0
playstore,xl,"Gk beres kocak, jaringannya makin kesini malah makin kesana. Upgrade ke prio, CS nya malah acuh tak acuh jawab udah gitu ngebalas chat macam seleb, lama bener",beres kocak jaring kesini kesana upgrade prio cs acuh acuh gitu ngebalas chat seleb bener,2,1,1
playstore,xl,"udah di update tapi ttep GK bisa beli kuotanya,ruded apk nyaa gelehhh🫩🤮🤮",update ttep beli kuota ruded apk nyaa gelehhh,0,1,0
playstore,xl,Di daerah saya sawangan Depok signal XL parah banget.. signal cuma 1 garis Internet lambat bahkan buka sosial media aja delay bgt . udah minta tolong ke customer care bahasa nya cuma tolong Matikan hp nya lalu nyalakan kembali.. gitu aja terus ini kasih bintang satu aja biar bisa komen.. aslinya mah kasih bintang satu juga ogah,daerah sawangan depok signal xl parah signal garis internet lambat buka sosial media delay tolong customer care bahasa tolong mati hp nyala gitu kasih bintang biar komen asli mah kasih bintang ogah,3,7,0
playstore,xl,daftarnya susah bener,daftar susah bener,0,1,0
playstore,xl,"min jujur aku nyesel loh beli kuota lagi, padahal sisa kuotaku tinggal 49gb, beli lagi 5gb buat perpanjang masa aktif, eh malah kuota yang 49gb malah ilang. tau gini mending ganti kartu perdana",min jujur nyesel loh beli kuota sisa kuota tinggal gb beli gb panjang aktif eh kuota gb ilang tau gin mending ganti kartu perdana,2,7,0
playstore,xl,csnya lambat penanganannya ga kaya sebelah chat langsung di respon dan yg terpenting bukan chat bot yg balesnya,csnya lambat tangan kaya belah chat langsung respon penting chat bot balesnya,5,4,1
playstore,xl,sinyal xl jelek buat akses internet susah ga bisa buat apa apa tolong benerin kuota doang mahal kualitas jelek,sinyal xl jelek akses internet susah tolong baik kuota doang mahal kualitas jelek,3,5,0
playstore,xl,seringkali sinyal tiba-tiba menghilang,seringkali sinyal hilang,0,1,0
playstore,xl,"min.. saya udah isi pulsa 50ribu.. dan masa aktif sampai dgn tgl 30 juni, tp kenapa ada sms dari xl klo besok nomor saya gak bisa di pakai lagi?",min isi pulsa ribu aktif tgl juni sms xl besok nomor pakai,0,1,0
playstore,xl,kikir banget lu min saya pengguna xl dari 2019 kecewa sih.,kikir min guna xl kecewa,2,1,1
playstore,xl,sebenernya sudah bagus tapi soal bonus kuota xl circle 5 gb sering tidak muncul,sebenernya bagus bonus kuota xl circle gb muncul,2,1,1
playstore,xl,"mau daftr paket gk bisa katanya aplikasinya belum di update, padahal sudah update di coba ulanh begitu terus, mohon xl kebijakannya yg bener² ajaa, kasian pelanggannya.",daftr paket aplikasi update update coba ulanh mohon xl bijak bener ajaa kasi langgan,2,2,0
playstore,xl,"perasaan beli paket cepet abisnya, padahal sinyalnya juga lemot muter2.. mana sering gangguan lagi klo beli pakett ........",asa beli paket cepet abis sinyal lot muter ganggu beli pakett,2,2,0
playstore,xl,"Jaringan makin rusak di 2026, sering lose connection. padahal di 2025 baik baik aja. gua kira awalnya perbaikan, ternyata 6 bulan bukan membaik malah makin buruk udh jadi makin sampah. kecewa sama XL",jaring rusak lose connection gua baik baik buruk sampah kecewa xl,3,4,0
playstore,xl,mahal bet anj,mahal bet anj,0,1,0
playstore,xl,Masalah terus kalau isi paket data,isi paket data,1,1,0
playstore,xl,promo di dashboard awal tidak bisa dibeli. hanya pajangan saja.,promo dashboard beli pajang,1,0,1
playstore,xl,"sinyal wifi dan sinyal data terburuk, ga usah pakai xl",sinyal wifi sinyal data buruk pakai xl,0,2,0
playstore,xl,kenapa saya gk bisa masuk myxl kenapa harus masuk kan nomor dulu tidak seperti itu jadi tolong di bantu untuk bisa login ke myxlnya,masuk myxl masuk nomor tolong bantu login myxlnya,0,2,0
playstore,xl,paketan sering ngebug beli banyak dapet dikit,paket ngebug beli dapet dikit,2,1,1
playstore,xl,"live chat agen lama bales nya, gak ngasih solusi sama sekali, malah ngasih informasi doang mengecewakan, kecewa berat sama xl, harap di perbaiki layanan nya, customer live chat agen tuh cari solusi bukan tanya jawab dan pemberitahuan, yg di butuhkan penyelesaian",live chat agen bales ngasih solusi ngasih informasi doang kecewa kecewa berat xl harap baik layan customer live chat agen tuh cari solusi pemberitahuan butuh selesai,7,8,0
playstore,xl,"gk jelas, kartu xl saya katanya sudah tidak aktif jadi mau saya reaktivasi, nah di apk ini sudah saya ikuti panduannya untuk reaktivasi dengan nomor iccid di kartu fisik tapi katanya salah, nah saya mau reaktivasi melalui web, tapi katanya""eror kartu anda masih aktif "" jadi ini yg benar yg mana,",kartu xl aktif reaktivasi apk ikut pandu reaktivasi nomor iccid kartu fisik salah reaktivasi web eror kartu aktif,1,3,0
playstore,xl,kocak tiba tiba paketan naik..,kocak paket,1,1,0
playstore,xl,"kenapa sinyal sering hilang ,mau ganti tapi sayang sudah pake xl bertahun tahun",sinyal hilang ganti sayang pake xl tahun,0,1,0
playstore,xl,dukungan app ok,dukung app ok,2,0,1
playstore,xl,ini kenapa myxl circle nya masih 0 ya kan udah nyampe tergat nya 100rb Terus sekarang kalo setiap beli paketan udah gak pernah dapet bonus nya,myxl circle nyampe tergat rb beli paket dapet bonus,3,0,1
playstore,xl,"Apaan ini XL, emang gk punya paket perpanjang masa aktif sampe setahun adanya 3 hari/seminggu doang bikin ribet kalau beli satu satu, monyet gk ada perubahannya perpanjang masa aktif masih sama seminggu,gk bisa kayak axis ada paket setahun 3 bulan",xl emang paket panjang aktif sampe tahun minggu doang bikin ribet beli monyet ubah panjang aktif minggu kayak axis paket tahun,4,3,1
playstore,xl,kenapa kah. padahal ada pulsa nya mau beli paket data malah gak bisa percuma ngisi pulsa,kah pulsa beli paket data ngisi pulsa,1,3,0
playstore,xl,sinyal sangat buruk,sinyal buruk,0,1,0
playstore,xl,Mantap 🔥🔥🔥,mantap,1,0,1
playstore,xl,jaringan jelek sering gangguan gak enak buat nge game,jaring jelek ganggu enak nge game,2,2,0
playstore,xl,tolong untuk bug XL circle masih ada udah 100 ribu transaksi tapi gak dapat bonus udah 2 kali ini saya tolong perbaiki dan kembalikan bonus yang udah didapat,tolong bug xl circle ribu transaksi bonus kali tolong baik kembali bonus,4,0,1
playstore,xl,paketnya mahal,paket mahal,1,1,0
playstore,xl,Aplikasii gajelasss gabisa klik kemana mana gabisa ngambil reward intinya aplikasi ini sampahh banget keseringan bug gak niat bikin software mendingan gak usah. provider apaan ini sinyal ilang terus dan layanan komplen juga gk di gubriss.,aplikasi gajelasss gabisa klik mana gabisa ngambil reward inti aplikasi sampahh sering bug niat bikin software mending provider sinyal ilang layan komplen gubriss,2,3,0
playstore,xl,sinyalnya buruk,sinyal buruk,0,1,0
playstore,xl,"Ini hrs dipecat sih apps developernya,,,, makin kesini koq ancur bgt, ga bsa dibuka",hrs pecat apps developer kesini koq ancur bsa buka,0,1,0
playstore,xl,xl tidak bisa di percaya,xl percaya,1,0,1
playstore,xl,aplikasi sangat bagus,aplikasi bagus,1,1,0
playstore,xl,sinyal ngeleg tolol,sinyal lambat tolol,0,2,0
playstore,xl,puass bngt beli pqket data disini,puass beli pqket data,0,1,0
playstore,xl,"semakin lama xl kok semakin jelek di sinyal, kok tambah lemod, bahkansuka putus.. sinyal internet maupun noninternet.",xl jelek sinyal lemod bahkansuka putus sinyal internet noninternet,0,1,0
playstore,xl,"aplikasi sering eror, payment sering gagal gak jelas,",aplikasi eror payment gagal,0,3,0
playstore,xl,sinyalnya jelek bangt seiring leg parah ni xl,sinyal jelek bangt iring leg parah ni xl,0,2,0
playstore,xl,signalnya sering bgt gangguan.. bikin g lancar ini itu.. pdhl dr dlu pke itu bagus signalnya.. ke desa pun aman.. skrg biiiiiyuuuuuh... aloooot bgt.. harga jauuh lebih mahal dari yg sebelumnya.. promo paketan sdh ga prnh ada.. eeeeh tp layanan yg dikasih malah turun.. harga naik tp signalnya makin amsyooong,signalnya ganggu bikin lancar pdhl dr dlu pke bagus signalnya desa aman skrg biiiiiyuuuuuh aloooot harga jauuh mahal promo paket sdh prnh eeeeh layan kasih turun harga signalnya amsyooong,6,2,1
playstore,xl,"Slmt siang Semua Tim XL,salam hangat dari saya User setia anda, saya hanya mau menyampaikan keluhan saya mengenai masa pakai paket internet selama sbulan,saya merasa aneh saja,tatkala penggunaan paket internet saya masa pakainya dipangkas shari, bukan tanpa alasan keluhan saya ini,saat membeli paket internet tertera masa pakai sampai tgl 12 hari ini sampai pukul 00.00,sudah jelas semestinya masih bisa dipakai ut hari ini sampai batas jam 12 malam nanti baru habis, tapi nyatanya zonk,bug-kah ini?",slmt siang tim xl salam hangat user setia keluh pakai paket internet sbulan aneh tatkala guna paket internet pakai pangkas shari alas keluh beli paket internet tera pakai tgl mesti pakai ut batas jam malam habis zonk bug kah,4,5,0
playstore,xl,"aplikasi busuk beli kuota paket Qris, malah ga masuk kuotanya, tp Saldo gue kesedot, Bubarin aja",aplikasi busuk beli kuota paket qris masuk kuota saldo sedot bubarin,2,6,0
playstore,xl,"kartu xl biz, kata cs tiba2 nonaktif karna tidak ada penggunaan kata nya, pdhl kan udah beli kuota 1gb, jadi kriteria kartu biar dianggap aktif itu, kudu beli kuota yg seperti apa? coba dijelaskan",kartu xl biz cs nonaktif guna pdhl beli kuota gb kriteria kartu biar anggap aktif kudu beli kuota coba,1,2,0
playstore,xl,"untuk Tanya k CS nya Susah dan berbelit belit, saran pakai yg lebih jelas pelayanan aftersale nya aja, jangan yang seperti lepas tanggung jawab, menghubung k CS kalo ada masalah lama dan g d balas"" kalo yg d kota besar mungkin lbh baik k kantor Cabangnya untuk yg d daerahnya g ada kantor cabang CS mending pake Provider lain aja, XL belum siap serba Online soalnya,",k cs susah belit belit saran pakai layan aftersale lepas tanggung hubung k cs d balas d kota lbh k kantor cabang d daerah kantor cabang cs mending pake provider xl serba online,1,6,0
playstore,xl,"SEJAK FIRSTMEDIA MERGER KE XLSATU, PELAPORAN SANGAT LAMBAT SEKALI PENANGANANNYA.. PAADAHAL SUDAH BERKALI2 VIA TELEPON JUGA BELUM ADA TINDAKAN PERBAIKAN KE LOKASI... CHAT WA CUSTOMER CARE JUGA BALASNYA GA KIRA2 LAMANYA DAN NGGA NGOTAK...",firstmedia merger xlsatu lapor lambat tangan paadahal kali via telepon tindak baik lokasi chat wa customer care balas ngga ngotak,6,2,1
playstore,xl,"promo fake , beli paket 187rb untuk 144gb tapi setelah cek out yang masuk malah 78gb",promo fake beli paket rb gb cek out masuk gb,2,2,0
playstore,xl,"buruk beli kuota lama banget lu pikir ngutang signal jelek, apa lagi kalau hujan hadehhhh kata gue mah mending tutup aja lah mana kuota nya mahal²",buruk beli kuota pikir ngutang signal jelek hujan hadehhhh mah mending tutup kuota mahal,1,6,0
playstore,xl,aplikasi nya jelek parah,aplikasi jelek parah,0,3,0
playstore,xl,"semenjak firsmedia jadi XL satu bukannya makin bagus ,malah internet makin lemot,",semenjak firsmedia xl bagus internet lot,1,1,0
playstore,xl,aplikasi bintang 1.. chat keluhan di alihkan ke WA.. tp respon lambat sekali.. pake telpon call center keterangan update.. tapi aplikasi sdh versi terbaru selalu keterangan update mulu.. di playstore sdh gak bs di update lagi.. terus komplain ke mana?,aplikasi bintang chat keluh alih wa respon lambat pake telpon call center terang update aplikasi sdh versi baru terang update mulu playstore sdh bs update komplain,2,4,0
playstore,xl,jaringannya kurang bagus bahkan gag ada di tempat saya,jaring bagus gag,2,0,1
playstore,xl,Tak bisa di akses oleh no XL prioritas saya.,akses no xl prioritas,1,0,1
playstore,xl,tambahin fitur titik maps biar operator tau kalok di daerah itu sinyal xl buruk.internet lemot.padahal di dalam kota besar,tambahin fitur titik maps biar operator tau kalok daerah sinyal xl buruk internet lot kota,0,5,0
playstore,xl,"apalah semua paket jadi 28 hari, jelek",apa paket jelek,1,2,0
playstore,xl,"Mohon etikad baik dari pihak XLsatu, Tagihan sudah lunas sampai sekarang internet masih mati, tidak ada pemberitahuan apa apa, baik lewat sms, email apalagi notif di aplikasi, bobrok parah, jangan anggap sepele hal hal seperti ini, kalian kehilangan banyak konsumen nanti",mohon etikad xlsatu tagih lunas internet mati pemberitahuan sms email notif aplikasi bobrok parah anggap sepele hilang konsumen,0,7,0
playstore,xl,sumpah loh paket ane masih ada 200 gb lagi malah ilang tiba² gara ada MT,sumpah loh paket ane gb ilang gara mt,1,2,0
playstore,xl,"sinyal nya jelek bgtt, tolong di perbaiki",sinyal jelek bgtt tolong baik,1,1,0
playstore,xl,"well well well ada apa ini dengan XL, paketku masih ada 17Gb tiba tiba lenyap entah kemana padahal cuman dipake ngegame kikirr final boss sekarang yee",well well well xl paket gb lenyap mana cuman dipake ngegame kikirr final boss yee,1,1,0
playstore,xl,"SEKARANG XL DIMANA MANA SINYAL PELITT,,,, UDAH GAK PUNYA TOWER, HILANGIN AJA KARTU XL DARI INDO!!!! JANGAN ADA YANG PAKE ATAU MAU BELI DARI PADA MENYESALLL !!!!",xl mana sinyal pelitt tower hilangin kartu xl indo pake beli menyesalll,0,1,0
playstore,xl,sangat buruk sekarang xl,buruk xl,0,1,0
playstore,xl,jaringannya sangat bagus,jaring bagus,2,0,1
playstore,xl,gimana ceritanya saya tinggal di kota besar 3 hari 3 malam jaringan terganggu terus. menganggu waktu kerja. internet tidak bisa dipakai sama sekali. tolong lah diperbaiki lagi jaringannya sekaligus SDMnya juga. sangat kecewa dengan perkembangannya. bukannya malah cepet malah lambat. tolong dikembangkan lagi,gimana cerita tinggal kota malam jaring ganggu menganggu kerja internet pakai tolong baik jaring sdmnya kecewa kembang cepet lambat tolong kembang,7,5,1
playstore,xl,makin hari makin jelek sinyalnya,jelek sinyal,0,1,0
playstore,xl,ngga ada pembaruan tpi pas beli paket mau bayar harus pembaruan,ngga baru tpi pas beli paket bayar baru,2,1,1
playstore,xl,"Makin sangat mengecewakan untuk kesekian kalinya saya beli paket internet tidak sesuai dengan apa yang diinfokan di myXL tidak akan beli paket internet di XL, padahal saya pengguna lama bahkan termasuk katagori setia ke XL sejak pertama punya hp jadul zaman kartu JEMPOL pertama kali diluncurkan hadeh... pake XL cuma gara-gara ini nomer pertama yang dipunya",kecewa sekian kali beli paket internet sesuai info myxl beli paket internet xl guna katagori setia xl hp jadul zaman kartu jempol kali luncur hadeh pake xl gara gara nomer punya,6,7,0
playstore,xl,"xl ini sanggat bagus, tapi kesalahan nya setiap ada updet kita gak bisa beli tapi itu tidak jafi masalag bagi saya, terimakasi",xl sanggat bagus salah updet beli jafi masalag terimakasi,1,1,0
playstore,xl,kartu XL ini emang gak jelas Singal nya nyesel aku beli karu ini,kartu xl emang singal nyesel beli karu,0,2,0
playstore,xl,"kenapa makin hari jaringan XL makin lemot?, gw main geme aja udh pake data plus wifi, tapi tetep aja lemot kenapa ya, dan gw buka sosmed juga kadang ngeleg, apa ada gangguan?, masa ganguan setiap hari",jaring xl lot main geme pake data plus wifi lot buka sosmed kadang lambat ganggu ganguan,3,5,0
playstore,xl,"ini jaringan XL kenapa sih dari hampir 1 Minggu kalau gak jelas bangettttt. tiba-tiba sinyal jelek banget di rmh. drop gitu aja udah berkali kali ngehubungin maya buat perbaikan jaringan cuman bertahan beberapa jam doang abis itu jelek lagi sinyalnya. makin kesini makin muak pake XL. udah seenaknya naikin harga paket nya, pemakaian nya jadi berkurang, bonus bonus kuotanya pun berkurang. makin lama paket XL bukannya makin bagus tapi makin jelek. heran !!!!!!",jaring xl minggu bangettttt sinyal jelek rmh drop gitu kali kali ngehubungin maya baik jaring cuman tahan jam doang abis jelek sinyal kesini muak pake xl naikin harga paket pakai kurang bonus bonus kuota kurang paket xl bagus jelek heran,9,8,1
playstore,xl,aplikasi apa an ini keluar terus pas mau masuk error trus,aplikasi an pas masuk error trus,1,3,0
playstore,xl,pelayan sabgat jelek sekali dan lama hampir berhari hari tdk keluar solusinya,layan sabgat jelek hari tdk solusi,1,1,0
playstore,xl,"jaringan nggak berguna,lelet lemot",jaring nggak guna lelet lot,2,2,0
playstore,xl,wahhh jadi bagus kembali thanks yah⭐⭐⭐⭐⭐😁,wahhh bagus thanks yah,2,0,1
playstore,xl,"Plan kuota bersama saya kartunya mati total dan tidak bisa dipakai sama sekali sdh lbh 1 thn sdh lapor chat dijawab Maya, katanya masalah jaringan tp sampai sekarang masih mati total padahal bayaran plan tambahan jalan terus. Internet saat ini lemot sekali padahal sdh tambah extraboost reccuring..ngadu via chat WA responnya lama sekali dan tidak tuntas. Bagi yg belum terlanjur pasang, pikir2 lagi deh saat mau putuskan pakai XLHome",plan kuota kartu mati total pakai sdh lbh thn sdh lapor chat maya jaring mati total bayar plan tambah jalan internet lot sdh extraboost reccuring ngadu via chat wa responnya tuntas lanjur pasang pikir putus pakai xlhome,7,5,1
playstore,xl,daftar xtra Combo plus VIP. hanya quota reward yg masuk. kini sinyal internet yg menurun. entah apa maunya.,daftar xtra combo plus vip quota reward masuk sinyal internet turun mau,1,1,0
playstore,xl,udah ada paket kuota tapi gabisa di pake apa apa,paket kuota gabisa pake,1,1,0
playstore,xl,kasi bintang 5 aja dulu,kasi bintang,0,1,0
playstore,xl,"mau beli paket aja susah, harus update mulu padahal sudah versi terbaru",beli paket susah update mulu versi baru,1,1,0
playstore,xl,"jaringan jelek, suka hilang tiba2",jaring jelek suka hilang,1,2,0
playstore,xl,"udah 3hari lebih jaringan di Kelurahan Muara Enim, Sumsel lemot bgt, giliran chat CS dah kyak BOT refresh² jaringan doang.",jaring lurah muara enim sumsel lot gilir chat cs dah kyak bot refresh jaring doang,5,3,1
playstore,xl,jaringan lu jelek bosssss,jaring jelek bosssss,1,1,0
playstore,xl,"jaringan XL jelek bngeut parah,,Uda tutup aja jaringan jelek terus payah",jaring xl jelek bngeut parah uda tutup jaring jelek payah,2,5,0
playstore,xl,"makin ke sini makin mahal aja paketnya yang dulunya murah sekarang makin mahal, malahan makin parah di banding yang sebelah",mahal paket dulunya murah mahal parah banding belah,2,4,0
playstore,xl,"sinyal XL makin parah cewa banget padahal saya beli paket engga gratis ,mohon di perbaiki min",sinyal xl parah cewa beli paket engga gratis mohon baik min,3,1,1
playstore,xl,apny lelet. pilihan bli kuota nya dikit dan mahal banget. dn lagi uda 5 kali pasang vocer gak dapat bonus. mohon di perbaiki,apny lelet pilih bli kuota dikit mahal dn uda kali pasang vocer bonus mohon baik,3,5,0
playstore,xl,"Jaringan lelet sekali. Tidak ada perbaikan. hujan sedikit, jaringan hilang. Angin kencang sebentar, jaringan hilang. Katanya 5G tercepat di Indonesia. Tidak sesuai sama sekali .",jaring lelet baik hujan jaring hilang angin kencang sebentar jaring hilang cepat indonesia sesuai,6,4,1
playstore,xl,"xl kenapa makin kesini jaringannya makin jelek makin lelet ya, tolong perbaiki dong ,,",xl kesini jaring jelek lelet tolong baik,2,2,0
playstore,xl,sinyal keseringan lemot aneh,sinyal sering lot aneh,1,1,0
playstore,xl,ampas jaringan lambat ga guna,ampas jaring lambat,1,2,0
playstore,xl,"jaringan nya leg banget, tolong di perbaiki lagi myXL",jaring leg tolong baik myxl,2,0,1
playstore,xl,di perangkar oppo f1s sudah tidak bisa digunakan semenjak update lagi mengecewakan tidak bisa transaksi.. Mohon bantuanya bagi penguna android oppo f1s,perangkar oppo f s semenjak update kecewa transaksi mohon bantuanya penguna android oppo f s,1,1,0
playstore,xl,setelah update mlhan setiap beli paket data masa aktifnya sesuai jam aktif tidak seperti dulu sampai pukul 00:00 pdhl kdng dipakai sampai tengah malah ehh skrng malah seperti provider yg lain mengecewakan,update mlhan beli paket data aktif sesuai jam aktif pdhl kdng pakai ehh skrng provider kecewa,2,2,0
playstore,xl,payah ..aplikasi penghilang pulsa udah mah jaringan payah eh beli kuota saldo di kurangin kuota belum masuk ga masuk masuk hangus ..payah sekali .. apa harus ganti yg sebelah ..lama lama ganti kartuuuuuuuuu,payah aplikasi hilang pulsa mah jaring payah eh beli kuota saldo rangin kuota masuk masuk masuk hangus payah ganti belah ganti kartuuuuuuuuu,2,13,0
playstore,xl,woy ge udah ga punya hutang kenapa masih potong pulsa gw.... balikin... lu cek sendiri,woy ge hutang potong pulsa balikin cek,0,4,0
playstore,xl,kenapa susah sekali menghubungi operator? saya ingin melaporkan kerusakan jaringan internet kemana lagi? via whatsapp tidak ditanggapi.,susah hubung operator lapor rusa jaring internet mana via whatsapp tanggap,3,1,1
playstore,xl,cek kouta gak pernah tampil.coba berapa saat lagi terus,cek kuota tampil coba,0,2,0
playstore,xl,"lalot bener jaringannya, ini kapan diperbaikinya",lalot bener jaring baik,2,0,1
playstore,xl,"sinyal busuk gajelas, masa nonton live mpl aja ngelag mana main ml lag parah, ga recommended bnget ni sinyal, tau gitu dari dulu ganti kartu cuih",sinyal busuk gajelas nonton live mpl lambat main ml lag parah recommended bnget ni sinyal tau gitu ganti kartu cuih,1,4,0
playstore,xl,"sinyal kalau hujan atau listrik padam, wassalam (hilang). ini kayaknya cuma buat kaum penyabar. untuk paketnya, makin kesini Koutanya makin sedikit harganya makin mahal. ini kayaknya cuma buat kaum sultan. udah itu aja. 🙏",sinyal hujan listrik padam wassalam hilang kayak kaum sabar paket kesini koutanya harga mahal kayak kaum sultan,3,4,0
playstore,xl,"XL jaringan lemot,,,,ccccxzghfyjcfjf",xl jaring lot ccccxzghfyjcfjf,1,1,0
playstore,xl,"jaringan kenapa jadi jelek, ngelag abis",jaring jelek lambat abis,1,2,0
playstore,xl,bajingan ngeleg bawi,bajing lambat bawi,0,1,0
playstore,xl,"makin lama makin lemot sinyalnya,bagus diawal aja",lot sinyal bagus awal,1,1,0
playstore,xl,"nyesel bgt pake XL, Paket ku terbuang sia"" gtu aja, g ada sinyal samsek, kdng suka ngilang, apk nya pun pas di buka lelet banget, pokoknya nyesel bgt dh pake ni kartu",nyesel pake xl paket ku buang sia gtu sinyal samsek kdng suka ngilang apk pas buka lelet pokok nyesel dh pake ni kartu,2,6,0
playstore,xl,provider assuuu main game lag parahh udh kayak dihutan,provider assuuu main game lag parahh kayak hut,1,1,0
playstore,xl,"sinyal buruk banget. simbol signal aja segede gaban ""5G Tercepat di konoha"" tapi superr lemot utk sekedar buka komentar di Tiktok aja sejam lebih baru muncul.... tolong diperbaiki jangan bikin konsumen kecewa....",sinyal buruk simbol signal gede gaban cepat konoha superr lot utk dar buka komentar tiktok jam muncul tolong baik bikin konsumen kecewa,2,3,0
playstore,xl,suruh upgrade tapi di akunnya tidak ada untuk upgrade nya,suruh upgrade akun upgrade,0,1,0
playstore,xl,isipulsa sudah diapdet sudah giliran mau blipaket di myxl malah muncul kalimat aplikasi anda blum diapdet harus diapdet bagemana lagi ya tolong dong xl infonya,isipulsa diapdet gilir blipaket myxl muncul kalimat aplikasi blum diapdet diapdet bagemana tolong xl info,0,3,0
playstore,xl,Ngisi pulsa tapi belum masuk masuk,ngisi pulsa masuk masuk,0,3,0
playstore,xl,tiap buka aplikasi suruh autentikasi login..udah berhasil login giliran mau beli paket suruh update aplikasi..padahal baru update...gitu aja terus boss,buka aplikasi suruh autentikasi login hasil login gilir beli paket suruh update aplikasi update gitu boss,2,4,0
playstore,xl,kacewa yah isi pulsa 10 ribu buat pakai otp mbangkin jaringan data pakai jaringan wifi . pas cek pulsa sisa 2000 an lagi. kemana itu pulsa nya 🤣🤣🤣🤣🤣🤣,kacewa yah isi pulsa ribu pakai otp mbangkin jaring data pakai jaring wifi pas cek pulsa sisa an mana pulsa,3,6,0
playstore,xl,nyesel sekali sy belli kartu XL jaringannya jelek sekali mna tambah mahal naik trus .jaringannya TDK pernah diperbaiki buang buang uang sialan,nyesel belli kartu xl jaring jelek mna mahal trus jaring tdk baik buang buang uang sial,3,6,0
playstore,xl,"banyak fitur gak bisa digunakan, mau live chat pengaduan aja susahnya minta ampun",fitur live chat adu susah ampun,2,2,0
playstore,xl,awalnya bagus dan cepat koneksinya makin lama berlangganan kurang cepat dan signal sering hilang.,bagus cepat koneksi langgan cepat signal hilang,4,1,1
playstore,xl,bener2 Kecewa sekarang makin parah Tidak ada sama sekali promo diskon kartu xl,bener kecewa parah promo diskon kartu xl,2,2,0
playstore,xl,jelek bgt skg sinyal xl padahal ga prnh telat isi pulsa isi kuota tp mubazir jdnya ngeleg mulu,jelek skg sinyal xl prnh telat isi pulsa isi kuota mubazir jdnya lambat mulu,0,5,0
playstore,xl,"sinyal.ya jelek banget naik turun, menghambat usaha dan bisnis",sinyal jelek turun hambat usaha bisnis,1,2,0
playstore,xl,ngelag,lambat,0,1,0
playstore,xl,plis kenapa bebas puas udah ngak ada 😭 min kasian napa sama orang miskin kek aku jangan mahal mahal... ya.. 😭 balls : makasih ya min udah adain bebas puas lagi hehe lope sekebon min 😁🥰❤,plis bebas puas ngak min kasi napa orang miskin kek mahal mahal balls makasih min adain bebas puas hehe lope kebon min,3,7,0
playstore,xl,"xl ngelag banget sekarang, padahal kemarin kemarin lancar banget💔",xl lambat kemarin kemarin lancar,1,1,0
playstore,xl,"Dear XL Provider. Kebijakan kalian itu bikin saya, masyarakat yg ekonominya menengah ke bawah itu jadi skeptis tau gak. Awalnya puas dengan internet yg ramah dkantong, eh gara-gara langganan gini, status MyXl yg awalnya silver naik ke gold. Bukannya tambah memudahkan ternyata malah nyusahin, harga internet yg awalnya bisa terjangkau, malah bikin kita gak bisa beli. Bukannya kalau member udah naik level, fitur nya makin menyenangkan ya..kok malah tambah bikin kita pengen ganti ke provider lain si",dear xl provider bijak bikin masyarakat ekonomi tengah skeptis tau puas internet ramah dkantong eh gara gara langgan gin status myxl silver gold mudah nyusahin harga internet jangkau bikin beli member level fitur senang bikin ken ganti provider si,7,3,1
playstore,xl,byr tagihan 16 April 2026 jatuh tempo 22 April 2026 dibulan mei mau byr tagihan masa kena late charge fee 30rb...woiiii telat dimn nya main kena2in biaya tambahan mana buat laporan lama banget responnya ngabisin pulsa emg harus ditutup neh ganti provider lain,byr tagih april jatuh tempo april bulan mei byr tagih kena late charge fee rb woiiii telat dimn main kena in biaya tambah lapor responnya ngabisin pulsa emg tutup neh ganti provider,2,9,0
playstore,xl,"Aplikasinya bagus banget, sangat bermanfaat untuk pembelian paket internet ""trmksh"" 🙏",aplikasi bagus manfaat beli paket internet trmksh,3,1,1
playstore,xl,"kouta lama masih ada 6 gb terus di timpa dengan kouta baru 4 gb, kouta yang lama 6 gb hilang / hangus sangat lucu merugikan konsumen",kuota gb timpa kuota gb kuota gb hilang hangus lucu rugi konsumen,0,7,0
playstore,xl,gaada peningkatan semakin buruk,gaada tingkat buruk,1,2,0
playstore,xl,aplikasi ga jelas sumpah kesini malah tambah parah beli kuota aja ga bisa terus,aplikasi sumpah kesini parah beli kuota,0,3,0
playstore,xl,jaringan buruk lagi asik main malah leg parah,jaring buruk asik main leg parah,2,2,0
playstore,xl,XL mantap,xl mantap,1,0,1
playstore,xl,jaringan xl kok sekarang sering gangguan,jaring xl ganggu,1,1,0
playstore,xl,"Signal ilang terus di wilayah saya, Pabuaran Cibinong. Bogor. padahal status signal 5G. Kacauuuuu!!!!",signal ilang wilayah pabuaran cibinong bogor status signal kacauuuuu,0,1,0
playstore,xl,"udah ga tahan lagi sama XL makin hari makin jelek jaringan LEMOT sering ILANG juga jaringanya menu pembelian sedikit HARGANYA MAKIN MAHAL JUGA, muak udah sama XL ni kalo keluar gaada wifi mau main game udah ga ketolong jaringanya NGELAGGGG TEROOSSSSSS",tahan xl jelek jaring lot ilang jaringanya menu beli harga mahal muak xl ni gaada wifi main game tolong jaringanya ngelagggg teroossssss,3,6,0
playstore,xl,Sinyal XL jelek hari ini 11/05/2026,sinyal xl jelek,0,1,0
playstore,xl,makin kesini XL jaringannya ga memuaskan muter terus mana Kouta makin mahal ga sesuai dengan sinyalnya padahal di jkrta tolong dong di perbaiki lagi supaya pelanggan puas,kesini xl jaring muas muter kuota mahal sesuai sinyal jkrta tolong baik langgan puas,6,2,1
playstore,xl,ngeleg banget ni sinyal kenapa si? padahal di liat bagus tpi ngeleg banget,lambat ni sinyal si liat bagus tpi lambat,1,2,0
playstore,xl,"lemot, harga jga makin mahal, tukar point kuota tidak bisa digunakan",lot harga mahal tukar point kuota,1,3,0
playstore,xl,"mau beli kuota tapi di suruh di perbaharui pas mau di perbaharui malah gada tulisan nya,jadi gimna iini",beli kuota suruh baharu pas baharu gada tulis gimna iini,1,2,0
playstore,xl,"perbaikan alat wifi XL Home sudah 4 hari tidak ada penanganan, kami tinggal di Pondok Labu. Kami sangat kecewa dengan tim teknisi yang sangat lemot dan tidak mau tau kerugian user !!! Mohon penjelasan dan penanganan segera. 😭😭😭😭😭😭😭😭😭😭😭😭😭😭",baik alat wifi xl home tangan tinggal pondok labu kecewa tim teknisi lot tau rugi user mohon jelas tangan,3,5,0
playstore,xl,xl gk ada perubahan jaringan ngelage makin di prioritasin makin ngelunjak ngelage nya pegawainya gimana sih makan gajih buta kli tolong d perbaiki lagi,xl ubah jaring ngelage prioritasin ajar ngelage pegawai gimana makan gajih buta kli tolong d baik,3,2,1
playstore,indosat,"sudah 1 minggu koneksi internet sangat buruk untuk menonton video sering terputus, unduhan terkadang hanya 1 kb per detik",minggu koneksi internet buruk tonton video putus unduh terkadang kb detik,1,2,0
playstore,indosat,sinyal bapuk kalau main game suka lag,sinyal jelek main game suka lag,1,1,0
playstore,indosat,"paket makin mahal,jaringan makin burik",paket mahal jaring burik,2,1,1
playstore,indosat,kuota darurat lu nyusahin anj kebanyakan potongannya gw cuman minjem 6gb karna darurat kepotong buat bayarnya 9gb anj bsgt bgt emang,kuota darurat nyusahin anj banyak potong cuman minjem gb darurat potong bayar gb anj bsgt emang,0,3,0
playstore,indosat,"perbaikin signal kalian, setiap hujan dan mati lampu signalnya gak bagus,",perbaikin signal hujan mati lampu signalnya bagus,2,1,1
playstore,indosat,sinyal ampas bener,sinyal ampas bener,0,1,0
playstore,indosat,kenapa chrome gue tiba tiba jalan sendiri ke situs promo im3 ga sopan banget,chrome jalan situs promo im sopan,1,0,1
playstore,indosat,"Ngga seperti dulu,, sekarang lelet lemotttttt... banyak iklan.",ngga lelet lemotttttt iklan,0,2,0
playstore,indosat,"Katanya IM3 Platinum jaringan prioritas, sudah ditengah kota, slalu aja jaringannya mati2 hidup, bahkan gl loading saat bukak video di yt. memang gk bisa dipercaya privider nya, bayar mahal2 bulanan cuna utk 50gb, hasilnya sangat jelek..",im platinum jaring prioritas tengah kota slalu jaring mati hidup gl loading bukak video yt percaya privider bayar mahal bulan cuna utk gb hasil jelek,5,5,0
playstore,indosat,"saya paling tidak suka notif smsnyg tiba² muncul di tengah layar dengan promosi paket, terlalu menghalangi aktifitas game DLL",suka notif smsnyg muncul layar promosi paket halang aktifitas game dll,2,1,1
playstore,indosat,"jol jol boga hutang padahal te minjem, gelo sugan dasar miskin daeta korupsi wae setan",jol jol boga hutang te minjem gelo sugan dasar miskin daeta korupsi wae setan,0,5,0
playstore,indosat,"dah kuota mahal, nge lag lagi, combo mematikan💀",dah kuota mahal nge lag combo mati,0,4,0
playstore,indosat,"jaringan sangat jelek sangat mengecewakan tidak rekomen,👎👎 aneh jg kl nilainya bsa 4 lebih mencurigakan🤔🤔",jaring jelek kecewa rekomen aneh kl nilai bsa curiga,2,2,0
playstore,indosat,jaringan parah di melak kabupaten Kutai Barat Kalimantan Timur selalu ada 5 jam dalam sehari sinyal dibikin blank gimana mau banyak pengguna kalo gitu cara nya beli paket mahal2 berasa dicurangi,jaring parah lak kabupaten kuta barat kalimantan timur jam hari sinyal bikin blank gimana guna gitu beli paket mahal asa curang,3,3,0
playstore,indosat,sinyal sering gangguan dan tidak stabil,sinyal ganggu stabil,1,1,0
playstore,indosat,aplikasi tololl kartu lemott ga dimana ga dimana mending ganti kartu sekaliann ke kartu lain kartu ga becuss,aplikasi tololl kartu lemott mana mana mending ganti kartu sekaliann kartu kartu becuss,1,1,0
playstore,indosat,Indosat sekarang beli paket susah mana mahal2 Udah jaringan lemottt nyusahin.. mana paket nya mahal jaring jelek.. mau pake apa2 susah..,indosat beli paket susah mahal jaring lemottt nyusahin paket mahal jaring jelek pake susah,4,5,0
playstore,indosat,"jangan pake indosat, kuota baru beli 80rb ga bisa buat main game, sinyal 323ms MENDING BELI AXIS udah murah jaringan lancar",pake indosat kuota beli rb main game sinyal ms mending beli axis murah jaring lancar,5,1,1
playstore,indosat,"Aduh, tolong dibenerin dong, suka tiba-tiba ada penawaran yg muncul dilayar, terlalu sering/sering bgt, smpe cape klik batalkannya dan menganggu bgt Gembel bgt lg tiba-tiba ke website nya. Bikin jd pgn ganti ke perdana/layanan lain",aduh tolong dibenerin suka tawar muncul layar smpe cape klik batal menganggu gembel lg website bikin pgn ganti perdana layan,0,4,0
playstore,indosat,indosat oh indosat dah bangkrutkah koq susah banget dri sinyal sampe aplikas nya,indosat oh indosat dah bangkrut koq susah dri sinyal sampe aplikas,0,3,0
playstore,indosat,posisi di kota sinyal full kuota banyak hp ram 8 jaringan 4G Tapi lelet....m3 lemah,posisi kota sinyal full kuota hp ram jaring lelet m lemah,1,3,0
playstore,indosat,"sinyal jelek beli paketan mahal"" 100k 28hari 66gb speed 3mbps lebih buruk ,mending pake wifi 110k sebulan unlimite 10mbps udah unlimite nambah 2 hari dapet speed 10mbps",sinyal jelek beli paket mahal k gb speed mbps buruk mending pake wifi k bulan unlimite mbps unlimite nambah dapet speed mbps,3,4,0
playstore,indosat,"Bisa ga sih gausah ada iklan iklan pop-up lu itu yg bikin orang muak tau ga!!, dikit dikit buka ke web lah BIKIN GANGGU!! SETIAP HARI SELALU AJA ADA IKLAN GAJE MAKSA BANGET BUKA WEB LU YG GA GUNA.",gausah iklan iklan pop up bikin orang muak tau dikit dikit buka web bikin ganggu iklan gaje maksa buka web,1,8,0
playstore,indosat,kenapa seharian ini gada sinyallll??? susah mau ngumpul tugas kuliah,hari gada sinyallll susah ngumpul tugas kuliah,0,2,0
playstore,indosat,"Isi quota pake vocer siring Eror tidak masuk, Invalid Vocer terbuang sia sia. Indosat bukanya perbaikan malah semakin parah. Isi quotanya sering gagal duit hangus...",isi quota pake vocer siring eror masuk invalid vocer buang sia sia indosat buka baik parah isi quotanya gagal duit hangus,1,9,0
playstore,indosat,jaringan nya jelek im3,jaring jelek im,1,1,0
playstore,indosat,jangan pakai kartu im3 lagi dahh sudah 2 kali isi data ga masuk2 lewat apk ini.. buang aja nih kartu ga guna,pakai kartu im dahh kali isi data masuk apk buang kartu,0,4,0
playstore,indosat,parah banget sinyal nya padahaludah langganan yg platinum,parah sinyal padahaludah langgan platinum,1,1,0
playstore,indosat,"saya unreg biar gak hangus paket baru ,eh malah balasya lama, alhasil saya masukkan paket baru, ehh dibalas otomatis hangus lahh",unreg biar hangus paket eh balasya alhasil masuk paket ehh balas otomatis hangus lahh,3,3,0
playstore,indosat,"JELEK NO DEBAT. SERING BANGET TIBA-TIBA DIBUAT MASUK KE WEBNYA, POP UP NOTIF DIPENCET BATAL PUN TETEP MASUK KE WEB. SEKARANG PUN KUOTA CUMA BUAT 28 HARI.",jelek no debat masuk webnya pop up notif pencet batal masuk web kuota,2,6,0
playstore,indosat,harga tinggi kualitas jaringan rendah,harga kualitas jaring rendah,3,1,1
playstore,indosat,"BURUK! Lagi Push, Malah hilang. bintang 1",buruk push hilang bintang,0,2,0
playstore,indosat,Cepat dlm proses,cepat dlm proses,2,0,1
playstore,indosat,"sinyal jelek, harga mahal, banyakin tower sinyal lagi dong, gausah dibeli,malah bikin lose streak ml karna lag, udah di himbauin ke keluarga,temen, ga usah beli im3 sinyal nya jelek,biar bangkrut sekalian",sinyal jelek harga mahal banyakin tower sinyal gausah beli bikin lose streak ml lag himbauin keluarga temen beli im sinyal jelek biar bangkrut,1,5,0
playstore,indosat,indosat kurang kurangin iklan lu ganggu bgt sumpah promo promo ajg,indosat rangin iklan ganggu sumpah promo promo ajg,2,1,1
playstore,indosat,tololll sinyal indosattt jelek babi ah,tololll sinyal indosattt jelek babi ah,0,2,0
playstore,indosat,"jaringan makin kesini makin lemot, padahal dulu bagus bagus aja tapi sekarang malah jadi jelek, us ahakan jaringan di perbaiki dulu min jangan ke yang lain lainnya🙏",jaring kesini lot bagus bagus jelek us ahakan jaring baik min,5,2,1
playstore,indosat,benerin notip lu tuh caper,baik notip tuh caper,1,0,1
playstore,indosat,"kartu aneh , selalu aja ada notif OTA error udah di tekan batal malah masuk otomatis ke internet, ganggu banget, jadi males pake ini kartu",kartu aneh notif ota error tekan batal masuk otomatis internet ganggu males pake kartu,1,5,0
playstore,indosat,sumpah jelek apa Kelen. asal mati lampu kaya susah sinyal kelen,sumpah jelek kelen mati lampu kaya susah sinyal kelen,1,3,0
playstore,indosat,"pdahal kartu andalan di tmpat gua, tapi tmbah hari tmbah lemot aja im3, ga tau apa mslahnya, kayaknya harus ganti ke provider yg lain dlu",pdahal kartu andal tmpat gua tmbah tmbah lot im tau mslahnya kayak ganti provider dlu,0,4,0
playstore,indosat,tidak recomed !!! kuota mahal dan sering trouble,recomed kuota mahal trouble,0,2,0
playstore,indosat,jaringan tempek masa main game ukuran kecil masih ngeleg goblox jaringan tolol,jaring tempek main game ukur lambat goblox jaring tolol,4,2,1
playstore,indosat,cukup detail,detail,1,0,1
playstore,indosat,Notifnya ngeganggu saat main game,notifnya ngeganggu main game,1,0,1
playstore,indosat,"gajelas ajg dipake maen game sampah bgt jaringannya, ga 5g/4g tetep aja ngelek, udh mah mahal, bikin ga nyaman!otw gnti kartu jgn pake indosat guys butut",gajelas ajg dipake maen game sampah jaring ngelek mah mahal bikin nyaman otw gnti kartu jgn pake indosat guys butut,5,3,1
playstore,indosat,m3 memang taikkkk makin harj makin kamprettt...mau isi paket aj lemot,m taikkkk harj kamprettt isi paket aj lot,1,1,0
playstore,indosat,"Parah, baru aja beli nomor baru ternyata nomor bekas, daur ulang yang bahkan udah nggak bisa di apa apain lagi, mau download wa juga ga bisa gara-gara pemilik sebelumnya menggunakan wa tidak resmi alhasil zonk, nomor nya di banned sama WhatsApp, terus gimana ini woy, daftar shopee malah masuk ke akun orang, bahaya banget ini provider",parah beli nomor nomor bekas daur ulang nggak apain download wa gara gara milik wa resmi alhasil zonk nomor banned whatsapp gimana woy daftar shopee masuk akun orang bahaya provider,2,5,0
playstore,indosat,"harga mahal tapi ga sesuai sama harga,tinggal di kota masih aja ngelag,paket sebulan 30h jdi 28h apa ini keadilan? dimana hak kami sebagai konsumen",harga mahal sesuai harga tinggal kota lambat paket bulan h jdi h adil mana hak konsumen,4,4,0
playstore,indosat,Indosat Indosat sinyal jelek harga kuota mahal..minnimal ada harga ada kualitas..ini mah boro2..udah sinyal jelek kuota mahal.. 👎👎👎,indosat indosat sinyal jelek harga kuota mahal minnimal harga kualitas mah boro sinyal jelek kuota mahal,3,7,0
playstore,indosat,Saya terganggu dengan roaming otomatisnya saya tidak bepergian kemana mana?,ganggu roaming otomatis pergi mana,1,1,0
playstore,indosat,"perbaik atau secepat apdete ini aplikasi myIM3. ,, kerna di saat ke habisan kuota utama,,, terus mau tukarkan pulsa untuk beli kuota utama,,,pulsa kita sudah terputung kerna kita online beli ya ,,, jadi boat lah petur konci saldo pulsa,,, agar pulsa kita aman ,, dan tidak terputung di saat kita buka aplikasi myIM3 untuk beli kuota utama,,, paham ,,, tiap kali isi pulsa dan beli kuota utama,,, tidak ada bonos apa pun yg di dapat ,, bonos mawrewed ya ,,,",baik cepat apdete aplikasi myim kerna habis kuota utama tukar pulsa beli kuota utama pulsa terputung kerna online beli boat tur konci saldo pulsa pulsa aman terputung buka aplikasi myim beli kuota utama paham kali isi pulsa beli kuota utama bonos bonos mawrewed,3,11,0
playstore,indosat,gimana ini setiap mau maketin data selalu susah,gimana maketin data susah,0,2,0
playstore,indosat,"bagus sekali bagus mainnya sangat bagus, sinyal nya bagus banget kaya kotoran kambing👍",bagus bagus main bagus sinyal bagus kaya kotor kambing,4,2,1
playstore,indosat,"bener"" makin parah banget sinyalnya ga stabil mau di reset atau gmn pun tetap tidak pengaruh memang dasarnya jelek ya jelek aja lah sinyalnya.sangat kecewa banget pakai Indosat skrg",bener parah sinyal stabil reset gmn pengaruh dasar jelek jelek sinyal kecewa pakai indosat skrg,1,4,0
playstore,indosat,"koneksi IM3 makin lama makin jelek. saat pembayaran online di merchant atau toko suka hilang koneksi, pernah kejadian mau bayar barang pakai m-banking sinyalnya malah hilang dong bukan lag lagi emang ilang , malu maluin sampai cashir nya nyuruh pakai Wifi Toko. kocak",koneksi im jelek bayar online merchant toko suka hilang koneksi jadi bayar barang pakai m banking sinyal hilang lag emang ilang malu maluin cashir nyuruh pakai wifi toko kocak,0,6,0
playstore,indosat,sinyal jelek banyak masalah busuk,sinyal jelek busuk,0,2,0
playstore,indosat,"MENGECEWAKAN SINYAL ILANG"" TERUS!!",kecewa sinyal ilang,0,2,0
playstore,indosat,"pernah protes kalau ada sisa kuota jangan di hanguskan ,dan wajib beli lagi . padahal kita sudah bayar ,itu kuota mau di pakai atau enggak seharusnya ya jangan di hanguskan lah . harganya juga gak ngotak bgt , lama lama mahal poll sinyal juga gak bagus"" amat . kalau gak karna nomor udah lama ,males pakai im3",protes sisa kuota hangus wajib beli bayar kuota pakai hangus harga ngotak mahal poll sinyal bagus nomor males pakai im,2,9,0
playstore,indosat,"jaringan suka lemot, kadang sampai hilang. jujur ini cukup mengganggu",jaring suka lot kadang hilang jujur ganggu,2,3,0
playstore,indosat,jaringan nya busuk ngeleg bgt tolong di perbaiki lagi jaringan nya agar stabil,jaring busuk lambat tolong baik jaring stabil,4,2,1
playstore,indosat,"Pulsa kamu tidak mencukupi untuk layanan ini. Yuk top up sekarang. Cek promo terbaru di *888*30# spam sms kaya gini sngat meng ganggu anying ,benerin jaringan nya anying",pulsa cukup layan yuk top up cek promo baru spam sms kaya gin sngat meng ganggu anying baik jaring anying,5,5,0
playstore,indosat,"penawaran tidak berguna, harga mahal, hanya menggangu",tawar guna harga mahal menggangu,2,2,0
playstore,indosat,apalah lahh apk ini pulsa gw daptarin otomatis gw mw bli yg 30k mlah nge dapatarin sendri yg 20k blikin pulsa gw kocakk . MINIMAL JNGAN GITU DONG NGAMBIL UNTUNG NMANYA DEVOLOVER KEBELIT HAJI??,apa lahh apk pulsa daptarin otomatis bli k mlah nge dapatarin sendri k blikin pulsa kocakk minimal jngan gitu ngambil untung nmanya devolover belit haji,1,5,0
playstore,indosat,dah lumayan ini,dah lumayan,1,1,0
playstore,indosat,"sumpah makin hari makin ancur aja ni jaringan nya, padahal isi paket data yang mahal Mulu🔥🔥",sumpah ancur ni jaring isi paket data mahal mulu,2,2,0
playstore,indosat,"dikit² hangus dikit² hangus,dikira beli pulsa gapake uang kah?mending jgn pake kartu Indosat deh ,ampun bgt sma aplikasinya",dikit hangus dikit hangus beli pulsa gapake uang kah mending jgn pake kartu indosat ampun sma aplikasi,1,6,0
playstore,indosat,"Jaman sekarang siapa yng masih pake tlp selular, sekarang tuh telfonpun pakainya whatsapp. kenapa beli kuota internet, malah kuota telpon pun banyak 5.000 menit. tiap beli kuota internet, itu kuota telepon selalu gak dipakai. akhirnya hangus. banyakin ke kuota internetnya saja. Mubazir",jaman yng pake tlp selular tuh telfonpun pakai whatsapp beli kuota internet kuota telpon menit beli kuota internet kuota telepon pakai hangus banyakin kuota internetnya mubazir,0,7,0
playstore,indosat,"ga jelas tiba tiba pulsa terpotong , tapi gada paket yang bertambah ,sebelumnya saya masih punya paket data baru mau beli paket data yang lainnya tapi pulsa terpotong gitu aja",pulsa potong gada paket tambah paket data beli paket data pulsa potong gitu,4,6,0
playstore,indosat,kok sekarang jaringan Indosat suka eror ya gatau knp apa karena wilayah ku,jaring indosat suka eror gatau knp wilayah ku,1,2,0
playstore,indosat,bagus dan simple,bagus simple,2,0,1
playstore,indosat,bilangin ke yang punya IM3 bnrin dulu jaringannya gua saranin yg baru beli hp jngan beli kartu IM3 jaringan nya konyol tolong jaringan saya kembalikan sperti dulu skrg leg leg Mulu tolong lah M3,bilangin im bnrin jaring gua saranin beli hp jngan beli kartu im jaring konyol tolong jaring kembali sperti skrg leg leg mulu tolong m,3,2,1
playstore,indosat,"myim3 kenapa skrg jd muahal bgt 😮‍💨 udh gitu sinyal skrg sering gangguan,ilang2an lagi huhuhu",myim skrg muahal gitu sinyal skrg ganggu ilang an huhuhu,0,3,0
playstore,indosat,"sinyal tolol, harga paket mahall, mending ga usah adain ini kartu, anehhhhh paket mahal sinyal sulit, jngan cuma cari keuntungan peribadi bodoh.mentingin kekayaan sendiri anjinggggg",sinyal tolol harga paket mahall mending adain kartu anehhhhh paket mahal sinyal sulit jngan cari untung peribadi bodoh mentingin kaya anjinggggg,4,5,0
playstore,indosat,Sedikit usul buat Indosat? Saya udah dari Dulu pake Indosat dari 2019 sampe sekarang? Tapi kenapa akhir akhir ini ko suka legg dari jam 4 pagi pun masih leg! Harus nya lancar lancar sejahtera dong ko ini gak Indosat kontolllll leg anjingggggg babi,usul indosat pake indosat sampe ko suka legg jam pagi leg lancar lancar sejahtera ko indosat kontolllll leg anjingggggg babi,2,1,1
playstore,indosat,nyesel pakek M3 gangguan gak karuan.,nyesel pakek m ganggu karuan,0,2,0
playstore,indosat,gangguan terus kocak,ganggu kocak,0,2,0
playstore,indosat,"maaf yah, sekarang ini saya kecewa sekali dengan kondisi jaringan d daerah atau d kampung karena sy setengah mati sekali terkait jaringan, padahal beberapa tahun belakangan ini jaringan Indosat ini bagus sekali d pakai kenapa giliran tahun ini minta ampun sekali jaringannya",maaf yah kecewa kondisi jaring d daerah d kampung mati kait jaring jaring indosat bagus d pakai gilir ampun jaring,6,2,1
playstore,indosat,mati lampu jaringan hilang,mati lampu jaring hilang,2,2,0
playstore,indosat,Jaringannya Ngelek kmpret udah ngisi data bnyak malah jaringanbya letoy,jaring ngelek kmpret ngisi data bnyak jaringanbya letoy,1,1,0
playstore,indosat,"sinyal kaga bagus samsek,di pake disni nge lag boros bgt lagi,udh lah mahal² sering ada notif nge ganggu lagi,jgn ky gt lg ngpa perbaiki fitur² nya,sinyal jelek bnyakan notif,ngelag mulu lagi",sinyal kaga bagus samsek pake disni nge lag boros mahal notif nge ganggu jgn ky gt lg ngpa baik fitur sinyal jelek bnyakan notif lambat mulu,2,5,0
playstore,indosat,"jaringan sangat lemot padahal di kota besar parah emang,,,perbaiki koneksi jaringan spya bagus bukan promo2 gajelas",jaring lot kota parah emang baik koneksi jaring spya bagus promo gajelas,5,3,1
playstore,indosat,"sangat bagus, dan kalau main game pas perang selalu merah, bagusss",bagus main game pas perang merah bagusss,3,1,1
playstore,indosat,paket data masih banyak dan masa aktif lama tapi buat internetan dan maen game sinyal buruk udah di mode pesawat tetap saja,paket data aktif internetan maen game sinyal buruk mode pesawat,3,3,0
playstore,indosat,"SINYALNYA SUSAH BANGET, PADAHAL DI KOTA BUKAN LAGI DI HUTAN. MOHON SEGERA DI PERBAIKI KUALITASNYA. TERPAKSA PINDAH KE SEBELAH KALO GINI TERUS.",sinyal susah kota hutan mohon baik kualitas paksa pindah belah gin,3,4,0
playstore,indosat,"makin hari makin parah jaringan lu min, padahal di kota besar, tolong di perbaiki lah",parah jaring min kota tolong baik,2,2,0
playstore,indosat,kalo bikin sinyal yang bener goblokkkk harga mahal tapi kualitas sampah,bikin sinyal bener goblokkkk harga mahal kualitas sampah,2,2,0
playstore,indosat,lgi main game tiba² leg agak eror mmng ini Indosat,lgi main game leg eror mmng indosat,1,1,0
playstore,indosat,ok ok,ok ok,2,0,1
playstore,indosat,jaringan jelek lemot,jaring jelek lot,1,2,0
playstore,indosat,sinyal nya ngelag kalo pas mati lampu padahal gw lagi turnamen mobile legend dasar Indosat kek konci 🤬,sinyal lambat pas mati lampu turnamen mobile legend dasar indosat kek konci,2,2,0
playstore,indosat,"ngga usah kebanyakan basa-basi masalah di sini cuman sinyal yg ga jelas, ketika suruh komplain di suruh ini lah itu lah kebanyakan ca ci cu, kami cuman minta sinyal nya diperbaiki untuk kenyamanan konsumen itu saja",ngga banyak basa basi cuman sinyal suruh komplain suruh banyak ca ci cu cuman sinyal baik nyaman konsumen,2,5,0
playstore,indosat,sy berlangganan im3 platinum..sangat ribet..tidak bs bayar tagihan melalui pulsaaa..amu bayar tahihan berulang2 gangguan teknis...sangat tdk memuaskan,langgan im platinum ribet bs bayar tagih pulsaaa amu bayar tahihan ulang ganggu teknis tdk muas,2,3,0
playstore,indosat,"tolong di benerin jaringan nya dong ,ngelag""mulu,kntl",tolong baik jaring lambat mulu kntl,2,1,1
playstore,indosat,jaringan nya bikin ngeleg,jaring bikin lambat,1,1,0
playstore,indosat,Kenapa pulsa saya bisa berkurang ?? padahal tidak ikut berlangganan apapun,pulsa kurang langgan apa,1,3,0
playstore,indosat,bug keluar masuk web jump boat mana sinyalnya lag banget lagi,bug masuk web jump boat sinyal lag,0,1,0
playstore,indosat,apa lh m3 ni..paket data ada..sisa pulsa Malah ditelan juga..percuma berarti beli data..,lh m ni paket data sisa pulsa tel beli data,1,4,0
playstore,indosat,"payah, jaktim pondok bambu, ga pernah lancar udh bertaun2",payah jaktim pondok bambu lancar taun,1,3,0
playstore,indosat,"gak ngerti maunya ini provider, app myIM3, tau-tau, harus login, dah masukin otp tetep gak bisa, install ulang jg gak bisa, cuma buang kuota, yah dipake Krn ada sosmed terkait, cuku perpanjang masa aktif aja, klo yg lain, pikir dulu",ngerti mau provider app myim tau tau login dah masukin otp install ulang buang kuota yah dipake sosmed kait cuku panjang aktif pikir,2,5,0
playstore,indosat,kualitas makin buruk mengecewakan,kualitas buruk kecewa,1,2,0
playstore,indosat,kuota mahal sinyal busuk bubarin aja perusahaan lu cil,kuota mahal sinyal busuk bubarin usaha cil,0,3,0
playstore,indosat,"Ga jelas sekali,,pulsa baru beli langsung ke sedot banyak jd ga bis dipakerin,,,katanya ada pulsa safe,,tapi masih kesedot,,parah skrng",pulsa beli langsung sedot bis dipakerin pulsa safe sedot parah skrng,1,5,0
playstore,indosat,tolol anying sampah babi,tolol anying sampah babi,0,3,0
playstore,indosat,jelek banget buat main game sinyal nya hilang hilang Mulu.,jelek main game sinyal hilang hilang mulu,1,3,0
playstore,indosat,gimana sih padahal udah ga ada paket yg terhubung masi aja ga bisa ngisi data lagi udah di coba berkali-kali sama aja.,gimana paket hubung mas ngisi data coba kali kali,1,1,0
playstore,indosat,"data habis sedot pulsa tibatiba,cari di aplikasi amankan pulsa gak ketemu ketemu menu nya..aplikasi ampas..terus pengaduan via wa.nunggu lama kirim otp..gak masuk2 otp nya..ampas",data habis sedot pulsa tibatiba cari aplikasi aman pulsa ketemu ketemu menu aplikasi ampas adu via wa nunggu kirim otp masuk otp ampas,4,11,0
playstore,indosat,kualitas jaringan sangat jelek 😡,kualitas jaring jelek,2,1,1
playstore,indosat,woi diamon gua mana lelet bagat prosesnya,woi diamon gua lelet bagat proses,1,2,0
playstore,indosat,SI PALING LEMOT,si lot,0,1,0
playstore,indosat,"indosat parah bngt jaringan nya bener bener super jelek, nyesel bngt pake indosat,, apalagi daerah kab bekasi idih buat buka apk juga ga kuat ,,, bener"" jelek bngt aringan nya ,, buat yang lain pikir"" dulu deh",indosat parah jaring bener bener super jelek nyesel pake indosat daerah kab bekas idih buka apk kuat bener jelek aring pikir,2,5,0
playstore,indosat,bonus paket tidak sesuai ! paket makin mahal,bonus paket sesuai paket mahal,4,1,1
playstore,indosat,"apk kontoll, apaan beli kuota di proses trs smpe sekarang ge blm kluar, idihh najissss, pokoknya jangan download ni apk, di jamin nyesel seumur hidup, haram ni apk, anjingggg?!?!!!! ngelag bngt lgi jaringan hati² tololl",apk kontoll beli kuota proses smpe ge blm kluar idihh najissss pokok download ni apk jamin nyesel umur hidup haram ni apk anjingggg lambat lgi jaring hati tololl,2,4,0
playstore,indosat,"1.benar kata orang,sinyal sering hilang hilang sendiri(ini biasanya terjadi kalau kalian memang pelanggan im3 kalau baru beli biasa gk ada.jadi kalau mau pake im3 sekali aja) 2.untuk paket data asal kita beli,baru muncul paket data yang lebih murah dan bagus dan ini selalu terjadi bukan sekali dua kali ataupun kebetulan. 3.sinyalnya gk mencakup seluruh daerah Indonesia banyak tempat dimana paket lain berjaya namun im3 gk ad sinyal.pikir lagi kalau mau beli paket IM3 dan kasih bintang 1 makin lag",orang sinyal hilang hilang langgan im beli pake im paket data beli muncul paket data murah bagus kali sinyal cakup daerah indonesia mana paket jaya im ad sinyal pikir beli paket im kasih bintang lag,8,4,1
playstore,indosat,"pada 14/05/26 saya membeli pulsa senilai Rp15.000, pulsa nya belum saya gunakan karna belum perlu. lalu pada hari ini 15/05/26 setelah saya cek lagi pulaa saya kok malah berkurang menjadi Rp9.288. apakah ada hal yang harus saya lakukan agar kejadian seperti ini tidak terulang lagi? padahal pulsa nya mau saya gunakan pada hari senin untuk saya gunakan di sekolah. saya membeli pulsa nya untuk memperpanjang nomor nya karena saya lihat sudah mendekati masa expire. *edit 22/05/26 skrng udh Rp538 😂",beli pulsa nila rp pulsa cek pulaa kurang rp laku jadi ulang pulsa senin sekolah beli pulsa panjang nomor lihat dekat expire edit skrng rp,4,6,0
playstore,indosat,Bro pulsaku kok terus kau ambil nominalnya gimana bro. Dasar kamu memang 😡😡😡,bro pulsa kau ambil nominal gimana bro dasar,0,2,0
playstore,indosat,"kuota doang mahal, sinyal gaada kualitas.",kuota doang mahal sinyal gaada kualitas,1,3,0
playstore,indosat,sinyal lu tuh kon bab jelek bener kacuan semua kamu rang ini bisa nya,sinyal tuh kon bab jelek bener kacu rang,0,3,0
playstore,indosat,"kenapa lag banget dah ni jaringan? pagi lancar, siang sampe malem lag banget padahal titiknya full",lag dah ni jaring pagi lancar siang sampe malem lag titik full,2,3,0
playstore,indosat,Paket masih banyak tapi internet selalu down jika kurang 28 hari. sekitar kurang 5 hari selalu berasa lemot,paket internet down asa lot,1,2,0
playstore,indosat,"tolongg ini pas main game masuk"" sendiri ke im3",tolongg pas main game masuk im,2,1,1
playstore,indosat,"cara nonaktifin notif yg langsung masuk ke chrome sama langsung ada di layar gimana dah ganggu bgt, bikin notif yg masuk aja gausah maksa, org jga keganggu sama notif yg langsung masuk chrome sama notif yg dibawah layar itu ngotak dkit lah",nonaktifin notif langsung masuk chrome langsung layar gimana dah ganggu bikin notif masuk gausah maksa org ganggu notif langsung masuk chrome notif bawah layar ngotak dkit,3,8,0
playstore,indosat,ke banyak gagal beli paket nya,gagal beli paket,1,1,0
playstore,indosat,im3 semakin hari semakin menipu masyarakat hanya untuk menggerus pulsa dan kuota.,im tipu masyarakat gerus pulsa kuota,0,2,0
playstore,indosat,"harga mahal sinyal jelek, kualitas tidak sesuai dengan harga",harga mahal sinyal jelek kualitas sesuai harga,4,2,1
playstore,indosat,"makin kesini kok makin aneh ya IM3, harga makin mahal tapi kualitas malah makin turun. semoga segera diperbaiki aja",kesini aneh im harga mahal kualitas turun moga baik,4,1,1
playstore,indosat,hp GK game jangan gajs,hp game gajs,1,0,1
playstore,indosat,"makin k sini parah makin jelek sinyal indosat padahal cuaca lg cerah, tp tetep aja sinyal'y jelek. udah sekarang paketan tambah mahal mahal. paketan mahal, sinyal buruk bgt. padahal tinggal di kota sinyal jelek bgt udah kaya tinggal d pulau pulau terpencil jauh dari jangkauan sinyal. hadeeuuuhh....payah payah.",k parah jelek sinyal indosat cuaca lg cerah sinyal y jelek paket mahal mahal paket mahal sinyal buruk tinggal kota sinyal jelek kaya tinggal d pulau pulau pencil jangkau sinyal hadeeuuuhh payah payah,2,11,0
playstore,indosat,bangke jaringan makin ke sini makin parah aja,bangke jaring parah,1,1,0
playstore,indosat,sekarang jaringan m3. Indosat makin lemot aja padahal saya hp ram6. giliran isi paketan lemot,jaring m indosat lot hp ram gilir isi paket lot,2,2,0
playstore,indosat,im3 itu dulu bagus loh internetnya tp kenapa sekarang sinyalnya suka ilang²an. jelek bgt sekarang.,im bagus loh internetnya sinyal suka ilang an jelek,1,2,0
playstore,indosat,"pulsa gk bisa buat beli data,gagal terus",pulsa beli data gagal,0,3,0
playstore,indosat,yg bener lah saya beli Kouta pake duit bukan pake daun sinyal leg Mulu ganggu tau,bener beli kuota pake duit pake daun sinyal leg mulu ganggu tau,0,3,0
playstore,indosat,"aplikasi tidak bisa diakses karena sinyal indosat yang sangat buruk sekali, 6 hari berturut-turut dari tanggal 16 Mei sampai 22 mei, laporan udah dikonfirmasi tapi perbaikan sinyal tidak ada sama sekali.",aplikasi akses sinyal indosat buruk tanggal mei mei lapor konfirmasi baik sinyal,4,3,1
playstore,indosat,untuk jaringan myim3 tolong di stabilkan lagi semakin mahal harga paket nya semakin ngelag jaringan nya,jaring myim tolong stabil mahal harga paket lambat jaring,5,2,1
playstore,indosat,"Kemarin bisa dibuka, terus sekarang ga bisa. myIM3 makin kesini makin aneh, ini saya gabisa lihat pulsa & kuota saya, gimana solusinya, kocak sinyal benerin hama",kemarin buka myim kesini aneh gabisa lihat pulsa kuota gimana solusi kocak sinyal baik hama,3,4,0
playstore,indosat,Knpa sekarang kuota m3 waktunya cuma 28hari knpa gk 60 hari gitu atau 30 hari harganya juga lebih mahal. mana sinyal sama jarjngan nya jelek,knpa kuota m knpa gitu harga mahal sinyal jarjngan jelek,1,3,0
playstore,indosat,ngisi pulsa malah kesedot 10k. padahal kuota masih ada.. bikin lah fitur pulsa safe,ngisi pulsa sedot k kuota bikin fitur pulsa safe,0,4,0
playstore,indosat,"jaringan taik, gua mau beli paket atau pulsa susah bgtttt ajg",jaring taik gua beli paket pulsa susah bgtttt ajg,2,4,0
playstore,indosat,"kuota saya masih 5Gb, sampai dengan hari terakhir. kenapa nggak bisa dipakai, ada keterangan anda berlangganan paket roaming. padahal saya pake paket freedom, rutin tiap bulan. gimana ini? masih ada sisa kuota 5Gb masak gak bisa dipakai?!",kuota gb nggak pakai terang langgan paket roaming pake paket freedom rutin gimana sisa kuota gb masak pakai,3,3,0
playstore,indosat,jaringan lagi sedeng apa emng sistem kalian yg ga jelas. kuota masih bnyak malah ga bisa di pake.,jaring sedeng emng sistem kuota bnyak pake,1,2,0
playstore,indosat,1 bulan 28 hari yah saya baru tahu hitungan paketnya makin cepat kaya dunk tuh perusahan,yah hitung paket cepat kaya dunk tuh usah,3,1,1
playstore,indosat,dasar myIm3 pelit paket belom abis udh gak bisa di pake aja anjirrr lah,dasar myim pelit paket bom abis pake anjirrr,1,0,1
playstore,indosat,"saya pelanggan dari tahun 2016,dan saya sangat menyesalkan pada im3 selama tahun ini ""2026"" harga kuota im3 naik sedangkan kualitas nya menurun, punya kuota terasa gak punya kuota (lemot parah), saya sangat kecewa",langgan sesal im harga kuota im kualitas turun kuota kuota lot parah kecewa,3,6,0
playstore,indosat,sudah dibelikan paketan eh malah internet nya gak bisa dipakek,beli paket eh internet dipakek,1,0,1
playstore,indosat,aplikasi ini sangat baik membantu sesuai keinginan,aplikasi bantu sesuai,1,1,0
playstore,indosat,sangat parah jaringannya... yg di urus naikin paket. kualitas jaringan buruk sekali.,parah jaring urus naikin paket kualitas jaring buruk,4,2,1
playstore,indosat,kecewa indosat sekrang udah lemot mana beli paket kuota pemberitahuan dari ovo udah berhasil tapi di aplikasi indosat kuoat nya ngga ada masuk malah ada pemberitahuan kuoat habis paketan yg dulu aneh indosat,kecewa indosat sekrang lot beli paket kuota pemberitahuan ovo hasil aplikasi indosat kuoat ngga masuk pemberitahuan kuoat habis paket aneh indosat,3,8,0
playstore,indosat,"kenapa sekarang ini setiap pemelian paket, ketika di gunakan lemot😭😭😭😭",lian paket lot,1,1,0
playstore,indosat,"kalo mau beli kuota pake wifi selalu loading LAMA.padahal jaringan bagus kalau buka yang lain lancar tapi ini engga, PERBAIKI",beli kuota pake wifi loading jaring bagus buka lancar engga baik,4,1,1
playstore,indosat,"beli kuota mahal mahal sinyalnya ga ada, scroll tb"" ngelag.",beli kuota mahal mahal sinyal scroll tb lambat,0,4,0
playstore,indosat,"pelayanan buruk, gabisa qris",layan buruk gabisa qris,0,1,0
playstore,indosat,"Dalam pengecekan Layanan ""Saat ini anda tidak memiliki layanan apapun"" dari Layanan terkait, spam ""mohon maaf pulsa anda tidak mencukupi untuk layanan ini"" unreg sana sini tidak bisa, kebanyakan tidak sinkron data sejak dial default menjadi *888# lebih parah jangankan di perbaiki di respon ulasan pun tidak.",kece layan milik layan apa layan kait spam mohon maaf pulsa cukup layan unreg banyak sinkron data dial default parah baik respon ulas,6,6,0
playstore,indosat,harga mahal sinyal jelek,harga mahal sinyal jelek,1,2,0
playstore,indosat,jaringan Dajjal,jaring dajjal,1,0,1
playstore,indosat,provider tolol bikin aplikasi gak berguna Tutup aja produk lu tuh M3 gak becus ngurus sinyal!!,provider tolol bikin aplikasi guna tutup produk tuh m becus ngurus sinyal,2,3,0
playstore,indosat,"parah im3 jaringan lemot paket masih bnyk tapi lemot bngett bikin kesel, udh ngga baik ngga baguss jdi pengen ganti kartu lain",parah im jaring lot paket bnyk lot bngett bikin kesel ngga ngga baguss jdi ken ganti kartu,2,6,0
playstore,indosat,"pengalaman buruk,selalu menjengkelkan",alam buruk jengkel,0,2,0
playstore,indosat,"gimana sih masa jaringannya jelek bangett, mana makin kesini makin mahal, sia² aja beli paketan",gimana jaring jelek bangett kesini mahal sia beli paket,2,4,0
playstore,indosat,im3 babi lemot,im babi lot,0,2,0
playstore,indosat,apk lemot kayak jaringannya,apk lot kayak jaring,1,2,0
playstore,indosat,"tolong ya popup operator jangan pernah sekali-kali muncul tiba² di saat main game dan lagi edit vidio. menganggu sekali, sudah melanggar kenyamanan konsumen. tolong ini di baca dengan baik !! Setan emang menganggu sekali itu !!!!",tolong popup operator kali muncul main game edit vidio menganggu langgar nyaman konsumen tolong baca setan emang menganggu,2,1,1
playstore,indosat,kartu setan gaguna leg parah kek kontol cuih,kartu setan gaguna leg parah kek kontol cuih,0,3,0
playstore,indosat,sinyal ny bagus dan kuotanya bagus sampe saya kegirangan karena lemot dan cepet habis kuota nya aplikasi ini sangat bagus untuk orang yang mempunyai emosi rendah,sinyal ny bagus kuota bagus sampe girang lot cepet habis kuota aplikasi bagus orang emosi rendah,5,5,0
playstore,indosat,apm lemot parah,apm lot parah,0,2,0
playstore,indosat,sinyal nya jelek lemot di daerah sekitar kecamatan petir apalagi di dalem rumah cuman ad 1 biji kalo keluar ad banyak tapi lemot nya ampun,sinyal jelek lot daerah camat petir dalem rumah cuman ad biji ad lot ampun,1,5,0
playstore,indosat,"ini jaringan gimna sih? jaringan stabil tpi loading mulu mau main game, kuota msih bnyak, udah berbagai cara di lakukan tetap aja kya gtu",jaring gimna jaring stabil tpi loading mulu main game kuota msih bnyak laku kya gtu,4,1,1
playstore,indosat,jaringan bagus soh tapi sinyal nya burik udh gitu nanya di wa paket saya gk bisa dipake malah nyuruh beli kan aneh dongo,jaring bagus soh sinyal burik gitu nanya wa paket dipake nyuruh beli aneh dongo,3,2,1
playstore,indosat,"buat beli kuota lodingnya lama, masa ngk beli pulsa SIM kadaluarsa kan ada kuota",beli kuota lodingnya ngk beli pulsa sim kadaluarsa kuota,0,3,0
playstore,indosat,kartu sampah dikit dikit sinyal jelek mau bangkrut Lo Indosat babi ?????,kartu sampah dikit dikit sinyal jelek bangkrut indosat babi,0,6,0
playstore,indosat,makin aneh semenjak lebaran smpe sekarang sinyal nya makin rusak buat nntn ytb jga hrus 360 naik dikit udh gk kuat.,aneh semenjak lebaran smpe sinyal rusak nntn ytb hrus dikit kuat,1,1,0
playstore,indosat,"kecepatan internet si udah lumayan, tapi hujan gerimis aja sinyal internet mati total bisa 5 hari di daerah saya khusunya. tolong di perbaiki lagi. terimakasih",cepat internet si lumayan hujan gerimis sinyal internet mati total daerah khusunya tolong baik terimakasih,5,1,1
playstore,indosat,"smart widget apakah cuma tersedia di merk hanphone tertentu, soalnya di hp saya tidak tersedia",smart widget sedia merk hanphone hp sedia,2,0,1
playstore,indosat,sinyal makin kesini makin buruk wilayah saya di jakarta pusat...saya pakai nomer byu lancar aja...kenapa sekarang makin parah tolong di perbaiki,sinyal kesini buruk wilayah jakarta pusat pakai nomer byu lancar parah tolong baik,3,2,1
playstore,indosat,harga paketan kuota nya mahal2 sekarang,harga paket kuota mahal,2,2,0
playstore,indosat,"siyal parah ancur banget ,,,gak pernah ada perubahan untuk sinyal internet ,,,malah makin ancur ,,,makin parah",siyal parah ancur ubah sinyal internet ancur parah,0,2,0
playstore,indosat,gw ini tinggal di jakbar loh bukan di tengah laut. sinyal kek apalah,tinggal jakbar loh laut sinyal kek apa,0,1,0
playstore,indosat,"jangan beli kartu ini, kadang isi pulsa ke sini sering hilang, sekarang saya kehilangan Rp.20.000 saldo pulsa saya",beli kartu kadang isi pulsa hilang hilang rp saldo pulsa,2,4,0
playstore,indosat,tolong harga pulsa nya kasih murah lah,tolong harga pulsa kasih murah,2,1,1
playstore,indosat,inosat paket nya mahal mahal,inosat paket mahal mahal,1,2,0
playstore,indosat,saya kacewa pake kartu mytri masa saya punya data 54 GB masa ada muncul internet habis,kacewa pake kartu mytri data gb muncul internet habis,0,1,0
playstore,indosat,"SARAN UNTUK TEMAN² PENGUNA IM3. LEBIH BAIK PINDAH KE OPERATOR LAIN SAJA. MSIH BNYAK KARTU LAIN KOK. SPERTI XL, 3 , SMARTFREN. KARTU IM3. SEKARANG. SUSAH JARINGANNYA. BELI PAKET DATA MAHAL². TPI JARINGANNYA LEMOT, LAMBAT, TIDAK JELAS, DAN TIDAK KARUAN. #SARAN. PINDAH OPERATOR LAIN SAJA. MSIH BNYAK KARTU INTERNET BAGUS SELAIN IM3.",saran teman penguna im pindah operator msih bnyak kartu sperti xl smartfren kartu im susah jaring beli paket data mahal tpi jaring lot lambat karuan pindah operator msih bnyak kartu internet bagus im,4,5,0
playstore,indosat,"jaringannya jelek, paket saya kebanyakan habis hanya untuk nunggu loading hampir berjam jam",jaring jelek paket banyak habis nunggu loading jam jam,3,1,1
playstore,indosat,"permisi tuan yang terhormat, saya klien myIM3 sudah lebih dari 8 tahun🥳 ingin meminta perbaikan fitur masuk/daftar maupun tambah nomer yang bermasalah pada aplikasi anda, masalah saya ada di saat tambah nomer selalu tertulis ""nomer telah dikelola nomer/akun lain"". tolong fiturnya dibuat lebih leluasa untuk mengelola nomer saya, karna saya merasa kesulitan saat berganti ponsel.",permisi tuan hormat klien myim baik fitur masuk daftar nomer masalah aplikasi nomer tulis nomer kelola nomer akun tolong fiturnya leluasa kelola nomer sulit ganti ponsel,2,4,0
playstore,indosat,lumayan murah paket data hifi air nya ..,lumayan murah paket data hifi air,3,2,1
playstore,indosat,beli paket data sering sekali masih diproses. menyusahkan,beli paket data proses susah,2,2,0
playstore,indosat,"saya buat bintang 5 agar nampak, aslinya bintang -5 karena sangking ga guna nya notif im3 nya...notif nya bikin mengganggu, pada saat lagi main game, di paksa keluar dengan notif kematian, jadi saya pun me matahkan 4 kartu im3 milik saya, jika notif kematian yg memaksa ke crome sudah di hapuss, saya akan membeli kartu im3 lagi",bintang nampak asli bintang sangking notif im notif bikin ganggu main game paksa notif mati me matahkan kartu im milik notif mati paksa crome hapuss beli kartu im,3,5,0
playstore,indosat,"Harga Paket Semakin Mahal.. Padahal Saya Pelanggan Lama ,Lebih Dari 10 Tahun.. Bukanya Di Bikin Murah Supaya Tetap Setia , Malah di Mahalin.. Semakin Lama Sinyal Tambah Jelek, Padahal Dekat Dengan Tower ± 500m.. Sinyal Kadang Muter²..🐕🐶🐖🐷",harga paket mahal langgan buka bikin murah setia mahalin sinyal jelek tower m sinyal kadang muter,5,3,1
playstore,indosat,"Saya sebagai pelanggan Indosat sejak tahun 2015 , semakin tahun maju terus menerus kenapa jaringan nya nambah ngeleg aja??? mana paketan skrang makin mahal isi gb nya dikit,, kecewa saya sama Indosat Ooredoo kecewa beratt",langgan indosat maju terus jaring nambah lambat paket skrang mahal isi gb dikit kecewa indosat ooredoo kecewa beratt,3,5,0
playstore,indosat,lumayan lah jaringannya sudah mulai bagus,lumayan jaring bagus,3,0,1
playstore,indosat,sinyal ilang terus jelek lgi,sinyal ilang jelek lgi,0,2,0
playstore,indosat,sinyal jelekkkkkkkk terus mau di desa mau pas di kota sama aja,sinyal jelekkkkkkkk desa pas kota,1,1,0
playstore,indosat,"pop up nya ganggu banget mana langsung masuk ke web lagi, hp ku udahlah kentang cuman ram 2 ditambah pop up yang tiba² masuk ke web makin lah menjadi jadi hp ku😭🙏",pop up ganggu langsung masuk web hp ku udahlah kentang cuman ram tambah pop up masuk web hp ku,4,3,1
playstore,indosat,ini buk atau gimana saya udah beli focer giliran udah di dahtarin ada nutif aktif giliran di pakek ga bisa udah di tunggu sampe lama tetep ga bisa mohon di perbaiki,buk gimana beli focer gilir dahtarin nutif aktif gilir pakek tunggu sampe mohon baik,1,0,1
playstore,indosat,"SINYAL LU ILANG MULU, PERBAIKIN LAAAAAH!!!!!!!!",sinyal ilang mulu perbaikin laaaaah,0,1,0
playstore,indosat,udah mahal jaringan jelek suka patah-patah,mahal jaring jelek suka patah patah,1,4,0
playstore,indosat,"bisa gak lu bikin ads cukup dinotif aja gausah tiba tiba masuk web atau apalah, lu ngerugiin editor yang mau export video yang udah nunggu 6 jam, terus ngulang lagi dan gak berhasil bikin konten yaa, stop kelamin pria",bikin ads dinotif gausah masuk web apa ngerugiin editor export video nunggu jam ngulang hasil bikin konten stop kelamin pria,2,4,0
playstore,indosat,lumayan tapi harganya mahal semua,lumayan harga mahal,2,1,1
playstore,indosat,sampah iklannya. emang dapet duit berapa sih dari iklan?,sampah iklan emang dapet duit iklan,1,1,0
playstore,indosat,Im3 memang oke,im oke,1,0,1
playstore,indosat,"setelah, aku marah2 ke cs nya baru terselesaikan masalah sinyal yang tidak ada layanan, makasih Indosat love sekebon dari pada xl ilang 170GB dan ga kembali ini 150GB tetep kembali😍😍 ganti bintang 5 dari bintang 1",marah cs selesai sinyal layan makasih indosat love kebon xl ilang gb gb ganti bintang bintang,1,2,0
playstore,indosat,makin lama makin ngak jelas kartu ini taiii kecewa saya,ngak kartu taiii kecewa,0,1,0
playstore,indosat,Mau nanya knapa nmer saya kena spAM tidak bisa masuk wA,nanya knapa nmer kena spam masuk wa,0,4,0
playstore,indosat,"tolong hapus notifikasi pop up, saya lagi ulangan di crome ada notifikasi itu jadi keluar, notifikasi ga guna.",tolong hapus notifikasi pop up ulang crome notifikasi notifikasi,1,1,0
playstore,indosat,sinyal kurang bagus kadang nyambung kadang hilang bagaimana bisa kerja dengan nyaman kalau lelet kayak gini,sinyal bagus kadang nyambung kadang hilang kerja nyaman lelet kayak gin,5,3,1
playstore,indosat,sinyal nya jelek banget sering ngelag kalau dibuat ngegame buat losestreak,sinyal jelek lambat ngegame losestreak,0,2,0
playstore,indosat,"sinyalnya jelek banget, kalok beda kota sinyal nya jelek banget, cuma bisa fi kota kota tertentu aja, aku kurang suka, kalok bisa di perluas lagi 🙏",sinyal jelek kalok beda kota sinyal jelek fi kota kota suka kalok luas,1,6,0
playstore,indosat,habgus mulu meskipun ada paketnya.,habgus mulu paket,1,0,1
playstore,indosat,Mahal beli disini! Tolong tambahkan Roblox di Top Up Game bagian Top Up Langsung. Tolong di baca min.,mahal beli tolong tambah roblox top up game top up langsung tolong baca min,5,1,1
playstore,indosat,kasih bntang 5 bwt dajjal. smoga mati lbih cepat,kasih bntang bwt dajjal smoga mati lbih cepat,1,1,0
playstore,indosat,bagus juga,bagus,1,0,1
playstore,indosat,"Najis!! lagi main game tiba-tiba masuk browser sendiri (udah beberapa kali gitu) jaringan b aja ribetnya ampun dah, harga pada mahal lagi, tapi buat darurat selalu gwe pake masalahnya darurat nya tiap hari😁",najis main game masuk browser kali gitu jaring b ribetnya ampun dah harga mahal darurat gwe pake darurat,3,4,0
playstore,indosat,semoga kedepannya ada promo lebih menarik dan murah lagi buat kami,moga depan promo tarik murah,4,0,1
playstore,indosat,sangat amanah,amanah,1,0,1
playstore,indosat,keren rekomendasi banyak murah paketnya,keren rekomendasi murah paket,3,0,1
playstore,indosat,sinyal asu bikin kalah main kartu anj,sinyal asu bikin kalah main kartu anj,0,1,0
playstore,indosat,tolong perbaiki layanan upgrade pra ke pasca pada step data validasi dan pindahkan kantor layanan / gerai diwonosobo jateng dipusat kota.,tolong baik layan upgrade pra pasca step data validasi pindah kantor layan gerai diwonosobo jateng pusat kota,2,2,0
playstore,indosat,notif yang menganggu sinyal yang kurang lancar,notif menganggu sinyal lancar,1,0,1
playstore,indosat,jangan notifikasi lanjutkan ke browser Mulu lah ke ganggu ni gw,notifikasi lanjut browser mulu ganggu ni,0,1,0
playstore,indosat,bagus cepet,bagus cepet,2,0,1
playstore,indosat,"Aplikasi Lelet banget,,kuota masih 2Gb buat main game udah tidak bisa.",aplikasi lelet kuota gb main game,1,3,0
playstore,indosat,"jaringan untuk wilayah samata dan Romang polong Gowa tidak normal lebih dari 26+ jam, jaringannya ilang Mulu",jaring wilayah samata romang polong gowa normal jam jaring ilang mulu,3,1,1
playstore,indosat,"gajelas app banyak error nya, otp aja ga masuk masuk tolol kek sampah",gajelas app error otp masuk masuk tolol kek sampah,0,5,0
playstore,indosat,"2018 awal pakai Indosat sampai 2026 lalu upgrade ke Indosat platinum, sampai"" karyawan gerai Indosat kaget karna saya menggunakan Indosat begitu lama, dan setelah upgrade kirain jaringan akan stabil di platinum dan akhirnya sama aja kualitasnya BURUK, lalu apa gunanya platinum?, percuma jika HP SDH jaringan 5G jika jaringan Indosat platinum nya BURUK buat apa!!!!!!",pakai indosat upgrade indosat platinum karyawan gerai indosat kaget indosat upgrade kirain jaring stabil platinum kualitas buruk guna platinum hp sdh jaring jaring indosat platinum buruk,7,2,1
playstore,indosat,"setiap hari di suruh login n masukin nomor, apa sih kurang kerjaan yh🤔🙄",suruh login n masukin nomor kerja yh,1,1,0
playstore,indosat,sudah bagus kedepannya lebih ditingkatkan lagi,bagus depan tingkat,2,0,1
playstore,indosat,"aplikasi sering over close dan eror saat di buka, padahal spek hp tinggi",aplikasi over close eror buka spek hp,0,3,0
playstore,indosat,mudah membuat aktif kembali,mudah aktif,1,0,1
playstore,indosat,okelah,oke,1,0,1
playstore,indosat,"MAKIN HARI MAKIN BURUK JARINGAN INDOSAT MAU SIANG ATAU PUN MALEM , APALAGI DI PEDESAAN MENDING JANGAN PAKAI INDOSAT SAYA INGAT KAN",buruk jaring indosat siang malem desa mending pakai indosat,2,2,0
playstore,indosat,sinyal nya jelek bgt oooy,sinyal jelek oooy,0,1,0
playstore,indosat,keren harga nya mahal buat beli paket data internet,keren harga mahal beli paket data internet,3,2,1
playstore,indosat,lelet parah im3 untuk main game,lelet parah im main game,1,2,0
playstore,indosat,"Jadi pelanggan setia tapi masalah jaringan sudah 2 bulan terakhir tidak ada perbaikan, terima kasih atas ketidaknyamanannya. Walaupun saya tinggal di kota tapi jaringan Indosat tetap parah, tidak seperti tahun lalu yang lancar bahkan selalu 4G+, sekarang jaringan sering 4G dibanding 4G+",langgan setia jaring baik terima kasih ketidaknyamanannya tinggal kota jaring indosat parah lancar jaring banding,7,3,1
playstore,indosat,Jelek Ega ada geratis San nah,jelek ega gerat san,0,1,0
playstore,indosat,"jgn download klo gmau pulsa kalian abis sia"" jdi critanya tdi aku beli pulsa Rp15.000 terpotong pulsa darurat 5.600 nah otomatis sisa 9.400 hrusnya pulsa nya ga habis krna ga sya gunakan buat apa"" ini malah pulsa sya hbis smpe sisa 2.110 , minta tolong ke admin alesan nya krna ada layanan berbayar, lah prasaan sya blum beli kuota sma skali",jgn download gmau pulsa abis sia jdi critanya tdi beli pulsa rp potong pulsa darurat otomatis sisa hrusnya pulsa habis krna sya pulsa sya habis smpe sisa tolong admin alesan krna layan bayar prasaan sya blum beli kuota sma skali,1,10,0
playstore,indosat,internetan yang memuaskan,internetan muas,1,0,1
playstore,indosat,im3 pencuri. im3 penipu. im3 tukang curang.,im curi im tipu im tukang curang,0,3,0
playstore,indosat,jaringan bosok mending tutup aja operatormu,jaring bosok mending tutup operator,2,1,1
playstore,indosat,bagus sih bagus tapi sinyal full tetep kaga lancar tiap scrol di bikin emosi gara gara sinyal,bagus bagus sinyal full kaga lancar scrol bikin emosi gara gara sinyal,3,2,1
playstore,indosat,kebijakan yang sangat ajaib ketika kartu sedang masa tenggang lalu ku isi pulsa (pas harga dg paketannya segitu) lalu dipotong walaupun cuma 200 perak. dan harus beli pulsa lagi min. 5k JENIUSSSS,bijak ajaib kartu tenggang ku isi pulsa pas harga paket segitu potong perak beli pulsa min k jeniussss,3,4,0
playstore,indosat,good lah,good,1,0,1
playstore,indosat,"udah 3 minggu ini jaringan kaya sampah, mau bangkrut apa gimana? udahlah pada beralih aja jngn pake indosat",minggu jaring kaya sampah bangkrut gimana udahlah alih jngn pake indosat,1,2,0
playstore,indosat,"saya beli paketan dengan benefit yang tertera seperti Adobe express, tapi saya tidak di kasih link untuk menggunakan Adobe express premium nya",beli paket benefit tera adobe express kasih link adobe express premium,2,0,1
playstore,indosat,buat internetan muter muter tok sudah mahal pula harganya 😭,internetan muter muter tok mahal harga,1,1,0
playstore,indosat,"baguss bangett,sangat membantu saya mengecek sisa paketan/pulsa",baguss bangett bantu ecek sisa paket pulsa,1,3,0
playstore,indosat,sinyal nya kurang bagus,sinyal bagus,1,0,1
playstore,indosat,"jaringann jelek, harga pakett samaa ajaa kayak telkomsel gw main ml jaringan 60++ itupun kalo sekalinya ngelagg beehh lag nya lama bangett mana harga paket sama aja kayak beli harga paket telkomsel, lah telkomsel harga sama aja jaringan bagus 40ms++ dan gaada ngelag, gausah beli lah indosat bodoh ini",jaringann jelek harga pakett samaa ajaa kayak telkomsel main ml jaring itu sekali ngelagg beehh lag bangett harga paket kayak beli harga paket telkomsel telkomsel harga jaring bagus ms gaada lambat gausah beli indosat bodoh,9,10,0
playstore,indosat,"gak usah pake im3 lagi, sinyal parah paketan mahal nyesel pake im3 sekarang",pake im sinyal parah paket mahal nyesel pake im,1,3,0
playstore,indosat,notif mengganggu,notif ganggu,0,1,0
playstore,indosat,"sinyal parah banget,legg parah im3 gimana nih",sinyal parah legg parah im gimana,0,2,0
playstore,indosat,10000/persen aplikasi ini sangat cocok,persen aplikasi cocok,1,1,0
playstore,indosat,"ketika beli paket baru , sisa paket lama langsung hilang",beli paket sisa paket langsung hilang,3,2,1
playstore,indosat,sinyal tiba tiba ilang apaa coba lagi push rank juga jadi males gua pake kartu indo sat,sinyal ilang apaa coba push rank males gua pake kartu indo sat,0,4,0
playstore,indosat,kenapa im3 jadi penipuan gini ngisi paketan 16gb malah dipotong 10gb gak masuk pencurian 10gb..tolong dikembalikan 10gb saya,im tipu gin ngisi paket gb potong gb masuk curi gb tolong kembali gb,1,3,0
playstore,indosat,ok pas bngt,ok pas,2,0,1
playstore,indosat,"Lagi parah jelek nya sinyal Indosat udah 3 hari ini, Tolong segera perbaiki. kecewa lah sama Indosat,",parah jelek sinyal indosat tolong baik kecewa indosat,1,3,0
playstore,indosat,"aswu ngeleg banget aswu, sama data nya kenapa suka mati idup sendiri bukan sekali dua kali lagi tapi sering salam 30 menit ada kali 10 atau lebih mati idup data nya",aswu lambat aswu data suka mati idup kali salam menit kali mati idup data,0,5,0
playstore,indosat,sinyalnya sering jelek. diperbaiki lah,sinyal jelek baik,1,1,0
playstore,indosat,m3 ok banget buat TLP suara nya bening pokok mantap,m ok tlp suara bening pokok mantap,2,1,1
playstore,indosat,bagus gampang untuk cek paket data dll,bagus gampang cek paket data dll,2,2,0
playstore,indosat,"saya ingin melaporkan keluhan saya, saya tidak tau kenapa begini jadi kemarin- kemarin beli pulsa terus saya jadiin kouta, pulsa nya masih sisa 3 ribuan dan tau-tau waktu sore saya cek pulsa saya tinggal 1 ribuan dan saya dapet chat ""Pulsa kamu tidak mencukupi untuk layanan ini. Yuk top up sekarang. Cek promo terbaru di *888*30#"" padahal saya gak mencet layanan apa pun saya pakai wifi dan data saya matiin tau tau pulsa saya lenyap ntah kemana tolong ini kenapa? walaupun 3 ribu tpi penting itu🥲",lapor keluh tau kemarin kemarin beli pulsa jadiin kuota pulsa sisa ribu tau tau sore cek pulsa tinggal ribu dapet chat pulsa cukup layan yuk top up cek promo baru mencet layan pakai wifi data matiin tau tau pulsa lenyap ntah mana tolong ribu tpi,6,18,0
playstore,indosat,"data elit jaringan sulit, jaringan nya kek taaaiii",data elit jaring sulit jaring kek taaaiii,2,2,0
playstore,indosat,"sinyal ngelag parah, gak bisa untuk bermain sosmed ataupun game, saya beli paket kuota 150rb 150gb gak ke pakek sama sekali, sinyal buruk tidak rekomendasi sama sekali",sinyal lambat parah main sosmed game beli paket kuota rb gb pakek sinyal buruk rekomendasi,2,4,0
playstore,indosat,kuota masih banyak tapi lemot,kuota lot,0,2,0
playstore,indosat,kasi promo dong min,kasi promo min,1,1,0
playstore,indosat,lelet gblk!,lelet gblk,0,2,0
playstore,indosat,OK OK sip mantabh,ok ok sip mantabh,3,0,1
playstore,indosat,apk dungu,apk dungu,0,1,0
playstore,indosat,"kartu aneh suka ngelag, lagi main malah masuk browser",kartu aneh suka lambat main masuk browser,0,2,0
playstore,indosat,lagi enak enak war sinyal nya ngeleg bangetttt min Indosat plisss sinyal nya ngeleg mulu,enak enak war sinyal lambat bangetttt min indosat plisss sinyal lambat mulu,0,2,0
playstore,indosat,"jelek bener sinyal nya sering hilang, apalagi pas war ml tiba tiba udh mati aja, mana paketnya mahal naik terus, bete gw",jelek bener sinyal hilang pas war ml mati paket mahal bete,2,5,0
playstore,indosat,jaringan bapuk,jaring jelek,1,1,0
playstore,indosat,SINYALMU PERBAIKI,sinyal baik,1,0,1
playstore,indosat,suka pindah sendiri ke chrome dan sinyal nya sangat lambat tolong dong atmin ini kenapa suka tiba tiba masuk chrome,suka pindah chrome sinyal lambat tolong atmin suka masuk chrome,0,2,0
playstore,indosat,"TERUNTUK myIM3 didalam aplikasi ada game permainan ular tangga dan ya kalian mempermainkan para pengguna myIM3 untuk menonton iklan dan tidak akan menang dalam permainan tersebut,dan hadiah reward pun tidak besar, cuma 500mb-1gb saja loh sampe sampe mempermainkan pengguna myIM3, gimana ga emosi coba DADU DIKOCOKNYA LAMA BANGET YAAMPUN PADAHAL YA KALO MAIN GAME ULAR TANGGA YANG ASLI KOCOK DADUNYA CUKUP DIKOCOK BENTAR LALU KETEMU JUMLAHNYA,LAH INI DIKOCOK LAMA BANGET KEBURU DI ANGKAT SABER🤮👎🏼",untuk myim dalam aplikasi game main ular tangga main guna myim tonton iklan menang main hadiah reward mb gb loh sampe sampe main guna myim gimana emosi coba dadu kocok yaampun main game ular tangga asli kocok dadu kocok bentar ketemu kocok keburu angkat saber,9,7,1
playstore,indosat,"JUJUR KESEL BANGET! pas pagi aku isi pulsa 10k, ehhh malemnya kok tinggal 5k. Padahal aku internetan pake wifi. Akhhh KESEL POKOKNYA😫",jujur kesel pas pagi isi pulsa k ehhh malemnya tinggal k internetan pake wifi akhhh kesel pokok,1,3,0
playstore,indosat,MANTAP,mantap,1,0,1
playstore,indosat,im3 skrg sinyal ny parah parah bner,im skrg sinyal ny parah parah bner,0,2,0
playstore,indosat,kartu Indosat IM3 sekarang makin buruk jaringan.. makin banyak lemot nya,kartu indosat im buruk jaring lot,1,2,0
playstore,indosat,sanget bagus,sanget bagus,1,0,1
playstore,indosat,udah 3 hari ini sinyalnya lemot banget gak di cikarang gak di Jawa Tengah. padahal paket internet masih ada 23 GB. tolong lah perbaikin sinyalnya,sinyal lot cikarang jawa paket internet gb tolong perbaikin sinyal,1,1,0
playstore,indosat,yg fersi terbru tdk bisa d tmbhk no y ... pdhal aku punya 4no. rencana mau keluar saja .,fersi terbru tdk d tmbhk no y pdhal no rencana,0,1,0
playstore,indosat,pulsa ku hangus 10k,pulsa ku hangus k,0,2,0
playstore,indosat,jaringan nya sekarang parah abis lwmot nya,jaring parah abis lwmot,1,1,0
playstore,indosat,aplikasi nya gercep ga lemot2 kek provider lama,aplikasi gercep lot kek provider,0,2,0
playstore,indosat,bagus sekali aku sudah 2 tahun pakai nya ssejahu ini tidak ada masalah,bagus pakai ssejahu,1,0,1
playstore,indosat,cukup lumayan,lumayan,1,0,1
playstore,indosat,sering gangguan gak jelas . padahal sinyal penah paketan banyak . tapi tidak ada koneksi internet terus,ganggu sinyal penah paket koneksi internet,1,1,0
playstore,indosat,gong bnget jir sinyal nya akhir akhir ini,gong bnget jir sinyal,0,1,0
playstore,indosat,membantu sekali!! tidak dengan paket kuota yang murah dan jaringan yang sudah stabil dimana mana. aplikasi myIM3 juga fast respon dan akurat dalam pelayanan costumer service nya. good!!,bantu paket kuota murah jaring stabil mana aplikasi myim fast respon akurat layan costumer service good,6,2,1
playstore,indosat,"Paketan m3 makin mahal dan tidak bisa di toleransi, jarang promo juga , mohon kalau ngasih paketan yang konsisten jangan setiap beli mau beli lagi harga mesti melambung",paket m mahal toleransi jarang promo mohon ngasih paket konsisten beli beli harga mesti lambung,5,2,1
playstore,indosat,kanapa akhir² ini setiap malam selalu ngelek mau main gem atau buka aplikasi,kanapa malam ngelek main gem buka aplikasi,0,2,0
playstore,indosat,Sinyal Indosat kenapa jd Lemooott banget di wilayah sekitarnya yg terdampak pemadam Listrik PLN...Payaahh,sinyal indosat lemooott wilayah dampak madam listrik pln payaahh,0,1,0
playstore,indosat,"Makin menjadi"",kuota yg masa berlaku dh mau habis tapi masih ada trus hangus oke lah gppa tpi mslhnya pulsa di isi 25rb dalam waktu 2hari dah habis pdhl niat ngisi krna dh masuk masa tenggang datanya juga ga di nyalain krna di rumah pakai wifi ga ikhlas banget rsanya,biar jadi belatung di dalam perut kalian yg suka ngambil apa yg bukan hak kalian,ga 1x doang,rsanya emosi,ga ikhlas banget jadinya,kdang juga klo pas di isi peketan sinyal suka ilang"" an geram banget rsanya.",kuota laku dh habis trus hangus oke gppa tpi mslhnya pulsa isi rb dah habis pdhl niat ngisi krna dh masuk tenggang data nyalain krna rumah pakai wifi ikhlas rsanya biar belatung perut suka ngambil hak x doang rsanya emosi ikhlas kdang pas isi ketan sinyal suka ilang an geram rsanya,6,7,0
playstore,indosat,"Ribet, lelet, tukang tipu.",ribet lelet tukang tipu,0,3,0
playstore,indosat,"sudah mendingan, tapi masih terdapat ngelag",mending lambat,1,1,0
playstore,indosat,"Teruntuk im3 pusat,kenapa sekarang kualitas jaringan makin lemot anjir,udah gitu harga paket makin mahal ,ok lah gpp mahal asal signal makin bagus,lah ini kaga,mending ganti provider",untuk im pusat kualitas jaring lot anjir gitu harga paket mahal ok gpp mahal signal bagus kaga mending ganti provider,8,3,1
playstore,indosat,provider sampah lemot banget buka short YouTube,provider sampah lot buka short youtube,0,2,0
playstore,indosat,jaringannya buruk,jaring buruk,1,1,0
playstore,indosat,sinyal nya susah d tempat saya,sinyal susah d,0,1,0
playstore,indosat,iya syg,iya syg,1,0,1
playstore,indosat,paket murah tapi sinyalnya ilang mulu. smpe gak ke pake kuota nya,paket murah sinyal ilang mulu smpe pake kuota,2,2,0
playstore,indosat,jaringan buruk di area kabupaten nganjuk dalam beberapa bulan terakhir,jaring buruk area kabupaten nganjuk,1,1,0
playstore,indosat,"sinyal Masih buruk di kabupaten Nganjuk, sudah beberapa bulan ini, tolong di maintenance, untuk layanan nya",sinyal buruk kabupaten nganjuk tolong maintenance layan,0,1,0
playstore,indosat,kenapa proses nya lama banget sih,proses,1,0,1
playstore,indosat,"Ini kenapa njiir Kuota masih bnyk tpi Unduh/nonton film kyk menghemat kuota gitu sedikit"" lambat bngt pdhl kuota masih bnyk bgt pdhl, sayang bngt kuota masih bnyk smpe waktu kuota abis gk kepake , indosat lama"" jelek",njiir kuota bnyk tpi unduh nonton film kyk hemat kuota gitu lambat pdhl kuota bnyk pdhl sayang kuota bnyk smpe kuota abis kepake indosat jelek,0,7,0
playstore,indosat,buruk selalu pakai masa aktif,buruk pakai aktif,0,1,0
playstore,indosat,TOP,top,1,0,1
playstore,indosat,"bro kalau ada notif jangan maksa donk gue kalau ada notif dari Indosat selalu langsung keluar bro langsung ke chrome padahal sudah teken batal tapi masih saja masuk ke chrome, gue pusing bro kalau ada notif dari lu lagi maen maennya malah langsung keluar karena ada notif tidak bagus",bro notif maksa donk notif indosat langsung bro langsung chrome teken batal masuk chrome pusing bro notif maen maennya langsung notif bagus,5,4,1
playstore,indosat,tidak ada penjelasan kuota baru beli belom juga di pakai langsung habis,jelas kuota beli bom pakai langsung habis,1,1,0
playstore,indosat,menghisap pulasa🗿,menghisap pulasa,0,1,0
playstore,indosat,lebih memudahkan,mudah,1,0,1
playstore,indosat,terimakasih banyak orang termasuk saya.kita sdh dibantu im3 sangat membatu banget yg kesibukan di internet. harga nya tidak berat untuk kita dikalangan yang kurang mampu. semoga harganya tidak di naikan semoga amanah terus 🙏🙏🙏🙏🙏,terimakasih orang sdh bantu im batu sibuk internet harga berat kalang moga harga naik moga amanah,7,0,1
playstore,indosat,ya sangat puas,puas,1,0,1
playstore,indosat,kartu yg bgus dan sangat membantu paket terjangkau murah untuk IM3 di wilayah Papua SDH agak bgus,kartu bgus bantu paket jangkau murah im wilayah papua sdh bgus,2,0,1
playstore,indosat,"Hati-hati pada saat isi kuota, harus dipastikan sudah habis.. beberapa kali saya topup kuota, sisa kuota sebelumnya langsung hilang...",hati hati isi kuota habis kali topup kuota sisa kuota langsung hilang,1,5,0
playstore,indosat,saat memuaskan,muas,1,0,1
playstore,indosat,saya sanggat puas,sanggat puas,1,0,1
playstore,indosat,"sinyal ampas harga ga sesuai ama kualitas, minimal kalo harga naik kualitas naikin lah ini engga harganya doang yg naik kualitas nya malah makin nurun niat jualan gasi?",sinyal ampas harga sesuai ama kualitas minimal harga kualitas naikin engga harga doang kualitas nurun niat jual gas,8,3,1
playstore,indosat,kan pulsa ku 20k dan aku ingisi lagi 25 ko jadi 30k tiba tiba ilang 15k kenapanya,pulsa ku k ingisi ko k ilang k kenapa,0,2,0
playstore,indosat,aplikasi nya dah oke. tapi sinyalnya kek pler,aplikasi dah oke sinyal kek pler,1,2,0
playstore,indosat,"masuk kuota/data lama banget, saya nunggu kok gak masuk masuk ya",masuk kuota data nunggu masuk masuk,1,5,0
playstore,indosat,aplikasi kikirr layanan bencana malah di buat promosi otak di pake! promosi lu ngeganggu gua!,aplikasi kikirr layan bencana promosi otak pake promosi ngeganggu gua,0,3,0
playstore,indosat,aplikasi ga jelas beli kuota 5gb 2hari malah pas udah bayar yang masuk kuota 5g 5hari yang cuman buat shopping bodoh ngerugiin,aplikasi beli kuota gb pas bayar masuk kuota cuman shopping bodoh ngerugiin,1,5,0
playstore,indosat,lama anjir jadi hangus pulsa saya,anjir hangus pulsa,0,2,0
playstore,indosat,paket mahal sinyal lemah & hapus pasca bayar,paket mahal sinyal lemah hapus pasca bayar,1,2,0
playstore,indosat,"semoga bisa lebih murah, banyak promo2 yg bisa di gunakan, jaringan sudah sangat luas",moga murah promo jaring luas,5,0,1
playstore,indosat,ya mantap,mantap,1,0,1
playstore,indosat,mantap banget,mantap,1,0,1
playstore,indosat,paketnya sekarang mahal,paket mahal,1,1,0
playstore,indosat,praktis dan simpel.. mudah dan cepat,praktis simpel mudah cepat,4,0,1
playstore,indosat,"hadeh Udalah mahal, baru beli pulsa aja udah kesedot aja KOCAK",hadeh uda mahal beli pulsa sedot kocak,0,5,0
playstore,indosat,min kasih diskon dong😁😅,min kasih diskon,1,0,1
playstore,indosat,cepat dan mudah mengisi pulsa atau kuota🤩,cepat mudah isi pulsa kuota,2,2,0
playstore,indosat,bagus bangat,bagus bangat,1,0,1
playstore,indosat,aplikasi im3 sgt membantui,aplikasi im sgt bantu,0,1,0
playstore,indosat,gongh parah,gongh parah,0,1,0
playstore,indosat,jaringan gangguan mulu gimna coba,jaring ganggu mulu gimna coba,1,1,0
playstore,indosat,aplikasi yg mempermudah transaksi. top 👍,aplikasi mudah transaksi top,3,1,1
playstore,indosat,mau beli aja susah...loading terus sampe kiamat,beli susah loading sampe kiamat,0,2,0
playstore,indosat,tiba tiba keluar member impoin jadi harus ngulang lagi dari member red padahal sering isi pulsa,member impoin ngulang member red isi pulsa,0,1,0
playstore,indosat,"ini indosat jaringan nya ancur ancun lemot jelek banget makin ke sinih,di keritik malah di arahkan ka sanah kemari l,suruh ini suruh itu padahal yang mengeluhkan hal yang sama bukan 1 atu 3 orang bukn benerin malah di arahkan ke sanah kemari,padahal kita semua beli bukan geratis.ini mau di benerin gk cih indosat,tlpn wa bentar bentar mati gak ada jaringan apa lah bikin rewet😡😡😡😡 cek paket gk bisa apa2 lemot😡",indosat jaring ancur ancun lot jelek sih keritik arah ka sanah kemari l suruh suruh keluh atu orang bukn baik arah sanah kemari beli gerat baik cih indosat tlpn wa bentar bentar mati jaring bikin rewet cek paket lot,5,7,0
playstore,indosat,kenapa Gabisa beli paket nya diproses terus / gagal tolong di konfirmasi si Laginya 🙏,gabisa beli paket proses gagal tolong konfirmasi si lagi,3,2,1
playstore,indosat,"jaringan tiba-tiba hilang, sudah mode pesawat dan restart hp serta membersihkan kartu tetapi tetap saja sinyal selalu tiba-tiba hilang. saya beri bintang 5 jika sudah di perbaiki.",jaring hilang mode pesawat restart hp bersih kartu sinyal hilang bintang baik,2,3,0
playstore,indosat,"aplikasi mau error tiba""",aplikasi error,0,2,0
playstore,indosat,"ga ngerti ya sama Indosat ini, lemot nya bner bner parahh, ga bisa dipake buat internetan, kecewa banget asli, dahlah waktunya ganti kartu, papaiiiii",ngerti indosat lot bner bner parahh dipake internetan kecewa asli dah ganti kartu papaiiiii,1,3,0
playstore,indosat,"sinyal internet jelek, latensi tinggi, persentase data cuma jd 6%, sia2 isi kuota gede tapi gak guna. sped test d apk ini gak guna penipuan. malah d suruh restart hp, dasar sinyal paket data anda yg lelet, 1jt x juga restart hp gak bakalan klo dasari dari provider. apk lelet, sinyal lelet, data lelet, kapok dah isi kuota gede2 d sini",sinyal internet jelek latensi persentase data sia isi kuota gede sped test d apk tipu d suruh restart hp dasar sinyal paket data lelet jt x restart hp dasar provider apk lelet sinyal lelet data lelet kapok dah isi kuota gede d,1,14,0
playstore,indosat,jaringan sampah jelek bangettt,jaring sampah jelek bangettt,1,2,0
playstore,indosat,sumpah sinyal jelek banget gadimna dimna males banget beli kartu ini,sumpah sinyal jelek gadimna dimna males beli kartu,0,2,0
playstore,indosat,internet lemot terus,internet lot,0,1,0
playstore,indosat,sinyal nya ga stabil,sinyal stabil,1,0,1
playstore,indosat,"Gw di tangerang Tanah Tinggi, Bisa kebilang kata orang-orang di luar sana tangerang itu adalah kota, dan gong nya gw pake jaringan Indosat sumpah serasa di kampung khusus daerah tanah tinggi yak, main game nyendat nyendat, scrolling macet macet, kebanyakan update gk jelas tapi jaringan nya jelek, gw asalnya kasih ulasan bintang 5 kenapa karna awal² emang bagus cakep, akhir² ini kek ayam anj banyak nglag nya tll.",tangerang tanah bilang orang orang tangerang kota gong pake jaring indosat sumpah serasa kampung khusus daerah tanah yak main game nyendat nyendat scrolling macet macet banyak update jaring jelek asal kasih ulas bintang emang bagus cakep kek ayam anj nglag tll,4,2,1
playstore,indosat,"tolonglah perbaiki jaringanmu anj, improve napa improve, dari kemarin main epep doang jaringan kuning mulu, dari pagi sampe malam pun gitu terus, dikira ga kesel apa kalo pas lagi war jaringan merah kuning mulu, mau perbaiki onn off kan pun gaguna, yg ada keburu knock pler. pasti habis ini dijawabnya cuma onn/off kan jaringannya jak lagi ni",tolong baik jaring anj improve napa improve kemarin main epep doang jaring kuning mulu pagi sampe malam gitu kesel pas war jaring merah kuning mulu baik onn off gaguna keburu knock pler habis jawab onn off jaring jak ni,7,6,1
playstore,indosat,"ini niat ngga sii sinyal susah kali buat main, lemot banget dahh",niat ngga sii sinyal susah kali main lot dahh,0,4,0
playstore,indosat,jaringannya kuat sinyal bagus mantap aja,jaring kuat sinyal bagus mantap,4,0,1
playstore,indosat,kuota mahal dikit plus lag mending gausah ada provider kikir gini,kuota mahal dikit plus lag mending gausah provider kikir gin,3,4,0
playstore,indosat,mantaapp terbaik lh,mantaapp baik lh,1,0,1
playstore,indosat,Sangat beli pulsa paket,beli pulsa paket,1,1,0
playstore,indosat,"Selamat malam kak, saya memiliki keluhan, dimana saat saya menggunakan fitur ""pulsa darurat"" pada notifikasi transaksi tersebut berhasil, tetapi paket datanya tidak masuk kak, tetapi saya tetap diminta untuk membayar pulsa darurat yang bahkan *tidak bisa* saya gunakan. Untuk permasalahan ini bagaimana ya kak?? saya sudah menghubungi pusat keluhan di wa, tetapi pilihan menunya tidak ada",selamat malam milik keluh mana fitur pulsa darurat notifikasi transaksi hasil paket data masuk bayar pulsa darurat masalah hubung pusat keluh wa pilih menu,6,7,0
playstore,indosat,th 2021 ulasan saya : Jaringan tidak bagus..sering hilang 4G nya. Pulsa tiba2 terdebet padahal sdh ada paket data yg berjalan. Jadinya kuota dobel2 tapi ya tetep aja..jaringan tidak bagus!!!!! th 2025 ulasan saya : jaringan m3 tambah nyungsep...gak bagus..masak beli paketan 50GB tp jaringan ampun ..kyk gak punya paket. sebagai pengguna m3 yg uda lama banget saya kecewa... klu tetep kyk gini saya pindah provider aja. tahun 2026 uda ganti hp baru masih saja jaringannya lelet,th ulas jaring bagus hilang pulsa debet sdh paket data jalan kuota dobel jaring bagus th ulas jaring m nyungsep bagus masak beli paket gb jaring ampun kyk paket guna m uda kecewa klu kyk gin pindah provider uda ganti hp jaring lelet,12,7,1
playstore,indosat,di daerah kami sambas kalimantan barat super duper lelet.,daerah sambas kalimantan barat super duper lelet,0,1,0
playstore,indosat,"udah lama pakai im3 ini dan jaringan aman² aja. tpi skrng udh beda, di pake lag Mulu gatau knp. tiap saat hilang trs jaringan heran deh, kalau di pakai game juga merah, silang terus. tolong dong di perbaiki",pakai im jaring aman tpi skrng beda pake lag mulu gatau knp hilang jaring heran pakai game merah silang tolong baik,4,4,0
playstore,indosat,selalu terpotong ketika beli pulsa,potong beli pulsa,0,2,0
playstore,indosat,"kenapa indosat sekarang tuh jauh banget bedanya sama yang dulu, udah bertaun taun pake indosat tahun ini bener bener ancur banget sinyalnya, kouta baru isi harusnya msh aman dong soal internet, tapi ini berasa gada koutanya, buat nonton yt aja muter terus astaga, masa iya isi kouta puluhan gb cuma buat whatsapp doang si astaga, Tolong lah koutanya kan beli bukan gratisan masa kouta banyak berasa gada kouta, sampe kapan mau kaya gini terus, perbaiki lah",indosat tuh beda taun taun pake indosat bener bener ancur sinyal kuota isi msh aman internet asa gada koutanya nonton yt muter astaga iya isi kuota puluh gb whatsapp doang si astaga tolong koutanya beli gratis kuota asa gada kuota sampe kaya gin baik,2,7,0
playstore,indosat,paketan bayar sinyal buruk,paket bayar sinyal buruk,1,1,0
playstore,indosat,terima kasih telah melayani & merespon kuota nya dgn cepat,terima kasih layan merespon kuota cepat,3,1,1
playstore,indosat,"IM'3 SEMAKIN KEMARI SEMAKIN GA JELAS JARINGAN INTERNET SELALU SAJA GA STABIL..... WOOYYYYYY GW MAKE KARTU KU BUKAN SEMINGU DUA MINGGU, BUKAN PULA SEBULAN DUA BULAN GW MAKE KARTU LU UDAH BERTAHUN-tahun KO LU MALAH KAYA BEGINI SEMAKIN KEMARI.......GA JELAS LU..",im kemari jaring internet stabil wooyyyyyy make kartu ku semingu minggu bulan make kartu tahun ko kaya kemari,2,1,1
playstore,indosat,jaringan nya makin jelek lah,jaring jelek,1,1,0
playstore,indosat,"perbaiki sinyal, sering naik turun. masa buat liat tiktok doang kadang sering nyendat kendala sinyal tidak stabil",baik sinyal turun liat tiktok doang kadang nyendat kendala sinyal stabil,3,1,1
playstore,indosat,kesedot terus,sedot,0,1,0
playstore,indosat,harga kuota mahal sinyal sulit,harga kuota mahal sinyal sulit,1,3,0
playstore,indosat,"WOY INI GIMANA JARINGANNYA LEMOT GAK BISA APA APA CO YANG BNER AJA DONG, TOLONG DI PERBAIKI",woy gimana jaring lot co bner tolong baik,2,1,1
playstore,indosat,sangat bagus sekali dan mudah,bagus mudah,2,0,1
playstore,indosat,tiap dibeli harga makin naik tapi sinyal makin down👎,beli harga sinyal down,1,1,0
playstore,indosat,aplikasi tidak dibutuhkan,aplikasi butuh,0,2,0
playstore,indosat,"sudah 3 hari sinyal lelet kaya keong,",sinyal lelet kaya keong,0,1,0
playstore,indosat,"Sudah beberapa hari ini jaringannya parah, kuota masih ada 140GB tapi jaringan bapuk 🤬 IM3 kalau seperti ini terus lama kelamaan akan di tinggalkan pelanggan 😤",jaring parah kuota gb jaring jelek im tinggal langgan,3,3,0
playstore,indosat,aneh banget nih apk mau unreg kuota yang udah mau habis. malah dituker sama yang baru gua beli 50gb . benahin dulu napa bukanya makin bagus malah makin bobrok banyak bug . mohon I itikat baiknya,aneh apk unreg kuota habis dituker gua beli gb benahin napa buka bagus bobrok bug mohon i itikat baik,2,4,0
playstore,indosat,Alhamdulillah syukuri,alhamdulillah syukur,2,0,1
playstore,indosat,sinyal dari kemarinn jelek terus!!,sinyal kemarinn jelek,0,1,0
playstore,indosat,"Kuota mahal cuma 28 hari, jaringan lemottttt",kuota mahal jaring lemottttt,1,2,0
playstore,indosat,"uda beberapa bulan di daerah ku jaringan im3 sangat jelek, merugikan aktifitas kita, banyak terbuang waktu, karena kadang harus ulang dari awal, karna jaringan jelek, walau pun di lapor kemana tetap aja sama",uda daerah ku jaring im jelek rugi aktifitas buang kadang ulang jaring jelek lapor mana,4,4,0
playstore,indosat,paket terlalu mahal,paket mahal,1,1,0
playstore,indosat,"gw kasih bintang 5 biar keliatan, mending tutup aja dah kantor im3,harga naik tapi kualitas kayak sinyal 3G kecewa sama M3",kasih bintang biar liat mending tutup dah kantor im harga kualitas kayak sinyal kecewa m,3,4,0
playstore,indosat,"Em3 sinyalnya jadi lemot bngtz pdahal kouta masih 24GB tolong di perbaiki lagi ,biar penggunanya gak pada kabur minn ini kritikan",em sinyal lot bngtz pdahal kuota gb tolong baik biar guna kabur minn kritik,2,4,0
playstore,indosat,udah kartu enggak ada sinyal+data yg kesedot boros banget+iklan ngeselin,kartu sinyal data sedot boros iklan ngeselin,0,4,0
playstore,indosat,jaringan makin jelek,jaring jelek,1,1,0
playstore,indosat,"eh napa pulsa gua ngurang mulu pe'a, kuota juga ada napa pulsa gua ilang mulu, ganti rugi jing, giliran gua minjem pulsa darurat 3 rebu aja lu tagih mulu giliran diisi pulsa lu sedotin pulsa nya",eh napa pulsa gua ngurang mulu pe a kuota napa pulsa gua ilang mulu ganti rugi jing gilir gua minjem pulsa darurat rebu tagih mulu gilir isi pulsa sedotin pulsa,0,14,0
playstore,indosat,"Belakangan ini sinyalnya suka hilang, lemot parah, kacau!",sinyal suka hilang lot parah kacau,0,3,0
playstore,indosat,mantap ni apk mym3,mantap ni apk mym,1,0,1
playstore,indosat,jaringan tidak stabil mohon di perbaiki,jaring stabil mohon baik,3,0,1
playstore,indosat,bagus tapi geratisan gak ada poin juga susah,bagus geratisan poin susah,2,1,1
playstore,indosat,"dah mah mahal, lemot lg 😑😑😑 JELEK BGT INI SINYALNYAAA TWUMBWENNNN????? pdhl biasanya kl lg ujan pun ga sejelek ini, plsss emtri km knp 😔😔😔🙄🙄🙄 makin ke sini makin jelek jirrr, pdhl ak udh setia ama emtri 😔😔😔",dah mah mahal lot lg jelek sinyalnyaaa twumbwennnn pdhl kl lg ujan jelek plsss emtri km knp jelek jirrr pdhl ak setia ama emtri,0,7,0
playstore,indosat,kurang bonusan,bonus,1,0,1
playstore,indosat,makin kesini makin mahal,kesini mahal,0,1,0
playstore,indosat,bagus dan lancar,bagus lancar,2,0,1
playstore,indosat,"lumayan cepet responnya,dan langsung di tangani,walau sinyalnya agak putus putus",lumayan cepet responnya langsung tangan sinyal putus putus,4,0,1
playstore,indosat,"apalah masa tadi Singal Indosat gw ilang padahal masih 1,3 gb gw jadi Kena cambek padahal lagi main rank udah dapet lord malah kalah gara gara Singal busuk",apa singal indosat ilang gb kena cambek main rank dapet lord kalah gara gara singal busuk,1,7,0
playstore,indosat,Lagi adu retri anjg😡 tiba-tiba ada notif popul mbud,adu retri anjg notif popul mbud,0,2,0
playstore,indosat,membeli 1 kuota yg sering di beli hasil kedepanya semakin mahal dan harinya berkurang di 28 hari bukan 30 hari,beli kuota beli hasil depa mahal hari kurang,1,3,0
playstore,indosat,banyak bonus,bonus,1,0,1
playstore,indosat,ok🙏,ok,1,0,1
playstore,indosat,jaringan lemot sering hilang gk ngotak,jaring lot hilang ngotak,1,2,0
playstore,indosat,sinyal lemot daerah pegunungan sama sekali gak dapet sinyal tarif harga paket mahal buang buang kuota,sinyal lot daerah gunung dapet sinyal tarif harga paket mahal buang buang kuota,3,5,0
playstore,indosat,tolong ya im3 kenapa paket saya gabisa digunakan udah berapa kali beli paket ttp gbisa dipake,tolong im paket gabisa kali beli paket ttp gbisa dipake,2,0,1
playstore,indosat,pulsa TDK dipakai sama sekali kesedot dikit demi sedikit 😭😭😭 sudah sekian kalinya... padahal data internet pakai vendor lain,pulsa tdk pakai sedot dikit sekian kali data internet pakai vendor,0,4,0
playstore,indosat,"web lu ganggu banget, lagi main game bisa tiba"" masuk web im3 kocak gajelas",web ganggu main game masuk web im kocak gajelas,1,3,0
playstore,indosat,"sinyal selalu ilang"" mu gak ada perbaikan sama sekali, udh protes tetep aja gak ada perbaikan sama sekali parah, padahal tinggal gak di plosok tp jaringan kayak di plosok aja",sinyal ilang mu baik protes baik parah tinggal plosok jaring kayak plosok,3,4,0
playstore,indosat,"Semakin lama di pakai jaringan semakin busuk,kalau ga di isi kuota jaringan full,di isi kuota sinyal kadang 1-2 balok doang,benerin lah sinyal jaringan di daerah Riau ni min",pakai jaring busuk isi kuota jaring full isi kuota sinyal kadang balok doang baik sinyal jaring daerah riau ni min,5,3,1
playstore,indosat,transfer pulsa ke sesama pun biayaanya 4rb??? shibaLLLLL,transfer pulsa biayaanya rb shiballlll,0,1,0
playstore,indosat,TIAP NOTIF AUTO MASUK WEB MLU APASIH KOCAK GANGGU BGT KOCAK KOCAK MANA JARINGAN LEMOT MAHAL LG KOCAK LU BISA GA ILANGIN AUTO MASUK WEB NYA GANGGU AJA KOCAK,notif auto masuk web mlu apasih kocak ganggu kocak kocak jaring lot mahal lg kocak ilangin auto masuk web ganggu kocak,1,12,0
playstore,indosat,"jaringan parah terutama di PIK2 tolong di perhatikan lagi untuk jaringan di sekitar PIK 2 dong, ini saya cukup terganggu saat ada pelatihan online",jaring parah pik tolong perhati jaring pik ganggu latih online,2,2,0
playstore,indosat,notif jangan maksa lah udah di batalin malah lanjut ke google,notif maksa batalin google,0,1,0
playstore,indosat,mudah cepat gampang...sayang harga mahal gak sesuai isi Harusnya sesuai harga sesuai isi GB,mudah cepat gampang sayang harga mahal sesuai isi sesuai harga sesuai isi gb,7,1,1
playstore,indosat,bagi bonus,bonus,1,0,1
playstore,indosat,"tadinya saya kasi ⭐ 5 cekarang 1 saja, MENGECEWAKAN 👎😓🤦🏻‍♂️🤦🏻‍♂️",kasi cekarang kecewa,0,2,0
playstore,indosat,aplikasi tidak bagus proses lama gangguan Mulu mending hapus ajalah.,aplikasi bagus proses ganggu mulu mending hapus aja,4,3,1
playstore,indosat,"adain fitur perlindungan pulsa lah cape bener buka data bentar udah kesedot pulsanya mana nominalnya gak kecil lagi, liat riwayat pengeluaran pulsanya juga gk ada seperti pengeluaranya buat ini itu",adain fitur lindung pulsa cape bener buka data bentar sedot pulsa nominal liat riwayat keluar pulsa pengeluaranya,1,7,0
playstore,indosat,"tiba"" apk tidak bisa dibuka, hanya muncul layar putih, sudah di instal ulang sama saja!",apk buka muncul layar putih instal ulang,0,1,0
playstore,indosat,lambat mungkin sinyal slow respon,lambat sinyal slow respon,2,1,1
playstore,indosat,sinyal hilang terus busuk,sinyal hilang busuk,0,2,0
playstore,indosat,provider terbaik dan termurah pilihan paket datanya,provider baik murah pilih paket data,3,2,1
playstore,indosat,ketika paket mau habis misalnya satu jam lagi tiba tiba lemot padahal sisa kuota masih banyak,paket habis jam lot sisa kuota,1,3,0
playstore,indosat,sok gangguan,sok ganggu,0,1,0
playstore,indosat,cepat dan praktis..,cepat praktis,2,0,1
playstore,indosat,"saran buat user M3 Indosat. mendingan pakai Telkomsel, kalo buat internet & main game. Indosat signal penuh, tapi lemot. sering menghubungkan pula",saran user m indosat mending pakai telkomsel internet main game indosat signal penuh lot hubung,2,1,1
playstore,indosat,sinyalnya ilang ilang terus kesel,sinyal ilang ilang kesel,0,3,0
playstore,indosat,bagus👍👍,bagus,1,0,1
playstore,indosat,kadang lemot yg membuat saya kesel walaupun membeli paket besar terkadang tidak ada sinyal nya,kadang lot kesel beli paket terkadang sinyal,3,2,1
playstore,indosat,slain gk ada save pulsa. kenapa kuota mkin sedikit harga mlah mkin mhal???,slain save pulsa kuota mkin harga mlah mkin mhal,1,2,0
playstore,indosat,Ini kenapa paketan 15 GB kok blum masuk dari jam 2.54 pagi,paket gb blum masuk jam pagi,1,1,0
playstore,indosat,jaringan terparah didepok,jaring parah didepok,1,1,0
playstore,indosat,"Coba bos jaringannya nih duh jadi parah gini asalnya bagus makin kini jadi berkurang sinyal si 4g cuman pake nonton youtube ajah loding trus, mau beli paket ajah di aplikasinya susah loding terus sampr mampus",coba bos jaring duh parah gin asal bagus kurang sinyal si cuman pake nonton youtube ajah loding trus beli paket ajah aplikasi susah loding sampr mampus,4,6,0
playstore,indosat,"make nih kartu dah 4tahunan bukannya bener malah jadi lemot bat dah, terimakasih telah merespon keluhan 🙏",make kartu dah tahun bener lot bat dah terimakasih merespon keluh,2,3,0
playstore,indosat,"pulsaku kesedot terus gimana cara matikan langganan, padahal saya tidak pernah berlangg",pulsa sedot gimana mati langgan berlangg,1,3,0
playstore,indosat,"tiba2 sim card tidak bisa dipakai, pulsa masih ada, quota masih banyak .. kacau semua mbca dll .. maling halus cantik ..",sim card pakai pulsa quota kacau mbca dll maling halus cantik,0,1,0
playstore,indosat,info paket internet,info paket internet,1,1,0
playstore,indosat,"gak jelas udh ke 4 kali saya mau beli paket susah sekali, udh gitu jaringannya kadang2 suka ilang parah bukan makin bagus malah makin jelek",kali beli paket susah gitu jaring kadang suka ilang parah bagus jelek,4,4,0
playstore,indosat,"sinyal gajelas, harga tidak sesuai kualitas",sinyal gajelas harga sesuai kualitas,3,0,1
playstore,indosat,jaringan bobrok,jaring bobrok,1,1,0
playstore,indosat,"jangan kasih iklan penawaran tiba-tiba operator memeg, benerin jaringan bukan banyakin penawaran",kasih iklan tawar operator memeg baik jaring banyakin tawar,2,2,0
playstore,indosat,"kenapa tidak bisa beli paket internet ya, saat aku klik malah loading lama terus muncul ""oops, gagal memuat konten, silahkan coba lagi"" ini gimana sih saya sudah cek di WA tapi jawaban dari pertanyaan saya malah tidak jelas, ampas bener sih.",beli paket internet klik loading muncul oops gagal muat konten silah coba gimana cek wa ampas bener,2,3,0
playstore,indosat,"saat membuka aplikasi selalu muncul pop up yang sangat mengganggu, utamakan kenyamanan pengguna. bukan hanya nyari untung saja",buka aplikasi muncul pop up ganggu utama nyaman guna nyari untung,3,3,0
playstore,indosat,sinyalnya jelek,sinyal jelek,0,1,0
playstore,indosat,apl ini makin buruk. ngk bisa buka fitur pembelian paket,apl buruk ngk buka fitur beli paket,1,1,0
playstore,indosat,"ok, terimakasi IM3 sudah membantu kami",ok terimakasi im bantu,1,0,1
playstore,indosat,sangat cocok digunakan untuk melakukan transaksi,cocok transaksi,1,0,1
playstore,indosat,myim3 nyedotin paket sampai 5 GB buat apa asuuu,myim nyedotin paket gb asuuu,1,0,1
playstore,indosat,"INDOSAT kenapa sisa paket data saya 3,6 gb padahal harusnya 4 gb karna kemarin saya hanya menggunakan 2 gb, lalu kenapa pulsa saya kesedot jadi tinggal sisa 4950 padahal harusnya 9950, kemana sisa pulsa 5000 saya? serta mengapa jaringan internet indosat ini sangat jelek sehingga mengharuskan saya menyalakan mode pesawat agar jaringan tersebut kembali seperti semula walaupun secara dalam jangka waktu yang sangat cepat, dan hanya bertahan selama 5-10 menit",indosat sisa paket data gb gb kemarin gb pulsa sedot tinggal sisa mana sisa pulsa jaring internet indosat jelek harus nyala mode pesawat jaring jangka cepat tahan menit,5,10,0
playstore,indosat,sangat membantu saya terima kasih myIM3,bantu terima kasih myim,1,0,1
playstore,indosat,"sangat mudah di gunakan, dan mudah di pahami",mudah mudah paham,2,0,1
playstore,indosat,"makin parah layanan Indosat. udah upgrade ke platinum yg pasca bayar aja masih lag terus kalo di pake maen game. pindah operator aja lahh. ga jelas nih, udah bayar mahal, layanan ga memuaskan.",parah layan indosat upgrade platinum pasca bayar lag pake maen game pindah operator lahh bayar mahal layan muas,3,2,1
playstore,indosat,iya ok bngt,iya ok,1,0,1
playstore,indosat,bagus bagus,bagus bagus,2,0,1
playstore,indosat,sinyal lancar,sinyal lancar,1,0,1
playstore,indosat,"good ,,minta yg 40 GB Adain lagi dan harganya turun,,makasih",good gb adain harga turun makasih,3,0,1
playstore,indosat,Lemott Tambah Banyak Ngelagg kartu apaan paket ajah mahal kualitas ga adaa cuhhh,lemott ngelagg kartu paket ajah mahal kualitas adaa cuhhh,2,1,1
playstore,indosat,Terus menjadi yg terbaik,baik,1,0,1
playstore,indosat,"tolong perbaiiki sinyal,susah bngt, sampe ga bisa dibuat apa"",percumah paket banyak tapi ga bisa dipekek,sama aja ga punya paket data rasanya,,,,,SELAGI MASIH GINI""AJA MASIH GW KASIH BINTANG 1,,ayolahh sinyalnya lemot banget ,suka ilang""sendiri ga jelas bngt",tolong perbaiiki sinyal susah sampe percumah paket kek paket data selagi gin kasih bintang ayolahh sinyal lot suka ilang,2,5,0
playstore,indosat,"Tolonglah JaringanMu Bagus, ini Jelek Sangat!! layanan pengaduanpun tidak ada !! malah diajak ke WA dan AI pula yg jawab.",tolong jaring bagus jelek layan adu ajak wa ai,3,2,1
playstore,indosat,"jaringan buruk, ngelek. main game pun susah. tolong di perbaikilah sinyal nya",jaring buruk ngelek main game susah tolong baik sinyal,3,2,1
playstore,indosat,"babakan ciseeng internetnya parah. 30 gb buat setahun kayanya wkwk, otw ganti kartu.. penikmat internet akan menyesal dengan jaringan ini wkwk",babakan ciseeng internetnya parah gb tahun kaya wkwk otw ganti kartu nikmat internet sesal jaring wkwk,2,1,1
playstore,indosat,woii kapan 5g nya bosen ni 4g mulu,woii bosen ni mulu,0,1,0
playstore,indosat,"jaringan malesin banget di daerah kab tangerang. semakin sini semakin mahal. jaringan ga stabil, lemot. mohon diperbaiki, terimakasih",jaring malesin daerah kab tangerang mahal jaring stabil lot mohon baik terimakasih,5,3,1
playstore,indosat,top markotop,top markotop,1,0,1
playstore,indosat,kenapa sekarang jaringan lemot banget tolong perbaiki dong,jaring lot tolong baik,2,1,1
playstore,indosat,buruk ga guna jaringan jahat terusss,buruk jaring jahat terusss,1,2,0
playstore,indosat,jangan beli kartu Indosat karena kartu Indosat banyak kendala nya padahal saya adalah pelanggan setia kartu Indosat udah 2 tahun memakai kartu Indosat tapi kenapa sekarang kartu Indosat banyak kendala nya kuota saya padahal kuota internet utama masih banyak kuota saya tapi GK bisa di gunakan GK ada sinyal parah saya mau nganti kartu,beli kartu indosat kartu indosat kendala langgan setia kartu indosat pakai kartu indosat kartu indosat kendala kuota kuota internet utama kuota sinyal parah nganti kartu,1,7,0
playstore,indosat,kak kasih promo yang terbaik aplikasi ini kak erternet yang termurah terimakasih kak.,kasih promo baik aplikasi erternet murah terimakasih,4,1,1
playstore,indosat,"sekarang paket data indosat mahal, masa aktifnya jg mahal🤦",paket data indosat mahal aktif mahal,1,3,0
playstore,indosat,"sinyal full, main game lag asw",sinyal full main game lag asw,1,0,1
playstore,indosat,bagus sih tapi koata ku sering habis masa,bagus koata ku habis,1,0,1
playstore,indosat,kalu kuota masih ada akumulasi kan lah jangan di hanguskan..di tambah jaringan nya lemot ..mending ganti kartu nih,kalu kuota akumulasi hangus jaring lot mending ganti kartu,2,3,0
playstore,indosat,sangat tertarik dengan aplikasi ini,tarik aplikasi,1,1,0
playstore,indosat,EMG bgst sinyal mu g siang g malam ..ga ad bener nya,emg bgst sinyal mu siang malam ad bener,0,2,0
playstore,indosat,"Layanan pelanggan sangat buruk, petugas indosat sangat CUEK. Jaringan internet sering eror, harga internet makin mahal, kami beli pulsa bayar lunas dgn waktu beberapa menit, BUKAN hutang/nyicil/kredit. Saat kami lapor jika layanan eror, perbaikan bersyarat harus ini itu, dll mungkin butuh waktu lama hingga berhari hari berbulan bulan bertahun tahun hingga kiamat kah ? TOLONG bantuan pengguna indosat lain menilai bintang 1 supaya pihak indosat mau memperbaiki layanan TERCEPAT dan petugas solutif!",layan langgan buruk tugas indosat cuek jaring internet eror harga internet mahal beli pulsa bayar lunas menit hutang nyicil kredit lapor layan eror baik syarat dll butuh hari bulan tahun kiamat kah tolong bantu guna indosat nilai bintang indosat baik layan cepat tugas solutif,9,11,0
playstore,indosat,"kendala mulu dah, ga ngerti lg ngehambat beli paketan",kendala mulu dah ngerti lg ngehambat beli paket,1,2,0
playstore,indosat,im3 sekarang gk seperti dulu lagi paket internet mahal banget harga yang gk ngotak dan boros + lemot dah lah selamat tinggal im3👋👋,im paket internet mahal harga ngotak boros lot dah selamat tinggal im,3,4,0
playstore,indosat,bisa gak sih kalau jualan kuota itu jualan kuota aja gak perlu dibuat mahal oake embel embel gemini satpam sekarang Adobe apa lah itu. GAK BUTUH GUA,jual kuota jual kuota mahal oake embel embel gemini satpam adobe butuh gua,2,5,0
playstore,indosat,"ngeleg banget,huuu",lambat huuu,0,1,0
playstore,indosat,"jaringannya makin kesini bukanya makin bagus malah makin jelek,minimal kalo harga mahal kualitasnya baguslah",jaring kesini buka bagus jelek minimal harga mahal kualitas bagus,5,3,1
playstore,indosat,sangat praktis.dan nyaman tempat kita mengecek paket data IM3,praktis nyaman ecek paket data im,3,1,1
playstore,indosat,"dulu kita dibuat mudah murah. sekarang dibuat ketergantungan hanya untuk menambah masa aktif.harusnya masa aktif itu BONUS dan gak masuk dengan bisnismu, ini gak jauh dengan Malak , harusnya beli nominal 10 dapet 1 bulan kek masa aktifnya,",mudah murah gantung tambah aktif aktif bonus masuk bisnis malak beli nominal dapet kek aktif,6,3,1
playstore,indosat,sisa Kouta ku kmu larikan kemana klo gk hbis dalam waktu tertentu saat beli Kouta internet ha....,sisa kuota ku kmu lari mana habis beli kuota internet ha,0,4,0
playstore,indosat,sinyal mu jelek. harus di perbaiki sinyal mu,sinyal mu jelek baik sinyal mu,1,1,0
playstore,indosat,kenapa pulsaku kesedot atau tau2 berkurang alias hilang yaa,pulsa sedot tau kurang alias hilang,0,5,0
playstore,indosat,di ikuti saran nya ke IM3 Platinum sinyal ga tambah baik justru tambah LEMOT PARAH,ikut saran im platinum sinyal lot parah,0,3,0
playstore,indosat,kadang eror dan lemotnya lama padahal wifi setabil banget,kadang eror lot wifi setabil,1,2,0
playstore,indosat,Kenapa makin lama pakai kartunya harga paket kuotanya makin mahal juga jadi makin males aja isi pulsa pelanggan lama malah nambah mahal,pakai kartu harga paket kuota mahal males isi pulsa langgan nambah mahal,3,5,0
playstore,indosat,"adduuuhhh tolong dong, gw kan cuma mau ngecek berapa kuota gw, ko susah bgt mana gagal trs lagi, tolong min secepatnya duhh di apk gagal memuat trs di pake sms gagal trs ada kesalahan, tolonglah gercep susah bgt cuma mau lihat kuota doang. udh 4 hari nih gk bisa liat sisa kuota, ini udh kesel bgt duuhhh....",adduuuhhh tolong ngecek kuota ko susah gagal tolong min cepat duhh apk gagal muat pake sms gagal salah tolong gercep susah lihat kuota doang liat sisa kuota kesel duuhhh,2,11,0
playstore,indosat,kenapa harga paket data indosat mahal sekali.. bahkan masa aktifnya sungguh sangat mahal,harga paket data indosat mahal aktif sungguh mahal,2,3,0
playstore,indosat,"di tempatku meski sinyal satu biji atau dua biji untuk jaringan internet masih lumayan kuat dan masih nyaman pake m3 untuk jaringan internet nya dari pada yg lain,",tempat sinyal biji biji jaring internet lumayan kuat nyaman pake m jaring internet,5,1,1
playstore,indosat,"reload reload sendiri, di pakek login tau tau nggak bisa,",reload reload pakek login tau tau nggak,0,2,0
playstore,indosat,"apa ini aplikasi nya tiba tiba macet gak bisa di buka!!,kartu beli kemarin sinyal langsung hilang ,cepat diperbaiki lagi",aplikasi macet buka kartu beli kemarin sinyal langsung hilang cepat baik,3,2,1
playstore,indosat,sangat mudah pemakaianx & mudah d mengerti petunjukx 👍👍,mudah pemakaianx mudah d erti petunjukx,2,0,1
playstore,indosat,sangat mendukung bagi kami,dukung,1,0,1
playstore,indosat,selalu membantu dalam kesulitan,bantu sulit,0,1,0
playstore,indosat,palinggilan spam tolong diblokiir,palinggilan spam tolong diblokiir,0,1,0
playstore,indosat,ini apknya sering ERROR KOCAK saat pmbayaran transaksi.,apknya error kocak pmbayaran transaksi,1,2,0
playstore,indosat,sinyal nya kok sering jelek sih padahal statusnya 4G+ full,sinyal jelek status full,0,1,0
playstore,indosat,kartu saya udah lama hilang. tiba2 ada pengguna lain yg pakai nomor saya di whatsapp. kok bisa?,kartu hilang guna pakai nomor whatsapp,1,1,0
playstore,indosat,"oke banget mudah cari mengoperasikan nya, tolong sinyal di perbaiki jauh lebih cepat lagi, terimakasih indosat",oke mudah cari operasi tolong sinyal baik cepat terimakasih indosat,6,1,1
playstore,indosat,"jelek kali jaringan nya sumpah, main game gabisa tiktok gabisa ntah apa aja mau buka aplikasi pun gabisa wa aja gabisa gawat kali uda ini jaringan indosat alah' perbaiki lagi itu kecewa aku sama indosat ini",jelek kali jaring sumpah main game gabisa tiktok gabisa ntah buka aplikasi gabisa wa gabisa gawat kali uda jaring indosat alah baik kecewa indosat,4,5,0
playstore,indosat,oke mantap,oke mantap,2,0,1
playstore,indosat,semua lebih mudah dlam 1 genggaman,mudah dlam genggam,1,0,1
playstore,indosat,"woiii ini gw lagi main ml kok ngeleg bgt sih, digigit hiu lagi lagi kah",woiii main ml lambat gigit hiu kah,0,2,0
playstore,indosat,"dari dulu hingga sekarang setiap pakai internet dari IM3 smartphone sering panas, cuman Scrol sosial media.",pakai internet im smartphone panas cuman scrol sosial media,2,0,1
playstore,indosat,"iklan ganggu, pencet batal kok masuk web mana jaringan lelet",iklan ganggu pencet batal masuk web jaring lelet,1,5,0
playstore,indosat,mantap sangat membantu,mantap bantu,1,0,1
playstore,indosat,Indosat sinyal mu jelek,indosat sinyal mu jelek,0,1,0
playstore,indosat,siyal ya makin jelek,siyal jelek,0,1,0
playstore,indosat,indosat lu sinyal nya gimana si butut amat,indosat sinyal gimana si butut,0,1,0
playstore,indosat,"im3 makin mahal, biasnya 100gb, 100k. sekarang 80gb harga 125k. IM3 KENAPA JARINGANNYA NA'UZUBILLAHIMINZALIK ASTAGFIRULLAH",im mahal bias gb k gb harga k im jaring na uzubillahiminzalik astagfirullah,2,2,0
playstore,indosat,SINYAL DIBULAN MEI JELEK TERUS WOI YANG BENER AJE BIASANYA BAGUS LANCAR AJA KECEWA,sinyal bulan mei jelek woi bener aje bagus lancar kecewa,2,3,0
playstore,indosat,Provider gajelas padahal aku udah platinum tapi kenapa sih jaringan gapernah stabil sering ilang sinyalnya niat gasih jadi aplikasi rugi banget bayar segitu banyak cuma buat provider yg ga stabil,provider gajelas platinum jaring gapernah stabil ilang sinyal niat gasih aplikasi rugi bayar segitu provider stabil,3,5,0
playstore,indosat,kalau bisa dimurahkan lagi untuk beli paket,murah beli paket,2,0,1
playstore,indosat,udah kuota sekarang mahal nya minta ampun sinyal jelek aduh pindah kartu aja sih,kuota mahal ampun sinyal jelek aduh pindah kartu,0,3,0
playstore,indosat,"internetan dikota berasa kaya diujung perbatasan, siang hari",internetan kota asa kaya ujung batas siang,0,3,0
playstore,indosat,myIM3 sangat buruk koneksi jaringan yah...terlalu bayak promosi tetapi jaringan buruk lebih buruk dari yang buruk,myim buruk koneksi jaring yah bayak promosi jaring buruk buruk buruk,2,4,0
playstore,indosat,saya sangat suka jaringan ini lancar bukan kayak jaringan sebelah (exis) buka aplikasinya aj ngk bisa tapi mohon knp saat nelpon suaranya kayak putus,suka jaring lancar kayak jaring belah exis buka aplikasi aj ngk mohon knp nelpon suara kayak putus,3,4,0
playstore,indosat,KENAPA INI WEY ? sinyalnya jelek bgt,wey sinyal jelek,0,1,0
playstore,indosat,"jaringan kayak siput, biaya lumayan mahal",jaring kayak siput biaya lumayan mahal,2,2,0
playstore,indosat,"JARINGANNYA SEMAKIN LAMA SEMAKIN NGELEG AJAA INDOSAT KARTU HAMAA, MAHAL TAPI JARINGAN NGELEG",jaring lambat ajaa indosat kartu hamaa mahal jaring lambat,2,3,0
playstore,indosat,paket hama,paket hama,1,1,0
playstore,indosat,bagus baru pertama kali pakek im3 jaringan lumayan bagus. smoga semakin membantu,bagus kali pakek im jaring lumayan bagus smoga bantu,4,0,1
playstore,indosat,"Ampas banget jaringan ini,sama sekali gak workit buat kerja",ampas jaring workit kerja,2,1,1
playstore,indosat,penanganan sangat baik,tangan,1,0,1
playstore,indosat,"makin kikir dalam sebulan tu ada 30/31 hari, kenapa 28 hari aktifnyaaaa👊👊👊👊",kikir bulan tu aktifnyaaaa,1,1,0
playstore,indosat,"kak, iklan premiumnya sangat mengganggu, setiap buka langsung diarahkan ke premium, jd bikin lama, tolong dikondisikan, dan sekarang ga ada kuota yang 20 ribuan, kenapa sih kuota musti mahal2 kepakenya cuma sedikit banyak kuota yang hangus, tolong kasih opsi kuota, misal 5gb 23 ribu 30 hari, sekarang tambah ganas ya? selalu memaksa buka myim3 lewat browser.",iklan premium ganggu buka langsung arah premium bikin tolong kondisi kuota ribu kuota musti mahal kepakenya kuota hangus tolong kasih opsi kuota gb ribu ganas paksa buka myim browser,3,9,0
playstore,indosat,mau beli paket sja susah,beli paket sja susah,1,1,0
playstore,indosat,"beli mahal² tapi sinyal nya kadang bagus kadang gak, pas main game lagi asik² nya eh malah lag tiba² pas udah selesai game baru bagus lagi kan aneh",beli mahal sinyal kadang bagus kadang pas main game asik eh lag pas selesai game bagus aneh,9,1,1
playstore,indosat,jaringan busukkkk,jaring busukkkk,1,0,1
playstore,indosat,sinyale bongko percuma mahal,sinyale bongko mahal,0,1,0
playstore,indosat,"oke,siyal juga dah mulai oke",oke siyal dah oke,2,1,1
playstore,indosat,tiap hari sinyal makin susah. dan tidak bisa di gunakan sama sekali,sinyal susah,0,1,0
playstore,indosat,tingkatkan kuwalitas,tingkat kuwalitas,1,0,1
playstore,indosat,mau isi kuota tambahan susah bener,isi kuota tambah susah bener,1,2,0
playstore,indosat,mantap cepat masuk,mantap cepat masuk,2,1,1
playstore,indosat,IM3 Ajing saya punya pulsa 75.000 habis tinggal 13.000 padahal saya pake wifi gak pernah pake data nomorku dia yg ku gunakan nomor yg satunya bisa hilang tinggal 13.000 tolong di perbaiki,im ajing pulsa habis tinggal pake wifi pake data nomor ku nomor satu hilang tinggal tolong baik,1,3,0
playstore,indosat,"saran buat Indosat, klu bsa sisa paketan nya jgn d hanguskan",saran indosat klu bsa sisa paket jgn d hangus,1,2,0
playstore,indosat,paket nya makin mahal,paket mahal,1,1,0
playstore,indosat,sangat tidak puas. karna waktu dan kuotanya,puas kuota,1,1,0
playstore,indosat,"poin tidak bertambah, benefit akses vidio tapi tidak bisa",poin tambah benefit akses vidio,3,0,1
playstore,indosat,paket banyak tapi susah dgunakan,paket susah dgunakan,1,1,0
playstore,indosat,isi pulsa dan paket internet lebih mudah dan praktis,isi pulsa paket internet mudah praktis,3,1,1
playstore,indosat,"batas waktu pemakaian nya dari 30 hari jadi 28 hari doang, jadi banyak kuota yang tersisa.",batas pakai doang kuota sisa,0,3,0
playstore,indosat,kurang lancar,lancar,1,0,1
playstore,indosat,"sekarang udah mahal, jaringan lemot, gimana coba.",mahal jaring lot gimana coba,1,2,0
playstore,indosat,"tolong kalo harga kuota mahal kasihlah sinyal yang berkualitas,udah mahal jelek lagi sinyalnya,rugi kalo kaya gini terus mah,jujur jengkel gw sama Indosat ini,ga sekali dua kali kaya gini,kalo sinyal nya ga sesuai sama harga mending tutup aja daripada bikin orang emosi",tolong harga kuota mahal kasih sinyal kualitas mahal jelek sinyal rugi kaya gin mah jujur jengkel indosat kali kaya gin sinyal sesuai harga mending tutup bikin orang emosi,5,7,0
playstore,indosat,"setiap emergency service tidak pernah masuk, tetapi ada biaya tagihan data. anehhh",emergency service masuk biaya tagih data anehhh,0,3,0
playstore,indosat,"bapukkk bangett sinyal, engga stabil mana skrg minim bangett kuotanya. buruk lahhh skrg indosat",bapukkk bangett sinyal engga stabil skrg minim bangett kuota buruk lahhh skrg indosat,1,5,0
playstore,indosat,jaringan paling jelek yg pernah ku pake,jaring jelek ku pake,1,1,0
playstore,indosat,"Apk Sampah Setiap Bukak Lag Trs Dan Error mulu, padahal udah uninstall dan download lagi, hapus data download ulang Relog tapi tetap aja sama gimana mau beli kuota pas mau bukak Apk aja dan pencet apa yg mau dibeli malah error mulu, tolong di perbaiki ini bugnya Min!!!",apk sampah bukak lag error mulu uninstall download hapus data download ulang relog gimana beli kuota pas bukak apk pencet beli error mulu tolong baik bugnya min,2,7,0
playstore,indosat,keren murah abiss,keren murah abiss,2,0,1
playstore,indosat,Baru di updatei malah gk bs di buka..akunya jd susah mau cek kuota..,updatei bs buka aku susah cek kuota,0,3,0
playstore,indosat,banyak spam menganggu,spam menganggu,0,1,0
playstore,indosat,ganti kartu ajalah jaringan E mulu,ganti kartu aja jaring e mulu,2,0,1
playstore,indosat,saya kasih bintang 3 karna sinyal di kampung kami sangat jelek apalagi sinyal 3 sama im3 padahal tiang Indosat nya udah deket di rumahh,kasih bintang sinyal kampung jelek sinyal im tiang indosat deket rumahh,1,1,0
playstore,indosat,tolong di perbaiki ini indosat sinyal ful tapi busuk jaringan nya ya,tolong baik indosat sinyal ful busuk jaring,2,1,1
playstore,indosat,"SINYAL BURUK KOUTA BANYAK MALAH STUCK ANEHHH , INDOSAT GA KAYA DULU SEKARANG LEMOT BANGET NGELEG PARAH",sinyal buruk kuota stuck anehhh indosat kaya lot lambat parah,0,5,0
playstore,indosat,sangat bermanfaat dan berguna,manfaat guna,2,0,1
playstore,indosat,"kalau kuota yang 1 bulan jaringan lemot minn, kalau yang 1 minggu atau yang lain itu ngga,. kenapaa??",kuota jaring lot minn minggu ngga kenapaa,1,3,0
playstore,indosat,kecewa buka apk sendiri aja harus pake kuota,kecewa buka apk pake kuota,0,2,0
playstore,indosat,perbaiki sinyal luu woyy,baik sinyal luu woyy,1,0,1
playstore,indosat,"kalo bukan gegara semua data data saya di nomer indosat ga akan saya pake ni provider sumpah, beli paket mahal sinyal buruk banget mening perbaikin kualitas sinyal biar yg make ni provider betah",gegara data data nomer indosat pake ni provider sumpah beli paket mahal sinyal buruk ning perbaikin kualitas sinyal biar make ni provider betah,2,5,0
playstore,indosat,tdi buat ig tiktok aman ajh giliran main ml jaringan langsung kosong gimana mksdnya dah kgk jls bngt skrng robohin ajh towernya bang aneh jaringan lu,tdi ig tiktok aman ajh gilir main ml jaring langsung kosong gimana mksdnya dah kgk jls skrng robohin ajh towernya bang aneh jaring,3,3,0
playstore,indosat,semenjak ada pemasangan wifi jaringan jadi lemot tolong lh di perbaiki lagi di wilayah Naringgul cianjur Selatan tolong lh,semenjak pasang wifi jaring lot tolong lh baik wilayah naringgul cianjur selatan tolong lh,3,1,1
playstore,indosat,"PLISSS KLO AKU MALE DATA NYA JAN LEMOTT PLISS, MASA HARUS DI MODE PESAWAT DULU SIH, JAN LEMOT LAHH",plisss male data jan lemott pliss mode pesawat jan lot lahh,0,3,0
playstore,indosat,susah di buka,susah buka,0,1,0
playstore,indosat,saya kasi bintang 5 karena sinyal nya itu yah kadang bagus kadang lag,kasi bintang sinyal yah kadang bagus kadang lag,3,1,1
playstore,indosat,"kok skrng makin mahal .... dulu sebulan 50rb 20Gb ... makin ke sini makin turun , 18,15,skrng malah 13 GB ... hadeeeehhh",skrng mahal bulan rb gb turun skrng gb hadeeeehhh,0,2,0
playstore,indosat,"Haloo admin ini saya tadi sudah membeli kuota sebesar 15GB seharga 50k, nah namun mengapa tulisannya proses terus, dari sore sampe malem jam segini tulisannya proses mulu udah diulang ulang juga tulisannya proses mulu, tolong kalau prises itu secepatnya ya kalau ada apa apa minimal bilang kek",haloo admin beli kuota gb harga k tulis proses sore sampe malem jam gin tulis proses mulu ulang ulang tulis proses mulu tolong prises cepat minimal bilang kek,6,3,1
playstore,indosat,lemot sinyal lemot terus,lot sinyal lot,0,2,0
playstore,indosat,"terimakasih untuk perbaikannya 🙏🏻 dan tolong untuk kualitas sinyalnya ditingkatkan lagi, karena kita cukup frustasi dengan kualitas jaringan saat ini terimakasih🙏",terimakasih baik tolong kualitas sinyal tingkat frustasi kualitas jaring terimakasih,7,1,1
playstore,indosat,jelek suka masuk web sendiri,jelek suka masuk web,0,2,0
playstore,indosat,ok Murah tapi sinyallnyaaaaa😔😔,ok murah sinyallnyaaaaa,2,0,1
playstore,indosat,harga paket masih agak mahal di sini,harga paket mahal,2,1,1
playstore,indosat,sinyal paling buruk.... sangat menyesal pake im3...,sinyal buruk sesal pake im,0,1,0
playstore,indosat,"layanan seluler terburuk yang perna saya gunakan, saya harap Im3 kedepannya jadi lebih berkembang agar tidak ada masalah lemot pada jaringan nya",layan seluler buruk perna harap im depan kembang lot jaring,2,2,0
playstore,indosat,mantap pokoke👍👍👍,mantap pokoke,1,0,1
playstore,indosat,"jangan bikin manusia lucu emosi malem' dah, jaringan jelek bangett",bikin manusia lucu emosi malem dah jaring jelek bangett,2,4,0
playstore,indosat,saya beli perpanjangan masa aktiv kok gak masuk padahal saldo udah berkurang tpi masa aktivnya tetap sama,beli panjang aktiv masuk saldo kurang tpi aktivnya,2,2,0
playstore,indosat,masa iya beli paket 15gb Di kasih 5.2gb aneh,iya beli paket gb kasih gb aneh,1,0,1
playstore,indosat,setiap hari ada bonus,bonus,1,0,1
playstore,indosat,"kenapa udh hampir 1 bulan bahkan lebih sinyal. jelek, sering loading, gangguan, mana buka apk im3 nya ajah susah, gangguan terus? ada apa? apakah harus pindah apk sebelah yah?",sinyal jelek loading ganggu buka apk im ajah susah ganggu pindah apk belah yah,0,5,0
playstore,indosat,"udah beli pulsa gak dipake tapi tetep ngurang padahal pake wifi terus,mana beli banyak lagi",beli pulsa dipake ngurang pake wifi beli,0,1,0
playstore,indosat,sinyal nya bagus bgt,sinyal bagus,1,0,1
playstore,indosat,"Jaringan im3 sekarang makin parah, di belikan kuota paket 1 bulan lemotnya minta ampun, giliran yang paket harian lancar lancar aja. Aneh 😡",jaring im parah belikan kuota paket lot ampun gilir paket hari lancar lancar aneh,5,4,1
playstore,indosat,"Koneksi internet nya sangat burukk, area bsd saja internet nya lemot",koneksi internet burukk area bsd internet lot,0,1,0
playstore,indosat,"jaringan nya ngeleg terus beberapa hari ini, tolong dong diperbaiki jaringan nya supaya bagus",jaring lambat tolong baik jaring bagus,4,1,1
playstore,indosat,cepat respond aplikasinya,cepat respond aplikasi,1,1,0
playstore,indosat,Mantap Sekali,mantap,1,0,1
playstore,indosat,"saran dari saya, untuk plosok kartu ini tidak direkomendasikan jaringan sering ilang, saya ini udah dua hari disaat jam 6 sore jaringan hilang bahkan jaringan E, saran saya mending Telkom, karena kartu ini murah di awal, sekarang saya udah 3 bulan pake, Kouta mahal namun kecepatan jaringan lambat",saran plosok kartu rekomendasi jaring ilang saat jam sore jaring hilang jaring e saran mending telkom kartu murah pake kuota mahal cepat jaring lambat,7,5,1
playstore,indosat,beli kouta ngga masuk2 heran bgt,beli kuota ngga masuk heran,0,3,0
playstore,indosat,"Mantap IM3, semoga secepatnya bisa gratis Kuotanya 1 bulan aja",mantap im moga cepat gratis kuota,4,1,1
playstore,indosat,"gak seperti tri,download m3 ga ada bonus apa apa",tri download m bonus,1,0,1
playstore,indosat,"sudah beberapa hari signalnya ga jelas, kouta boros dari biasanya niat ga sih jadi provider kalau tidak niat tutup/ jual sahamnya saja, mana harganya mahal kualitas tidak ada",signalnya kuota boros niat provider niat tutup jual saham harga mahal kualitas,3,4,0
playstore,indosat,ini apk paling lama nanganin pelanggan paling gercep soal uang kaya koruptor mana penanganan nya lama nggak ada fitur kaya axis mana internet lemot udah pokonya gw kecewa di tambah pulsa gw selalu ke sedot walau nggak pernah berlangganan ke iklan iklan lain mana yang jadi masala itu penanganan nya lama itu yang bikin saya kecewa di tambah penanganan pake ai terus pegawai nya pada tidur gitu enak bener,apk nanganin langgan gercep uang kaya koruptor tangan nggak fitur kaya axis internet lot poko kecewa pulsa sedot nggak langgan iklan iklan masala tangan bikin kecewa tangan pake ai pegawai tidur gitu enak bener,6,6,0
playstore,indosat,jaringan lemot banget kaya kon,jaring lot kaya kon,1,1,0
playstore,indosat,"tolong dong Indosat kasih penjelasan kenapa sinyal di karawaci Tangerang perum 1 dan 2 sinyal kalo buat TLP ga bisa tapi kalo buat wa aga lelet dan pas masuk halo halo suaranya ga ada,tolong di perbaiki kasihan orang orang kalo mau urgent susah 🙏",tolong indosat kasih jelas sinyal karawaci tangerang perum sinyal tlp wa aga lelet pas masuk halo halo suara tolong baik kasihan orang orang urgent susah,4,3,1
playstore,indosat,apasih ini tiba tiba motong pulsa data seluler sudah di matikan aneh,apasih motong pulsa data seluler mati aneh,0,4,0
playstore,indosat,sinyal di Denpasar jelek,sinyal denpasar jelek,0,1,0
playstore,indosat,"lemooooot gak ada perubahan , mahal doang sinyal jelek.. makin parah sinyal lu",lemooooot ubah mahal doang sinyal jelek parah sinyal,0,3,0
playstore,indosat,"Makin kesini signalnya makin jelek, udh laporan cuma disuruh matikan hp gtu aja terus.",kesini signalnya jelek lapor suruh mati hp gtu,1,3,0
playstore,indosat,tolong buat jaringan m3 dipebaiki lemot banget padahal 4g dikota juga 🗿,tolong jaring m baik lot kota,2,2,0
playstore,indosat,terima kasih MyIM3 sudah menyediakan paket untuk driver ojek online saya biasa beli paket 50 ribu 20 GG untuk 30 hari ada 20 menit free telp ke semua operator..sukses selalu untuk myIM3,terima kasih myim sedia paket driver ojek online beli paket ribu gg menit free telp operator sukses myim,6,0,1
playstore,indosat,hrg ny terlalu mahal.,hrg ny mahal,0,1,0
playstore,indosat,harga mahal sinyal putus putus nggak akan gue pakek lagi,harga mahal sinyal putus putus nggak pakek,1,1,0
playstore,indosat,"pulsa ny kalo d isi cpt bgt brkrng g smpk 1m dah brkrng g suka jujr👊🏻🙄, tp intrnt ny enak si🙂‍↕️👍🏻",pulsa ny d isi cepat brkrng smpk m dah brkrng suka jujr intrnt ny enak si,1,2,0
playstore,indosat,"aplikasinya sih bagus,pelayanan ok,tapi game panjat kuota itu menurutku setingannya terlalu keliatan,aku udah main 30-40 menit-an dan gk dapet apa"",sia-sia gw habisin kuota ama waktu buat game yang setingan dan terlalu di lebih-lebih kan",aplikasi bagus layan ok game panjat kuota turut ting liat main menit an dapet sia sia habisin kuota ama game ting,5,6,0
playstore,indosat,jaringan sering ilang2an beli yg 100gb kyk ngemis kuota padahal udah 10thn lebih berlangganan,jaring ilang an beli gb kyk ngemis kuota thn langgan,2,2,0
playstore,indosat,makasih untuk aplikasinya 'sangat membantu dan banyak fitur kuota pilihannya.,makasih aplikasi bantu fitur kuota pilih,1,3,0
playstore,indosat,"IM3 neh agak-agak lain ya, masa beli paket baru, paket yang lama hilang tak bersisa, padahal masa aktif paket yg lama masih lama.. Jengkelin tau nggak..",im neh beli paket paket hilang sisa aktif paket jengkelin tau nggak,3,3,0
playstore,indosat,murahin dikit Napa,murahin dikit napa,0,2,0
playstore,indosat,"paketan utama msh Ada tpi pulsa tetep kesedot memang bener² gak beres indosat, kyk Telkom ama XL Ada fitur safe nya loh",paket utama msh tpi pulsa sedot bener beres indosat kyk telkom ama xl fitur safe loh,1,2,0
playstore,indosat,tolonglah adakan kuota 30 Gb Rp 50.000 yang 30 hari..jangan 28 hari,tolong adakan kuota gb rp,0,1,0
playstore,indosat,OK,ok,1,0,1
playstore,indosat,keren sungguh praktis,keren sungguh praktis,2,0,1
playstore,indosat,sinyal jelek banget,sinyal jelek,0,1,0
playstore,indosat,"im3 payah, jaringan dalam kota aja lelet banget, harga kuota nya mahal, saya kasih bintang 1",im payah jaring kota lelet harga kuota mahal kasih bintang,2,5,0
playstore,indosat,poinnya gak bisa di tukar buat pembayaran,poin tukar bayar,1,0,1
playstore,indosat,udah mahal lag lagi💔💔,mahal lag,0,1,0
playstore,indosat,kgk banyak komen pokoknya ok markitop,kgk komen pokok ok markitop,1,1,0
playstore,indosat,sinyal dikit ngelag sinyal banyak juga ngeleg gmn sih🗿,sinyal dikit lambat sinyal lambat gmn,0,3,0
playstore,indosat,pliss lah benerin jaringan Lo setan gue beli kuota ratusan ribu Ampe gak bisa kepake sama sekali mana tiap Minggu jaringan nya terus gangguan malahan sekarang udah ampir seminggu tuh jaringan nya ilang KLO bangrut bangrut lah sekalian jadi operator tolol banget kuota gue malah habis krna jangka waktu nya bukan karna di gunain,pliss baik jaring setan beli kuota ratus ribu ampe kepake minggu jaring ganggu ampir minggu tuh jaring ilang bangrut bangrut operator tolol kuota habis krna jangka gunain,5,6,0
playstore,indosat,mantap 🥳,mantap,1,0,1
playstore,indosat,paket data sudah berakhir masih ada 12gb hilang ini tandanya Indosat koruptor,paket data gb hilang tanda indosat koruptor,1,3,0
playstore,indosat,terbaikku,baik,1,0,1
playstore,indosat,"Jujur sangat Tidak Direkomendasikan, Jaringan Lambat, Hanya muncul 2 Batang saja padahal di kota besar, area terbuka. kecepatan nya tidak stabil bahkan sering dibawah standar, kecewa besar karna sudah mengisi banyak kuota di kartu ini tapi jaringan nya tidak mendukung secara baik🤏🏻",jujur rekomendasi jaring lambat muncul batang kota area buka cepat stabil bawah standar kecewa isi kuota kartu jaring dukung,5,6,0
playstore,indosat,"kenapa ya udh bbrpa BLN ini tiap maketin paketan buat 1 bln selalu saja cuma dua mingguan kalo gak ya 3 mggu aja pdhl masih bnyak, dan tidak dalam masa tenggang pulsa juga ada ,tapi setiap hari pulsa kesedot",bbrpa bln maketin paket bln minggu mggu pdhl bnyak tenggang pulsa pulsa sedot,1,3,0
playstore,indosat,"makin lama makin aneh, masa aktif 28 hari, mau transaksi gagal terus, kadang jaringan nya hilang, ntah lah bukannya bagusin performa malah kebanyakan bikin promo gaje",aneh aktif transaksi gagal kadang jaring hilang ntah bagusin performa banyak bikin promo gaje,4,3,1
playstore,indosat,"Pulsa ku tiba² habis, dari 30 ribu jadi 1 ribu doang, padahal data seluler mati, pulsa nya belum ku pake sama sekali, wah jangan² operator nya korupsi pulsa",pulsa ku habis ribu ribu doang data seluler mati pulsa ku pake operator korupsi pulsa,0,6,0
playstore,indosat,"kocakk kartunyah ga minjem, gaapa malah ngurangin pulsa gua balikin kocak.kalo pengen uang jangan gini kocak",kocakk kartunyah minjem gaapa ngurangin pulsa gua balikin kocak ken uang gin kocak,0,4,0
playstore,indosat,provider taii ngelag terus,provider tahi lambat,0,2,0
playstore,indosat,good app,good app,1,0,1
playstore,indosat,sinyal d Mampang Prapatan Tegal parang susah/ jelek tolong di perbaiki tks,sinyal d mampang prapatan tegal parang susah jelek tolong baik tks,1,3,0
playstore,indosat,"Saya sdh hmpir 6 thn pakai provider ini, tetapi akhi² ini kualitasnya sangat mengecewakan JELEK!. Pkt 100GB Rp125 ribu yg dlu bisa dipkai untuk YouTube 1080p, Zoom, game, dan hotspot banyak perangkat kini hnya brthan skitar 16 hr. Bahkan menonton YT di 360p sj sering buffering lma, smntara kuota ttp tersedot SANGAT BOROS ! walau video tidak jalan. Restart HP dan mde pesawat hanya mmbantu sbntar. Krna kualitas jaringan makin BURUK! dan tidak sebanding dengan harga yg MAHAL!, sy PINDAH PROVIDER !",sdh hmpir thn pakai provider akh kualitas kecewa jelek pkt gb rp ribu dlu dipkai youtube p zoom game hotspot perangkat hnya brthan skitar hr tonton yt p sj buffering lma smntara kuota ttp sedot boros video jalan restart hp mde pesawat mmbantu sbntar krna kualitas jaring buruk banding harga mahal pindah provider,5,9,0
playstore,indosat,pulsa otomatis ke pake ketika kuota habis,pulsa otomatis pake kuota habis,1,2,0
playstore,indosat,mau beli paket bukannya dipermudah malah di persulit gini amat emng silit,beli paket mudah sulit gin emng silit,2,1,1
playstore,indosat,karena hari itu nomor telepon kode verifikasi secara manual dengan aplikasi lainnya. menyukai programming language atau kartu SIM lebih sempurna,nomor telepon kode verifikasi manual aplikasi suka programming language kartu sim sempurna,0,2,0
playstore,indosat,"Indosat kartu taii, udah mahal sinyal nya jelek jaringan jelek,kartu sampahhhhhhhhhh!!!!!!! lagi maen game jdi nya afk mulu taiiiiiiiiiii",indosat kartu tahi mahal sinyal jelek jaring jelek kartu sampahhhhhhhhhh maen game jdi afk mulu taiiiiiiiiiii,3,4,0
playstore,indosat,bagus terpercaya,bagus percaya,2,0,1
playstore,indosat,bagus sinyalnya,bagus sinyal,1,0,1
playstore,indosat,"membantu, baik, amanah",bantu amanah,1,0,1
playstore,indosat,M3 SINYAL NYA SANGAT BURUK 👎🏼,m sinyal buruk,0,1,0
playstore,indosat,kartu nya bagus sih lumayan... tapi sering gangguan di tempat saya 😮‍💨,kartu bagus lumayan ganggu,2,1,1
playstore,indosat,"main panjat kuota uda 1 jam dpet 1gb kok ga masuk kuotanya penipuan jir,gua kasih bintang 5 biar keliatan",main panjat kuota uda jam dpet gb masuk kuota tipu jir gua kasih bintang biar liat,0,5,0
playstore,indosat,"saya tidak pernah mengaktifkan atau memakai kuota darurat, tapi saya mendapatkan notifikasi bahwa kuota darurat aktif, setelah saya cek ternyata benar kuota darurat aktif tanpa konfirmasi atau persetujuan saya & ini bukan kali pertama tapi sebelumnya juga pernah kejadian hal yang sama.",aktif pakai kuota darurat notifikasi kuota darurat aktif cek kuota darurat aktif konfirmasi tuju kali jadi,1,4,0
playstore,indosat,"babi dimana aja gak stabil, sinyal busuk banget.",babi mana stabil sinyal busuk,1,2,0
playstore,indosat,buat paket promo yg lebih murah,paket promo murah,3,0,1
playstore,indosat,makin jelek sinyal makin mahal paketnya makin dikit masa aktif,jelek sinyal mahal paket dikit aktif,1,3,0
playstore,indosat,good. syasuka aplikasi myIM3,good syasuka aplikasi myim,1,1,0
playstore,indosat,"gak jelas. paket perpanjang otomatis. pulsa habis percumah, kuota gak terpakai. makin scam aja ini. merusak kepercayaan costumer!",paket panjang otomatis pulsa habis percumah kuota pakai scam rusak percaya costumer,4,2,1
playstore,indosat,kasih promo kuota,kasih promo kuota,1,1,0
playstore,indosat,"apk lemot ,jaringn sering jamping jamping sendiri di mana aja,layanan bantuan e gak ngasih nyelesain masalah tiap complain kontoll kontolll",apk lot jaringn jamping jamping layan bantu e ngasih nyelesain complain kontoll kontolll,0,1,0
playstore,indosat,signal ssah pdhal jakarta..hdueehh,signal ssah pdhal jakarta hdueehh,0,1,0
playstore,indosat,kuotanya mahal mahal bgt,kuota mahal mahal,0,3,0
playstore,indosat,bagus cepat amanah,bagus cepat amanah,3,0,1
playstore,indosat,lumayan mahal tapi baguslah sinyalnya,lumayan mahal bagus sinyal,2,1,1
playstore,indosat,Makasih myIM3 semuanya menjadi mudah,makasih myim mudah,2,0,1
playstore,indosat,"lu baca yang bener ye..! cuma Indosat yang kalo ngisi kuota baru sisa kuota lama langsung hilang di maling, padahal kuota sisa masih ada waktu dua hari lagi eh malah di comot sama dia ! lain kali mending gak usah pake Indosat lagi maling dasar maliiiing !!!!!!",baca bener ye indosat ngisi kuota sisa kuota langsung hilang maling kuota sisa eh comot kali mending pake indosat maling dasar maliiiing,2,7,0
playstore,indosat,sangat bagus dan cepat transaksi isi pulsa 👍,bagus cepat transaksi isi pulsa,3,1,1
playstore,indosat,sangat membantu dan permudahkan kita bertransaksi,bantu mudah transaksi,2,0,1
playstore,indosat,"lu kalo mau jual jaringan diperbaiki dulu jaringan nya tempek,gua mau belajar aja susah banget asu,gua udah maklumin kalo ujan ngelag karna gua tinggal di Kalimantan,cuma gua masih diperkotaan bukan di desa kunyukkk,",jual jaring baik jaring tempek gua ajar susah asu gua maklumin ujan lambat gua tinggal kalimantan gua kota desa kunyukkk,4,7,0
playstore,indosat,"penggunaan kuota nya sedikit sekali baru brapa gb di pakai sudah ada tandannya ""kuota anda habis padahal baru beli 100rb"" tolong di perbaiki lagi buat m3 ini pusing kepala tiba² kuota habis padahal baru brapa gb di pakai gak jls banget. penggunaan kuota nya sedikit sekali baru brapa gb di pakai sudah ada tandannya ""kuota anda habis padahal baru beli 100rb"" tolong di perbaiki lagi buat m3 ini pusing kepala tiba² kuota habis padahal baru brapa gb di pakai gak jls banget. tolong di perbaikan lgi",guna kuota brapa gb pakai tandan kuota habis beli rb tolong baik m pusing kepala kuota habis brapa gb pakai jls guna kuota brapa gb pakai tandan kuota habis beli rb tolong baik m pusing kepala kuota habis brapa gb pakai jls tolong baik lgi,5,8,0
playstore,indosat,"praktis, mantabs",praktis mantabs,1,0,1
playstore,indosat,apalah jaringan full paket data banyak lag terus gimna lah cobak anjir gak jelas,apa jaring full paket data lag gimna cobak anjir,2,2,0
playstore,indosat,kadang nyebelin ga bisa diakses,kadang nyebelin akses,2,1,1
playstore,indosat,harga pulsa mahal,harga pulsa mahal,1,2,0
playstore,indosat,semoga bermanfaat,moga manfaat,2,0,1
playstore,indosat,lemot nying apk burik,lot nying apk burik,0,1,0
playstore,indosat,"gawat kali ini aplikasi penyedot pulsa. dia yg SMS ke nomor kita, pulsa kita pulak yg abis.",gawat kali aplikasi sedot pulsa sms nomor pulsa pulak abis,0,6,0
playstore,indosat,aplikasi keren,aplikasi keren,1,1,0
playstore,indosat,"komen jaringan sering error trus di email restart hp tetapi masalah masih sama. diarahkan ke wa cs,solusinya apa coba tebak 🤣 gua disuruh menanyakan ke pengguna lain bermasalah kagak?🤣 kocak2 dah tahu banyak yg komplain malah disuruh nanya,nalarnya dimana coba.terakhir kali ini saja saya pakai indosat,setelah kuota paket habis akan pindah ke telkomsel aja atau axis",komen jaring error trus email restart hp arah wa cs solusi coba tebak gua suruh guna masalah kagak kocak dah komplain suruh nanya nalar mana coba kali pakai indosat kuota paket habis pindah telkomsel axis,4,11,0
playstore,indosat,Terbaik 👍👍🔥🔥,baik,1,0,1
playstore,indosat,layan bagus,layan bagus,1,0,1
playstore,indosat,"sinyal jelek paket mahal , saya komplen di indira mana balasnya pesan otomatis gak tau bahasa manusi , saya sudah pakai bahasa indon masih gak ngerti ,",sinyal jelek paket mahal komplen indira balas pesan otomatis tau bahasa manusi pakai bahasa indon ngerti,2,5,0
playstore,indosat,ada kendala min tidak bisa cek status paket data mohon di perbaiki,kendala min cek status paket data mohon baik,2,3,0
playstore,indosat,error mulu,error mulu,0,1,0
playstore,indosat,jaringan dungo jaringan lansung hilang padahal udah stabil sudah di pusat tower,jaring dungo jaring lansung hilang stabil pusat tower,4,1,1
playstore,indosat,"gangguan mulu jaringan nya di kalsel,kab tabalong, masukin vocher aja gak bisa",ganggu mulu jaring kalsel kab tabalong masukin vocher,1,1,0
playstore,indosat,sumpah ini kartu jelek skli anj..g memang,sumpah kartu jelek skli anj,0,1,0
playstore,indosat,"makin hari makin mahal biaya paket data... gak perlu ada paketan google gemini , telpon gratis atau sms gratis... cukup internet saja !!!! mending pindah deh ke provider lain",mahal biaya paket data paket google gemini telpon gratis sms gratis internet mending pindah provider,5,2,1
playstore,indosat,sinyal Indosat sekarang busuk banget padahal posisi di jakarta barat tolong dong di perbaiki parah buat brosing google aja kadang susah banget sampe separah itu,sinyal indosat busuk posisi jakarta barat tolong baik parah brosing google kadang susah sampe parah,2,4,0
playstore,indosat,"woi kalok mau iklan bilang lah, masak gw udah main menit 40+ adu retri ada lu ya kalah lah bujuk. apalagi di bawa chrome situ mau iklan apa mau nonton bk ups",woi kalok iklan bilang masak main menit adu retri kalah bujuk bawa chrome situ iklan nonton bk ups,0,2,0
playstore,indosat,"makin kesini makin sering lemot padahal kuota yg di beli banyak, karna sering lemot jadi kuota gak terpakai trus berakhir hangus ketika masa pakai habis🙏",kesini lot kuota beli lot kuota pakai trus hangus pakai habis,0,5,0
playstore,indosat,tolong lah Indosat jaringan perbaikin lagi paket aja mahal jaringan leg leg trus kacau,tolong indosat jaring perbaikin paket mahal jaring leg leg trus kacau,3,1,1
playstore,indosat,pengisian puas,isi puas,1,0,1
playstore,indosat,oke bagus,oke bagus,2,0,1
playstore,indosat,kualitas sinyal tidak sesuai dengan harga paket yg terbilang mahal,kualitas sinyal sesuai harga paket bilang mahal,4,1,1
playstore,indosat,jaringan skrng lbh jelek harga kuota mahal anj,jaring skrng lbh jelek harga kuota mahal anj,2,3,0
playstore,indosat,Jaringannya jelek banget apalagi buat main game jelas udah kayak make wifi tetangga ngeleg nya,jaring jelek main game kayak make wifi tetangga lambat,2,3,0
playstore,indosat,paketan mahal sinyal syulittt,paket mahal sinyal syulittt,1,1,0
playstore,indosat,"m3 bgsaaaattt,, selalu maksa buka chrome, lagi penting2nya, sehari selalu muncul 5x",m bgsaaaattt maksa buka chrome hari muncul x,0,1,0
playstore,indosat,"beli Quota mahal, massa aktip 28 hari, blum jatu tempo 28 hari SiM masuk massa tenggang, sisah Quota hangus, sangat2 merugikan konsument",beli quota mahal massa aktip blum jatu tempo sim masuk massa tenggang sisah quota hangus rugi konsument,0,4,0
playstore,indosat,jaringan pler sinyal kadang hilang Mulu,jaring pler sinyal kadang hilang mulu,2,1,1
playstore,indosat,"dengan harga yang cukup tinggi dan kualitas jaringan yang diberikan, saya merasa provider ini tidak worth untuk digunakan. hanya untuk membuka aplikasi saja sangat sulit, buka video di internet loadingnya lama sekali",harga kualitas jaring provider worth buka aplikasi sulit buka video internet loadingnya,3,2,1
playstore,indosat,buruk kk buat daftar aplikasi dan beli kouta pulsanya mahal ga kaya aplikasi lain kaya Telkomsel AXIS dan lainnya,buruk kk daftar aplikasi beli kuota pulsa mahal kaya aplikasi kaya telkomsel axis,0,6,0
playstore,indosat,sinyalnya jelek bgt lemottttttt,sinyal jelek lemottttttt,0,1,0
playstore,indosat,sinyal lelet ilang2 ang padahal kuota masih banyak CS nya juga krg memberi solusi. baru kali ini im3 sinyal jelek bgt,sinyal lelet ilang ang kuota cs krg solusi kali im sinyal jelek,1,5,0
playstore,indosat,signal sulit lokasi maluku utara,signal sulit lokasi malu utara,0,1,0
playstore,indosat,tolong diperbaiki ya jaringan nya kalo gak membaik bubarin aja gak usah Jualan lagi,tolong baik jaring baik bubarin jual,4,0,1
playstore,indosat,suka ngelag anj masa si tengah kota sinyal nya gak ada kek dihutan Kalimantan aja udh gitu giliran dilaporkan masalah sinyal nya cuman bilang ada pengotimalan jaringan situ benerin apa ngerusakin emang paling bener ganti kartu aja.,suka lambat anj si kota sinyal kek hut kalimantan gitu gilir lapor sinyal cuman bilang pengotimalan jaring situ baik ngerusakin emang bener ganti kartu,3,2,1
playstore,indosat,sangat baik dan lancar,lancar,1,0,1
playstore,indosat,"sinyal udah kayak hantu. jadi sia² isi Kouta banyak. terbuang percuma, lebih baik ganti ke kartu lain daripada IM3. di tengah kota masih susah sinyal !!",sinyal kayak hantu sia isi kuota buang ganti kartu im kota susah sinyal,0,6,0
playstore,indosat,tolong di berbaikin lg tiap saat leg2 mulu buang aja paket data klau seperti ini truss,tolong berbaikin lg leg mulu buang paket data klau truss,1,2,0
playstore,indosat,sinyal bapukk mending ganti kartuuu,sinyal bapukk mending ganti kartuuu,1,0,1
playstore,indosat,"sumpah ini gak terurus apa gimana sih pulsa darurat gak masuk malah di suruh bayar, pemerasan jadi nya gak sih buat hal yang gak di dapat kan terus di suruh bayar + bunga nya",sumpah urus gimana pulsa darurat masuk suruh bayar peras suruh bayar bunga,0,4,0
playstore,indosat,kalau bisa paket M3 nya di murahin lagi tapi GB nya di besarin,paket m murahin gb besarin,1,0,1
playstore,indosat,kenapa jaringan IM3 makin jelek banget jaringan nya sering lag,jaring im jelek jaring lag,2,1,1
playstore,indosat,"lambat dalam pembayaran lolot , enggak bisa pake dana lagi lebih lolot kaya asu bikin dana aku hilang 20 dan enggak usah lama lah proses nya bikin pusing aja",lambat bayar lolot pake dana lolot kaya asu bikin dana hilang proses bikin pusing,3,3,0
playstore,indosat,"aplikasi sering eror, sehingga tidak bisa masuk apk",aplikasi eror masuk apk,0,3,0
playstore,indosat,"makin hari harga voucher makin mahal aja,plis lah turunin kartu lain perasaan segitu segitu aja sinyal pun bagus ini indosat udah mahal kuotanya pelit",harga voucher mahal plis turunin kartu asa segitu segitu sinyal bagus indosat mahal kuota pelit,3,5,0
playstore,indosat,"bagus si terbantu banget untuk ngecek pulsa & kuota, bisa tuker point juga tapi sayang untuk mbuka aplikasinya berat banget",bagus si bantu ngecek pulsa kuota tuker point sayang mbuka aplikasi berat,1,3,0
playstore,indosat,sudah berapa hari aplikasi gagal dibuka padahal sudah reinstall dan ada jaringan,aplikasi gagal buka reinstall jaring,1,2,0
playstore,indosat,"mau cek kuota hari ini dari pagi kok gangguan terus ya? ada apa? buat nonton youtube jg tadi pagi sempet muter² videonya. ayo indosat, sehat dong...",cek kuota pagi ganggu nonton youtube pagi sempet muter video ayo indosat sehat,1,3,0
playstore,indosat,sangat puas 🤩,puas,1,0,1
playstore,indosat,jaringan sampah ga jelas banget,jaring sampah,1,1,0
playstore,indosat,mudah sekali,mudah,1,0,1
playstore,indosat,paketan puas,paket puas,2,0,1
playstore,indosat,bagus sekali dan tidak ngelag,bagus lambat,1,1,0
playstore,indosat,kemahalan,mahal,0,1,0
playstore,indosat,bagi tambahan paket 50 GB,tambah paket gb,2,0,1
playstore,indosat,paketnya mantapp lah walau waktunya cuman 14 hari....,paket mantapp cuman,1,0,1
playstore,indosat,Mantap aplikasinya bosku👍👍👍,mantap aplikasi bos,2,1,1
playstore,indosat,paket saya belum aktif,paket aktif,1,0,1
playstore,indosat,"BELAJAR NGITUNG DARI MANA 28 HARI = SEBULAN? APLIKASI KIKIR, KORUP!",ajar ngitung bulan aplikasi kikir korup,1,3,0
playstore,indosat,sayang bagus,sayang bagus,1,0,1
playstore,indosat,perbaiki sinyal nya,baik sinyal,1,0,1
playstore,indosat,mau merasakan sensasi jaringan murahan? pakai aja produk operator ini. gerimis dikit ditengah kota sinyal jelek parah,rasa sensasi jaring murah pakai produk operator gerimis dikit tengah kota sinyal jelek parah,5,6,0
playstore,indosat,aneh nih im3 paket masih sisa dan masih aktif belum habis tapi ketika beli paket baru kenapa paket yang tersisa hilang? rugi yang ada mana jaringan sering eror kualitas nya makin anjlok nih,aneh im paket sisa aktif habis beli paket paket sisa hilang rugi jaring eror kualitas anjlok,5,6,0
playstore,indosat,Sangat bagus,bagus,1,0,1
playstore,indosat,pengaduan ke live agent berasa ngomong sama tembok,adu live agent asa ngomong tembok,1,2,0
playstore,indosat,asik,asik,1,0,1
playstore,indosat,jaringan kurang bagus,jaring bagus,2,0,1
playstore,indosat,"Dari dulu pake IM3 gak pernah ada rencana mau ganti kartu, tapi makin kesini IM3 banyak bikin kecewanya. Maaf sebelumnya kakak admin, beberapa kali saya isi pulsa dan masih sisa tapi sering banget habis/kepotong/kesedot sendiri, padahal saya tidak ada hutang pulsa SOS ataupun paketan saya habis, beberapa kali sering begini dan jujur bikin saya rugi. Masalahnya nominalnya 25 sampai 35 ribu, tiba-tiba kesedot sendiri. Jujur, kecewa banget dan ini sering terjadi.",pake im rencana ganti kartu kesini im bikin kecewa maaf kakak admin kali isi pulsa sisa habis potong sedot hutang pulsa sos paket habis kali jujur bikin rugi nominal ribu sedot jujur kecewa,1,10,0
playstore,indosat,malas semenjak masa aktif g 30 hari dan paket besar rata-rata 14hari apalah,malas semenjak aktif paket apa,1,2,0
playstore,indosat,kalo beli paket internet kok paket sebelumnya langsung hangus. Lumayan loh sisanya masih ada beberapa GB. gak bener nih,beli paket internet paket langsung hangus lumayan loh sisa gb bener,4,2,1
playstore,indosat,sinyal nya lancar banget,sinyal lancar,1,0,1
playstore,indosat,"sering tiba"" masuk ke chrome pas lagi seru"" nya main game emang gak jelas nih m3",masuk chrome pas seru main game emang m,2,1,1
playstore,indosat,"Jaringan selalu lemot padahal masa paketan masih kurang 7hari dan kuota masih 80gb lebih. capek restart terus,kalau gak mampu kasih yang baik buat costumer bilang aja suruh ganti provider gak usah nyuruh restart.",jaring lot paket kuota gb capek restart kasih costumer bilang suruh ganti provider nyuruh restart,2,5,0
playstore,indosat,sinyal gak stabil buat game mohon diperbaiki,sinyal stabil game mohon baik,3,0,1
playstore,indosat,"sinyal nya buruk sekali sekarang, sinyalnya sering hilang dangl gangguan. saya kecewa sebagai pelanggan lama menghambat aktifitas kerja saya.",sinyal buruk sinyal hilang dangl ganggu kecewa langgan hambat aktifitas kerja,2,5,0
playstore,indosat,"pulsa dan kuota ..... jika tidak kepakek ..... seharus nya diakumulasikan ...... ke bulan berikut nya ...... supaya adil .... nggak merugikan pembeli pulsa. Penyebab inflasi di tengah tengah masyarakat itu karena : transportasi , BBM , gas elpiji untuk masak , telekomunikasi (pulsa) , rokok , kopi dan lombok ...... , Rp. 52 ribu zaman sekarang (2026) , sussah payah untuk mengumpulkan uang , dan beli pulsa nya jalan kaki siang siang yang terik , mudah mudahan konter hape nya bukak terus ....",pulsa kuota kepakek harus akumulasi adil nggak rugi beli pulsa sebab inflasi masyarakat transportasi bbm gas elpiji masak telekomunikasi pulsa rokok kopi lombok rp ribu zaman sussah payah kumpul uang beli pulsa jalan kaki siang siang terik mudah mudah konter hape bukak,2,10,0
playstore,indosat,sinyal kurang mahal dan kalo Via dial 888 pelayanan Buruk Ga di Layanin hampir sejam,sinyal mahal via dial layan buruk layanin jam,0,2,0
playstore,indosat,bisa ga gausah spam kirim sms tiap hari dan maksa langsung masuk google chrome. biar kenapa begitu??,gausah spam kirim sms maksa langsung masuk google chrome biar,2,4,0
playstore,indosat,sinyal tidak stabil Mulu di sama main game,sinyal stabil mulu main game,2,0,1
playstore,indosat,im3 babi udah mahal ngelag lagi,im babi mahal lambat,0,3,0
playstore,indosat,kenapa sekarang Indosat jadi kek gini aneh jaringan padahall 4g Kouta masih 8 GB ga bisa di gunain tolong di update lagi biar ga trouble gini terus setiap ngecek di m3 ups ada gaguan 😮‍💨,indosat kek gin aneh jaring padahall kuota gb gunain tolong update biar trouble gin ngecek m ups gagu,1,2,0
playstore,indosat,"aplikasi ngeselin, orang beli pulsa buat isi kuota malah dipotong 7000,boros banget",aplikasi ngeselin orang beli pulsa isi kuota potong boros,0,6,0
playstore,indosat,kenapa si sekarang sinyal/jangan Indosat dambah parah ngirim Chet jga ngga ke kirim2,si sinyal indosat dambah parah ngirim chet ngga kirim,1,2,0
playstore,indosat,"BUG MERESAHKAN SAAT AMBIL PULSA DARURAT EH GA MASUK,MY3 M=memeg",bug resah ambil pulsa darurat eh masuk my m memeg,0,4,0
playstore,indosat,"provider tidak ok, menjual kartu im3 platinum tapi tidak memastikan kondisi nomor yg di jual apakah masih di pakai oleh orang lain atau tidak. merugikan waktu pengguna untuk mengurus sendiri ke pihak Whatsapp.",provider ok jual kartu im platinum kondisi nomor jual pakai orang rugi guna urus whatsapp,4,1,1
playstore,indosat,knpa gk dapat point padahal kalau beli paket pasti di harga diatas 50ribu solusinya dong,knpa point beli paket harga atas ribu solusi,3,1,1
playstore,indosat,berharap sinyal m3 makin bagus,harap sinyal m bagus,1,0,1
playstore,indosat,"Kenapa jaringannya makin luwemoootttttttttttttt...jaringan ilang"" terus....paraaah gk indosat gk tri disuruh restart device, kalo blm di lakukan segala cara gak mungkin lah sampk komplain gini",jaring luwemoootttttttttttttt jaring ilang paraaah indosat tri suruh restart device blm laku sampk komplain gin,2,3,0
playstore,indosat,"kok sekarang sinyalnya jelek amat yak. beli paket bulanan sekarang tambah mahal amat kayak 40 rb dapet 11 Gb 28 hari, 35 rb dapet 6 Gb 30 hari. cuma beda hari doang, apa ini permainan dari indosat kah untuk dapet untung banyak? minimal harga mahal sinyal bagus kek.... JUJUR KECEWA AMAT SAMA INDOSAT",sinyal jelek yak beli paket bulan mahal kayak rb dapet gb rb dapet gb beda doang main indosat kah dapet untung minimal harga mahal sinyal bagus kek jujur kecewa indosat,6,8,0
playstore,indosat,sangat bermanfaat untuk paket habis,manfaat paket habis,2,0,1
playstore,indosat,mudah2an paketnya tetap murah dan sinyal lancar,mudah an paket murah sinyal lancar,4,0,1
playstore,indosat,"hati"" sedot pulsa.",hati sedot pulsa,0,2,0
playstore,indosat,sering sekali mengalami gangguan kalo gak lemot saat mengirim pulsa tidak masuk atau gagal sangat menjengkel kan pake kartu indosat M3,alami ganggu lot kirim pulsa masuk gagal jengkel pake kartu indosat m,1,7,0
playstore,indosat,"jelek, pokoknya jelek, jelek banget. mati lampu dikit hilang sinyal. sekarang padahal LTE only aja masih lelet. MUAK SAT. gaada niatan apa perbarui jaringan dih. kesel banget",jelek pokok jelek jelek mati lampu dikit hilang sinyal lte only lelet muak sat gaada niat baru jaring dih kesel,3,10,0
playstore,indosat,woy gw ini kuota beli ye trus tolong jangan sering ngelag knp sih provider kikir bet,woy kuota beli ye trus tolong lambat knp provider kikir bet,1,2,0
playstore,indosat,saya sudah ngikutin indosat hampir 25th semoga sinyalnya kuat trs,ngikutin indosat th moga sinyal kuat,2,1,1
playstore,indosat,Aplikasi M3kereeen sangat membantu🫰,aplikasi m kereeen bantu,0,1,0
playstore,indosat,krena bagus dan dta nya aga boros,krena bagus dta aga boros,1,1,0
playstore,indosat,"aplikasi brengsek. sering maksa buka link. notice nya juga maksa. kalo gak karena pake nomernya, males pake aplikasi ini.",aplikasi brengsek maksa buka link notice maksa pake nomernya males pake aplikasi,0,6,0
playstore,indosat,saat bagus dan baik,bagus,1,0,1
playstore,indosat,aplikasi ini sangat bagus,aplikasi bagus,1,1,0
playstore,indosat,di mohon harga kuota murah ..,mohon harga kuota murah,2,1,1
playstore,indosat,"haduhhhh ini gmn sihhh kartu ny padahal udah top up kuota udh berhasil kok malah ga masuk kuota ny emg lama""gajelas myim3",haduhhhh gmn sihhh kartu ny top up kuota hasil masuk kuota ny emg gajelas myim,2,4,0
playstore,indosat,kasih bintang dua dulu karena untuk main game signal nya sangat jelek.,kasih bintang main game signal jelek,1,1,0
playstore,indosat,bagus kren,bagus kren,1,0,1
playstore,indosat,kuota makin mahal tapi sinyal makin busuk,kuota mahal sinyal busuk,0,3,0
playstore,indosat,intinya terbaik,inti baik,1,0,1
playstore,indosat,sinyalnya bener bener mengecewakan,sinyal bener bener kecewa,0,1,0
playstore,indosat,Bagus Sangat membantu..,bagus bantu,1,0,1
playstore,indosat,"saya beli kuota 40k terus ternyata GA MASUK GARA GARA MASIH ADA SISA PAKET KUOTA 1GB SEBELUMNYA, lantas duit saya 40k hilang ditilep indosat. mana gabisa refund GA BANGET",beli kuota k masuk gara gara sisa paket kuota gb lantas duit k hilang ditilep indosat gabisa refund,1,7,0
playstore,indosat,harus ada kouta garatis nya,kuota garatis,0,1,0
playstore,indosat,sangat puas hati.. pelayanan nya bagus. harga murah.,puas hati layan bagus harga murah,4,0,1
playstore,indosat,"saya sudah pasang aplikasi ini sudah lama dan bisa menikmati program2 nya selalu bila pulsa dan quota tidak pernah ada masalah, tapi sekarang aplikasi nya sudah tidak bisa saya pakai, karena harus pembaruan dan menginstal ulang , tapi saya tidak bisa instal karena harus menghapus aplikasi2 penting lainnya. Kenapa juga harus instal ulang ????????? bikin kecewa saja",pasang aplikasi nikmat program pulsa quota aplikasi pakai baru menginstal ulang instal hapus aplikasi instal ulang bikin kecewa,2,6,0
playstore,indosat,Setelah di Update gagal² terus. ada gangguan terus. knapa ya?,update gagal ganggu knapa,0,2,0
playstore,indosat,"jaringannya jelek banget, beli kouta mahal mahal tapi jaringannya tetep aja udah nyobain yg premiumnya juga masih tetep aja jelek sinyalnya",jaring jelek beli kuota mahal mahal jaring nyobain premium jelek sinyal,3,5,0
playstore,indosat,sinyal tolol,sinyal tolol,0,1,0
playstore,indosat,"semuanya udah oke, tapi kenapa di aku selalu ada notif tiba tiba muncul ya, mana diarahin ke website lagi pas lagi sibuk sibuinya atau kalau ga gitu pop up yang kalo ga di ilangin ga mati (pernah sampe semaleman ga mati cuma gara"" pop up dari im3 sebel kan, baterai abis jg semaleman nyala), dah itu aja. tolong ya kalo emg settingan apk nya dari aku bisa diperbaiki kasih tau terima kasih",oke notif muncul diarahin website pas sibuk sibuinya gitu pop up ilangin mati sampe maleman mati gara pop up im sebel baterai abis maleman nyala dah tolong emg settingan apk baik kasih tau terima kasih,6,8,0
playstore,indosat,"bapuk, masa paket darurat 3500 pas di bayar jadi 5gb, korupsi nya gede bgt",jelek paket darurat pas bayar gb korupsi gede,2,2,0
playstore,indosat,kuota udah mahal sinyal muter Mulu ampun,kuota mahal sinyal muter mulu ampun,0,2,0
playstore,indosat,tolong sinyalnya diperbaiki. emosi banget tiap hari begini lho,tolong sinyal baik emosi lho,1,0,1
playstore,indosat,kalo di pedesaan ga recommended ni jaringan konyol banget malam-malam selalu AJA NGELEG GIMANA SIH? UDAH BAYAR LOH MAHAL2 SETAN! UDAH MASA BERLAKU KEPOTONG JADI 28 HARI DATANG LAGI PENYAKIT NGELEG DI JARINGAN hadeh..,desa recommended ni jaring konyol malam malam lambat gimana bayar loh mahal setan laku potong sakit lambat jaring hadeh,2,10,0
playstore,indosat,"mbaak , tolong dipermudah , saya beli pulsa itu jalan kaki dari rumah , hanya untuk mendapatkan pulsa , beli di konter hape , Rp. 42.000 , Rp. 52.000 , tampilan nya memburam , nggak jelas , ini berapa rupiah untuk paket kuota nya , .... Seharusnya , jika kuota nggak dipakek , bisa di akumulasi kan .... ke bulan berikut nya , nggak dikit dikit hangus , dikit dikit hangus , Indosat IM3 nggak jujur masalah keuangan nya , seharusnya Di Audit , sesuai pemakaian , kayak Listrik PLN ... biar lebih Adil",mbaak tolong mudah beli pulsa jalan kaki rumah pulsa beli konter hape rp rp tampil buram nggak rupiah paket kuota kuota nggak dipakek akumulasi nggak dikit dikit hangus dikit dikit hangus indosat im nggak jujur uang audit sesuai pakai kayak listrik pln biar adil,4,12,0
playstore,indosat,nyolong pulsa !!!! kuota ku masih banyak njirrr knp di sedot pulsanya !!!!,nyolong pulsa kuota ku njirrr knp sedot pulsa,0,5,0
playstore,indosat,"jaringan nya sering gelek, apa lagi pakai main gem, nyesal aku beli kartunya",jaring gelek pakai main gem nyesal beli kartu,1,1,0
playstore,indosat,ok abis,ok abis,1,0,1
playstore,indosat,"sial kurang kuat,,tolong di perluasan biar sinyal lebih kencang,,",sial kuat tolong luas biar sinyal kencang,2,1,1
playstore,indosat,Sinyal benar 2x buruk,sinyal x buruk,0,1,0
playstore,indosat,terlalu mahal,mahal,0,1,0
playstore,indosat,"signal indosat tambah hari tambah buruk saya turunin lagi bintang ,, mutu jelek promo hoak singnal kuat apan ngemenh.. profider paling buruk signal nya setau aku",signal indosat buruk turunin bintang mutu jelek promo hoak singnal kuat apan ngemenh profider buruk signal tau,2,4,0
playstore,indosat,jaringan jelek ni bos aduh gmn ini..,jaring jelek ni bos aduh gmn,2,1,1
playstore,indosat,"bakaarr aja kartu nya, baru kali ini make indosat ngelag parah..",bakaarr kartu kali make indosat lambat parah,0,2,0
playstore,indosat,makin ribet,ribet,0,1,0
playstore,indosat,bagus..,bagus,1,0,1
playstore,indosat,jaringan jelek kuota mahal,jaring jelek kuota mahal,1,3,0
playstore,indosat,jaringan lemot gk guna buat kalian semua mending ganti kartu aja ke smartfren atau XL atau gk telkomsel intinya jangan pakek im3 kalau hujan lemot gw review jujur,jaring lot mending ganti kartu smartfren xl telkomsel inti pakek im hujan lot review jujur,2,2,0
playstore,indosat,paket internetnya kemahalan,paket internetnya mahal,1,1,0
playstore,indosat,mantap banyak promo murah😁😁😁👍👍,mantap promo murah,3,0,1
playstore,indosat,gausah beli paket di sini sinyal nya jelek di kota aja ga bisa buat main game binatang emang,gausah beli paket sinyal jelek kota main game binatang emang,2,3,0
playstore,indosat,"pelanggan gak butuh kata maaf dari kalian,kami udah beli paket data dri kalian tapi koneksi lemot sering putus2.sebagai pelanggan kami merasa di rugikan.perbaiki tuh jaringan internet nya.",langgan butuh maaf beli paket data dri koneksi lot putus langgan rugi baik tuh jaring internet,5,4,1
playstore,indosat,"Harga paket semakin ga ngotak, udah 30 hari jadi cuma 28 hari, kalau lewat masa aktif hangus sisa paketnya. Harga paket yang gbnya kecil dimahalin biar konsumen beli yang mahal. Bapuki",harga paket ngotak aktif hangus sisa paket harga paket gbnya dimahalin biar konsumen beli mahal bapuki,5,3,1
playstore,indosat,anj saya lagi main maha ada notifikasi ke crom babi jadi kalah,anj main maha notifikasi crom babi kalah,1,2,0
playstore,indosat,sinyal &a jaringan internet terburuk!!!,sinyal a jaring internet buruk,1,1,0
playstore,indosat,"payahhhhhhh paket jangka waktu masih ada tp susah buat di gunakan.. padahal kuota masih 4,8 gb.. payah payah payahhhhh",payahhhhhhh paket jangka susah kuota gb payah payah payahhhhh,2,4,0
playstore,indosat,"""Kecewa parah! Beli pulsa terus diubah jadi paket kuota, baru dipakai 200 MB langsung hilang jadi 0 MB. Lapor lewat chat CS cuma diminta kata kunci, nggak dibantu sama sekali. Tolong perbaiki sistem dan layanannya, rugi banget pakai kartu ini 😤😭""",kecewa parah beli pulsa ubah paket kuota pakai mb langsung hilang mb lapor chat cs kunci nggak bantu tolong baik sistem layan rugi pakai kartu,6,7,0
playstore,indosat,murah,murah,1,0,1
playstore,indosat,Sangat puas,puas,1,0,1
playstore,indosat,jaringan sangat lemot,jaring lot,1,1,0
playstore,indosat,"jaringan leg parahhh, Kouta masih banyak jaringan ga ada anehh",jaring leg parahhh kuota jaring anehh,2,1,1
playstore,indosat,Bagus sih,bagus,1,0,1
playstore,indosat,banyak pop up dan spam SMS yang menganggu,pop up spam sms menganggu,1,1,0
playstore,indosat,Terima kasih,terima kasih,1,0,1
playstore,indosat,hadeuh sudah diupgrade malah sinyal jelek banget lemot,hadeuh diupgrade sinyal jelek lot,0,2,0
playstore,indosat,IM3 memang mantap,im mantap,1,0,1
playstore,indosat,amanah saja tidak seperti tetangga sebelah,amanah tetangga belah,1,1,0
playstore,indosat,karena semakin lama dipakek semakin lemot ini m3 sinyalnya,dipakek lot m sinyal,0,1,0
playstore,indosat,"adain lagi dong potongan harga paket 100 rb 100 gb, plisss",adain potong harga paket rb gb plisss,2,1,1
playstore,indosat,semoga lebih baik lg..dn tetap jaya dn amanah,moga lg dn jaya dn amanah,3,0,1
playstore,indosat,paket masih banyak di suruh login udh login tetap gk bisa buat internetan kocakkk,paket suruh login login internetan kocakkk,1,1,0
playstore,indosat,Gak bisa top up game,top up game,2,0,1
playstore,indosat,karena amanah bagus,amanah bagus,2,0,1
playstore,indosat,harga 67gb 100rb di ganti 50 gb 100rb malah jaringan ga stabil,harga gb rb ganti gb rb jaring stabil,3,0,1
playstore,indosat,paket m3 emang murah cuman jaringan ga setabil apalagin ps ada hujan kaya takut tolong lah di perbaiki agar nyaman pelanggan nya,paket m emang murah cuman jaring setabil apalagin ps hujan kaya takut tolong baik nyaman langgan,6,0,1
playstore,indosat,makin mahal aja paketnyaa,mahal paketnyaa,0,1,0
playstore,indosat,wow sip,wow sip,1,0,1
playstore,indosat,"kenapa giliran lagi urgent banget lu malah error, pas gada apa apa lu spam notif giliran urgent lu ngilang, gua lagi begini aja lu kaga jelas, udah effort isi pulsa gara-gara apk ngelag lu eh pulsanya malah kesedot gara-gara notif wa, ayolah menurut lu ini cuma masalah gua tapi semuanya gara gara lu",gilir urgent error pas gada spam notif gilir urgent ngilang gua kaga effort isi pulsa gara gara apk lambat eh pulsa sedot gara gara notif wa ayo gua gara gara,2,15,0
playstore,indosat,parah bner sinyal lemot g sesuai sama harganya,parah bner sinyal lot sesuai harga,2,2,0
playstore,indosat,kalo bisa harga paketnya lebih murah lagi,harga paket murah,3,0,1
playstore,indosat,sinyal nya sekarang sangat susah,sinyal susah,0,1,0
playstore,indosat,sinyal bagus sekali,sinyal bagus,1,0,1
playstore,indosat,sangat baik tapi kenapa ga bisa pinjam kuota darurat,pinjam kuota darurat,0,1,0
playstore,indosat,pulsanya sering kesedot,pulsa sedot,0,2,0
playstore,indosat,"buat para user indosat sudahlah mau kita komplain kayak mana juga ga bakalan komplain kita di respon karena memang beginilah adanya provider satu ini.kalo memang mau nyari jaringan internet yg lancar mending pindah aja ke provider yg lain sebab kalo tetep bertahan di provider ini yg ada cuma kecewa dan sakit hati ,kita sudah komplain tapi ga ada respon apalagi perbaikan jaringan.yg katanya jaringan terluas terbaik tapia kenyataannya apa .",user indosat komplain kayak komplain respon provider nyari jaring internet lancar mending pindah provider tahan provider kecewa sakit hati komplain respon baik jaring jaring luas baik tapia nyata,10,7,1
playstore,indosat,"beli paket mahal mahal, ehh malah loading terus liat tiktok liat yg lain, Indosat lemot",beli paket mahal mahal ehh loading liat tiktok liat indosat lot,1,3,0
playstore,indosat,"udah 3 hari jaringan nya ntah kayak mana, kadang GPRS, egde, 4gnya lelet kali du cht adminnya ntah kayak mana balesannya",jaring ntah kayak kadang gprs egde gnya lelet kali du cht adminnya ntah kayak balesannya,2,3,0
playstore,indosat,"nomor sudah terdaftar, nomor aktif, tiap bulan isi pulsa dan paket data rutin 3 tahu, aplikasi myim3 baru, semua perizinan nyala.Sudah 4 hari ini gagal memuat konten di myim3, sistem pembayaran lewat pulsa tidak bisa.",nomor daftar nomor aktif isi pulsa paket data rutin aplikasi myim izin nyala gagal muat konten myim sistem bayar pulsa,1,7,0
playstore,indosat,mantap sinyalnya,mantap sinyal,1,0,1
playstore,indosat,nah gitu ada paketan 11GB &15GB cuman 50k 30hari kalau bisa terus kaya gini,gitu paket gb gb cuman k kaya gin,1,0,1
playstore,indosat,assalamualaikum saya kecewa buat liat tiktok gak bisa,assalamualaikum kecewa liat tiktok,1,1,0
playstore,indosat,jaringan nya buruk padahal di jakarta 👎👎,jaring buruk jakarta,1,1,0
playstore,indosat,jaringan mantap,jaring mantap,2,0,1
playstore,indosat,mudah pengaplikasiannya,mudah aplikasi,1,1,0
playstore,indosat,aplikasi paling gak guna paling dk jelas beli esim 2 x ggal trus kode barcode gak ada najis kau im3 apus aja kau jangan jadi provider lagi,aplikasi dk beli esim x ggal trus kode barcode najis kau im apus kau provider,0,3,0
playstore,indosat,"iklan gila bener dah, maksa banget masuk browser. sehari nyampe 5x mana pas lagi main game malah masuk browser..",iklan gila bener dah maksa masuk browser hari nyampe x pas main game masuk browser,2,4,0
playstore,indosat,SANGAT SANGAT LEMOT LEMOT SEKALI 4G MACAM 2G MENYESAL PAKE IM3 AMPUN TOBAT DAH. BINTANG 5 HANYA KIASAN,lot lot sesal pake im ampun tobat dah bintang kias,1,4,0
playstore,indosat,"makin aneh nih kartu, makin di beli makin mahal, anehnya lagi gw ngutang kuota 5gb an, terus katanya dipotong 6 gb an, eh GK taunya malah di potong 10gb, gimana ini im3 kok aneh, apa ada bunganya juga ngutang di im3 ini????",aneh kartu beli mahal aneh ngutang kuota gb an potong gb an eh tau potong gb gimana im aneh bunga ngutang im,0,5,0
playstore,indosat,mau bangkrut kali sinyal susah amat,bangkrut kali sinyal susah,0,2,0
playstore,indosat,cukup puas,puas,1,0,1
playstore,indosat,"nih jaringan punya personal apa si , Jaringan full beeli kuota banyak , Daerah 5G tapi masih ajalu bikin ngeleg buat nonton sama game , OTaklu pake coba",jaring personal si jaring full beeli kuota daerah ajalu bikin lambat nonton game otaklu pake coba,3,2,1
playstore,indosat,semoga lebih baik,moga,1,0,1
playstore,indosat,apk bagus,apk bagus,1,0,1
playstore,indosat,paket di bawah 100.000 tidak ada yg 30 hari /perbulan.,paket bulan,1,1,0
playstore,indosat,"Signal sangat buruk di wilayah pasi Pangmilang Singkawang Selatan mohon diperbaiki karena kami sebagai pelanggan sangat dirugikan, usaha terkendala signal yg buruk dari indosat",signal buruk wilayah pasi pangmilang singkawang selatan mohon baik langgan rugi usaha kendala signal buruk indosat,2,4,0
playstore,indosat,hanya ingin cek kuota hrs kelayaban ke sini..makin ribet,cek kuota hrs kelayaban ribet,0,3,0
playstore,indosat,"JARINGAN apaan ini daerah Jabodetabek masa ngelag, GW BELI BUKAN MINTAAAAA",jaring daerah jabodetabek lambat beli mintaaaaa,1,1,0
playstore,indosat,beli paket mahal mahal buat apa coba kalo ga bisa di pake tolong lah benerin dari pagi ngelek terus,beli paket mahal mahal coba pake tolong baik pagi ngelek,2,2,0
playstore,indosat,mantap selalu menggunakan im3,mantap im,1,0,1
playstore,indosat,"sebagai penguna lama saya merasa sangat kecewa dengan penurunan sinyal,saya baru beli paket aja maen apa apa dikit"" loading dikit"" loading apalagi maen game ga enak banget jaringannya ayolah kita beli paket bukan pake daun pake uang tolong hargai perbaiki sinyalnya/jaringan nya biar semua pengua myIM3 bisa nyaman gunain kartu indosat nya kalo terus"" an gini ga nyaman perbaiki secepatnya.jangan kecewain pembeli.",penguna kecewa turun sinyal beli paket maen dikit loading dikit loading maen game enak jaring ayo beli paket pake daun pake uang tolong harga baik sinyal jaring biar pengua myim nyaman gunain kartu indosat an gin nyaman baik cepat kecewain beli,14,3,1
playstore,indosat,"sinyal jelek parah, dimana2 sulit bgt dapet sinyal",sinyal jelek parah mana sulit dapet sinyal,1,3,0
playstore,indosat,"udah gak sebagus dulu. ku isi paket 42GB 30h. blem sampai 28/30 h udah habis. dan habisnya gak langsung kuotanya 0MB. masih ada 10GB lagi,gak bisa di pakek.",bagus ku isi paket gb h blem h habis habis langsung kuota mb gb pakek,3,1,1
playstore,indosat,jaringan lemot dan suka hilang² gajelas,jaring lot suka hilang gajelas,1,2,0
playstore,indosat,Harga penjabat Sinyal bejat,harga jabat sinyal bejat,1,2,0
playstore,indosat,"semakin kesini signal sering hilang, sudah di mode pesawat, restart tetap tidak stabil, buruk sekali pemakaian lebih dari 8 tahun",kesini signal hilang mode pesawat restart stabil buruk pakai,1,3,0
playstore,indosat,"sangat membantu, semoga sering ada promo diskon",bantu moga promo diskon,3,0,1
playstore,indosat,"Jaringan mlehyooyy.. Sinyal bapuk, ga guna.. buang2 duit aja beli paketan... Tutup aja perusahaan lu.... sinyal ilang2an mulu... ngelek mulu...",jaring mlehyooyy sinyal jelek buang duit beli paket tutup usaha sinyal ilang an mulu ngelek mulu,2,4,0
playstore,indosat,"paketan kuota nya doang yang gede, tapi abisnya cepet. Dibanding provider sebelah. dengan pemakaian yang sama",paket kuota doang gede abis cepet banding provider belah pakai,2,2,0
playstore,indosat,"JANGAN CUMA KUOTA DI GEDEIN,JARINGANNYA AJA DI BENERIN, LAHHHHHHHHH.sebelum ada paket iya full jaringan.tapi sesudah di paket kok jadi turunn.padahal di tempat yg sama.masih sama tuh, atau gak di gubris kali ya☹️",kuota gedein jaring baik lahhhhhhhhh paket iya full jaring paket turunn tuh gubris kali,5,1,1
playstore,indosat,"Sangat buruk, sinyal internet parah.. sngat tidak stabil di cilegon, untuk komfrmasi penyelesaian maslah melalui indira jg susah.. cuma di bolak blik kembali ke menu tanpa mnyelesaikan masalah...",buruk sinyal internet parah sngat stabil cilegon komfrmasi selesai mas indira susah bolak blik menu mnyelesaikan,1,3,0
playstore,indosat,bisa 5g sih tapi kok buat dwonload data/file cuma mentok di 5mbps ya?,dwonload data file mentok mbps,0,2,0
playstore,indosat,aplikasi ini kenapa sih selalu stuk setiap proses pembelian paket data ketika sebelumnya waktu paket data habis,aplikasi stuk proses beli paket data paket data habis,3,3,0
playstore,indosat,jaringan im3 jelek banget pas main game pasti ngilang ngilang bikin kesel dikasih komentar cuma dibalas bot aja bukan adminnya nda tau keluh kesah pengguna im3 dasar admin lolot,jaring im jelek pas main game ngilang ngilang bikin kesel kasih komentar balas bot adminnya tau keluh kesah guna im dasar admin lolot,5,6,0
playstore,indosat,saya pakek kartu ini buat main game agak ngeleg tapi kalo buat nonton okelah + harga internet murah dan terjamin,pakek kartu main game lambat nonton oke harga internet murah jamin,4,2,1
playstore,indosat,"Aplikasi nya bagus, terus paket internet nya murah",aplikasi bagus paket internet murah,3,1,1
playstore,indosat,udh jaringannya ngeleg tiba tiba mati pelayanannya gak jelas,jaring lambat mati layan,1,2,0
playstore,indosat,"knp ya..pulsa im3 srg hbs/hilang ,padahal kuota data ada terus bahkan srg banyak tersisa dibatas akhir pemakaian.",knp pulsa im srg hbs hilang kuota data srg sisa batas pakai,0,6,0
playstore,indosat,gangguan,ganggu,0,1,0
playstore,indosat,sinyal kalah dgn jaringan lain,sinyal kalah jaring,1,1,0
playstore,indosat,sangat nyaman,nyaman,1,0,1
playstore,indosat,amatlah sangat bermanfaat,manfaat,1,0,1
playstore,indosat,"bagus walau kadang eror. sekarang ulasannya ku tambahin aku dari 2026 , kenapa sih ini aplikasi ga bisa di buka kalo pakek paket sendiri kenapa kudu hospot baru bisa di buka",bagus kadang eror ulas ku tambahin aplikasi buka pakek paket kudu hospot buka,3,2,1
playstore,indosat,mahal yooo makin kikir aga ni dulu engga mau hagi kah,mahal yooo kikir aga ni engga hagi kah,1,1,0
playstore,indosat,Memudahkan,mudah,1,0,1
playstore,indosat,apl taiii ngambilin plsa mulu gk punya utang sos juga,apl taiii ngambilin plsa mulu utang sos,0,1,0
playstore,indosat,udah kecewa banget sama IM3. udah paketnya makin mahal. kuota makin sedikit ditambah jaringan udah lelet parah. ga akan pakai im3 lagi,kecewa im paket mahal kuota tambah jaring lelet parah pakai im,3,5,0
playstore,indosat,terbaik memang jaringan im3,baik jaring im,2,0,1
playstore,indosat,"pas main game atau buka aplikasi lain sering dapat notifikasi kenapa pas saya pencet batal malah masuk ke website????, saya fokus fokusnya main game pas buka gamenya lagi malah udah kalah, pls lah diperbaiki",pas main game buka aplikasi notifikasi pas pencet batal masuk website fokus fokus main game pas buka gamenya kalah pls baik,6,6,0
playstore,indosat,mantap👌,mantap,1,0,1
playstore,indosat,jaringan superrr lemot,jaring superrr lot,1,1,0
playstore,indosat,gajelas pake wifi kok ga bisa buka aplikasi,gajelas pake wifi buka aplikasi,0,1,0
playstore,indosat,kecewaaaaaaaa!!!!!!!!!!! beli kuota baru ngga bisa di pake akses internet grgr paket lama blm di UNREG beli pake duit woyyyy!!! mempersulit hidup orang!!!!!,kecewaaaaaaaa beli kuota ngga pake akses internet grgr paket blm unreg beli pake duit woyyyy sulit hidup orang,2,3,0
playstore,indosat,"capek"" gua donlot malah ngebug dibilang "" akun ga wajar"", gua baru juga mau bikin akun!! bikin kapok aja",capek gua donlot ngebug bilang akun wajar gua bikin akun bikin kapok,0,4,0
playstore,indosat,sinyal lumayan bagus,sinyal lumayan bagus,2,0,1
playstore,indosat,good untuk apk myIM3 sering-sering ngasih diskon yg gede dan tambahin paket gede tpi untuk harga lumayan,good apk myim ngasih diskon gede tambahin paket gede tpi harga lumayan,5,0,1
playstore,indosat,min kok tambah mahal? padahal dulu 12gb cuma 25k😭😭,min mahal gb k,0,1,0
playstore,indosat,awal awal sih bagus tapi lama lama lemot sumpah komplain kaga di denger tetep aja lemot tolong diperbaiki dong m3 jaringannya kan saya beli kuota pake uang bukan pake daun!,bagus lot sumpah komplain kaga denger lot tolong baik m jaring beli kuota pake uang pake daun,3,5,0
playstore,indosat,sepuasnya min,puas min,1,0,1
playstore,indosat,mantab okok,mantab okok,1,0,1
playstore,indosat,dari malam sampai shubuh baru bisa masuk paketan Karena gagal terus,malam shubuh masuk paket gagal,1,3,0
playstore,indosat,good job bisnis soo goodluck,good job bisnis soo goodluck,2,0,1
playstore,indosat,"aplikasi MyTelkomsel sangat baik, sangat bermanfaat 👍",aplikasi mytelkomsel manfaat,1,1,0
playstore,indosat,"dulu pertama naik ke platinum perbulan bayarnya 85k skrg mahal,naiknya banyak banget perbulan bayar 111k, kasih penjelasan dong kenapa naiknya bisa mahal bnget gtu",platinum bulan bayar k skrg mahal naik bulan bayar k kasih jelas naik mahal bnget gtu,2,4,0
playstore,indosat,aduh parah bangat pulsa baru beli 10 RB baru 2 hari udh ilang aja 6 RB sisa 4 RB doang,aduh parah bangat pulsa beli rb ilang rb sisa rb doang,0,4,0
playstore,indosat,aplikasi ini sangat membantu,aplikasi bantu,0,1,0
playstore,indosat,tolong ya INDOSAT PLATINUM.. JANGAN SPAM SPAM SMS ROAMING TERUS GA BUTUH ASLI.. GANGGU BANGET,tolong indosat platinum spam spam sms roaming butuh asli ganggu,1,4,0
playstore,indosat,area bandung Cidadap jgn pakai sinyalnya PARAH NOL MULU. malah pingin banting HP jadinya.,area bandung cidadap jgn pakai sinyal parah nol mulu pingin banting hp,1,3,0
playstore,indosat,"buat apa saya beli kuota mahal + bonus jika bonus nya tidak bisa digunakan? saya bonus apk vidio saat beli kuota,, setelah beli link aksesnya tidak bisa... mending hilangkan saja",beli kuota mahal bonus bonus bonus apk vidio beli kuota beli link akses mending hilang,5,4,1
playstore,indosat,aplikasi ini sangat bagus sekali buat orng yang membutuh kan kuota,aplikasi bagus orng butuh kuota,1,3,0
playstore,indosat,bagus. tingkat lagi sinyal biar sat set,bagus tingkat sinyal biar sat set,2,0,1
playstore,indosat,"harga mahal ga sesuai dengan kualitas sinyal,udh tinggal di Bekasi aja sinyal masih busuk!!!",harga mahal sesuai kualitas sinyal tinggal bekas sinyal busuk,3,2,1
playstore,indosat,sinyalnya parahhh bangett bangettt muter² truss buat apa beli kouta mahal sinyalnya jelek ginii sumpah sangat kecema Indosat,sinyal parahhh bangett bangettt muter truss beli kuota mahal sinyal jelek ginii sumpah cema indosat,0,5,0
playstore,indosat,semoga tetap stabil signalnya dimana lokasi berada aamiin .,moga stabil signalnya mana lokasi aamiin,3,0,1
playstore,indosat,"JELEK SEKALI KALIAN. SERING POTONG PULSA GA JELAS, PADAHAL GA ADA PENGGUNAAN INTERNET DARI DATA SELULAR",jelek potong pulsa guna internet data selular,1,4,0
playstore,indosat,setiap ngisi kouta pasti jaringan lambat,ngisi kuota jaring lambat,1,2,0
playstore,indosat,"jaringan ngelag, sinyal ilang²an terus, harga kuota makin mahaaalllll",jaring lambat sinyal ilang an harga kuota mahaaalllll,2,3,0
playstore,indosat,jam malam di atas jam 10 sering trobel ni apk mau isi paket internet gagal terus,jam malam jam trobel ni apk isi paket internet gagal,1,2,0
playstore,indosat,"sinyal makin ngk jelas, udah 5G tinggal di kota pula, sinyal masih bapuk, ngk jadi dh bintang 5",sinyal ngk tinggal kota sinyal jelek ngk dh bintang,0,2,0
playstore,indosat,jaringan tidk stabil,jaring tidk stabil,2,0,1
playstore,indosat,"udah pengguna im3 20 lebih yg saya rasakan kok malah lemot pulsa ndak dipakai berkurang dengan sendirinya, tambah lama tambah konyol im3",guna im rasa lot pulsa ndak pakai kurang konyol im,1,6,0
playstore,indosat,sinyal makin buruk boros juga kuota,sinyal buruk boros kuota,0,3,0
playstore,indosat,"saya beli kuota + gemini tapi tidak ada pesan aktivasi gemini masuk di sms, dan saya pun tidak bisa claim ke halaman manapun untuk kirim pesan ulang",beli kuota gemini pesan aktivasi gemini masuk sms claim halaman mana kirim pesan ulang,2,3,0
playstore,indosat,Tiga Kali beli kouta plus AI ga pernah dapat AI pro Indosat omdonya kelewatan,kali beli kuota plus ai ai pro indosat omdonya lewat,1,1,0
playstore,indosat,kartu lagg parah mana harga malah bener,kartu lagg parah harga bener,1,1,0
playstore,indosat,"ko sekarang jaringan nya sering ngleg yah padahal paket baru beli,udh 2 bulan ini jaringan nya ga bagus...",ko jaring ngleg yah paket beli jaring bagus,4,0,1
playstore,indosat,"Apa ya...klo hujan kadang sinyal ghoib, tapi gapapa sih. Just do your best!",hujan kadang sinyal ghoib gapapa just do your best,1,0,1
playstore,indosat,"sinyal susah banget, main game ngelag mulu, buka aplikasi muter"". udah di matiin, udah mode pesawat masih sama aja parah - parah.",sinyal susah main game lambat mulu buka aplikasi muter matiin mode pesawat parah parah,1,7,0
playstore,indosat,"jaringan jelek, kuota mahal",jaring jelek kuota mahal,1,3,0
playstore,indosat,"banyak pop up iklan, tolong kurangi",pop up iklan tolong kurang,1,1,0
playstore,indosat,gangguan ya aplikasinya,ganggu aplikasi,0,2,0
playstore,indosat,"tolong dong jaringan di kampung saya 2 hari kemaren jelek banget, padahal sebelumnya bagus banget main medsos ataupun game lancar jaya , tapi Skrang malah jelek bngt , tolong dong min periksa tower jaringan dsini",tolong jaring kampung kemaren jelek bagus main medsos game lancar jaya skrang jelek tolong min periksa tower jaring dsini,6,3,1
playstore,indosat,Mudah dan cepat,mudah cepat,2,0,1
playstore,indosat,jelek aneh buka yg lain semua lag mlu main game giliran mati bagus giliran aga rame ngelag mlu/didepan musuh,jelek aneh buka lag mlu main game gilir mati bagus gilir aga rame lambat mlu depan musuh,2,4,0
playstore,indosat,"notif lo ganggu parah, luncurkan browser luncurkan browser apaan lah",notif ganggu parah luncur browser luncur browser,0,2,0
playstore,indosat,Top .!! sinyal kuat dan variam pilihan paketan,top sinyal kuat variam pilih paket,3,1,1
playstore,indosat,makin kesini makin lemot jelek banget sinyalnya mending ganti kartu lain dah jelek banget sumpah Im3 sekarang,kesini lot jelek sinyal mending ganti kartu dah jelek sumpah im,1,4,0
playstore,indosat,hei im3 bisa gag notifmu gag masuk browser tiba-tiba!?.. jujur bikin sumpek saya selaku pengguna.. enak2 main game tiba-tiba pindah langsung browser... jujur kalo bisa di blok.. langsung saya blok dan laporkan spam..👎,hei im gag notifmu gag masuk browser jujur bikin sumpek guna enak main game pindah langsung browser jujur blok langsung blok lapor spam,5,3,1
playstore,indosat,sinyal nya lemah lemot apa lagi hujan malam pokoknya masih banyak kekurangan Nya,sinyal lemah lot hujan malam pokok kurang,0,3,0
playstore,indosat,gak berubah jaringan ini tetap yg terburuk diantara yg buruk,ubah jaring buruk buruk,1,2,0
playstore,indosat,"jaringan jelek banget, ngeleg tiap pemakaian, udah coba berbagai macam cara, nyalain mode pesawat lahh, restart hp laa tetep aja ngeleg, gak di luar gak di rumah",jaring jelek lambat pakai coba nyalain mode pesawat lahh restart hp laa lambat rumah,2,4,0
playstore,indosat,"kenapa jaringan selalu bermasalah padahal waktu masa aktif kuota masih ada beberapa jam ,dan juga kalau ada pulsa padahal data seluler tidak aktif tapi pulsa tetap terpotong , tolong perbaiki sistem nya, jangan cuma mau untung saja",jaring masalah aktif kuota jam pulsa data seluler aktif pulsa potong tolong baik sistem untung,2,7,0
playstore,indosat,"seburuk inikah per paketan di indonesia? lemot banget loh ini,udh mahal2 beli tapi lemot",buruk paket indonesia lot loh mahal beli lot,1,4,0
playstore,indosat,jaringan nya kendala terus sinyal ful tapi pas main game ngeleg mulu,jaring kendala sinyal ful pas main game lambat mulu,3,2,1
playstore,indosat,"provider dengan kuota termahal tapi boros.. sering lemot hilang jaringan, provider paling rendah nih SE indonesi !!!",provider kuota mahal boros lot hilang jaring provider rendah indonesi,1,6,0
playstore,indosat,perbaiki lagi kekuatan sinyalnya,baik kuat sinyal,2,0,1
playstore,indosat,terkadang ada pesan dan sudah saya tekan batal tapi malah ke suatu web ini sangat menggangu indosat ajng,terkadang pesan tekan batal web menggangu indosat ajng,1,1,0
playstore,indosat,sat membutuhkan kami,sat butuh,0,1,0
playstore,indosat,Aplikasi lemot payah,aplikasi lot payah,0,3,0
playstore,indosat,"masa gue beli pulsa kartu gue tetap kedaluarsa, terus SMS nya pembelian gagal lebih kocaknya uang gue dah di ambil t tapi SIM gue tetap kedaluarsa 😌",beli pulsa kartu kedaluarsa sms beli gagal kocak uang dah ambil t sim kedaluarsa,0,5,0
playstore,indosat,aplikasi sangat bagus kak,aplikasi bagus,1,1,0
playstore,indosat,"makin parah. m3 aku enggak merasa ambil paket darurat tau² masuk paket darurat, pas bayar 2x lipat dari yang di bayar. hutang 7gb bayarnya 12 gb. sangat² merugikan. m3 sangat² buruk. pindah aja ke yg lain.",parah m ambil paket darurat tau masuk paket darurat pas bayar x lipat bayar hutang gb bayar gb rugi m buruk pindah,3,7,0
playstore,indosat,pelayanan oke,layan oke,1,0,1
playstore,indosat,"jaringan ampas sekarang ga kaya setahun 2 tahun lalu, di kereta perjalanan jakarta-surabaya ampas, buka apk gagal semua di mode pesawat dan nyalain data baru normal gak lama ngadet lagi, data banyak, harga data makin mahal tapi kualitasnya ampas",jaring ampas kaya tahun kereta jalan jakarta surabaya ampas buka apk gagal mode pesawat nyalain data normal ngadet data harga data mahal kualitas ampas,4,10,0
playstore,indosat,nge lag dikit min sinyal nya disini,nge lag dikit min sinyal,0,1,0
playstore,indosat,pokoknya...ok dah,pokok ok dah,1,1,0
playstore,indosat,kenapa cuma di desa saya sinyal jadi susah betul area desa rawa selapan dusun 2,desa sinyal susah area desa rawa selapan dusun,1,1,0
playstore,indosat,"aplikasi nya bagus cuman ngak ada pulsa safenya,tolong dong bikinin pulsa safenya masak iya pulsa baru masuk langsung kepotong,,, padahal ngak punya hutang operator tolong plis bikin pulsa safenya trimakasih 🙏🙏",aplikasi bagus cuman ngak pulsa safenya tolong bikinin pulsa safenya masak iya pulsa masuk langsung potong ngak hutang operator tolong plis bikin pulsa safenya trimakasih,3,8,0
playstore,indosat,paketan mahal jaringan sulit,paket mahal jaring sulit,2,2,0
playstore,indosat,Kecewa berat....Pulsa darurat tiba tiba turun...padahal bayarnya ga pernah lama....,kecewa berat pulsa darurat turun bayar,0,2,0
playstore,indosat,kenapa sekarang sinyal IM3 sangat sulit di daerah ku dan setiap kali buat tlpn seluler tidak dapat tersambung?,sinyal im sulit daerah ku kali tlpn seluler sambung,0,2,0
playstore,indosat,(tolong saya miskin.saya butuh fredom internet only) jangan beri sesuatu yang tidak saya inginkan.,tolong miskin butuh fredom internet only,1,2,0
playstore,indosat,kuota mahal+lemot,kuota mahal lot,0,3,0
playstore,indosat,sangat nyaman.,nyaman,1,0,1
playstore,indosat,"akhir akhir ini jaringan nya jelek banget, main game jadi gak bener, scroll juga jadi terhambat",jaring jelek main game bener scroll hambat,2,2,0
playstore,indosat,oke oke oke untuk penguna indosat,oke oke oke penguna indosat,3,0,1
playstore,indosat,bikin ngemudahin kami trimakasih,bikin ngemudahin trimakasih,1,0,1
playstore,indosat,Sinyal nya sekarang makin susah.. Paketan makin mahall,sinyal susah paket mahall,1,1,0
playstore,indosat,lama amat buka aplikasi loading nya kelamaan,buka aplikasi loading,0,1,0
playstore,indosat,"gunain indosat dari tahun 2016 ,baru ini ngerasa kalo indosat ga guna ,dari siang bengong doang ni jaringan",gunain indosat ngerasa indosat siang bengong doang ni jaring,1,1,0
playstore,indosat,"apk scam lagi main panjat kouta malah tiba tiba crash ama metal sendiri , padahal. hp ga panas dan baterai masih full.",apk scam main panjat kuota crash ama metal hp panas baterai full,0,3,0
playstore,indosat,"paket internet tambah mahal, padahal pelanggan lama.",paket internet mahal langgan,2,1,1
playstore,indosat,"pulsa sering hilang sendiri, padahal data ga pernah di hidupin.. baru isi pulsa langsung berkurang",pulsa hilang data hidupin isi pulsa langsung kurang,1,5,0
playstore,indosat,jaringan babi banget bisa gk sih jaringan nya yang bener gw main ml patah patah banget kalo jaringan aja jelek ngapain buat aplikasi ini? sampah,jaring babi jaring bener main ml patah patah jaring jelek ngapain aplikasi sampah,3,6,0
playstore,indosat,"Tambah mahal aja nih provider, kalau masih mahal begini mending balik lagi pake Telkomsel karena harganya sama.",mahal provider mahal mending pake telkomsel harga,2,2,0
playstore,indosat,"idiot,lagi main game online malah ngelag padahal paket data 6gb lagi terus bar internetnya full tapi lag banget aneh,buang buang uang buat beli paket datanya",idiot main game online lambat paket data gb bar internetnya full lag aneh buang buang uang beli paket data,3,6,0
playstore,indosat,pulsa darurat ga pernah masuk tp ttp suruh bayar udh 2x,pulsa darurat masuk ttp suruh bayar x,0,3,0
playstore,indosat,"sinyalnya 0,0kb/d itu gimana deh, beli mahal"" ga bisa dipake, nyesel bgt beli mahal njir",sinyal kb d gimana beli mahal dipake nyesel beli mahal njir,0,4,0
playstore,indosat,Provider busuk. Tidak ada promo kuota,provider busuk promo kuota,1,2,0
playstore,indosat,teror. tiba tiba suka masuk ke web im3 sendiri. padahal g klik link atau apapun,teror suka masuk web im klik link apa,0,3,0
playstore,indosat,Pelayanan buruk dan masuk kuota nya lama,layan buruk masuk kuota,0,3,0
playstore,indosat,Kuota banyak tapi tidak bisa di pakai jaringan 4G tapi ga bisa di pakai lemot seperti tidak ada kuota,kuota pakai jaring pakai lot kuota,1,3,0
playstore,indosat,perbanyak bonus ny,banyak bonus ny,1,0,1
playstore,indosat,byak promo👍👍,byak promo,1,0,1
playstore,indosat,gak ngotak!!! kuota di kurangi trs dan harga di naikin,ngotak kuota kurang harga naikin,1,2,0
playstore,indosat,terbalik,balik,0,1,0
playstore,indosat,"min tolong hilangin promo yg nyuruh kita luncurkan launcher katanyaa, sumpah itu ganggu bgt pas main game jdi hilang sinyal nya.",min tolong hilangin promo nyuruh luncur launcher katanyaa sumpah ganggu pas main game jdi hilang sinyal,3,3,0
playstore,indosat,"cepat,dan tidak lemot.",cepat lot,1,1,0
playstore,indosat,"weee poke, jaringan 5G masih aja lemot, beli paket mahal"" jdi sia"" pokeee, minimal perbaiki jaringan toddd!!!",weee poke jaring lot beli paket mahal jdi sia pokeee minimal baik jaring toddd,4,4,0
playstore,indosat,sangat Bagus,bagus,1,0,1
playstore,indosat,"Indosat makin ke sini sinyal tidak stabil, harga kuota mahal. Buat apa Kuota Mahal tapi jaringan tidak stabil. tolong upgrade jaringan agar di setiap daerah stabil, dan tidak Lemot. Terim Kasih",indosat sinyal stabil harga kuota mahal kuota mahal jaring stabil tolong upgrade jaring daerah stabil lot rim kasih,6,6,0
playstore,indosat,hapus aja GK guna iklannya banyak amat,hapus iklan,0,1,0
playstore,indosat,"sambungan internet kurang, suka hilang²an",sambung internet suka hilang an,0,2,0
playstore,indosat,"Beli kartu perdana online, nomor recycle tapi bilang tidak. setelah pakai kartunya, tiba tiba ada nomor baru lain yang terverifikasi di akun google selain yang dibeli. beresiko diretas. layanan juga tidak membantu. jaringan makin tidak stabil,",beli kartu perdana online nomor recycle bilang pakai kartu nomor verifikasi akun google beli resiko retas layan bantu jaring stabil,2,1,1
playstore,indosat,"yg mau pakai platinum mikir2 lagi deh,sinyalnya jelek,udah gitu paketan mahal.. apalagi pas di pake buka aplikasi toktok,putus2..",pakai platinum mikir sinyal jelek gitu paket mahal pas pake buka aplikasi toktok putus,2,3,0
playstore,indosat,saya lebih sering menggunakan wifi karna itu saat bepergian sering menggunakan kuota darurat tetapi saat mau membayar hutangnya ternyata kuota yang di bayar melebihi kuota yang di terima sebelumnya dan pada saat peminjaman kuota darurat tidak di berikan rincian soal bunga yang harus di bayar,wifi pergi kuota darurat bayar hutang kuota bayar lebih kuota terima pinjam kuota darurat rincian bunga bayar,2,5,0
playstore,indosat,Layanan lancar,layan lancar,1,0,1
playstore,indosat,tai provider,tai provider,0,1,0
playstore,indosat,mantap 🫪,mantap,1,0,1
playstore,indosat,jaringan gak gak stabil aneh banget udah mah paketan mahal jaringan kek pler turun naek lemot kek siput males banget pake indosat,jaring stabil aneh mah paket mahal jaring kek pler turun naek lot kek siput males pake indosat,4,3,1
playstore,indosat,lu kalo ngelag kira² anjir bisa²nya sinyal full kok jaringanya ngelag aneh betul,lambat anjir sinyal full jaringanya lambat aneh,0,2,0
playstore,indosat,"Lagi nge game tiba tiba ke web sndiri , gajelas , ga rekomen mahal pula , sangat jelek urusin itu yang ke web gblok",nge game web sndiri gajelas rekomen mahal jelek urusin web gblok,1,2,0
playstore,indosat,lemot!,lot,0,1,0
playstore,indosat,"jelek banget signalnya, jangan mau pakai Indosat udah skrng kuota pada mahal eh jaringan nyh lambat parah cuman ngehambur hamburin kuota doang",jelek signalnya pakai indosat skrng kuota mahal eh jaring nyh lambat parah cuman ngehambur hamburin kuota doang,1,6,0
playstore,indosat,mudah hemat,mudah hemat,1,0,1
playstore,indosat,aplikasinya jelek lalot,aplikasi jelek lalot,0,2,0
playstore,indosat,setiap beli pulsa gak pernah dapet point sekarang oi,beli pulsa dapet point oi,1,1,0
playstore,indosat,"lemot, sering dpt sms aneh yg otomatis potong pulsa",lot dpt sms aneh otomatis potong pulsa,1,3,0
playstore,indosat,"hati hati dengan sales im3, mereka menawarkan produk internet dengan contoh jangka 1 tahun seharga 800.000. Tolong tanyakan detail tentang penawaran dari sales tsb. Karena saya merasa terjebak dengan penawaran kuota tsb, karena itu merupakan strategi mereka untuk merubah nomor prabayar menjadi pascabayar",hati hati sales im tawar produk internet contoh jangka harga tolong detail tawar sales tsb jebak tawar kuota tsb strategi rubah nomor prabayar pascabayar,4,4,0
playstore,indosat,"provider dungu, lemot provider ngga niat, mahalnya aja",provider dungu lot provider ngga niat mahal,0,4,0
playstore,indosat,sangat puas dgan mengunakan myIM3,puas dgan mengunakan myim,1,0,1
playstore,indosat,TOLONG NOTIF PROMO YANG NONGOL DILAYAR DEPAN HAPUS!!! GANGGU BANGET TIBA TIBA KE BROWSER.. DARI NOTIF SMS SAMPE APLIKASI SMS DAN APLIKASI INI UDAH GW MATIIN TETEP AJA MASIH NONGOL.. GANGGUNYA LEBIH GANGGU BANGET DARIPADA TIBA TIBA ILANG JARINGAN,tolong notif promo nongol layar hapus ganggu browser notif sms sampe aplikasi sms aplikasi matiin nongol ganggu ganggu ilang jaring,2,10,0
playstore,indosat,"sinyal di siang hari kadang erorr, kayak gak punya paket padahal paket masih ada. saya sudah beralih ke kartu lain. dengan harga kuota yang lebih murah dan tentunya jaringan stabil nggak kayak indosat ini yang suka gangguan.",sinyal siang kadang erorr kayak paket paket alih kartu harga kuota murah jaring stabil nggak kayak indosat suka ganggu,7,4,1
playstore,indosat,"paket google Gemini 40 GB 28 hari, lemot banget...😤😤😤",paket google gemini gb lot,1,1,0
playstore,indosat,"sinyal jelek,paket boros pulsa sering hilang trus",sinyal jelek paket boros pulsa hilang trus,1,4,0
playstore,indosat,"jaringan nya suka ngadet/macet sekarang, dan mahal mahal",jaring suka ngadet macet mahal mahal,1,2,0
playstore,indosat,jaringan jelek SMS nya muncul trus dari bawah ganggu amat kalau mau game jaringan lemot suka ngelag pas main game,jaring jelek sms muncul trus ganggu game jaring lot suka lambat pas main game,5,4,1
playstore,indosat,"lumayan,emang rada2 sinyal im3 biasanya...",lumayan emang rada sinyal im,1,0,1
playstore,indosat,"sumpah ni aplikasi sampah banget, aplikasi buat beli kuota doang kerasa kek shopee, berat bgt, najis mending pake telkomsel aja",sumpah ni aplikasi sampah aplikasi beli kuota doang rasa kek shopee berat najis mending pake telkomsel,1,6,0
playstore,indosat,"myIM3 kocak masaa iya kuota masih 2,8gb gk bisa digunain buat apa'!?",myim kocak masaa iya kuota gb digunain,0,2,0
playstore,indosat,"Nyesel gua pake kartu ini😡Sinyal lemot, harga makin mahal😏",nyesel gua pake kartu sinyal lot harga mahal,1,4,0
playstore,indosat,jaringan internet nya jelek banget M3 sangat menjengkelkan,jaring internet jelek m jengkel,1,2,0
playstore,indosat,"sangat bagus dan mempermudahkan, cuma sayangnya paket nya terlalu mahal",bagus mudah sayang paket mahal,3,1,1
playstore,indosat,"ini indosat gimanasih ada pls 150 d belilan satgas hot promo 150 g bs ktanya saldo tdk ckp dalam masa tenggang,pdl masa aktive masih tahun depan mksdnya apa coba",indosat gimanasih pls d belilan satgas hot promo bs ktanya saldo tdk ckp tenggang pdl aktive mksdnya coba,2,2,0
playstore,indosat,bagi kuota dong🥺,kuota,0,1,0
playstore,indosat,"sinyal parah, lag parah, jelek",sinyal parah lag parah jelek,0,3,0
playstore,indosat,"udah lemot, kuota mahal nya gk ngotak...kalo ada yang lebih murah tapi kualitas signal nya sama kek Indosat gw pindah sumpah..",lot kuota mahal ngotak murah kualitas signal kek indosat pindah sumpah,2,3,0
playstore,indosat,sangat cepat dalam pengisian pulsa,cepat isi pulsa,1,1,0
playstore,indosat,bagus banget saya suka kartu IM3 Indosat,bagus suka kartu im indosat,1,0,1
playstore,indosat,sinyalnya makin parah,sinyal parah,0,1,0
playstore,indosat,bagus cm g ada bonus kuotanya skarang... harganya turunin lg donk..,bagus cm bonus kuota skarang harga turunin lg donk,3,1,1
playstore,indosat,Sinyal kuat dan jaringan sangat baik dan fleksibel,sinyal kuat jaring fleksibel,2,0,1
playstore,indosat,jaringan tida bagus,jaring tida bagus,2,0,1
playstore,indosat,internet nggak stabil,internet nggak stabil,1,0,1
playstore,indosat,"harga sama dari 20gb sekarang makin turun jadi 13gb , haduh mahal sekarang",harga gb turun gb haduh mahal,1,1,0
playstore,indosat,harga semakin hari makin mahal,harga mahal,1,1,0
playstore,indosat,"Dri thn 2005 sampai saat ini,knpa tidak ada perbaikan Qualitas jaringan bos,apalgi di musim hujan. Dulu setiap mendung/hujan indosat buruk,eh udah thn 2025 jga sma buruk y,dimna t3knologi y ini.. indosat semakin gila beli kuota 70gb/28h..seminggu sudah habis..jangan2 di korupsi",dri thn knpa baik qualitas jaring bos apalgi musim hujan mendung hujan indosat buruk eh thn sma buruk y dimna t knologi y indosat gila beli kuota gb h minggu habis korupsi,3,5,0
playstore,indosat,sangat mudah untuk digunakan,mudah,1,0,1
playstore,indosat,"tolong perbaiki sistemnya, pulsa sering berkurang padahal ga dipakai.",tolong baik sistem pulsa kurang pakai,1,3,0
playstore,indosat,apilalkasi yg bagus 👍👍👍👍,apilalkasi bagus,1,0,1
playstore,indosat,bagus cepat,bagus cepat,2,0,1
playstore,indosat,pemaksaan masa paket saya masih ada 20+gb tiba-tiba ada notif pengambilan paket darurat telah berhasil,paksa paket gb notif ambil paket darurat hasil,3,2,1
playstore,indosat,mahal²,mahal,0,1,0
playstore,indosat,woy min kemarin udah ngisi paket data ko engga ada tulisan Tanggal Terakhir Kartu Min Biasa Waktu Ngisi pulsa Selalu Bertambah ini kaga,woy min kemarin ngisi paket data ko engga tulis tanggal kartu min ngisi pulsa tambah kaga,2,3,0
playstore,indosat,"selalu ngelag setiap masanya mau habis,kurang bagus",lambat masa habis bagus,1,1,0
playstore,indosat,"saya ojol, mohon bantuan promo🙏🙏",ojol mohon bantu promo,1,0,1
playstore,indosat,"yag bener woiii indosat.,beli paketan freedom internet bulanan berhasil kok saldo pulsa masih terkuras.....pd hal ada keterangan internet aman dengan save pulsa......makin ngaco aja nie....terus buat apa beli paketan freedom internet kalo masih nguras saldo pulsa......anda telah merugikan konsumen.......",yag bener woiii indosat beli paket freedom internet bulan hasil saldo pulsa kuras pd terang internet aman save pulsa ngaco nie beli paket freedom internet nguras saldo pulsa rugi konsumen,5,5,0
playstore,indosat,"bobrok bgt! saya beli pake, pembayaran pake VA BRI, dr BRI dinyatakan berhasil dr IM3 dinyatakan gagal. dana saya blm dibalikin , saat saya hubungi kontak aduan IM3 di WhatsApp, malah dikatakan nomor wa anda tidak pakai IM3. kartu IM3 saya, saya pakai hanya untuk paket internet, bukan wa, kalau ga ada wa saya, terus saya mengadu kemana? tolonglah IM3 yg jelas dikit pengaduannya gmn. dana saya hangus 150k lho!!!",bobrok beli pake bayar pake va bri dr bri nyata hasil dr im nyata gagal dana blm dibalikin hubung kontak adu im whatsapp nomor wa pakai im kartu im pakai paket internet wa wa adu mana tolong im dikit adu gmn dana hangus k lho,4,7,0
playstore,indosat,apaansi ngelag banget sinyal hilang-hilangan paketan mahal,apaansi lambat sinyal hilang hilang paket mahal,1,4,0
playstore,indosat,internet sering lemot padahal sinyal full hp juga suport 5g gjl ni lama lama,internet lot sinyal full hp suport gjl ni,0,1,0
playstore,indosat,"bisa gak hapus benefit extra goggle gemini, paket data di aplikasi im3 semakin oferprice gara gara semenjak ada benefit extra goggle gemini paket data tidak sampai 1 bulan cuma 28 hari 🙄 kembalikan awal aja paket nya tanpa extra google gemini, seperti dulu harga paket di aplikasi bersahabat, bukan oferpice.",hapus benefit extra goggle gemini paket data aplikasi im oferprice gara gara semenjak benefit extra goggle gemini paket data kembali paket extra google gemini harga paket aplikasi sahabat oferpice,5,7,0
playstore,indosat,"kenapa kalo setiap malem sinyal Indosat itu lemot banget sihhh Tolong dong daerah kebon jeruk jakbar, itu sinyal nya di perbaiki lagi hujan atau malem hari pasti lemot sekali sinyal nya , udah skrng juga kouta nya mahal",malem sinyal indosat lot sihhh tolong daerah kebon jeruk jakbar sinyal baik hujan malem lot sinyal skrng kuota mahal,1,6,0
playstore,indosat,"kuota data hilang sendiri,hati hati",kuota data hilang hati hati,0,3,0
playstore,indosat,tolong kasih poin untuk tukar kuota,tolong kasih poin tukar kuota,1,1,0
playstore,indosat,Alhamdulilah sangat membantu aplikasi ini untik saya,alhamdulilah bantu aplikasi untik,1,1,0
playstore,indosat,"sinyal nya makin lama makin parah, kadang dan data makin lemot mau jam brp pun sama aja",sinyal parah kadang data lot jam brp,1,3,0
playstore,indosat,"sinyal yang biasa full skarang hanya 1 bar itupun sudah berbulan bulan ,tempatnya di lampung tubaba pulung kencana ,ntah apa penyebabnya semoga bisa di pahami dan diperbaiki karna jaringan untuk masyarakat sekitar juga terhambat sangat terganggu.",sinyal full skarang bar itu bulan tempat lampung tubaba pulung kencana ntah sebab moga paham baik jaring masyarakat hambat ganggu,3,5,0
playstore,indosat,"bnyak bgt msalah, lemot, isi kuota gagal saldo tetep berkurang, kuota gk ada, mau tanya customerservise, robot mulu yg jawab nya gk ada solusi, kalo bukan karena nomor nya udah pake lama, udah ganti sih",bnyak msalah lot isi kuota gagal saldo kurang kuota customerservise robot mulu solusi nomor pake ganti,2,5,0
playstore,indosat,"3x bayar transaksi, ga masuk-masuk datanya, tapi duit mah ngurang, ilang 300 malem"" kocak",x bayar transaksi masuk masuk data duit mah ngurang ilang malem kocak,1,6,0
playstore,indosat,"beli paket mau TF gagal,gak taunya saldo rekening saya berkurang tapi paket data gagal dikirim.tolong dibenahi agar tidak mengecewakan.mana pcc penting lagi, bisa-bisanya gagal trus saldo ikut berkurang",beli paket tf gagal tau saldo rekening kurang paket data gagal kirim tolong benah kecewa pcc bisa gagal trus saldo kurang,5,8,0
playstore,indosat,Enga tau kenpa signal. jadi lemottt kadang hilang.. beli kuota ratusan giga signal hilang mulu kaya di dalam hutan tolong donk perbaiki jaringan nya. klo masih lemot aku ganti sekalin,enga tau kenpa signal lemottt kadang hilang beli kuota ratus giga signal hilang mulu kaya hutan tolong donk baik jaring lot ganti sekalin,4,5,0
playstore,indosat,"customer service terlalu slow respon, padahal mau laporan tapi lama dibales",customer service slow respon lapor dibales,3,1,1
playstore,indosat,"hampir 20 tahun saya pakai M3 baru ini pakai kuota darurat. parah pake kuota darurat 7 GB dan 1 GB masa dipotong nya 21 GB, bukan main potongan kuotanya. kecewa si kita pemakai no lama",pakai m pakai kuota darurat parah pake kuota darurat gb gb potong gb main potong kuota kecewa si pakai no,0,7,0
playstore,indosat,sinyal bagus ngga pernah lelet,sinyal bagus ngga lelet,1,2,0
playstore,indosat,kenapa lelet kali sinyal kalian woy.lebih bagus sinyal punya sebelah...😠😤,lelet kali sinyal woy bagus sinyal belah,1,2,0
playstore,indosat,"woy benerin lah sinyal nya jelek banget, masa dah beli mahal² sinyal nya jelek ga worit banget, udah beli data 20 GB tapi koneksi nya jelek banget, tolong woy di perbaiki sinyal nya",woy baik sinyal jelek dah beli mahal sinyal jelek worit beli data gb koneksi jelek tolong woy baik sinyal,2,6,0
playstore,indosat,bonusnya,bonus,1,0,1
playstore,indosat,"sudah jadi langganan sejak 2007 harga mahal gak konsisten, yang 30hr jadi 28hr.",langgan harga mahal konsisten hr hr,2,1,1
playstore,indosat,Mempermudah Dan Efisien,mudah efisien,2,0,1
playstore,indosat,Sinyal putus2 paketan mahal,sinyal putus paket mahal,1,1,0
playstore,indosat,"sinyalnya jelek, saran mending merah walaupun lebih mahal tpi ga beda jauh, ketimbang ini udah ngelag ada iklan waktu ngegame, aku lgi war malah muncul ni iklan, udah di pencet batal malah buka web kek maksa ck😂😂, sinyal lemot padahal perasaan dlu ga jelek amat sekarang malah gini jaringannya wkwk",sinyal jelek saran mending merah mahal tpi beda ketimbang lambat iklan ngegame lgi war muncul ni iklan pencet batal buka web kek maksa ck sinyal lot asa dlu jelek gin jaring wkwk,2,9,0
playstore,indosat,baru caba jga,caba,0,1,0
playstore,indosat,bnyak spam SMS bala ganggu,bnyak spam sms bala ganggu,0,3,0
playstore,indosat,kalo di tambah promo tiap minggu baguss,promo minggu baguss,1,0,1
playstore,indosat,"ngisi pulsa kota 30 gb 5 hari, pembayaran pakai Qris masa 1 kode bisa 2 x transaksi, saldo udah kepotong 2 x tapi kuota tidak masuk dan tidak Da notifikasi apa apa dari Indosat",ngisi pulsa kota gb bayar pakai qris kode x transaksi saldo potong x kuota masuk da notifikasi indosat,2,6,0
playstore,indosat,banyak jebakan...sinyalnya skrng jelek..pilihan paket juga tidak menarik...,jebak sinyal skrng jelek pilih paket tarik,2,2,0
playstore,indosat,"gajelas sinyalnya , mau di dlm ruangan or luar ttp aj jelek lelet , harga doang maen tp kecepatan sinyalnya bintang 0",gajelas sinyal dlm ruang or ttp aj jelek lelet harga doang maen cepat sinyal bintang,3,3,0
playstore,indosat,gue beli pulsa 12500 kenapa yg masuk cuma 10k?!,beli pulsa masuk k,0,2,0
playstore,indosat,Indosat kenapa saya ada kuota darurat 3hari padahal saya tidak daftarkan kuota SOS ini karna saya punya kuota utama baru beli .seminggu yg lalu dan nantinya saya kalau beli kuota lagi akan kena potong . kan aneh saya tidak daftarkan kuota SOS,indosat kuota darurat daftar kuota sos kuota utama beli minggu beli kuota kena potong aneh daftar kuota sos,0,7,0
playstore,indosat,sangat lancar kota nya,lancar kota,1,1,0
playstore,indosat,aplikasi dan signal super buruk,aplikasi signal super buruk,0,2,0
playstore,indosat,Bagus & Mudah,bagus mudah,2,0,1
playstore,indosat,"udah mahal, tidak pernah ada promo murah, internetnya juga lemot",mahal promo murah internetnya lot,2,2,0
playstore,indosat,"signyal makin hari makin buruk,,, gimana sih ini,, ngaa di tangani malah di biarin,, merugikan customr",signyal buruk gimana ngaa tangan biarin rugi customr,1,3,0
playstore,indosat,"iklan promo anda sangat menggangu saya,bisakah anda perbaiki hal tersebut, seperti bukan hanya saya yang terganggu notif tersebut, tapi seluruh pengguna kartu Indosat juga merasakkannya",iklan promo menggangu baik ganggu notif guna kartu indosat merasakkannya,3,1,1
playstore,indosat,"kenapa harus daftar ulang? sebelumnya udah masuk, bikin repot, susah lagi daftarnya",daftar ulang masuk bikin repot susah daftar,0,3,0
playstore,indosat,praktis,praktis,1,0,1
playstore,indosat,sangat nyaman pakai paketan Indosat,nyaman pakai paket indosat,2,0,1
playstore,indosat,"buat tampilan dark mode dong, agar widgetnya jadi warna gelap",tampil dark mode widgetnya warna gelap,0,1,0
playstore,indosat,"im3 yth: kenapa sinyal anda jelek sekali. padahal saya di jakarta loh. sinyal nya ampun dah, ,jelek sekali.",im yth sinyal jelek jakarta loh sinyal ampun dah jelek,0,3,0
playstore,indosat,"aplikasi ribet, buat susah pengguna",aplikasi ribet susah guna,1,3,0
playstore,indosat,jaringan super lemot.. tambah dong bts bts nya...,jaring super lot bts bts,1,1,0
playstore,indosat,bagusin sinyal lu orang pada ngeluh kalo bagus ga gue kasih bintang satu paket mahal ta sesuai dengan harga bagusin ngapa biyar enak kalo bagus GE kasih bintang 🌟🌟🌟🌟🌟,bagusin sinyal orang ngeluh bagus kasih bintang paket mahal ta sesuai harga bagusin ngapa biyar enak bagus ge kasih bintang,5,3,1
playstore,indosat,"kuota besar, tapi jangka waktunya cuma 2 atau 3 hari",kuota jangka,1,1,0
playstore,indosat,Dari semua merek kartu indosat Jaringan terburuk,merek kartu indosat jaring buruk,1,1,0
playstore,indosat,KUALITAS DOWNLOAD PARAH !!!,kualitas download parah,1,1,0
playstore,indosat,sinyal lumayan kuat,sinyal lumayan kuat,2,0,1
playstore,indosat,"untuk perolehan impoin selalu aneh, udah isi pulsa dan paketan tetap gk ada impoin sama sekali. tolong benerin lah, udh dari tahun lalu selalu ini masalahnya kagak benar benar, ntr kalo masuk udh dekat tenggat hangus. mana belum ada perbaikan",oleh impoin aneh isi pulsa paket impoin tolong baik kagak ntr masuk tenggat hangus baik,3,4,0
playstore,indosat,perbanyak promo,banyak promo,1,0,1
playstore,indosat,sering eror,eror,0,1,0
playstore,indosat,sangat mudah dan cepat,mudah cepat,2,0,1
playstore,indosat,"bagus,,,, semoga kedepan Ada promo lebih murah",bagus moga depan promo murah,4,0,1
playstore,indosat,kenapa naik trus sih harga paket y🥴,trus harga paket y,2,0,1
playstore,indosat,apa apaan nomor saya di jual lagi di kartu baru?,nomor jual kartu,1,0,1
playstore,indosat,jaringan babi,jaring babi,1,1,0
playstore,indosat,perbaikan soal jaringan atau sesuai kan harga dengan kualitas aja,baik jaring sesuai harga kualitas,5,0,1
playstore,indosat,👍baik dan lancar,lancar,1,0,1
playstore,indosat,proses top up cepat,proses top up cepat,3,0,1
playstore,indosat,bgus fiturnya ya penambahan aja terkadang suka lag apknya,bgus fiturnya tambah terkadang suka lag apknya,2,0,1
playstore,indosat,sinyal busuk,sinyal busuk,0,1,0
playstore,indosat,"maaf saya berhenti jadi pelanggan IM3 ooredo karena paket internet sangat mahal kemaren 18 50ribu eh sekarang jadi 13 50 ribu udah keterlaluan mahalll,, gak berkualitas banget paket internet nya banyak yang gak perlu di cantumin di paket ,, kamu itu cuma perlu quota utama ,, GK perlu paket telepon,google Gemini dll.. saya muak sama pihak ooredo udah kaya penjajahh",maaf henti langgan im ooredo paket internet mahal kemaren ribu eh ribu mahalll kualitas paket internet cantumin paket quota utama paket telepon google gemini dll muak ooredo kaya penjajahh,6,3,1
playstore,indosat,"Di daerah bandung spesifiknya di cibiru, jaringan sering lemot atau lag dikarenakan membeli paket yang include gemini plus, tolong lebih dioptimalkan lagi.",daerah bandung spesifik cibiru jaring lot lag beli paket include gemini plus tolong optimal,3,2,1
playstore,indosat,"Apa ini kok makin lama jadi makin mahal ajh , kapitalis bgt Luh kuota sebulan di kasih 28 hari Luh pikir 12 bulan ini isi nya bulan Febuari semua sat...",mahal ajh kapitalis luh kuota bulan kasih luh pikir isi febuari sat,0,3,0
playstore,indosat,kenapa yah jaringannya jadi jelek banget padahal kemarin lancar lancar aja tapi udh 2 minggu jaringan di daerah saya jelek banget sering naik turun. jadi tolong perbaiki jaringannya,yah jaring jelek kemarin lancar lancar minggu jaring daerah jelek turun tolong baik jaring,6,2,1
playstore,indosat,"Mohon harga kuota lebih murah sediakan untuk kalangan yang tidak membutuhkan Satspam dan Google Gemini. Saya sebagai konsumen tidak menginginkan fitur itu, yang diinginkan adalah harga lebih murah. Saya tidak minta untuk menghapus fitur itu krn sdar bahwa ada sekelompok org yg butuh & tdk. Tolong suara ini dijadikan pertimbangan agar konsumen tdk kabur berlangganan kartu lain yg lebih murah. Saya penggemar Im3 bertahun-tahun, setiap masukan konsumen berarti, sprt ibu rumah tangga tdk membutukan",mohon harga kuota murah sedia kalang butuh satspam google gemini konsumen fitur harga murah hapus fitur sdar kelompok org butuh tdk tolong suara jadi timbang konsumen tdk kabur langgan kartu murah gemar im tahun masuk konsumen sprt rumah tangga tdk membutukan,8,7,1
playstore,indosat,bukannya kuota makin mahal makin bagus malah makin anjur,kuota mahal bagus anjur,1,3,0
playstore,indosat,"rusak aplikasinya, tiap mau login, layar putih, tiap scroll layar putih, aneh",rusak aplikasi login layar putih scroll layar putih aneh,0,3,0
playstore,indosat,"Jelek jangan dibeli nanti nyesel, sinyal jelek hrg tambah mahal",jelek beli nyesel sinyal jelek hrg mahal,0,4,0
playstore,indosat,"gimana sih lu tiba"" muncul notif,, di pencet no malah masuk di web,, dan kadang tiba"" malah langsung masuk web nyaa,, maksa bangett notif lu, gue pas main serius jadinya terganggu banget dahh Ama notif lu maksa banget nyuruh buka web nyaa",gimana muncul notif pencet no masuk web kadang langsung masuk web nyaa maksa bangett notif pas main serius ganggu dahh ama notif maksa nyuruh buka web nyaa,3,10,0
playstore,indosat,"beli paket 75gb 55rb status paket gagal,tapi gaada pengembalian dana",beli paket gb rb status paket gagal gaada kembali dana,3,2,1
playstore,indosat,"masa ngisi pulsa darurat 10k pulsa nya gak masuk masuk kirain bug pas coba beli pulsa beneran kepotong dan coba lagi pulsa darurat eh gak masuk lagi tapi tagihan tetep ada, jengkelin bangett sumpah",ngisi pulsa darurat k pulsa masuk masuk kirain bug pas coba beli pulsa beneran potong coba pulsa darurat eh masuk tagih jengkelin bangett sumpah,2,10,0
playstore,indosat,"jaringan pler, padahal jaringan full tp nge lag, buat nge game nge lag buat sosmed ngelag, nyesel beli ni kartu ampasss!!!!!",jaring pler jaring full nge lag nge game nge lag sosmed lambat nyesel beli ni kartu ampasss,3,2,1
playstore,indosat,tolong sinyalnya di perbaiki aduh.. baru beli paketan dah begini,tolong sinyal baik aduh beli paket dah,2,1,1
playstore,indosat,aplikasi yang sangat membantu sekali,aplikasi bantu,0,1,0
playstore,indosat,jaringan nya butut,jaring butut,1,1,0
playstore,indosat,"m3 sekarang sinyal sangat buruk, tolong diperbaiki",m sinyal buruk tolong baik,1,1,0
playstore,indosat,"buat pengguna baru,mikir 2x kalau mau pakai m3..saya terganggu aktifitas sy yg menggunakan internet,,jaringan internet selalu gangguan dan parah,sy sudah laporan mana ada perbaikan,",guna mikir x pakai m ganggu aktifitas internet jaring internet ganggu parah lapor baik,4,3,1
playstore,indosat,bagus mahal,bagus mahal,1,1,0
playstore,indosat,"gimana ini, sinyal selalu gangguan, tiap hari ada aja down nya🤦🏻‍♂️",gimana sinyal ganggu down,0,2,0
playstore,indosat,ampun w mah sama sinyal IM3.. ngadat terus ky motor mau mogok,ampun w mah sinyal im ngadat ky motor mogok,0,1,0
playstore,indosat,indosat koplak kuata aku GK di pake hbs sendiri parah males. maen Indosat lagi,indosat koplak kuata pake hbs parah males maen indosat,1,2,0
playstore,indosat,"Beli paket freedom internet 25gb 60rb lewat aplikasi myIM3 hilang, sudah bayar paket masuk 25gb,tapi esoknya jadi 9gb. HATI HATI untuk pemakai indosat, biar tidak tertipu. Indosat sangat tidak rekomen.",beli paket freedom internet gb rb aplikasi myim hilang bayar paket masuk gb esok gb hati hati pakai indosat biar tipu indosat rekomen,2,3,0
playstore,indosat,sunguh puas,sunguh puas,1,0,1
playstore,indosat,m3 lama lama makin brengsek biasa saya bli 60ribu 25 gb skrng berubah 18 gb mudahan cepat bangkrut dan pelanggan pada pindah kartu lain,m brengsek bli ribu gb skrng ubah gb mudah cepat bangkrut langgan pindah kartu,3,2,1
playstore,indosat,Semoga jadi yang terbaik,moga baik,2,0,1
playstore,indosat,"jaringan internet kurang bagus, untuk wilayah Papua, Indosat jaringan paling susah",jaring internet bagus wilayah papua indosat jaring susah,3,1,1
playstore,indosat,sinyal ngeleg bae gimana si,sinyal lambat bae gimana si,0,1,0
playstore,indosat,"Harga paket semakin hari semakin naik tapi jaringan nggak bisa dinikmati,hadehh",harga paket jaring nggak nikmat hadehh,4,0,1
playstore,indosat,"mantap bangat kalo bisa peporma internet lebih kencang lagi,masih ada gangguan dikit sering lhilang jaringan internetnya",mantap bangat peporma internet kencang ganggu dikit lhilang jaring internetnya,2,2,0
playstore,indosat,"sangat tidak memuaskan, sering mengalami hilang jaringan dan gangguan, sangat kecewa",muas alami hilang jaring ganggu kecewa,2,4,0
playstore,indosat,"jaringan sering terputus dan lelet, merugikan costumer nya",jaring putus lelet rugi costumer,1,2,0
playstore,indosat,Jaringan apa ini buat whatsapp aja ngejam padahal 4g full dan kouta utama masih 5 gb nyesel beli indosat,jaring whatsapp ngejam full kuota utama gb nyesel beli indosat,1,2,0
playstore,indosat,bagus sekali cuma gak 30 hari,bagus,1,0,1
playstore,indosat,"IM3 YTH TERHORMAT... UTK FITUR DLM APKNYA CUKUP BAGUS, HANYA SAJA KETIKA SAYA UPDATE UTK FITUR TAMPILAN PAKET HARIAN, BULANANNYA SANGAT LELET UTK DILIHAT. ENTAH KARENA KARINGANKAH, ATAU APALAH... TOLONG DIPERBAIKI BUGNYA 🙏 YG LAIN SDH OKE 👌 TERIMAKASIH",im yth hormat utk fitur dlm apknya bagus update utk fitur tampil paket hari bulan lelet utk karingankah apa tolong baik bugnya sdh oke terimakasih,5,3,1
playstore,indosat,jaringan bagus mantap m3,jaring bagus mantap m,3,0,1
playstore,indosat,"pulsa berkurang tapi paket data tidak aktif, katanya kesalahan teknis, tanya ke customer care tidak ada transaksi katanya. kemna hilangnya pulsa ku?",pulsa kurang paket data aktif salah teknis customer care transaksi kemna hilang pulsa ku,3,6,0
playstore,indosat,knp paket 30hr di hapus,knp paket hr hapus,1,1,0
playstore,indosat,banyak pop up iklan yg sangat ganggu banyak iklan yang ga perlu,pop up iklan ganggu iklan,1,1,0
playstore,indosat,menurut saya enak buat jualan pulsa harganya lebih murah,enak jual pulsa harga murah,3,1,1
playstore,indosat,ok bangus,ok bangus,1,0,1
playstore,indosat,"Ups, sedang ada gangguan sudah lemot internetnya terus sekedar melihat sisa kuota saja sering bermasalah",ups ganggu lot internetnya dar sisa kuota masalah,0,5,0
playstore,indosat,sange,sange,0,1,0
playstore,indosat,"sedih sih saya gk bisa pake kuota darurat lagi, padahal selalu ganti, hari ini masa aktif paket saya habis, dan mau beli ayam geprek, tpi saya pikir ah aku pake Kouta darurat dulu buat bayar ayam geprek nanti sampe rumah langsung beli kuota biar langsung ganti kuota darurat ny Krena gada kuota kan internet gk aktif, jadi harus ada wifi dllu baru bisa buka dana atau gopay buat isi kuota, tapi Krena internet gada harus login wifi dllu tapi tadi baru liat ternyata udah GK bisa😣",sedih pake kuota darurat ganti aktif paket habis beli ayam geprek tpi pikir ah pake kuota darurat bayar ayam geprek sampe rumah langsung beli kuota biar langsung ganti kuota darurat ny krena gada kuota internet aktif wifi dllu buka dana gopay isi kuota krena internet gada login wifi dllu liat,5,7,0
playstore,indosat,bagus dan keren,bagus keren,2,0,1
playstore,indosat,"GILAAAA makin mahal aja nih heran,waktu yg biasanya 30 hari di pangkas jadi 28,paketnya makin mahal speed nya juga makin lemot gila emng indosat ini",gilaaaa mahal heran pangkas paket mahal speed lot gila emng indosat,1,3,0
playstore,indosat,masih mahal kadang jaringan gk stabil GK sesuai harga🙏🙏,mahal kadang jaring stabil sesuai harga,5,1,1
playstore,indosat,"SUPER MAHAL, NO REKOMEND.",super mahal no rekomend,0,1,0
playstore,indosat,"saya beli data 7 hari baru make 2 hari terus gangguan sampe data nya habis waktunya,terus besoknya langsung gak gangguan lagi",beli data make ganggu sampe data habis besok langsung ganggu,1,4,0
playstore,indosat,maknyos hanyot nyo pancen oke 👍🏻,maknyos hanyot nyo pancen oke,1,0,1
playstore,indosat,baik mantap,mantap,1,0,1
playstore,indosat,"ini gimana si saya beli kuota katanya pulsa tidak cukup, jelas-jelas pulsa saya cukup!! perbaikin dong!!!",gimana si beli kuota pulsa pulsa perbaikin,0,3,0
playstore,indosat,banyak pilihan paketnya,pilih paket,1,1,0
playstore,indosat,Terima kasih🙏,terima kasih,1,0,1
playstore,indosat,Sinyal Indosat di Tanggerang Deket bandara Soekarno Hatta terburukkkk!!!!,sinyal indosat tanggerang deket bandara soekarno hatta terburukkkk,1,0,1
playstore,indosat,"mahal2 bangat paketnya, beli aja kartu lain",mahal bangat paket beli kartu,1,1,0
playstore,indosat,"tidak punya hutang pulsa sos, beli paketan kena potong setiap beli paketan",hutang pulsa sos beli paket kena potong beli paket,2,4,0
playstore,indosat,kenapa sering lemot,lot,0,1,0
playstore,indosat,"Ini kenapa jaringan M3 gabisa buka game, sosmed delay padahal signal full, Kouta banyak, gajelas.",jaring m gabisa buka game sosmed delay signal full kuota gajelas,2,2,0
playstore,indosat,"malam malam butuh kuota, sudah berhasil transfer lewat VA, di aplikasi myim3 malah gagal. Tanya lewat WhatsApp IM3 malah suruh tunggu 3-5 hari buat refund dana. GILAAAAA, ini butuh internet anjirrrr ga bisa di andelin bgt. kecewa bgt si makin lama makin....",malam malam butuh kuota hasil transfer va aplikasi myim gagal whatsapp im suruh tunggu refund dana gilaaaaa butuh internet anjirrrr andelin kecewa si,2,9,0
playstore,indosat,"gabisa pulsa sos anjir, padahal udah langganan prabayar tetep aja gabisa, udah lapor malah gajelas yang hubunginnya",gabisa pulsa sos anjir langgan prabayar gabisa lapor gajelas hubunginnya,2,1,1
playstore,indosat,ringkas,ringkas,0,1,0
playstore,indosat,SINYAL NYA BAPUK LAH!!!!!!!!!!! NGLAG PARAH!!!!!!!!!!!,sinyal jelek nglag parah,0,2,0
playstore,indosat,jaringan sekarang jadi lemot banget!,jaring lot,1,1,0
playstore,indosat,"tolong banget ini mah, next update biarin pulsa darurat masuk sebagai balance utama, jangan di sembunyikan di panggilan telepon (*888#) masa pulsa darurat cuma bisa di pake di panggilan biasa, gak bisa di pake di aplikasi, mana balance menunjukkan pulsa sebelumnya tanpa nambah pulsa darurat, sedangkan tagihan sudah berjalan, jadi pengguna awam gak ngerti gimana cara gunakan pulsa darurat... jadi tolong di next update, pulsa darurat biarin satu sama balance utama supaya bisa di gunakan di apknya!",tolong mah next update biarin pulsa darurat masuk balance utama sembunyi panggil telepon pulsa darurat pake panggil pake aplikasi balance pulsa nambah pulsa darurat tagih jalan guna awam ngerti gimana pulsa darurat tolong next update pulsa darurat biarin balance utama apknya,1,15,0
playstore,indosat,pelayanannya sangat bagus trutama sinyal nya aku sangat puas,layan bagus trutama sinyal puas,2,0,1
playstore,indosat,"sangat membantu, lebih mudah untuk beli paket internetnya",bantu mudah beli paket internetnya,2,0,1
playstore,indosat,"masa buka game aja gak kuat,",buka game kuat,2,0,1
playstore,indosat,kasih harga yg masuk akal sedikit lah masak kuota 5 gb hampir 60 ribu,kasih harga masuk akal masak kuota gb ribu,1,2,0
playstore,indosat,sangat jelek sinyalnya entar gak pake im3,jelek sinyal entar pake im,0,1,0
playstore,indosat,semakin lama semakin. parah jaringan .tidak ada apa sih buat setting antena provider ... jaringan hilng²an terus .lantas buat apa beli kuota 100gb .gak k guna juga kayanya. #Daerah jakbar Cengkareng & sekitarnya,parah jaring setting antena provider jaring hilng an lantas beli kuota gb k kaya jakbar cengkareng,2,2,0
playstore,indosat,mantap baik sangat membantu,mantap bantu,1,0,1
playstore,indosat,main game ping merah sosmed jelek nonton yt lag gua udh pake bertahun tahun kaga ada perubahan mana skrg paketan mahal²,main game ping merah sosmed jelek nonton yt lag gua pake tahun kaga ubah skrg paket mahal,2,3,0
playstore,indosat,ok lh bagus,ok lh bagus,2,0,1
playstore,indosat,IM3 sangat cepat dalam mem proses pembayaran,im cepat mem proses bayar,2,0,1
playstore,indosat,kuota nya mahal,kuota mahal,0,2,0
playstore,indosat,"paket hanya 28 hari. Terus kalo paket belum habis, tapi waktunya yg habis paket malah hangus padahal sudah kita bayar",paket paket habis habis paket hangus bayar,3,1,1
playstore,indosat,mempermudah,mudah,1,0,1
playstore,indosat,"tidak bagus, sinyal nya jelak sering ganguan",bagus sinyal jelak ganguan,2,0,1
playstore,indosat,mao beli kuota . pas buka aplikasi nya malah gangguan mulu . udah seminggu ini gangguan terus . apa karna kartu masa tenggang. jdi gabisa aplikasi indosat,mao beli kuota pas buka aplikasi ganggu mulu minggu ganggu kartu tenggang jdi gabisa aplikasi indosat,1,5,0
playstore,indosat,"min, tolong banget ini mh min, sudah hampir seminggu sinyal Indosat di tempat saya sangat amat buruk sekali, semua teman teman saya juga merasakan hal yang sama, tolong dong min di cek dan diperbaiki terimakasih!",min tolong mh min minggu sinyal indosat buruk teman teman rasa tolong min cek baik terimakasih,2,3,0
playstore,indosat,Sangat Cepat Dan Semu paket Kota data Mura,cepat semu paket kota data mura,3,2,1
playstore,indosat,"makin kesini myim3 makin lelet banget jaringan internet nya..mending tutup ajah sekali,,",kesini myim lelet jaring internet mending tutup ajah,2,2,0
playstore,indosat,"sinyal ilang mulu apalah paket makin mahal, mending ganti kartu Smartfren aja",sinyal ilang mulu apa paket mahal mending ganti kartu smartfren,2,3,0
playstore,indosat,ok bangeut .. sungguh membantu. skrng knp jadi macet? nyuruh update juga ga ada..,ok bangeut sungguh bantu skrng knp macet nyuruh update,1,1,0
playstore,indosat,"perbaikin notif, tiap main game suka kepental ke chrome, ganggu kenyamanan pengguna",perbaikin notif main game suka pental chrome ganggu nyaman guna,3,2,1
playstore,indosat,sangat mengecewakan..... paket saya selalu cepat habis . dan setiap pengisian sekarang dipotong kouta . saya pelanggan lama merasa sangat kecewa sekali,kecewa paket cepat habis isi potong kuota langgan kecewa,3,4,0
playstore,indosat,kok susash buat beli paket dari td sore. sering eror,susash beli paket td sore eror,1,1,0
playstore,indosat,"sinyal taiii sering ganguan paket mahal"" otw ganti kartu ... lama"" konsumen m3 pada pindah ... udh paket mahal kualitas sinyal malah down parah ... minimal sesuaikan kan lah paket mahal kualitas juga bagus,10 tahun make m3 by terima kasih gua mending gnti kartu dri pada emosi soal jaringan",sinyal taiii ganguan paket mahal otw ganti kartu konsumen m pindah paket mahal kualitas sinyal down parah minimal sesuai paket mahal kualitas bagus make m by terima kasih gua mending gnti kartu dri emosi jaring,10,7,1
playstore,indosat,Makin mahal paket nya dan yaps jaringan internetnya tambah lambat,mahal paket yaps jaring internetnya lambat,2,2,0
playstore,indosat,"semakin di beli kautaya smakin mahal, harga tetap kauta di kurangi, masa berlaku jg di kurangi, ampas lama"" m3",beli kautaya smakin mahal harga kauta kurang laku kurang ampas m,1,4,0
playstore,indosat,"Tolong HILANGKAN POP UP Iklan yang langsung mengarah ke web, dikarenakan sangat mengganggu!!",tolong hilang pop up iklan langsung arah web ganggu,2,2,0
playstore,indosat,"saya kirim paket kuota, ke nomer hp saudara saya tetapi kuotanya tidak terkirim ke nomer saudara saya, tapi kuotanya malahan aktif di hp milik saya sendiri, inih gimanah ya konsepnya",kirim paket kuota nomer hp saudara kuota kirim nomer saudara kuota aktif hp milik inih gimanah konsep,4,3,1
playstore,indosat,"harganya mahal, sinyal nya kurang",harga mahal sinyal,1,1,0
playstore,indosat,"buset tambah hari tambah mahal banget ni Indosat, dlu Indosat tu paling murah stelah exis dan XL, skrng indosat mahal bngt njir peningkatan kualitas apaan buat maen game mobile legends aja ngelag mlu heran ping ijo paling bagus stuck di 80ms kocak kualitas apaan",buset mahal ni indosat dlu indosat tu murah stelah exis xl skrng indosat mahal njir tingkat kualitas maen game mobile legends lambat mlu heran ping ijo bagus stuck ms kocak kualitas,7,5,1
playstore,indosat,"kenapa sekarang susah x mau cek paket internet,di cek dari *888# di kasih sms suruh cek di *123# pas di cek malah disuruh lagi pakai *888# makin lama makin gak genah ni m3 udah belik pulsa biar memperpanjang masa tenggang karna kuota internet masih banyak eeh pulsa habis di sedot kuota internet pun disedot,ini aku kasih bintang 2 klau udh baik lagi program nya aku tambahin lagi bintang nya nanti dan komen ini aku hapus,klau komen ini belum di hapus berarti belum di perbaikin",susah x cek paket internet cek kasih sms suruh cek pas cek suruh pakai genah ni m belik pulsa biar panjang tenggang kuota internet eeh pulsa habis sedot kuota internet sedot kasih bintang klau program tambahin bintang komen hapus klau komen hapus perbaikin,3,15,0
playstore,indosat,bagus selali,bagus lali,1,1,0
playstore,indosat,"tolong dong uang saya hilang 65rb, pdhl udh dibayar tpi ga masuk, jadi beli 2 kali deh...hadehhh kacaw",tolong uang hilang rb pdhl bayar tpi masuk beli kali hadehhh kacaw,0,2,0
playstore,indosat,"makin kesini makin parah lemot sinyalnya, gak cocok buat internetan",kesini parah lot sinyal cocok internetan,0,2,0
playstore,indosat,dengerin woy keluhan customer!,dengerin woy keluh customer,1,0,1
playstore,indosat,mantap dan bagus,mantap bagus,2,0,1
playstore,indosat,signal jelek,signal jelek,0,1,0
playstore,indosat,"sangat membantu, di harap agar paketnya lebih murah lagi",bantu harap paket murah,2,0,1
playstore,indosat,semoga jaringan internet nyata baik,moga jaring internet nyata,2,0,1
playstore,indosat,sinyal sering berhenti,sinyal henti,0,1,0
playstore,indosat,Indosat Ooredoo menu luncurkan broser buka Google croom pemberitahuan ini sangat mengganggu dan tidak bisa di hentikan notifikasi nya lagi enak² main game muncul spam notifikasi seperti itu gak rekomendasi untuk pengguna game dah gitu paket datanya sekarang mahal malah lebih murah sebelah yg biru noh.... yaelah dah banyak spam SMS promo belum spam menu Indosat Ooredoo parah promonya mahal gak guna,indosat ooredoo menu luncur broser buka google croom pemberitahuan ganggu henti notifikasi enak main game muncul spam notifikasi rekomendasi guna game dah gitu paket data mahal murah belah biru noh yaelah dah spam sms promo spam menu indosat ooredoo parah promonya mahal,6,13,0
playstore,indosat,cepet abis kuotanya kalo pake aplikasi,cepet abis kuota pake aplikasi,1,2,0
playstore,indosat,sinyal buruk harga kouta mahal mahal,sinyal buruk harga kuota mahal mahal,1,4,0
playstore,indosat,siyal lemot,siyal lot,0,1,0
playstore,indosat,"ini gimana si paket saya masih 7 gb saya mau beli lagi 20 gb nah yang 7 nya ilang gak nalar sumpah, mane harganya mahal""lagi mau haji lu?minimal kalo sinyalnya jamping di turunin lah bos harganya",gimana si paket gb beli gb ilang nalar sumpah mane harga mahal haji minimal sinyal jamping turunin bos harga,4,3,1
playstore,indosat,"kesel banget sama Indosat,setiap isi pulsa selalu kepotong pulsanya tanpa sebab,pdahal ga ikut langganan apaapaa",kesel indosat isi pulsa potong pulsa pdahal langgan apaapaa,1,4,0
playstore,indosat,WOIII DND LO RUSUH BGT TIAP HARI SELALU ADA IKLAN MASUK DI HP GW. BINTANG 1 GANGGU AKTIFITAS ORANG AJA,woiii dnd rusuh iklan masuk hp bintang ganggu aktifitas orang,0,2,0
playstore,indosat,"minimal kalau mau nikin harga kuota, ya sinylanya jga harus di taikin kualitanya lah, ini mh kuota makin mahal, jaringan makin lemot",minimal nikin harga kuota sinylanya taikin kualitanya mh kuota mahal jaring lot,2,5,0
playstore,indosat,tambah kesini sinyal muter2 tolong diperbaiki terima kasih,kesini sinyal muter tolong baik terima kasih,2,0,1
playstore,indosat,lemot banget ya.,lot,0,1,0
playstore,indosat,aplikasi ini sangat menyenangkan,aplikasi senang,0,1,0
playstore,indosat,kepada jajaran pimpinan Indosat yang terhormat tolong kalau ada pengguna provider / user komplain tolong di respon tiba tiba pulsa saya terpotong untuk paket internet padahal saya tidak ber langganan/ membeli paket tertentu mohon respon dan bantuan solusi nya karena ketika saya komplain lewat Indira ataupun cs saya tidak mendapatkan solusi pulsa saya 3 kali sudah berkurang tolong jangan semena mena memotong pulsa customer tanpa konfirmasi terima kasih 🙏🙏,jajar pimpin indosat hormat tolong guna provider user komplain tolong respon pulsa potong paket internet ber langgan beli paket mohon respon bantu solusi komplain indira cs solusi pulsa kali kurang tolong semena mena potong pulsa customer konfirmasi terima kasih,10,9,1
playstore,indosat,"semakin buruk pelayanannya paket masih bnyak kok bisa habis tanpa pemberitahuan sebelumnya...aneh21 GB hbis GK tahu kemana sisa tinggal 4 GB sore ini,,siang td sisa 11 GB sore da sisa 4 GB..aneh..... IM3 skrg sperti nipu masak paket data saya 21 GB dalam 3 hari sisa 4 GB katany hemat nyatanya nipu????..masak iya baru 3 hari pakai hbis 17 GB hanya nonton drama saja....GK logika lagi Indosat ini...bagus beralih lah sebelum jdi sperti sya rincian jg GK tahu pdhl setiap hari sya cek",buruk layan paket bnyak habis pemberitahuan aneh gb habis mana sisa tinggal gb sore siang td sisa gb sore da sisa gb aneh im skrg sperti nipu masak paket data gb sisa gb katany hemat nipu masak iya pakai habis gb nonton drama logika indosat bagus alih jdi sperti sya rincian pdhl sya cek,3,9,0
playstore,indosat,iklan nya maksa bgt. tiba tiba ke browser sendiri. ganggu bgt. tolonglah di ilangin.,iklan maksa browser ganggu tolong ilangin,0,2,0
playstore,indosat,kenapa waktu saya transaksi sering gagal,transaksi gagal,1,1,0
playstore,indosat,"ga jelas masa lagi main game tb"" ke chrome suruh ngisi ini itu",main game tb chrome suruh ngisi,1,1,0
playstore,indosat,layanan yang cepat dan simpel 👍🏻,layan cepat simpel,2,0,1
playstore,indosat,sinyal nya makin jelek sekarang,sinyal jelek,0,1,0
playstore,indosat,provider gak jelas selalu bikin risih Mulu kebanyakan pop up dan tiba tiba dibawa masuk web memang bikin risih terus sampe kapan kayak gini Mulu pake provider ginian,provider bikin risih mulu banyak pop up bawa masuk web bikin risih sampe kayak gin mulu pake provider ginian,1,2,0
playstore,indosat,paket mahal sinyal lelet kek siput dasar kocak nih myim3,paket mahal sinyal lelet kek siput dasar kocak myim,1,3,0
playstore,indosat,"makin mahal aja su, dulu² 50gb masih bisa dapat 20gb keatas bahkan kadang 30gb. tahun lalu akhir² turun dpt 18gb eh sekarang 13gb. makin ga ngotak aja 😂",mahal su gb gb atas kadang gb turun dpt gb eh gb ngotak,1,2,0
playstore,indosat,"kuota internet masih ada, tapi gak bisa di pake, padahal waktu habis nya 30 menit lagi, tapi gak bisa di pake",kuota internet pake habis menit pake,0,1,0
playstore,indosat,"beli paket cepat sekali dilayani, jaringan bagus di daerah depok jawa barat, puas banget",beli paket cepat layan jaring bagus daerah depok jawa barat puas,5,0,1
playstore,indosat,"baik, mudah",mudah,1,0,1
playstore,indosat,Jadi ribet jadi susah buat bayar pulsa darurat nya 😅,ribet susah bayar pulsa darurat,0,3,0
playstore,indosat,"sudah 2 hari sinyal nya buruk, beli kuota mahal2 tetap aja sinyal zonk",sinyal buruk beli kuota mahal sinyal zonk,0,3,0
playstore,indosat,terlalu banyak potongan sangat merugikan kami konsumen,potong rugi konsumen,0,2,0
playstore,indosat,"makin gak ada akhlak sinyal indosat ih 😑 masa cuma 1/2 bar, kecepatan sinyal gak sampe 10kb/s. padahal di kota tapi sinyal burik bukannya tambah bagus malah tambah bosok sinyalnya paketan mahal tapi sinyal bosok",akhlak sinyal indosat ih bar cepat sinyal sampe kb s kota sinyal burik bagus bosok sinyal paket mahal sinyal bosok,4,2,1
playstore,indosat,"tolong di benahi lagi admin nya, masa pulsa di ambil terus walaupun tidak banyak Rp 100 - 700 tapi merugikan konsumen, contoh sy udah membeli pulsa 50 rb buat beli paket internet tiba ² pulsa berkurang Rp 100 berarti kan kita musti beli pulsa lagi buat nutupin tgl 2/05 sy beli pulsa 5000 sekarang 6/05 pulsa nya 4340 padahal tidak di pakai internet & tgl 3/05 melakukan panggilan telpon tapi tidak terhubung 12/05/26 stop ambil pulsa",tolong benah admin pulsa ambil rp rugi konsumen contoh beli pulsa rb beli paket internet pulsa kurang rp musti beli pulsa nutupin tgl beli pulsa pulsa pakai internet tgl panggil telpon hubung stop ambil pulsa,1,12,0
playstore,indosat,sinyal m3 didaerah saya sekarang payah sangat lemah,sinyal m daerah payah lemah,0,1,0
playstore,indosat,jaringan nya minn ihhhh lemot bangetttt😤,jaring minn ihhhh lot bangetttt,1,2,0
playstore,indosat,"sinyal kek babi tolong dong benerin nih sinyal biar ga lemot percuma beli mahal"" klo sinyal lemot. dari dulu sampe sekarang masi sama aja sinyal ngelag terus",sinyal kek babi tolong baik sinyal biar lot beli mahal sinyal lot sampe mas sinyal lambat,1,5,0
playstore,indosat,terdapat banyak promo kuota di dalamnya setiap hari ada ajah promonya. makasih Indosat sangat membantu sekali loveeee,promo kuota dalam ajah promonya makasih indosat bantu loveeee,3,1,1
playstore,indosat,baru isi pulsa langsung ilang gada safe pulsa nya sama sekali,isi pulsa langsung ilang gada safe pulsa,1,3,0
playstore,indosat,karna suka nyolong cangcut,suka nyolong cangcut,0,1,0
playstore,indosat,"aplikasi nya bagus, jaringan nya ngajak ribut",aplikasi bagus jaring ngajak ribut,3,1,1
playstore,indosat,tolong lah jangan suka ngasi notifikasi yg muncul depan layar itu sangat mengganggu,tolong suka ngasi notifikasi muncul layar ganggu,0,1,0
playstore,indosat,woi benerin jaringan elu mbut ngeleg mlu,woi baik jaring elu mbut lambat mlu,2,1,1
playstore,indosat,"sinyalnya beda sama di iklan,, lelet bangett",sinyal beda iklan lelet bangett,0,3,0
playstore,indosat,bagus sih banyak promo nya,bagus promo,2,0,1
playstore,indosat,dasar penipuan saya beli kuota 10k ama 20k nga masuk,dasar tipu beli kuota k ama k nga masuk,0,2,0
playstore,indosat,cukup menarik,tarik,1,0,1
playstore,indosat,"nyesel gw beli yang premium, sinyal kek taik gini , bentar bentar hilang.. bikin badmood aja tiap main game, ngelag mulu. abis gini, kubuang jauh jauh ini kartu.. muak liatnya",nyesel beli premium sinyal kek taik gin bentar bentar hilang bikin badmood main game lambat mulu abis gin buang kartu muak liat,2,7,0
playstore,indosat,"sinyal im3 ampas banget. jangan pakai im3 lagi, apalagi kalo siang paraaahhhh. im3 sinyal paling lemot",sinyal im ampas pakai im siang paraaahhhh im sinyal lot,0,2,0
playstore,indosat,sinyal kaya d hutan d jakarta padahal gila Indosat padahal langganan ngeleg parah,sinyal kaya d hutan d jakarta gila indosat langgan lambat parah,2,2,0
playstore,indosat,ini kuota ato wifi dah sinyal nya jelek bgt pdahal udh beli yg paket 50k 16gb tpi buat main game aja patah' ada apa dgn konter elu dh,kuota ato wifi dah sinyal jelek pdahal beli paket k gb tpi main game patah konter elu dh,2,4,0
playstore,indosat,promo 300GB kok gk ada??,promo gb,1,0,1
playstore,indosat,tak kasih bintang 5 karna sinyal nya yg sangat buruk harga kuota makin mahal kualitas jaringan makin buruk hebat ni Indosat 👏,kasih bintang sinyal buruk harga kuota mahal kualitas jaring buruk hebat ni indosat,3,4,0
playstore,indosat,"jaringan lo mudah banget gangguan nya ajg?! why?!!!?? mana lemot parah lagi, ya ampun🤦‍♀️ emng sih jaringannya 4G tapi lemotnya itu loh, ga habis pikir gw mana mudah banget gangguan, itu jaringan apa mental? mudah bgt keganggu tolong lah ya, itu ga rispek bgt wok☹️ promo promo lo bagus emng, tapi jaringan lo jelek lemot parah, ganggu banget mana sering kepotong lagi kuota yg gw beli gegara sering bgt gangguan hadeuh, lemot lemot",jaring mudah ganggu ajg why lot parah ampun emng jaring lot loh habis pikir mudah ganggu jaring mental mudah ganggu tolong rispek wok promo promo bagus emng jaring jelek lot parah ganggu potong kuota beli gegara ganggu hadeuh lot lot,10,17,0
playstore,indosat,"Gilaa sih m3 sekarang jaringan nya anjlok parah bener bener jelek sumpah ga bhong beli paket mahal mahal dapet kwalitas jelek parah, perbaiki secepatnya!!!",gilaa m jaring anjlok parah bener bener jelek sumpah bhong beli paket mahal mahal dapet kwalitas jelek parah baik cepat,5,7,0
playstore,indosat,mangtabbss good,mangtabbss good,1,0,1
playstore,indosat,teruskan perjuangan nya indosat jangan kalah sama yg lain,terus juang indosat kalah,0,1,0
playstore,indosat,makasih 💜,makasih,1,0,1
playstore,indosat,paket di kurangin harga di naikin heran banget gw sama indonyet ini,paket rangin harga naikin heran indonyet,2,0,1
playstore,indosat,"Mau nonaktifkan nomor gara² kejebak platinum. ga bisa lagi di prabayarin. Platinum nya sih gak masalah yah harga berapapun, cuma sekarang 2026 jaringannya parah, kayak nebeng wifi tetangga 😭. Ga rekomendasi, kecuali ada perubahan jaringan 🙏",nonaktif nomor gara jebak platinum prabayarin platinum yah harga jaring parah kayak nebeng wifi tetangga rekomendasi kecuali ubah jaring,3,3,0
playstore,indosat,makin lama pake kartu ini bukannya enak malah tambah stres jaringan lemot kadang eror kadang hilang sinyalnya dulu gak kayak gini,pake kartu enak stres jaring lot kadang eror kadang hilang sinyal kayak gin,3,5,0
playstore,indosat,TUKANG NILEP DUIT,tukang nilep duit,0,1,0
playstore,indosat,M3 gua kagak bisa dipakai aj,m gua kagak pakai aj,0,2,0
playstore,indosat,sinyalnya kayak siput,sinyal kayak siput,0,1,0
playstore,indosat,tolong harga paketnya jangan di naikin lagi ia pa Bu kerna saya penggan setia,tolong harga paket naikin pa bu kerna penggan setia,2,2,0
playstore,indosat,masih gak bisa sayang kuhh capek nih lama lama ganti byu,sayang kuhh capek ganti byu,0,1,0
playstore,indosat,terlalu cepat berlalu,cepat,1,0,1
playstore,indosat,Gerai im3 palangka raya palangka raya pelayanan nya sangat ramah dan mudah,gerai im palangka raya palangka raya layan ramah mudah,2,0,1
playstore,indosat,jumlah kuota di kurangi banyak tapi harga tetap mahal jelek parah coq,kuota kurang harga mahal jelek parah coq,1,5,0
playstore,indosat,paket hangus tanggal 12 jam 06.58 tapi pas saya sempetin jam 06.52 buat isi biar ga hangus tapi tetep aja hangus gada tanda tanda perpanjang paket padahal udh tercantum segera isi kembali paket yang sama dan mendapatkan perpanjangan waktu paket tapi mana cuman omong kosong saran sih jangan sampe make kartu ini nyesel saya pake ini cuman saya terpaksa trus memakai sinyal ini karena aktif nomor masih 2 taun saran sebelum kartu sinyal kalian aktif nya udh lama buru buru pindah aja ke kartu lain,paket hangus tanggal jam pas sempetin jam isi biar hangus hangus gada tanda tanda panjang paket cantum isi paket panjang paket cuman omong kosong saran sampe make kartu nyesel pake cuman paksa trus pakai sinyal aktif nomor taun saran kartu sinyal aktif buru buru pindah kartu,8,11,0
playstore,indosat,jaringan suka ilaang sendiri,jaring suka ilaang,1,0,1
playstore,indosat,aplikasi sangat bagus dan membantu,aplikasi bagus bantu,1,1,0
playstore,indosat,sagat puas,sagat puas,1,0,1
playstore,indosat,regis kartu aja susah amat heran,regis kartu susah heran,0,1,0
playstore,indosat,"masa beli pulsa kadang ga masuk,rusak ni indosat",beli pulsa kadang masuk rusak ni indosat,1,2,0
playstore,indosat,luar biasa bagus,bagus,1,0,1
playstore,indosat,hari ini saya beli pket freedom internet 5gb 2 hari knp ga masuk,beli pket freedom internet gb knp masuk,0,1,0
playstore,indosat,GooD..........👍,good,1,0,1
playstore,indosat,ga ada paket gratisannya,paket gratis,2,0,1
playstore,indosat,"Apaan sih makin ngelunjak aja😏 apa susahnya 30 hari? kenapa harus 28 hari tinggal kasih 2 hari aja pelit banget banget!!!!! padahal walaupun 28 hari kadang ada yg gak sampai harinya udah habis loh, mimin ganteng cantik dan baik hati, kasih yg 30 hari lagi dong yah okehh😂",ajar susah tinggal kasih pelit kadang hari habis loh mimin ganteng cantik hati kasih yah okehh,1,1,0
playstore,indosat,harganya lebih terjangkau,harga jangkau,1,0,1
playstore,indosat,cuma muter2 gak karuan kebanyakan iklan padahal gw cuma mau beli paket doang,muter karuan banyak iklan beli paket doang,1,0,1
playstore,indosat,Mohon diperbaiki..,mohon baik,1,0,1
playstore,indosat,memudahkan saya,mudah,1,0,1
playstore,indosat,"habis di update malah ga jelas, mau beli kuota malah ga muncul dasar sampah",habis update beli kuota muncul dasar sampah,0,2,0
playstore,indosat,sinyal jelekkkkkkkkkk lemot,sinyal jelekkkkkkkkkk lot,0,1,0
playstore,indosat,bagus sekali aplikasi ini bisa melihat pulsa atau kuata,bagus aplikasi pulsa kuata,1,2,0
playstore,indosat,kau makan paket mu yang mahal itu,kau makan paket mu mahal,1,1,0
playstore,indosat,ini saya pake indosat setiap abis hujan sinyal bagus tapi knpa masih loading??? tolong dong Indosat perbaiki lah hadehh....,pake indosat abis hujan sinyal bagus knpa loading tolong indosat baik hadehh,2,0,1
playstore,indosat,kadang suka ilang ilangan jaringan nya tolong di perbaiki,kadang suka ilang ilangan jaring tolong baik,3,1,1
playstore,indosat,myim3 ga pernah mengecewakan,myim kecewa,0,1,0
playstore,indosat,harga paket lo terlalu mahal,harga paket mahal,2,1,1
playstore,indosat,sinyal harus bagus,sinyal bagus,1,0,1
playstore,indosat,Alhamdulillah,alhamdulillah,1,0,1
playstore,indosat,"fee dri pinjam Kouta lebih gila dri fe minjem duit ke bank minjem Kouta cuma 12 giga fee nya sampe 20 giga cuma 2 hari,, masuk logika kah????",fee dri pinjam kuota gila dri fe minjem duit bank minjem kuota giga fee sampe giga masuk logika kah,0,3,0
playstore,indosat,parah leg,parah leg,0,1,0
playstore,indosat,gua udah hampir 6 tahun lebih dari kuota biasa sampe sekarang kuota Platinum makin ke sini sinyal makin parah gila kita pelanggan harus bayar tepat waktu tetapi sinyal tidak pernah di perbaiki apalagi jika lewat pergedungan atau besmsnt pasti sinyal nya hilang coba nonton di aplikasi video sering muter² gila² bulan sekarang jujur gua gak akan ikut platinum lagi udah kecewa sih kata nya prioritas tapi sinyal hilang² terus harus oprator bekerja keras stabil sinyal² yang jelek,gua kuota sampe kuota platinum sinyal parah gila langgan bayar sinyal baik gedung besmsnt sinyal hilang coba nonton aplikasi video muter gila jujur gua platinum kecewa prioritas sinyal hilang oprator keras stabil sinyal jelek,3,10,0
playstore,indosat,mantab dan beguna sekali,mantab beguna,1,0,1
playstore,indosat,"Jaringan indosat makin lama makin jelek aja gapernah dibenerin apa gimana, saya buat pakai buka aplikasi sosmed saja ngelag apalagi buat main game sinyalnya tidak stabil bikin emosi. tolong ya indosat dibenerin jaringannya saya sudah 4 tahun pakai indosat dulu tidak pernah seperti ini akhir akhir ini malah sering banget hilang jaringannya.",jaring indosat jelek gapernah dibenerin gimana pakai buka aplikasi sosmed lambat main game sinyal stabil bikin emosi tolong indosat dibenerin jaring pakai indosat hilang jaring,5,5,0
playstore,indosat,aplikasi gangguan mulu ini woi,aplikasi ganggu mulu woi,0,2,0
playstore,indosat,sinyal nya bukan main masa setiap chat ni syaa harus matiin nyalain data/mode pesawat atau ga nonaktifkan kartu nya parah banget ini Indosat jelek nya kebangetan,sinyal main chat ni syaa matiin nyalain data mode pesawat nonaktif kartu parah indosat jelek banget,2,5,0
playstore,indosat,"Halah mahal bosssss, 3 bulan 200rb 50gb, harusnya 150k normal itu",halah mahal bosssss rb gb k normal,1,2,0
playstore,indosat,jangan mahal mahal bos,mahal mahal bos,1,2,0
playstore,indosat,"sinyal nya jelek banget buat game, padahal gw beli kuota gk pernah ngutang tapi sinyal nya jelek banget, kapan sinyal temen gw mah bagus banget lancar banget padahal ngutang terus",sinyal jelek game beli kuota ngutang sinyal jelek sinyal temen mah bagus lancar ngutang,3,3,0
playstore,indosat,jaringan bagus,jaring bagus,2,0,1
playstore,indosat,"kalo ga niat bikin jaringan gausah buat layanan, sok sok an mahal mahalin harga paket, kualitasnya aja gaada, macam makek kartu smartfren awak kelen buat",niat bikin jaring gausah layan sok sok an mahal mahalin harga paket kualitas gaada makek kartu smartfren awak kelen,4,3,1
playstore,indosat,"gila,,, beli data 20 gb langsung ilang 10 gb kemana data ku...",gila beli data gb langsung ilang gb mana data ku,1,3,0
playstore,indosat,kadang ilang pas mati lampu,kadang ilang pas mati lampu,3,2,1
playstore,indosat,sangat bagus dan cepat,bagus cepat,2,0,1
playstore,indosat,mantap banyak promonya,mantap promonya,1,0,1
playstore,indosat,sinyal susah daerah belitang okutimur kecamatan buay madang timur desa srikaton,sinyal susah daerah belitang okutimur camat buay madang timur desa srikaton,0,1,0
playstore,indosat,"Aplikasi gjls suka logout sendiri, beli paket diproses mulu ga masuk"" mending gosok kartu aja daripada beli paket di aplikasi sampah. padahal sinyal bagus tpi gabisa masuk nih aplikasi binatang",aplikasi gjls suka logout beli paket proses mulu masuk mending gosok kartu beli paket aplikasi sampah sinyal bagus tpi gabisa masuk aplikasi binatang,5,7,0
