"css-175oi2r href","css-9pa8cd src","css-1jxf684","css-1jxf684 2","css-1jxf684 3","css-146c3p1 href","css-146c3p1","css-1jxf684 4","css-1jxf684 5","css-1jxf684 6","css-1jxf684 7","css-175oi2r href 4","css-1jxf684 8","css-1jxf684 9","css-1jxf684 href","css-1jxf684 10","css-1jxf684 12","css-1jxf684 13","css-1jxf684 15","css-146c3p1 2","css-1jxf684 href 2","css-1jxf684 16","r-4qtqp9 src 3","r-4qtqp9 href"
"https://x.com/alfiakhfa","https://pbs.twimg.com/profile_images/2017887895311593472/DHmyRU6F_normal.jpg","Akhfa","@alfiakhfa","·","https://x.com/alfiakhfa/status/2052693984531898411","9h","Sinyal","telkomsel","lagi jelek bngt ya, padahal di jakarta","1","https://x.com/alfiakhfa/status/2052693984531898411/analytics","77","","","","","","","","","","",""
"https://x.com/stupaduka","https://pbs.twimg.com/profile_images/2001149137610567680/YsyTjANd_normal.jpg","pepsi cola","@stupaduka","·","https://x.com/stupaduka/status/2052785269087326214","2h","","sinyal","gw jelek bgt padahal ini setiabudi samping sudirman loh gw ini bukan di sawah atau gunung, kuota masi banyak juga, gedeg bgt sampe ngirim wa suka pending dulu","1","https://x.com/stupaduka/status/2052785269087326214/analytics","37","@Telkomsel","https://x.com/Telkomsel","ngapa deh","","","","","","","",""
"https://x.com/Raihan1212x","https://abs.twimg.com/sticky/default_profile_images/default_profile_normal.png","Raihan","@Raihan1212x","·","https://x.com/Raihan1212x/status/2052755851723808827","4h","","sinyal","makin jelek, itu maksudnya gimna? Provider apa? Bikin orng emosi mulu","1","https://x.com/Raihan1212x/status/2052755851723808827/analytics","38","@Telkomsel","https://x.com/Telkomsel","paketan makin mahal tapi","ente setan","","","","","","",""
"https://x.com/lempengbumii","https://pbs.twimg.com/profile_images/2015524563065667585/ULabXSzj_normal.jpg","Che","@lempengbumii","·","https://x.com/lempengbumii/status/2052717536425513471","7h","sinyal","sinyal","sama sekali, bener-bener sengga ada","","https://x.com/lempengbumii/status/2052717536425513471/analytics","11","@Telkomsel","https://x.com/Telkomsel","Gila apa ya dari kemarin ga ada","itu, udah mahal,","bapuk. Ga jelas sumpah, bikin betee","","","","","",""
"https://x.com/babysniperwifey","https://pbs.twimg.com/profile_images/1967613064884482048/xKh1bf8n_normal.jpg","──୨pobmek.solarৎ──","@babysniperwifey","·","https://x.com/babysniperwifey/status/2052703695876600043","8h","telkomsel","sinyal","nya gakuat","1","https://x.com/babysniperwifey/status/2052703695876600043/analytics","124","@Telkomsel","https://x.com/Telkomsel","lagi gangguan kah? gue dari siang gak stabil banget","","","","","","","",""
"https://x.com/abcdoremikkot","https://pbs.twimg.com/profile_images/2050892395961819136/ZI4_F6dy_normal.jpg","| 𝓳𝓲𝓼𝓸𝓸 &𝓵𝓲𝓷𝓰𝓸𝓻𝓶","@abcdoremikkot","·","https://x.com/abcdoremikkot/status/2052751865557987607","5h","telkomsel","sinyal","sama sekali ????","2","https://x.com/abcdoremikkot/status/2052751865557987607/analytics","121","","","kenapasi gaada","","","","","","","",""
"https://x.com/Xbacottetangga","https://pbs.twimg.com/profile_images/2018253892765818880/72LluTDA_normal.jpg","BACOT","@Xbacottetangga","·","https://x.com/Xbacottetangga/status/2052561794909249891","17h","Telkomsel","sinyal","sulit","11","https://x.com/Xbacottetangga/status/2052561794909249891/analytics","1.2K","","","sekarang : harga paketan selangit","","","","","","","",""
"https://x.com/jungyongie","https://pbs.twimg.com/profile_images/1333295623529926656/bDQn6Hyz_normal.jpg","aru","@jungyongie","·","https://x.com/jungyongie/status/2052718988984267188","7h","","sinyal","internet jelek bgt udh beberapa hari ini, cek dm ya udah aku sertakan no hp dan lokasi","1","https://x.com/jungyongie/status/2052718988984267188/analytics","52","@Telkomsel","https://x.com/Telkomsel","min tolong","","","","","","","",""
"https://x.com/negativisme","https://pbs.twimg.com/profile_images/430546541820907520/v4tSGyeZ_normal.png","NEG","@negativisme","·","https://x.com/negativisme/status/2052318990161313917","May 7","Sinyal","","kok jelek mulu ya?","3","https://x.com/negativisme/status/2052318990161313917/analytics","873","@Telkomsel","https://x.com/Telkomsel","","","","","","","","",""
"https://x.com/susothekitten","https://pbs.twimg.com/profile_images/1638274150174441472/tBPcLaJ8_normal.jpg","Gurita Malam","@susothekitten","·","https://x.com/susothekitten/status/2052638549133205638","12h","sinyal","","busuk, busuknya busuk kaliii","","https://x.com/susothekitten/status/2052638549133205638/analytics","16","@Telkomsel","https://x.com/Telkomsel","kau sudah tak dm, gaada balasanmu, paketmu mahal tapi","","","","","","","",""
"https://x.com/Rafeleane","https://pbs.twimg.com/profile_images/1392264207580598272/0uHAo8UI_normal.jpg","Raaaa","@Rafeleane","·","https://x.com/Rafeleane/status/2052743609984967076","5h","Sinyal","telkomsel","asu bgt beberapa hari ini","1","https://x.com/Rafeleane/status/2052743609984967076/analytics","67","","","","","","|| Joki ASKEP","","","","",""
"https://x.com/Hakakage","https://pbs.twimg.com/profile_images/1436131759578435585/Qaq4-py6_normal.jpg","Mr. Ernaz","@Hakakage","·","https://x.com/Hakakage/status/2052614886832918846","14h","sinyal","","? Min","1","https://x.com/Hakakage/status/2052614886832918846/analytics","122","@Telkomsel","https://x.com/Telkomsel","Apa2an nih","buka aplikasi aj kaya gini.","","","","","","",""
"https://x.com/ayakashei","https://pbs.twimg.com/profile_images/1883887767635300352/hJ7_a-B6_normal.jpg","໐໓ēt","@ayakashei","·","https://x.com/ayakashei/status/2052258842483019872","May 7","Sinyal","","bapuk banget ya allah, baru kemaren beli kuota.","2","https://x.com/ayakashei/status/2052258842483019872/analytics","96","@Telkomsel","https://x.com/Telkomsel","","","","","","","","",""
"https://x.com/eundatastic","https://pbs.twimg.com/profile_images/2006718728508157952/TVV1tZAk_normal.jpg","nisa107","@eundatastic","·","https://x.com/eundatastic/status/2052759742125388221","4h","Telkomsel","sinyal","lemotnya","1","https://x.com/eundatastic/status/2052759742125388221/analytics","58","","","asuuu lahh
Udah mah paketan mahal
Cuman 28 hari
Di tambah","","","","","","","",""
"https://x.com/nasri_725","https://pbs.twimg.com/profile_images/1080001717452722176/7TtGE0We_normal.jpg","rumah kontrakan","@nasri_725","·","https://x.com/nasri_725/status/2052436249819181092","May 8","","sinyal","lu sekarang jelek banget dimana2","2","https://x.com/nasri_725/status/2052436249819181092/analytics","81","@Telkomsel","https://x.com/Telkomsel","","","","","","","","",""
"https://x.com/mrs_jeona","https://pbs.twimg.com/profile_images/1985674451770621953/ifSSBL8t_normal.jpg","hero_0","@mrs_jeona","·","https://x.com/mrs_jeona/status/2052420353591488619","May 7","Telkomsel","sinyal","makin jelek, 100 ribu cuma dapet 13 gb","1","https://x.com/mrs_jeona/status/2052420353591488619/analytics","28","","","udah mah","","","","","","","",""
"https://x.com/roseestart","https://pbs.twimg.com/profile_images/2050911294002450432/bfxf-2Iq_normal.jpg","tata|going sms 6","@roseestart","·","https://x.com/roseestart/status/2052655510906937680","11h","Sinyal","telkomsel","kalo mati listrik bapuk banget astaga mana kuota mahal pretttt","1","https://x.com/roseestart/status/2052655510906937680/analytics","103","","","","","","","","","","",""
"https://x.com/saturglads","https://pbs.twimg.com/profile_images/2045447206275371009/A61xWeML_normal.jpg","S E N D Y","@saturglads","·","https://x.com/saturglads/status/2052468050813915594","23h","sinyal","Telkomsel","","1","https://x.com/saturglads/status/2052468050813915594/analytics","58","","","Malam Jumat di tambah","down kacau dah","","","","","","",""
"https://x.com/ANFIkude","https://abs.twimg.com/sticky/default_profile_images/default_profile_normal.png","Halim Steven","@ANFIkude","·","https://x.com/ANFIkude/status/2052262997129912412","May 7","Telkomsel","sinyal","kagak jelas banget anjing dah gua main tiba2 merah","1","https://x.com/ANFIkude/status/2052262997129912412/analytics","69","","","Ayolah","kampang asula nianla kagak diperbaiki mulu tuh","asu","","","","","",""
"https://x.com/Sharelokdongs","https://pbs.twimg.com/profile_images/2007150810996846593/i0htJHJK_normal.jpg","Ponstan uhuy","@Sharelokdongs","·","https://x.com/Sharelokdongs/status/2052739083097808909","6h","Telkomsel","sinyal","nya busukkkk","1","https://x.com/Sharelokdongs/status/2052739083097808909/analytics","193","@Telkomsel","https://x.com/Telkomsel","anjing gak jelass taiii","","","","","","","",""
"https://x.com/gagascipta","https://pbs.twimg.com/profile_images/1910701919238246400/Flstxvt2_normal.jpg","Gagas","@gagascipta","·","https://x.com/gagascipta/status/2052659231799828762","11h","Sinyal","","buruk padahal di Kota","","https://x.com/gagascipta/status/2052659231799828762/analytics","16","@Telkomsel","https://x.com/Telkomsel","","","","","","","","",""
"https://x.com/ibuyyubii","https://pbs.twimg.com/profile_images/2046989049299435520/Hqo0e8___normal.jpg","sala.","@ibuyyubii","·","https://x.com/ibuyyubii/status/2050206284281262324","May 1","","sinyal","","1","https://x.com/ibuyyubii/status/2050206284281262324/analytics","111","@Telkomsel","https://x.com/Telkomsel","paketan doang mahal","sering nge lag. busukkk!!","","","","","","",""
"https://x.com/dlwlrma__Xborg","https://pbs.twimg.com/profile_images/2043362236996190208/G6YiuLta_normal.jpg","onew imnida","@dlwlrma__Xborg","·","https://x.com/dlwlrma__Xborg/status/2052391743296029095","May 7","Telkomsel","sinyal","1 batang doang!! Kemahalan","1","https://x.com/dlwlrma__Xborg/status/2052391743296029095/analytics","340","","","jelek banget.. bulan depan gua ganti internet! Beli kuota mahal2 28 hari tapi","jelek","","","","","","",""
"https://x.com/dulkucinglucu","https://abs.twimg.com/sticky/default_profile_images/default_profile_normal.png","dulkucingimut","@dulkucinglucu","·","https://x.com/dulkucinglucu/status/2052419087402496233","May 7","","sinyal","5G, tapi chat di wa kaga bisa. buka tiktok kaga bisa. instagram apalagi. ini gue buka X pake wifi karena","1","https://x.com/dulkucinglucu/status/2052419087402496233/analytics","89","@Telkomsel","https://x.com/Telkomsel","KENAPA LU MALEM INI?","butut lu kaga ada. stresssssssss","","","","","","",""
"https://x.com/redriddinghoe","https://pbs.twimg.com/profile_images/2027121974594670592/4MNAELO6_normal.jpg","𓆙","@redriddinghoe","·","https://x.com/redriddinghoe/status/2052544653900263867","18h","telkomsel","sinyal","jelek najis","2","https://x.com/redriddinghoe/status/2052544653900263867/analytics","115","","","mahal doang","","","","","","","",""
"https://x.com/wayyypz21","https://pbs.twimg.com/profile_images/1991269355045416964/23hMiUh7_normal.jpg","WAY?!","@wayyypz21","·","https://x.com/wayyypz21/status/2052395097078247463","May 7","","sinyal","full","2","https://x.com/wayyypz21/status/2052395097078247463/analytics","26","@Telkomsel","https://x.com/Telkomsel","Aplikasi MyTelkomsel sesampah ini kah?? Dibuka pake paketan 1.4gb pake","juga lemot bgt.. Ngembagin fitur di dlm aplikasi banyak yg guna juga fitur beli paket ama perpanjang kartu doang.. Aplikasi lu ribet asu","","","","","","",""
"https://x.com/taliptoktamis","https://pbs.twimg.com/profile_images/1298679830540685312/dYWhVcpi_normal.jpg","Talip Toktamış","@taliptoktamis","·","https://x.com/taliptoktamis/status/2052825452675313673","19m","Translated from Turkish","Show original","","","https://x.com/taliptoktamis/status/2052825452675313673/analytics","73","","","We had already predicted it. In this country, Tele1, under the management of Merdan Yanardağ, has become the pole star of TV broadcasting, which is why we're watching what happens to the channel; for the honor of journalism, Tele1 must be stood up for.","","","","Replying to","https://x.com/SedaSelek1","@SedaSelek1","",""
"https://x.com/sasayangnomin","https://pbs.twimg.com/profile_images/2051120588589326336/6ksu2QRG_normal.jpg","ˢᵃˢᵃᵃ ²³¹³ | another time ya nomin","@sasayangnomin","·","https://x.com/sasayangnomin/status/2052726478761283862","6h","TELKOMSEL","SINYAL","LU JELEKBBGT NAPA SI","1","https://x.com/sasayangnomin/status/2052726478761283862/analytics","106","","","AH","","","","","","","",""
"https://x.com/Flywith123","https://pbs.twimg.com/profile_images/1626748735521947648/SDMQm1at_normal.jpg","다은","@Flywith123","·","https://x.com/Flywith123/status/2052245455837487465","May 7","sinyal","telkomsel","","2","https://x.com/Flywith123/status/2052245455837487465/analytics","94","","","Kenapa hanya panggilan darurat","?","","@telkom","","","","",""
"https://x.com/indargisaurus","https://pbs.twimg.com/profile_images/1899238684437991424/ILockMRh_normal.jpg","Anglachel's Wielder","@indargisaurus","·","https://x.com/indargisaurus/status/2052406081629073772","May 7","sinyal","","mahal","1","https://x.com/indargisaurus/status/2052406081629073772/analytics","138","@telkomsel","https://x.com/Telkomsel","Tengah kota Jogja bukanlah tempat yang bagus untuk","","","","","","","",""
"https://x.com/AzaraAufa","https://pbs.twimg.com/profile_images/1373475495199662084/8ExfG_ky_normal.jpg","Aufa","@AzaraAufa","·","https://x.com/AzaraAufa/status/2052485940548100206","22h","SINYAL","","lu jangan ikut2 sebatang juga. bales imes ajaa loading mampus cuk. ampundah gue mah","1","https://x.com/AzaraAufa/status/2052485940548100206/analytics","18","@Telkomsel","https://x.com/Telkomsel","cuk tolong lah, cukup rokok aja yang sebatang dua batang,","","","","","","","",""
"https://x.com/pikachuteknik","https://pbs.twimg.com/profile_images/1992312006041645056/pJ2qq3_i_normal.jpg","sta learning","@pikachuteknik","·","https://x.com/pikachuteknik/status/2052639405408747553","12h","","sinyal","lu kenapa jelek banget sih","2","https://x.com/pikachuteknik/status/2052639405408747553/analytics","131","@Telkomsel","https://x.com/Telkomsel","","","","","","","","",""
"https://x.com/gajahmada156","https://pbs.twimg.com/profile_images/1489497979581235204/9zzsA2_s_normal.jpg","han","@gajahmada156","·","https://x.com/gajahmada156/status/2052463199493198249","May 8","","SINYAL","","2","https://x.com/gajahmada156/status/2052463199493198249/analytics","122","@Telkomsel","https://x.com/Telkomsel","APASIH MAKSUDNYA","ILANG""AN MULU NAJIS BANGET DAH UDAH BAYAR MAHAL","","","","","","",""
"https://x.com/cynderells","https://pbs.twimg.com/profile_images/2026321813949837312/PeJ5g42H_normal.jpg","seine","@cynderells","·","https://x.com/cynderells/status/2052237847797879238","May 7","","sinyal","","","https://x.com/cynderells/status/2052237847797879238/analytics","112","@Telkomsel","https://x.com/Telkomsel","demi apapun","","dan antek2nya.","@IndiHome","","","","",""
"https://x.com/beyourszz_","https://pbs.twimg.com/profile_images/1806317245985140736/o_aEhMLC_normal.jpg","ynti","@beyourszz_","·","https://x.com/beyourszz_/status/2052225997140025696","May 7","Telkomsel","sinyal","kek eek lahhh","2","https://x.com/beyourszz_/status/2052225997140025696/analytics","68","","","ini udah mahal","","","","","","","https://abs.twimg.com/emoji/v2/svg/1f5ff.svg",""
"https://x.com/NurulIbadi1","https://pbs.twimg.com/profile_images/1066977862920495104/STqJvVCK_normal.jpg","Nurul Ibadi","@NurulIbadi1","·","https://x.com/NurulIbadi1/status/2052210974996983831","May 7","sinyal","@Telkomsel","","1","https://x.com/NurulIbadi1/status/2052210974996983831/analytics","57","@Telkomsel","https://x.com/Telkomsel","Sejak sore kemarin Rabu 6 Mei 2026 sampai saat ini","area Desa Paninggaran Kecamatan Paninggaran Kabupaten Pekalongan Jawa Tengah hilang

Hallooo","klarifikasi dong","","","https://x.com/Telkomsel","","",""
"https://x.com/bangliban","https://pbs.twimg.com/profile_images/1916217641330741253/QdU3kmZD_normal.jpg","Nbl","@bangliban","·","https://x.com/bangliban/status/2050434604872733123","May 2","","sinyal","lu susah bgt nih, udh 5G tapi ga bisa browsing, cek kuota juga baru di isi","2","https://x.com/bangliban/status/2050434604872733123/analytics","115","@Telkomsel","https://x.com/Telkomsel","","","","","","","","",""
"https://x.com/Khentarooo","https://pbs.twimg.com/profile_images/1981963603096846336/zDSEUlOY_normal.jpg","yapster","@Khentarooo","·","https://x.com/Khentarooo/status/2052360721598738677","May 7","telkomsel","sinyal","ada","1","https://x.com/Khentarooo/status/2052360721598738677/analytics","99","","","anjir aneh jg","tp gabisa internet dan aplikasinya gabisa dibuka","","","","","","",""
"https://x.com/undercaleb","https://pbs.twimg.com/profile_images/2027087536733270016/sq5aI9sZ_normal.jpg","kaeris","@undercaleb","·","https://x.com/undercaleb/status/2052307884269326562","May 7","telkomsel","","gak indihome sinyalnya busuk bgt. ganti provider aja apa ya?","2","https://x.com/undercaleb/status/2052307884269326562/analytics","237","","","gila ya ga","","","higuruma","","","","",""
"https://x.com/ninaiedail","https://pbs.twimg.com/profile_images/2007006392230785025/MwmvQOU3_normal.jpg","ninami","@ninaiedail","·","https://x.com/ninaiedail/status/2044023417918369913","Apr 14","sinyal","","","2","https://x.com/ninaiedail/status/2044023417918369913/analytics","111","@Telkomsel","https://x.com/Telkomsel","Eh astaga","napa lagi elah","","","","","","",""
"https://x.com/malikswijaya","https://pbs.twimg.com/profile_images/1719574282886684672/1f1xbzVJ_normal.jpg","YaJ","@malikswijaya","·","https://x.com/malikswijaya/status/2051207542475497905","May 4","","Sinyal","tiba-tiba hilang kenapa ini min?","1","https://x.com/malikswijaya/status/2051207542475497905/analytics","97","@Telkomsel","https://x.com/Telkomsel","","","","","","","","",""
"https://x.com/SoyTaniBanani","https://pbs.twimg.com/profile_images/1129514308981927936/BBvNqAEw_normal.jpg","Tani","@SoyTaniBanani","·","https://x.com/SoyTaniBanani/status/2052825807500812780","18m","","","","1","https://x.com/SoyTaniBanani/status/2052825807500812780/analytics","13","","","Desde ayer no tengo Internet ya lo reporte y me llegan mensajes de que mi servicio ya opera con normalidad, pero no es verdad. Por que mandan mensajes desinformado, llamo para reportar y no atienden.","","","@TELMEXSoluciona","","","","",""
"https://x.com/frakturisasi","https://pbs.twimg.com/profile_images/2033177220865536000/VboSC1wa_normal.jpg","ai","@frakturisasi","·","https://x.com/frakturisasi/status/2051291243335004424","May 4","telkomsel","sinyal","tapi kalo ujan malem-malem sebatang pun gak sudi muncul dia cik","1","https://x.com/frakturisasi/status/2051291243335004424/analytics","332","","","gw di puncak tertinggi pun masih ada","","","","","","","",""
"https://x.com/fwirll","https://pbs.twimg.com/profile_images/2049860852698984448/TYhNDCgQ_normal.jpg","bil","@fwirll","·","https://x.com/fwirll/status/2050180609440653459","May 1","","sinyal","di timika SP2 dari semalem hilang tolong ditindaklanjuti segera, sampe sekarang masih ilang ilangan","3","https://x.com/fwirll/status/2050180609440653459/analytics","179","@Telkomsel","https://x.com/Telkomsel","kenapa","","","","","","","",""
"https://x.com/enkigayo","https://pbs.twimg.com/profile_images/2016336301985763328/vwGEsfMM_normal.jpg","","@enkigayo","·","https://x.com/enkigayo/status/2050086100769886302","May 1","","sinyal","susah bgt ya, 20 menitan lebih gaada","1","https://x.com/enkigayo/status/2050086100769886302/analytics","83","@Telkomsel","https://x.com/Telkomsel","ini kenapa",". padahal paket gw jg masih ada","","","","","","",""
"https://x.com/MINDMEISTERRR","https://pbs.twimg.com/profile_images/1935369054723710978/zJAJY7eG_normal.jpg","ÖGO | Talha","@MINDMEISTERRR","·","https://x.com/MINDMEISTERRR/status/2052826595035845107","15m","","","","","https://x.com/MINDMEISTERRR/status/2052826595035845107/analytics","14","","","Türk Telekom 300'lük paket kullanıyorum 845tl ve hiçbir sorun yok. Türknet altyapısı olan bir yerde Türk Telekom olmaması çok saçma. Öte yandan Türknet kullanan arkadaşlarım var hiçbir sorun çıkmıyor onlarda.","","","","Replying to","https://x.com/adawong_99","@adawong_99","",""
"https://x.com/axmannsyah_rudy","https://pbs.twimg.com/profile_images/1053637939534557184/ZrCipjFj_normal.jpg","R.axmannsyah","@axmannsyah_rudy","·","https://x.com/axmannsyah_rudy/status/2050325462908563753","May 2","sinyal","","lo cacattttt latency kaya tai","1","https://x.com/axmannsyah_rudy/status/2050325462908563753/analytics","60","","","Kemudahan tai","","","","Replying to","https://x.com/Telkomsel","@Telkomsel","",""
"https://x.com/Suhastoro5no","https://pbs.twimg.com/profile_images/1445035621307715589/7AlyZNhC_normal.jpg","suhastoro","@Suhastoro5no","·","https://x.com/Suhastoro5no/status/2050263645981131090","May 2","","sinyal","semakin jelek di daerah saya? Bisa diperbaiki tidak. Apa harga paket data masih kurang mahal biar internet bisa digunakan buat internetan","1","https://x.com/Suhastoro5no/status/2050263645981131090/analytics","117","@Telkomsel","https://x.com/Telkomsel","gimana min kok","","","","","","","https://abs.twimg.com/emoji/v2/svg/1f926-1f3fb-200d-2642-fe0f.svg",""
"https://x.com/mingyugoreng","https://pbs.twimg.com/profile_images/1895499590352424960/LV-jkclr_normal.jpg","mention setelah DM","@mingyugoreng","·","https://x.com/mingyugoreng/status/2052659715193417730","11h","sinyal","telkomsel","paling bagus itu kartu apa ya? 
Ak mau beli kartu","1","https://x.com/mingyugoreng/status/2052659715193417730/analytics","311","EP6 EXO EXHORIZON JAKARTA","","Wta guys di indonesia arena,","atau XL mending mana yg aman sinyalnya di IA","","","","","","",""
"https://x.com/mandikecil","https://pbs.twimg.com/profile_images/2029329395845087233/NTlS8NiS_normal.jpg","adnan","@mandikecil","·","https://x.com/mandikecil/status/2050200319334977731","May 1","sinyal","","lu jelek?","8","https://x.com/mandikecil/status/2050200319334977731/analytics","1.3K","@Telkomsel","https://x.com/Telkomsel","kok kuota lu mahal si? kan","","","","","","","",""
"https://x.com/kaisagiphile","https://pbs.twimg.com/profile_images/2017990230813618176/Y5VBvmY1_normal.png","Ciwa","@kaisagiphile","·","https://x.com/kaisagiphile/status/2052064257597112756","May 6","","sinyal","gua beli kuota mahal sm bayar indihom mahal tp knp","3","https://x.com/kaisagiphile/status/2052064257597112756/analytics","296","@Telkomsel","https://x.com/Telkomsel","eh goblok","lu bapuk bgt bangsat","","","","","","",""
"https://x.com/must64548","https://pbs.twimg.com/profile_images/1756389458482778112/mxiQ6mHE_normal.jpg","Bondkazama007","@must64548","·","https://x.com/must64548/status/2050126673304293450","May 1","sinyal","telkomsel","ya itu urusan lu ama","","https://x.com/must64548/status/2050126673304293450/analytics","84","","","Lah , Lu tau gak urusan gw seberapa urgent nya ? Apa yg gw pertaruhkan di urusan ini ? Dampaknya gimana ke gw dan orang orang disekitar gw ? Dateng dateng bilang lebay, Klo lu gak tau mending lu diem aja… masalah lu kaga ada",". Ngerti kids?","","","Replying to","https://x.com/RRDani212","@RRDani212","",""
"https://x.com/icannican","https://pbs.twimg.com/profile_images/1261608876559884290/WFLGhLk2_normal.jpg","ᮎ᮪ᮠᮥᮃᮔᮩᮒ᮪","@icannican","·","https://x.com/icannican/status/2052183824432513082","May 7","","","","2","https://x.com/icannican/status/2052183824432513082/analytics","90","","","Sekarang no sim terus. Maksudnya gimana sih? Di device lain juga suka gini","","","","Replying to","https://x.com/Telkomsel","@Telkomsel","",""
"https://x.com/hannahquiny7","https://pbs.twimg.com/profile_images/2023014158082691072/Vgbe-gyC_normal.jpg","Hannah Q.E","@hannahquiny7","·","https://x.com/hannahquiny7/status/2050786679645204772","May 3","sinyal","","","1","https://x.com/hannahquiny7/status/2050786679645204772/analytics","50","","","udah bisa ya, terimakasih. sepertinya","","","","Replying to","https://x.com/Telkomsel","@Telkomsel","",""
"https://x.com/irezadigital","https://pbs.twimg.com/profile_images/1973318277809217536/5Xb8TlT5_normal.jpg","Reza","@irezadigital","·","https://x.com/irezadigital/status/2051659855665250723","May 5","telkomsel","sinyal","ala kadar. buat rugi negara aja kalian tu.","2","https://x.com/irezadigital/status/2051659855665250723/analytics","1.1K","","","ini emang perampok. simcard 1, sengaja ga beli paket data udh bbrp hari. data aktif simcard 2. setiap hari pulsa gw berkurang Rp600. perampok ulung kalian  itu. udah mahal, monopoli, layanan jelek,","","","","","","","",""
"https://x.com/DKSSTREET","https://pbs.twimg.com/profile_images/2048936897687535616/BlVIb6yv_normal.jpg","","@DKSSTREET","·","https://x.com/DKSSTREET/status/2052235736901161419","May 7","telkomsel","sinyal",". Udah harga selalu naik, tapi","3","https://x.com/DKSSTREET/status/2052235736901161419/analytics","350","","","gue kalo ga sayang nomor karna udah dipake lama. Udah minggat banget dari","sering eror banget. Kalo abis ujan masih wajar, ini mah ga ada apa apa. Heran. Mana spam banyak banget","","","","","","",""
"https://x.com/Caffeine6969","https://pbs.twimg.com/profile_images/1568606356818755584/M2Fw0fhu_normal.jpg","Caffein","@Caffeine6969","·","https://x.com/Caffeine6969/status/2048009078686052795","Apr 25","Telkomsel","sinyal","nya bapuk bgt jir","4","https://x.com/Caffeine6969/status/2048009078686052795/analytics","695","","","","","","","","","","https://abs.twimg.com/emoji/v2/svg/1f610.svg",""
"https://x.com/syadyangkamu","https://pbs.twimg.com/profile_images/1728040957617311744/5kceFNkX_normal.jpg","syad","@syadyangkamu","·","https://x.com/syadyangkamu/status/2046074238810157552","Apr 20","sinyal","telkomsel","","1","https://x.com/syadyangkamu/status/2046074238810157552/analytics","482","@Telkomsel","https://x.com/Telkomsel","ini kenapa","dari pagi down terus ya? soalnya ga sendiri temen"" yg lainnya juga sama sampe x no signal","","","","","","",""
"https://x.com/Rian19683628","https://abs.twimg.com/sticky/default_profile_images/default_profile_normal.png","Rian19","@Rian19683628","·","https://x.com/Rian19683628/status/2052249075882561899","May 7","Sinyal","telkomsel","jelek setiap 30 menit jaringan ilang ga jelas provider satu ini...saya kira cuma sebentar..udah setahun jaringan tidak berubah sering hilang kecewa banget...emang tolol indosat ...udahlah udh paling bener make","1","https://x.com/Rian19683628/status/2052249075882561899/analytics","90","","","Mending ga usah buka sekalian ditempat saya...","","","","Replying to","https://x.com/3CareIndonesia","@3CareIndonesia","",""
"https://x.com/Suhastoro5no","https://pbs.twimg.com/profile_images/1445035621307715589/7AlyZNhC_normal.jpg","suhastoro","@Suhastoro5no","·","https://x.com/Suhastoro5no/status/2050264304973418854","May 2","","sinyal","semakin jelek di daerah saya? Bisa diperbaiki tidak. Apa harga paket data masih kurang mahal biar internet bisa digunakan buat internetan","2","https://x.com/Suhastoro5no/status/2050264304973418854/analytics","93","@Telkomsel","https://x.com/Telkomsel","gimana min kok","","","","","","","https://abs.twimg.com/emoji/v2/svg/1f926-1f3fb-200d-2642-fe0f.svg",""
"https://x.com/glimpsekey","https://pbs.twimg.com/profile_images/1748505308144803840/hMMo0KcE_normal.jpg","gurlfromnowhere","@glimpsekey","·","https://x.com/glimpsekey/status/2051865727704134076","May 6","telkomsel","sinyal","bener” jelek, ga make sense sm harga yg semahal itu","1","https://x.com/glimpsekey/status/2051865727704134076/analytics","107","@Telkomsel","https://x.com/Telkomsel","apasihh maunya","","","","","","","",""
"https://x.com/channectwed","https://pbs.twimg.com/profile_images/1875886250374426625/6n-fOERV_normal.jpg","Rin","@channectwed","·","https://x.com/channectwed/status/2051625287801360682","May 5","","sinyal","muluu dr jakarta-bogor","1","https://x.com/channectwed/status/2051625287801360682/analytics","163","@Telkomsel","https://x.com/Telkomsel","ini kartu gue yng rusak atau hp hw yng rusak masa orang2 bsa main hp di krl gw gbsa buka apa2. Gda","","","","","","","",""
"https://x.com/burak1019","https://pbs.twimg.com/profile_images/1657440342088507393/ioICGkPq_normal.jpg","burak ünal","@burak1019","·","https://x.com/burak1019/status/2052825468101898612","19m","Translated from Turkish","Show original","","1","https://x.com/burak1019/status/2052825468101898612/analytics","13","","","We didn't bother telling Telekom about it. We figured we'd mention it when we chat with them sometime. Anyway, when it comes to poles carrying regular phone cables getting knocked down, Telekom doesn't really give a damn. They just say, ""Go ahead and knock 'em down, toss 'em","","","","Replying to","https://x.com/burak1019","@burak1019","",""
"https://x.com/Telkomsel","https://pbs.twimg.com/profile_images/1405865624232882176/uA2xXUFP_normal.jpg","Telkomsel","@Telkomsel","·","https://x.com/Telkomsel/status/2052820704161358105","38m","","",". Segera meluncur buat cek DM Kakak. Ditunggu ya","1","https://x.com/Telkomsel/status/2052820704161358105/analytics","4","","","Siap Kak","- Fadil","","@wndamaximof","Replying to","https://x.com/wndamaximof","@wndamaximof","https://abs.twimg.com/emoji/v2/svg/1f60a.svg","[object Object]"
"https://x.com/kimminjuangell","https://pbs.twimg.com/profile_images/2047653984417226752/M0UXRBOd_normal.jpg","✯Key✯","@kimminjuangell","·","https://x.com/kimminjuangell/status/2051999701218836762","May 6","Sinyal","sinyal","sering ga stabil. Percuma nonton premium kalo","2","https://x.com/kimminjuangell/status/2051999701218836762/analytics","71","","","nya baikin juga min, masa iya","ilang timbul huft.","","","Replying to","https://x.com/Telkomsel","@Telkomsel","",""
"https://x.com/rikimatcha_","https://pbs.twimg.com/profile_images/2048389656115654656/kB8e7eqW_normal.jpg","cha","@rikimatcha_","·","https://x.com/rikimatcha_/status/2051632295174631904","May 5","SINYAL","","","1","https://x.com/rikimatcha_/status/2051632295174631904/analytics","246","@Telkomsel","https://x.com/Telkomsel","LU JELEK BGT ASTAGHFIRULLAH MAHAL DOANG KUALITAS JELEK","","","","","","","",""
"https://x.com/iohllll","https://abs.twimg.com/sticky/default_profile_images/default_profile_normal.png","io","@iohllll","·","https://x.com/iohllll/status/2052631884702925059","13h","sinyal","","","1","https://x.com/iohllll/status/2052631884702925059/analytics","46","","","hlo minn ini knpa tidak ada","","","","Replying to","https://x.com/Telkomsel","@Telkomsel","",""
"https://x.com/tri_4kbar","https://pbs.twimg.com/profile_images/1788453414944505857/KlCk_Ekh_normal.jpg","Tri akbar ardiansyah","@tri_4kbar","·","https://x.com/tri_4kbar/status/2050454050693595356","May 2","telkomsel","sinyal","nomer saya tiba2 hilang","2","https://x.com/tri_4kbar/status/2050454050693595356/analytics","168","@Telkomsel","https://x.com/Telkomsel","ini kenala ya","udah dinrestar juga ga muncul muncul","","","","","","",""
"https://x.com/borafleur","https://pbs.twimg.com/profile_images/2046161590702243840/eI1pbtWW_normal.jpg","V","@borafleur","·","https://x.com/borafleur/status/2044787009789800755","Apr 16","sinyal","Telkomsel","","1","https://x.com/borafleur/status/2044787009789800755/analytics","58","","","Capek banget sama","","","","","","","https://abs.twimg.com/emoji/v2/svg/1f62d.svg",""
"https://x.com/ehmangelu","https://pbs.twimg.com/profile_images/2009019997369364480/KhnmsqGU_normal.jpg","dikywickson","@ehmangelu","·","https://x.com/ehmangelu/status/2051322430820585477","May 4","SINYAL","","LO JELEKKKKK BANGETTT TAEKKKK","2","https://x.com/ehmangelu/status/2051322430820585477/analytics","29","@Telkomsel","https://x.com/Telkomsel","SUMPAH","","","","","","","",""
"https://x.com/AgnessMT","https://pbs.twimg.com/profile_images/1483794770040586248/0bUVbUgQ_normal.jpg","Agnes Margaretha Tarigan","@AgnessMT","·","https://x.com/AgnessMT/status/2048761445249429514","Apr 27","sinyal","telkomsel","jelek bgt dahh","1","https://x.com/AgnessMT/status/2048761445249429514/analytics","26","","","","","","","","","","",""
"https://x.com/hikamfajri1","https://pbs.twimg.com/profile_images/2002067800651956224/6JyuB5M9_normal.jpg","Hikam Fajri ®","@hikamfajri1","·","https://x.com/hikamfajri1/status/2052825119060627512","21m","sinyal","",", di frekuensi 900MHz dapet 3 garis doang, naek ke frekuensi 1800 langsung hilang sinyalnye... Parah, rugi banget langganan pascabayar","1","https://x.com/hikamfajri1/status/2052825119060627512/analytics","12","","","Kartu IM3 gue gak kepake kalo didalem rumah, susah","","","","Replying to","https://x.com/CareIM3","@CareIM3","",""
"https://x.com/IntanJibra16482","https://pbs.twimg.com/profile_images/1968383839325331456/Vri7OyW9_normal.png","Jibran Intan","@IntanJibra16482","·","https://x.com/IntanJibra16482/status/2052288392831086678","May 7","sinyal","","nya gabisa. Kapok dah mending operator lain","1","https://x.com/IntanJibra16482/status/2052288392831086678/analytics","37","","","Asli bapuk bat, gua pembayaran","","","","Replying to","https://x.com/Gee3xbbb","@Gee3xbbb","",""
"https://x.com/Telkomsel","https://pbs.twimg.com/profile_images/1405865624232882176/uA2xXUFP_normal.jpg","Telkomsel","@Telkomsel","·","https://x.com/Telkomsel/status/2052819781037019390","42m","","",". Untuk penawaran paket yang diterima sifatnya personal untuk setiap pelanggan sesuai profil dan kebutuhan, sehingga penawaran yang diterima berbeda ya. Yuk langsung konfirmasi via DM agar dibantu rekomendasi paket ya","","https://x.com/Telkomsel/status/2052819781037019390/analytics","46","","","Maaf ya Kak","- Fadil","","@itsyudaaa","Replying to","https://x.com/itsyudaaa","@itsyudaaa","https://abs.twimg.com/emoji/v2/svg/1f60a.svg","[object Object]"
"https://x.com/__jlooming","https://pbs.twimg.com/profile_images/1895586696336719872/QBab8hXx_normal.jpg","nona","@__jlooming","·","https://x.com/__jlooming/status/2051955750831087752","May 6","telkomsel","sinyal","kalian makin ke sini makin menurun kualitasnya","2","https://x.com/__jlooming/status/2051955750831087752/analytics","447","","","ayo jawab jujur, kenapa","bukan di nomor saya doang, sempet nanya ke beberapa temen yang pakai","pun merasakan hal yang sama","","","","","https://abs.twimg.com/emoji/v2/svg/1f914.svg",""
"https://x.com/Telkomsel","https://pbs.twimg.com/profile_images/1405865624232882176/uA2xXUFP_normal.jpg","Telkomsel","@Telkomsel","·","https://x.com/Telkomsel/status/2052820265416237304","40m","Telkomsel","Telkomsel","sudah follow X","tsel.me/chatva","https://x.com/Telkomsel/status/2052820265416237304/analytics","15","http://","https://t.co/6WZ1WdNSQf","Pastikan Kak","ya. Jika masih berkendala, yuk bisa coba DM ke Instagram","/MyTelkomsel atau","@h41kaal","Replying to","https://x.com/h41kaal","@h41kaal","https://abs.twimg.com/emoji/v2/svg/1f60a.svg","[object Object]"
"https://x.com/Lygophileee","https://pbs.twimg.com/profile_images/1713589254218190848/2j2WYqgL_normal.jpg","Riko_darma","@Lygophileee","·","https://x.com/Lygophileee/status/2051660776348570061","May 5","","sinyal","kek sampah","1","https://x.com/Lygophileee/status/2051660776348570061/analytics","59","@Telkomsel","https://x.com/Telkomsel","matok harga gede tapi","","","","","","","",""
"https://x.com/txtdarinandhito","https://pbs.twimg.com/profile_images/2030825321331908608/Ud9KUdR-_normal.jpg","ρʅυҽɱ","@txtdarinandhito","·","https://x.com/txtdarinandhito/status/2044335501327614206","Apr 15","sinyal","","","1","https://x.com/txtdarinandhito/status/2044335501327614206/analytics","178","@Telkomsel","https://x.com/Telkomsel","Udah 2 minggu","jelek bgt pdhl di jakarta loh! 5G aja jelek! Gmn yg bawahnya! Saran aja kalo kualitas nya menurun mending jual paket datanya dibikin murah meriah aja. Stop merasa jadi simcard eksklusif","","","","","","",""
"https://x.com/lushciouslyy","https://pbs.twimg.com/profile_images/1968975912747388928/DjEcMRey_normal.jpg","keii𐚁 아셉즈니","@lushciouslyy","·","https://x.com/lushciouslyy/status/2052830235683659947","56s","Tanyarl","@tanyakanrl","bangun tidur masi oke, trs lagi ditangga mau buka hp tiba2 udh ada garis putih anjir kesel bgt","·","https://x.com/lushciouslyy/status/2052830235683659947/analytics","1","Quote","https://x.com/CPtanyarl","sumpah ini kejadian bgt di hp ak sebelum itw bgt","@CPtanyarl","","","6h","","penyakitnya sumsang tu selalu gini tapi kenapa peminatnya tetep banyak ya? (bertanya dengan nada dering)","https://abs.twimg.com/emoji/v2/svg/1f62d.svg",""
"https://x.com/MasRenal","https://pbs.twimg.com/profile_images/1941346067972235264/jftcf3IG_normal.jpg","Renalaswara","@MasRenal","·","https://x.com/MasRenal/status/2042308065995931715","Apr 10","sinyal","","","1","https://x.com/MasRenal/status/2042308065995931715/analytics","211","@Telkomsel","https://x.com/Telkomsel","Emang","lagi lemotkah ?","","","","","","",""
"https://x.com/rizdardragon","https://pbs.twimg.com/profile_images/1684642011041914880/cJRnP7kv_normal.jpg","Rizky D. Armawan","@rizdardragon","·","https://x.com/rizdardragon/status/2052251224884576580","May 7","sinyal","","di beberapa wilayah di banten sampai 4btg di wilayah kontruksi di banten dibanding","1","https://x.com/rizdardragon/status/2052251224884576580/analytics","124","@Telkomsel","https://x.com/Telkomsel","","yg towernya paling banyak,","penuh tapi lelet banget. Aneh emang. Makanya banyak pegawai BUMN yg nomor keduanya","@myXL","","","","https://abs.twimg.com/emoji/v2/svg/1f602.svg",""
"https://x.com/daffathoniii","https://pbs.twimg.com/profile_images/2021473847154036736/K4B8hej__normal.jpg","iblamedapa","@daffathoniii","·","https://x.com/daffathoniii/status/2051261309975716260","May 4","","sinyal","daerah cibiru kok lemot sekali ya?","2","https://x.com/daffathoniii/status/2051261309975716260/analytics","91","@Telkomsel","https://x.com/Telkomsel","permisi, ini","","","","","","","",""
"https://x.com/c0mmitmentissue","https://pbs.twimg.com/profile_images/1975478768706961408/PwK7tK29_normal.jpg","jacqueline","@c0mmitmentissue","·","https://x.com/c0mmitmentissue/status/2050158834904449387","May 1","sinyal","telkomsel","kalo di bsd kok jlk ya","1","https://x.com/c0mmitmentissue/status/2050158834904449387/analytics","133","","","","","","","","","","",""
"https://x.com/debbyulianty","https://pbs.twimg.com/profile_images/1525483278559752192/1n1MN0wY_normal.jpg","Debbie","@debbyulianty","·","https://x.com/debbyulianty/status/2044763480134443482","Apr 16","sinyal","telkomsel","","3","https://x.com/debbyulianty/status/2044763480134443482/analytics","118","@Telkomsel","https://x.com/Telkomsel","Tolong bingung banget sama",", aku frustasi kak. Aku padahal di lobby kantor td sejam, ga dapet","sama sekali mau nangis ga bs plg. Akhirnya naik lagi cuma buat pesen gojek","","","","","",""
"https://x.com/Suhastoro5no","https://pbs.twimg.com/profile_images/1445035621307715589/7AlyZNhC_normal.jpg","suhastoro","@Suhastoro5no","·","https://x.com/Suhastoro5no/status/2050265774779203664","May 2","","sinyal","di daerah ku semakin lama semakin memburuk. Udah paket data mahal tapi tidak sesuai dengan","1","https://x.com/Suhastoro5no/status/2050265774779203664/analytics","81","@Telkomsel","https://x.com/Telkomsel","min. Kenapa","internet nya","","","","","","https://abs.twimg.com/emoji/v2/svg/1f92f.svg",""
"https://x.com/fufufufaris","https://pbs.twimg.com/profile_images/2048148285819686912/Hqy1kkoH_normal.jpg","J A G U A R","@fufufufaris","·","https://x.com/fufufufaris/status/2044348244856394044","Apr 15","sinyal","telkomsel","setan","1","https://x.com/fufufufaris/status/2044348244856394044/analytics","463","","","","","","","","","","",""
"https://x.com/triarsoagus1","https://pbs.twimg.com/profile_images/1805875221096022016/ee5x2QoU_normal.jpg","Agus Triarso","@triarsoagus1","·","https://x.com/triarsoagus1/status/2050487621030465682","May 2","Telkomsel","telkomsel",", saya adl pelanggan setia kartu","1","https://x.com/triarsoagus1/status/2050487621030465682/analytics","117",", hormat saya,

terimakasih","","halo cs",", saya mengalami kartu","saya hanya panggilan darurat & sinyalnya tidak ada/bermasalah, nomor","telkomsel","Replying to","https://x.com/Telkomsel","@Telkomsel","",""
"https://x.com/StarW81318","https://pbs.twimg.com/profile_images/1892571448583331841/VTb2IM8b_normal.jpg","Star War","@StarW81318","·","https://x.com/StarW81318/status/2051279893602975857","May 4","Telkomsel","sinyal","ilang mulu butuh banget ini jaringan nya astaga","2","https://x.com/StarW81318/status/2051279893602975857/analytics","773","@Telkomsel","https://x.com/Telkomsel","tolong lah","","","","","https://x.com/hashtag/Telkomsel?src=hashtag_click","","https://abs.twimg.com/emoji/v2/svg/1f624.svg",""
"https://x.com/venticikarang","https://pbs.twimg.com/profile_images/1976688215856910337/KmjQtQPY_normal.jpg","rein deui｡*ﾟ","@venticikarang","·","https://x.com/venticikarang/status/2045106943984034112","Apr 17","Sinyal","telkomsel","paok betul","3","https://x.com/venticikarang/status/2045106943984034112/analytics","1.5K","","","","","","|| k/ia","","","","",""
"https://x.com/acillleeee","https://pbs.twimg.com/profile_images/1974302385465135105/xAVLLFlK_normal.jpg","micaaaa𝜗𝜚","@acillleeee","·","https://x.com/acillleeee/status/2050567605623374221","May 2","sinyal","","lu? dr sore gaada gini payah bgt dah","1","https://x.com/acillleeee/status/2050567605623374221/analytics","59","@Telkomsel","https://x.com/Telkomsel","kenapanih","","","","","","","",""
"https://x.com/NurulIbadi1","https://pbs.twimg.com/profile_images/1066977862920495104/STqJvVCK_normal.jpg","Nurul Ibadi","@NurulIbadi1","·","https://x.com/NurulIbadi1/status/2052344529509065142","May 7","sinyal","","","1","https://x.com/NurulIbadi1/status/2052344529509065142/analytics","755","@Telkomsel","https://x.com/Telkomsel","24 jam","lumpuh 

Alhamdulillah ini","sudah ada lagi

Terima kasih kerjasamanya","","Replying to","https://x.com/pmtkemkomdigi","@pmtkemkomdigi","",""
"https://x.com/adinary","https://pbs.twimg.com/profile_images/2030295402252226560/Rjo90RBX_normal.jpg","~유미~ goes to SWC","@adinary","·","https://x.com/adinary/status/2044039595181125899","Apr 14","sinyal","telkomsel","","1","https://x.com/adinary/status/2044039595181125899/analytics","97","","","Duh bodohnya","","","","","","","",""
"https://x.com/yourjuneunivers","https://pbs.twimg.com/profile_images/1358945695470768129/W-NQqVYL_normal.jpg",".","@yourjuneunivers","·","https://x.com/yourjuneunivers/status/2052175616670404859","May 7","sinyal","","dari pagi sampe jam 2 ga bener bener dah heran. signal biasa maupun wifi","1","https://x.com/yourjuneunivers/status/2052175616670404859/analytics","54","","","tolong di cekk bgt ini udh beberapa kali, dan sekarang 3 hari berturut-turut","","","","Replying to","https://x.com/Telkomsel","@Telkomsel","",""
"https://x.com/ryujpatji","https://pbs.twimg.com/profile_images/2037185876640620550/q8BgOSX6_normal.jpg","send","@ryujpatji","·","https://x.com/ryujpatji/status/2051826838583066867","May 6","Sinyal","","ada tapi ga bisa internet?","2","https://x.com/ryujpatji/status/2051826838583066867/analytics","699","@Telkomsel","https://x.com/Telkomsel","Tolong ini konsepnya gimana?","","","","","","","",""
"https://x.com/bisnisbaju611","https://pbs.twimg.com/profile_images/1796505719199686656/eZi25Jmk_normal.png","Cloud Konveksi","@bisnisbaju611","·","https://x.com/bisnisbaju611/status/2050620961033208098","May 2","","sinyal","dan","1","https://x.com/bisnisbaju611/status/2050620961033208098/analytics","169","@Telkomsel","https://x.com/Telkomsel","Halo",". Ini di daerah Cipulir, Ulujami, Pesanggrahan","kok jelek banget ya? Whatsapp pending, Zoom gak masuk, streaming lelet,  apalagi game kompetitif ping nya parah sering di angka 200-300an ms. Kayaknya udah 1-2mingguan begini gak berubah2.","@byu_id","","","","",""
"https://x.com/kyocull","https://pbs.twimg.com/profile_images/2021271229286711296/MF4Vt1SI_normal.jpg","Jac","@kyocull","·","https://x.com/kyocull/status/2050863702514299020","May 3","Telkomsel","sinyal","nya jelek bngt","2","https://x.com/kyocull/status/2050863702514299020/analytics","208","","","ni udh mahal,","","","","","","","",""
"https://x.com/ehmangelu","https://pbs.twimg.com/profile_images/2009019997369364480/KhnmsqGU_normal.jpg","dikywickson","@ehmangelu","·","https://x.com/ehmangelu/status/2050962420118774048","May 3","sinyal","","lu jelek banget dah","2","https://x.com/ehmangelu/status/2050962420118774048/analytics","61","@Telkomsel","https://x.com/Telkomsel","sumpah","","","","","","","",""
"https://x.com/Vari_0us","https://pbs.twimg.com/profile_images/1460090183559233536/Ewy63OYP_normal.jpg","징징88","@Vari_0us","·","https://x.com/Vari_0us/status/2050419815643505075","May 2","","Sinyal","kecil. Internet lemot.","1","https://x.com/Vari_0us/status/2050419815643505075/analytics","128","@telkomsel","https://x.com/Telkomsel","perbaiki jaringannya. Mahal² tp jaringan lola.","","","","","","","",""
"https://x.com/ahmetarslan029","https://pbs.twimg.com/profile_images/1900507060573192193/5z-xTvwY_normal.jpg","A.S.A","@ahmetarslan029","·","https://x.com/ahmetarslan029/status/2052829126692684117","5m","Translated from Turkish","Show original","Why is the signal that should be there below Turkey's standards? Why isn't the network pulling in? For 5 years the complaints","","https://x.com/ahmetarslan029/status/2052829126692684117/analytics","4","","","For the last 4-5 years, you've been getting messages but you're not producing any solutions, just making empty statements and doing paid advertising.","","","","Replying to","https://x.com/TTDestek","@TTDestek","https://abs.twimg.com/emoji/v2/svg/1f937-200d-2642-fe0f.svg",""
"https://x.com/Telkomsel","https://pbs.twimg.com/profile_images/1405865624232882176/uA2xXUFP_normal.jpg","Telkomsel","@Telkomsel","·","https://x.com/Telkomsel/status/2052604432983134358","14h","sinyal","Telkomsel","Untuk kendala","","https://x.com/Telkomsel/status/2052604432983134358/analytics","75","","","Hai, maaf ya Kak atas ketidaknyamanannya",", silakan bagikan nomor","serta lokasi (kecamatan & kota) melalui DM kami ya agar bisa dibantu lebih lanjut -Tira","","Replying to","https://x.com/aaddiction25","@aaddiction25","https://abs.twimg.com/emoji/v2/svg/1f64f.svg","[object Object]"
"https://x.com/_jaypaww","https://pbs.twimg.com/profile_images/2031354195832614917/6F5QdX57_normal.jpg","jek","@_jaypaww","·","https://x.com/_jaypaww/status/2042226352401838365","Apr 9","SINYAL","TELKOMSEL","","3","https://x.com/_jaypaww/status/2042226352401838365/analytics","310","","","GILA RUMAH AKU MATI LISTRIK DR JAM 6 SKRNG BRU NYALA, MANA","JG GA DA","","","","","","",""
"https://x.com/AxellChE","https://pbs.twimg.com/profile_images/1809321387410206720/9Wjv6P7m_normal.jpg","Axell","@AxellChE","·","https://x.com/AxellChE/status/2052014786897146154","May 6","sinyal","","woi ini masi ada 12GB gabisa dipake woi ampun rugi banget tanggal 12 dah mau abis lagi masa aktifnya tu kuota","1","https://x.com/AxellChE/status/2052014786897146154/analytics","70","","","surabaya dan sekitarnya juga gaada","","","","Replying to","https://x.com/Telkomsel","@Telkomsel","",""
"https://x.com/calrubyjane","https://pbs.twimg.com/profile_images/2035020985511157765/8pRkPC83_normal.jpg","Cal","@calrubyjane","·","https://x.com/calrubyjane/status/2051566496758059059","May 5","","sinyal","lu jelek bgt????","1","https://x.com/calrubyjane/status/2051566496758059059/analytics","65","@Telkomsel","https://x.com/Telkomsel","tanggung jawab plis kerjaan gue terhambat…","","","","","","","",""
"https://x.com/___D_S_R___","https://pbs.twimg.com/profile_images/1484562818670415875/NR8PDq_W_normal.jpg","DSR","@___D_S_R___","·","https://x.com/___D_S_R___/status/2051312816230162519","May 4","","Sinyal","beneran srius jualan paket internet kagak sih ?","1","https://x.com/___D_S_R___/status/2051312816230162519/analytics","282","@telkomsel","https://x.com/Telkomsel","Srius tanya ,","full , bisa2nya pas main ml 200ms gilaaa²","","","","","","",""
"https://x.com/staexsyk","https://pbs.twimg.com/profile_images/2014372204738494464/qtZYeszo_normal.jpg","Nan","@staexsyk","·","https://x.com/staexsyk/status/2050916773588005343","May 3","sinyal","telkomsel","","1","https://x.com/staexsyk/status/2050916773588005343/analytics","256","","","duhh ini kenapa sih","gaada??? mau bayar susahh","","","","","","",""
"https://x.com/silviyaqk","https://pbs.twimg.com/profile_images/1982544423058583552/05KjwyoB_normal.jpg","silviya","@silviyaqk","·","https://x.com/silviyaqk/status/2052820724927111675","38m","","","","","https://x.com/silviyaqk/status/2052820724927111675/analytics","7","","","AKIN GÜRLEK TAYYİP ERDOĞANINDA TELEFONUNU KAYDEDİYORMUŞ!! 
YARIN ÖBÜRGÜN TALİMATLA YAPTIM DEYİP KURTULABİLMAK İÇİN","","","","","","","https://abs.twimg.com/emoji/v2/svg/1f631.svg",""
"https://x.com/Telkomsel","https://pbs.twimg.com/profile_images/1405865624232882176/uA2xXUFP_normal.jpg","Telkomsel","@Telkomsel","·","https://x.com/Telkomsel/status/2052601604105449775","15h","sinyal","Telkomsel","yang dialami, silakan infoin Nomor HP, Lokasi detail, Tanggal waktu kejadian, serta Nomor","","https://x.com/Telkomsel/status/2052601604105449775/analytics","29","","","Mohon maaf ya Kak Wava, Mengenai keluhan","lain yang berkendala sama jika ada ke DM agar dibantu dengan solusi yang tepat dan data pribadi tetap terjaga","-Qiya","","Replying to","https://x.com/gwava","@gwava","https://abs.twimg.com/emoji/v2/svg/1f64f.svg","[object Object]"
"https://x.com/Telkomsel","https://pbs.twimg.com/profile_images/1405865624232882176/uA2xXUFP_normal.jpg","Telkomsel","@Telkomsel","·","https://x.com/Telkomsel/status/2052821115941343492","37m","","",". Silakan menunggu interaksi selanjutnya via DM ya","","https://x.com/Telkomsel/status/2052821115941343492/analytics","4","","","Baik Kak","-Fadil","","@oreldie","Replying to","https://x.com/oreldie","@oreldie","https://abs.twimg.com/emoji/v2/svg/1f60a.svg","[object Object]"
"https://x.com/toourlife5758","https://pbs.twimg.com/profile_images/1779534608490795008/dFYJZ2bY_normal.jpg","𝓑𝓲𝓽𝓽𝓮𝓻𝓼𝔀𝓮𝓮𝓽","@toourlife5758","·","https://x.com/toourlife5758/status/2043995296590602590","Apr 14","sinyal","telkomsel","","1","https://x.com/toourlife5758/status/2043995296590602590/analytics","92","@Telkomsel","https://x.com/Telkomsel","Laporrr dari tadi pagi kok","di tempatku tidak ada . Wifi jadi ga berfungsi sama sekali","","@TelkomIndonesia","","","","https://abs.twimg.com/emoji/v2/svg/1f621.svg",""
"https://x.com/emokssi","https://pbs.twimg.com/profile_images/2040326106214268928/SsVjds3Q_normal.jpg","ʎuip","@emokssi","·","https://x.com/emokssi/status/2052038558228304234","May 6","","sinyal","nomerku ke blokir, posisi skrng dijepang, disini","1","https://x.com/emokssi/status/2052038558228304234/analytics","281","@Telkomsel","https://x.com/Telkomsel","min","gaada jd gabisa aktivasi (?) kmrn ibuku udah ke grapari tp katanya gabisa krn harus ada ktp atau apalah. udh nyoba ke kota jg ttp gaada sinyalnya.. bisa ga sih verifikasinya lewat WA aja gausa SMS","","","","","","https://abs.twimg.com/emoji/v2/svg/1f62d.svg",""
"https://x.com/laffefari","https://pbs.twimg.com/profile_images/2025282671153405952/hKfuCsDF_normal.jpg","Fari فري الفاضل","@laffefari","·","https://x.com/laffefari/status/2052022211368870207","May 6","sinyal","telkomsel","","1","https://x.com/laffefari/status/2052022211368870207/analytics","316","","","elek bgt","koclok","","","","","","",""
"https://x.com/villsdaleite","https://pbs.twimg.com/profile_images/2033941912013754368/hwoYcbmA_normal.jpg","Daleite","@villsdaleite","·","https://x.com/villsdaleite/status/2051943289776144486","May 6","Sinyal","telkomsel","knp kayak anjing sih hari ini","2","https://x.com/villsdaleite/status/2051943289776144486/analytics","97","","","","","","","","","","https://abs.twimg.com/emoji/v2/svg/1f62d.svg",""
"https://x.com/nuzulamin4","https://pbs.twimg.com/profile_images/1794913324796375040/NcLFnbXj_normal.jpg","nuzul amin","@nuzulamin4","·","https://x.com/nuzulamin4/status/2050218608501154061","May 1","Telkomsel","sinyal","","1","https://x.com/nuzulamin4/status/2050218608501154061/analytics","92","","","Tolong lah untuk kecamatan sekerak kabupaten Aceh tamiang  provinsi Aceh sinyalnya buruk sekali sudah 4 hari... Tolong lah perbaiki buat malu aja Perusahaan sebesar","buruk.","","","Replying to","https://x.com/Telkomsel","@Telkomsel","",""
"https://x.com/Telkomsel","https://pbs.twimg.com/profile_images/1405865624232882176/uA2xXUFP_normal.jpg","Telkomsel","@Telkomsel","·","https://x.com/Telkomsel/status/2052639486807593373","12h","Telkomsel","",", maaf ya","1","https://x.com/Telkomsel/status/2052639486807593373/analytics","33","","","Halo Kak","Kendala sinyalnya di dalam atau luar ruangan? Boleh infokan nomor HP, lokasi detail (min. s.d Kelurahan) & nomor","lain yg berkendala sama (jika ada) via DM ya, kami bantu cek lebih lanjut. -Nala","@iohllll","Replying to","https://x.com/iohllll","@iohllll","https://abs.twimg.com/emoji/v2/svg/1f64f.svg","[object Object]"
"https://x.com/TiaSptynZuhria","https://pbs.twimg.com/profile_images/1681326130903805957/c2h9_V_m_normal.jpg","YAK","@TiaSptynZuhria","·","https://x.com/TiaSptynZuhria/status/2050545442438742440","May 2","sinyal","telkomsel","","1","https://x.com/TiaSptynZuhria/status/2050545442438742440/analytics","64","","","Hallo min mohon cek dm, saya punya kendala terkait","yang tidak muncul","","","Replying to","https://x.com/Telkomsel","@Telkomsel","",""
"https://x.com/Telkomsel","https://pbs.twimg.com/profile_images/1405865624232882176/uA2xXUFP_normal.jpg","Telkomsel","@Telkomsel","·","https://x.com/Telkomsel/status/2051645033322086739","May 5","","",". Mohon maaf ya, namun untuk kendala sinyalnya, mohon informasikan nomor HP dan lokasi berkendalanya ke DM. Kami coba bantu ya. Terima kasih","","https://x.com/Telkomsel/status/2051645033322086739/analytics","11","","","Hai Kak","-Remi","","@Shirohiko__","Replying to","https://x.com/Shirohiko__","@Shirohiko__","https://abs.twimg.com/emoji/v2/svg/1f64f.svg","[object Object]"
"https://x.com/Dedek_Andre2k4","https://pbs.twimg.com/profile_images/1920858501506625536/CcbwCifn_normal.jpg","𝐅𝐭.𝐃𝐱𝐝𝐞𝐤_","@Dedek_Andre2k4","·","https://x.com/Dedek_Andre2k4/status/2050151753086374014","May 1","","sinyal","emang lagi down apa gimana ya? Udh satu bulan jaringannya begini terus, padahal 3 titik","1","https://x.com/Dedek_Andre2k4/status/2050151753086374014/analytics","241","@Telkomsel","https://x.com/Telkomsel","Ini","4G nya, tapi kirim chat lihat video ga bisa sama sekali,ada yang sama gak?","","","","","","",""
"https://x.com/Yunitapras","https://pbs.twimg.com/profile_images/1823257935759523840/O8sNvsz9_normal.jpg","Nit-Nit","@Yunitapras","·","https://x.com/Yunitapras/status/2051631028180230481","May 5","Sinyal","telkomsel","kok hilang","2","https://x.com/Yunitapras/status/2051631028180230481/analytics","221","","","","","","","","","","",""
"https://x.com/KenziRamad76975","https://pbs.twimg.com/profile_images/1789568723629834240/FIq-rPS7_normal.png","Kenzi Ramadan","@KenziRamad76975","·","https://x.com/KenziRamad76975/status/2050846314544640287","May 3","sinyal","","susah babi anjing","2","https://x.com/KenziRamad76975/status/2050846314544640287/analytics","106","","","Paketan doang","","","","Replying to","https://x.com/Telkomsel","@Telkomsel","",""
"https://x.com/Jonagaputra","https://pbs.twimg.com/profile_images/2029105491599867905/gu6uiYPL_normal.jpg","Jona.","@Jonagaputra","·","https://x.com/Jonagaputra/status/2052079549064851809","May 7","Telkomsel","sinyal","kek tai monyet yatim. Goblok.","1","https://x.com/Jonagaputra/status/2052079549064851809/analytics","93","","","tai yak, bayar mahal²","","","","","","","",""
"https://x.com/itsmemynina","https://pbs.twimg.com/profile_images/2022143497961340928/1sXwZeqm_normal.jpg","nina","@itsmemynina","·","https://x.com/itsmemynina/status/2051098330718261469","May 4","Telkomsel","sinyal","","1","https://x.com/itsmemynina/status/2051098330718261469/analytics","26","","","Ppp","dibali kenceng ga, besok mau war tiket nihh","","","","","","",""
"https://x.com/kedua_darikanan","https://pbs.twimg.com/profile_images/1527262925135613952/CQPmq9M0_normal.jpg","keduadarikanan","@kedua_darikanan","·","https://x.com/kedua_darikanan/status/2051966868899106915","May 6","sinyal","","full sdh 5G tpi buka aplikasi ebank aja susah! Provider scammer taik!","1","https://x.com/kedua_darikanan/status/2051966868899106915/analytics","59","","","Apaan sih lu taik! Katanya sdh diperbaiki,","","","","Replying to","https://x.com/Telkomsel","@Telkomsel","",""
"https://x.com/Haunteright","https://pbs.twimg.com/profile_images/2046203242854723584/s9SuDBrc_normal.jpg","Racha","@Haunteright","·","https://x.com/Haunteright/status/2051655013467148467","May 5","TELKOMSEL","SINYAL","NIH DI INDO, JD HARUS PK VPN AWAS KL GUE NAIKIN HASTAG JD PINDAH NEGARANYA","2","https://x.com/Haunteright/status/2051655013467148467/analytics","149","","","BOBROK. GUE SUSAH","","","᭙ꪊₑᵣₐ","","","","https://abs.twimg.com/emoji/v2/svg/1f47a.svg",""
"https://x.com/Telkomsel","https://pbs.twimg.com/profile_images/1405865624232882176/uA2xXUFP_normal.jpg","Telkomsel","@Telkomsel","·","https://x.com/Telkomsel/status/2052819452232974831","44m","Telkomsel","",". Paket","","https://x.com/Telkomsel/status/2052819452232974831/analytics","16","","","Mohon maaf ya Kak","bervariasi, beragam dan bisa pilih sesuai sama kebutuhan Kakak. Di explore lagi yuk pilihan paket di MyTelkomsel atau infoin nomor hp Kakak di DM biar dibantu cek dan rekomendasiin paket lainnya di nomor Kakak ya","- Fadil","@Asmuni45","Replying to","https://x.com/Asmuni45","@Asmuni45","https://abs.twimg.com/emoji/v2/svg/1f60a.svg","[object Object]"
"https://x.com/Imamgockil","https://pbs.twimg.com/profile_images/1968717487782117378/TVUEqeY0_normal.jpg","vixxx","@Imamgockil","·","https://x.com/Imamgockil/status/2052466448791167388","May 8","sinyal","sinyal","di desa mentawak baru kc. Air hitam kb. Sarolangun kota. Jambi","1","https://x.com/Imamgockil/status/2052466448791167388/analytics","1.3K","","","Min tolong cek","buruk terus ancuuur ngga bisa main game. Rugi kita yg udah beli kuota ngga bisa main","","","Replying to","https://x.com/Telkomsel","@Telkomsel","",""
"https://x.com/awasradagalak","https://pbs.twimg.com/profile_images/1985209782555525120/XO8WAUXL_normal.jpg","luthpn","@awasradagalak","·","https://x.com/awasradagalak/status/2051921630180593716","May 6","","sinyal","ilang ilangan","1","https://x.com/awasradagalak/status/2051921630180593716/analytics","106","@Telkomsel","https://x.com/Telkomsel","hari hari","","","","","","","https://abs.twimg.com/emoji/v2/svg/1f44e.svg",""
"https://x.com/Suhastoro5no","https://pbs.twimg.com/profile_images/1445035621307715589/7AlyZNhC_normal.jpg","suhastoro","@Suhastoro5no","·","https://x.com/Suhastoro5no/status/2050269398720815577","May 2","Sinyal","","","1","https://x.com/Suhastoro5no/status/2050269398720815577/analytics","199","@Telkomsel","https://x.com/Telkomsel","di daerah ku penuh tapi tidak bisa buat internetan gimana tanggapan nya min?","","","@SIMPATI","","","","",""
"https://x.com/Lygophileee","https://pbs.twimg.com/profile_images/1713589254218190848/2j2WYqgL_normal.jpg","Riko_darma","@Lygophileee","·","https://x.com/Lygophileee/status/2051658885656965331","May 5","","sinyal","babi","1","https://x.com/Lygophileee/status/2051658885656965331/analytics","59","@Telkomsel","https://x.com/Telkomsel","beli paket mahal2 ga ada","","","","","","","",""
"https://x.com/bevtawi","https://pbs.twimg.com/profile_images/2046931040015626240/U7SFFSCS_normal.jpg","ajey gacoan","@bevtawi","·","https://x.com/bevtawi/status/2045305595499319446","Apr 18","TELKOMSEL","SINYAL","MULU","4","https://x.com/bevtawi/status/2045305595499319446/analytics","287","@Telkomsel","https://x.com/Telkomsel","KENAPA SIH ILANG","","","","","","","",""
"https://x.com/nadriput","https://pbs.twimg.com/profile_images/2050051830932295680/pbcdXGpb_normal.jpg","nadya","@nadriput","·","https://x.com/nadriput/status/2050206860607984020","May 1","sinyal","","seluler u busuk banget deh Tel","1","https://x.com/nadriput/status/2050206860607984020/analytics","725","@telkomsel","https://x.com/telkomsel","Ini kan biznet setiabudi emang eror ya, tapi ngapa","?","","","","","","",""
"https://x.com/FARESDNTA12","https://pbs.twimg.com/profile_images/1963275311036166144/QEZEyYcv_normal.jpg","FARES","@FARESDNTA12","·","https://x.com/FARESDNTA12/status/2045781819132633115","Apr 19","sinyal","telkomsel","","1","https://x.com/FARESDNTA12/status/2045781819132633115/analytics","210","@telkomsel","https://x.com/Telkomsel","Heh ini","hilang trus Wifi indihome juga sama jelek sinyalnya muncul hilang terus, mana paket lu mahal tp servisnya jelek bgt dah elah","","","","","","",""
"https://x.com/valeology","https://pbs.twimg.com/profile_images/2035006261289480192/BvRPuAb2_normal.jpg","ㅂ","@valeology","·","https://x.com/valeology/status/2051334715639300326","May 4","SINYAL","","LU","1","https://x.com/valeology/status/2051334715639300326/analytics","117","@Telkomsel","https://x.com/Telkomsel","INI KNP DAH","juara 1 gembel","","","","","","",""
"https://x.com/kleoprata_","https://pbs.twimg.com/profile_images/2045126995944820736/us-GwSrU_normal.jpg","kya","@kleoprata_","·","https://x.com/kleoprata_/status/2052006487531401725","May 6","sinyal","telkomsel","aku jelek","1","https://x.com/kleoprata_/status/2052006487531401725/analytics","86","","","bntr ya gess","soalnya","","","","","","",""
"https://x.com/Telkomsel","https://pbs.twimg.com/profile_images/1405865624232882176/uA2xXUFP_normal.jpg","Telkomsel","@Telkomsel","·","https://x.com/Telkomsel/status/2052822536363368452","31m","","","-Sira","","https://x.com/Telkomsel/status/2052822536363368452/analytics","4","","","Mohon maaf ya, Kak. Kendalanya akan dibantu lebih lanjut via DM kami ya. Mohon ditunggu sebentar lagi, pasti kami balas.","","","","Replying to","https://x.com/osyeanize","@osyeanize","https://abs.twimg.com/emoji/v2/svg/1f64f.svg","[object Object]"
"https://x.com/nandoe_73","https://pbs.twimg.com/profile_images/1902769729494044672/Yrnldsw-_normal.jpg","Park Dan iel","@nandoe_73","·","https://x.com/nandoe_73/status/2051954854638334182","May 6","","sinyal","dari kemaren, ditanyai ni hp, dikasih no hp, malah dikirimi otp biar bisa lanjut buat laporan","1","https://x.com/nandoe_73/status/2051954854638334182/analytics","60","@Telkomsel","https://x.com/Telkomsel","ni paling ga jelas, aku ngeluh karna hilang","","","","Replying to","https://x.com/Telkomsel","@Telkomsel","",""
"https://x.com/Telkomsel","https://pbs.twimg.com/profile_images/1405865624232882176/uA2xXUFP_normal.jpg","Telkomsel","@Telkomsel","·","https://x.com/Telkomsel/status/2052588665000570968","16h","sinyal","Telkomsel","Untuk kendala","1","https://x.com/Telkomsel/status/2052588665000570968/analytics","49","","","Hai, maaf ya Kak Fla atas ketidaknyamanannya",", silakan bagikan nomor",", waktu kejadian, serta lokasi (kec & kota) melalui DM kami ya. Terima kasih -Tira","","Replying to","https://x.com/heyimfla","@heyimfla","https://abs.twimg.com/emoji/v2/svg/1f64f.svg","[object Object]"
"https://x.com/Telkomsel","https://pbs.twimg.com/profile_images/1405865624232882176/uA2xXUFP_normal.jpg","Telkomsel","@Telkomsel","·","https://x.com/Telkomsel/status/2052595296492982623","15h","sinyal","Telkomsel","yang kurang stabil, Kak. Agar dapat kami bantu cek dan penanganan lebih lanjut. Konfirmasikan nomor","","https://x.com/Telkomsel/status/2052595296492982623/analytics","47","","","Mohon maaf atas kendala",", tanggal waktu kendala dan lokasi detail (kec,kel,kota/kab) via DM agar privasi data tetap terjaga.","-Yui","","Replying to","https://x.com/edokusai","@edokusai","https://abs.twimg.com/emoji/v2/svg/1f64f-1f3fc.svg","[object Object]"
"https://x.com/panzzzt","https://pbs.twimg.com/profile_images/1678305664094044160/7jTpX2tK_normal.jpg","firrr","@panzzzt","·","https://x.com/panzzzt/status/2051920403812278370","May 6","sinyal","telkomsel","","3","https://x.com/panzzzt/status/2051920403812278370/analytics","201","","","kesel banget indihome dari kemarin malem eror terus","jelek di dalem kamar","","","","","","",""
"https://x.com/ahmetarslan029","https://pbs.twimg.com/profile_images/1900507060573192193/5z-xTvwY_normal.jpg","A.S.A","@ahmetarslan029","·","https://x.com/ahmetarslan029/status/2052820334298927408","40m","Translated from Turkish","Show original","@VodafoneTR","@Turkcell","https://x.com/ahmetarslan029/status/2052820334298927408/analytics","10","","https://x.com/VodafoneTR","","","There are 3 operators in Turkey, and Telekom, which should be the most mediocre, is way below that level in terms of signal, I think. I'm really curious about the other operators.","@ticaret","","https://x.com/Turkcell","","https://abs.twimg.com/emoji/v2/svg/1f914.svg",""
"https://x.com/alimezse","https://pbs.twimg.com/profile_images/1947514248198033410/BvzIPou1_normal.jpg","ali","@alimezse","·","https://x.com/alimezse/status/2050832788115616084","May 3","sinyal","","dan","1","https://x.com/alimezse/status/2050832788115616084/analytics","167","@Telkomsel","https://x.com/Telkomsel","Wifi","data","kok kompak lemot semua. Mana udah paketan harganya mahal lagi","@IndiHomeCare","","","","",""
"https://x.com/Telkomsel","https://pbs.twimg.com/profile_images/1405865624232882176/uA2xXUFP_normal.jpg","Telkomsel","@Telkomsel","·","https://x.com/Telkomsel/status/2052825234810781772","21m","Telkomsel","",". Paket","","https://x.com/Telkomsel/status/2052825234810781772/analytics","6","","","Maaf ya Kak","bervariasi, beragam dan bisa pilih sesuai sama kebutuhan Kakak. Di explore lagi yuk pilihan paket di MyTelkomsel atau infoin nomor hp Kakak di DM biar dibantu cek dan rekomendasiin paket lainnya di nomor Kakak ya","- Fadil","@iryul__","Replying to","https://x.com/iryul__","@iryul__","https://abs.twimg.com/emoji/v2/svg/1f60a.svg","[object Object]"
"https://x.com/upilku999","https://abs.twimg.com/sticky/default_profile_images/default_profile_normal.png","Nipnip","@upilku999","·","https://x.com/upilku999/status/2052019877662404675","May 6","","sinyal","ada tp internetnya lemot","1","https://x.com/upilku999/status/2052019877662404675/analytics","91","@Telkomsel","https://x.com/Telkomsel","","","","","","","","",""
"https://x.com/abcdoremikkot","https://pbs.twimg.com/profile_images/2050892395961819136/ZI4_F6dy_normal.jpg","| 𝓳𝓲𝓼𝓸𝓸 &𝓵𝓲𝓷𝓰𝓸𝓻𝓶","@abcdoremikkot","·","https://x.com/abcdoremikkot/status/2052782503535255892","3h","sinyal","","","1","https://x.com/abcdoremikkot/status/2052782503535255892/analytics","34","","","tambun utara. tolong dong min, beneran gaada","","","","Replying to","https://x.com/Telkomsel","@Telkomsel","",""
"https://x.com/heyyuuhh","https://pbs.twimg.com/profile_images/1874976590012309504/Fc_TuYtf_normal.jpg","kir","@heyyuuhh","·","https://x.com/heyyuuhh/status/2050040858893013143","May 1","","sinyal","anda benerin tolong, internet mahal kok","1","https://x.com/heyyuuhh/status/2050040858893013143/analytics","71","@Telkomsel","https://x.com/Telkomsel","","gembel","jak-sel loh ini","/ MT after DM","","","","https://abs.twimg.com/emoji/v2/svg/1f624.svg",""
"https://x.com/Telkomsel","https://pbs.twimg.com/profile_images/1405865624232882176/uA2xXUFP_normal.jpg","Telkomsel","@Telkomsel","·","https://x.com/Telkomsel/status/2052640734474563956","12h","Telkomsel","",". Mohon maaf atas kendala sinyalnya. Agar bisa segera dicek dan diperbaiki, infokan nomor HP, lokasi detail (min. s.d Kelurahan) & nomor","","https://x.com/Telkomsel/status/2052640734474563956/analytics","39","","","Halo, selamat siang Kak","lain yg kendala sama (jika ada) ke DM ya. Tks","-Nala","@pikachuteknik","Replying to","https://x.com/pikachuteknik","@pikachuteknik","https://abs.twimg.com/emoji/v2/svg/1f60a.svg","[object Object]"
"https://x.com/nuzulamin4","https://pbs.twimg.com/profile_images/1794913324796375040/NcLFnbXj_normal.jpg","nuzul amin","@nuzulamin4","·","https://x.com/nuzulamin4/status/2050598960465891450","May 2","Telkomsel","sinyal","yang gak beres / rusak di kecamatan sekerak ini.. Sudah seminggu tidak ada","1","https://x.com/nuzulamin4/status/2050598960465891450/analytics","58","","","Tower",". Mohon  turunkan tim untuk di perbaiki","","","Replying to","https://x.com/Telkomsel","@Telkomsel","",""
"https://x.com/IndahRDjukarsa","https://pbs.twimg.com/profile_images/778962342734290945/-QDF3A7X_normal.jpg","Indah R Djukarsa","@IndahRDjukarsa","·","https://x.com/IndahRDjukarsa/status/2045055064180658676","Apr 17","Sinyal","","kenapa ya ini? Dari kemarin kok kurang bagus?","2","https://x.com/IndahRDjukarsa/status/2045055064180658676/analytics","132","@Telkomsel","https://x.com/Telkomsel","","","","","","","","",""
"https://x.com/vanyaurs","https://pbs.twimg.com/profile_images/2000471181170978816/00l6cUyG_normal.jpg","vanya","@vanyaurs","·","https://x.com/vanyaurs/status/2050190921715884208","May 1","telkomsel","sinyal","lu jelek banget","","https://x.com/vanyaurs/status/2050190921715884208/analytics","68","","","demi allah","","","","","","","",""
"https://x.com/aratiararismala","https://pbs.twimg.com/profile_images/2051128009823059968/9qZ835Mm_normal.jpg","ara","@aratiararismala","·","https://x.com/aratiararismala/status/2045035808277860703","Apr 17","sinyal","telkomsel","","1","https://x.com/aratiararismala/status/2045035808277860703/analytics","501","","","ya Allah","ini","ghaib kah? pindah tempat dikit aja ilangggg","","","","","https://abs.twimg.com/emoji/v2/svg/1f642.svg",""
"https://x.com/Telkomsel","https://pbs.twimg.com/profile_images/1405865624232882176/uA2xXUFP_normal.jpg","Telkomsel","@Telkomsel","·","https://x.com/Telkomsel/status/2052291536814268718","May 7","sinyal","Telkomsel",", boleh dibantu informasikan lokasi Kakak saat ini serta nomor","","https://x.com/Telkomsel/status/2052291536814268718/analytics","101","","","Mohon maaf atas ketidaknyamanannya ya, Kak. Terkait kendala tidak ada","melalui DM agar dapat kami bantu cek lebih lanjut. Terima kasih","-Dalia","","Replying to","https://x.com/yafnqing","@yafnqing","https://abs.twimg.com/emoji/v2/svg/1f64f.svg","[object Object]"
"https://x.com/Telkomsel","https://pbs.twimg.com/profile_images/1405865624232882176/uA2xXUFP_normal.jpg","Telkomsel","@Telkomsel","·","https://x.com/Telkomsel/status/2052826767275303406","15m","Telkomsel","","-nya kenapa nih?","","https://x.com/Telkomsel/status/2052826767275303406/analytics","13","","","Mohon maaf, Kak.","Boleh yuk informasikan detailnya ke DM, biar kami bantu lebih lanjut.","-Sira","","Replying to","https://x.com/greencarat","@greencarat","https://abs.twimg.com/emoji/v2/svg/1f614.svg","[object Object]"
"https://x.com/adeliarisna","https://pbs.twimg.com/profile_images/1962878487473393665/cq_sMl-k_normal.jpg","chiffon cake","@adeliarisna","·","https://x.com/adeliarisna/status/2050579115280056785","May 2","Sinyal","telkomsel","1 bar muluuuu","2","https://x.com/adeliarisna/status/2050579115280056785/analytics","171","","","","","","","","","","",""
"https://x.com/Telkomsel","https://pbs.twimg.com/profile_images/1405865624232882176/uA2xXUFP_normal.jpg","Telkomsel","@Telkomsel","·","https://x.com/Telkomsel/status/2050155553650073631","May 1","sinyal","Telkomsel","Mohon maaf atas ketidaknyamanannya terkait kendala","","https://x.com/Telkomsel/status/2050155553650073631/analytics","107","","","Halo Kak","yang sedang dialami. Untuk pengecekan lebih lanjut, boleh dibantu kirim nomor","dan lokasi detail via DM ya","","Replying to","https://x.com/tukangROSE","@tukangROSE","https://abs.twimg.com/emoji/v2/svg/1f642.svg","[object Object]"
"https://x.com/pinkluvcattt","https://pbs.twimg.com/profile_images/1963102763942133760/zmvBUQYf_normal.jpg","Ri","@pinkluvcattt","·","https://x.com/pinkluvcattt/status/2051458973887545789","May 5","","sinyal","gak ada karena hujan sampai sekarang padahal udah di restart 2 kali tetep aja sama","1","https://x.com/pinkluvcattt/status/2051458973887545789/analytics","230","@Telkomsel","https://x.com/Telkomsel","min, tolong cek DM saya dong. Dari semalam","","","","","","","",""
"https://x.com/Bukanakunboya","https://pbs.twimg.com/profile_images/1466639109707866114/IZNgnkvB_normal.jpg","Ah","@Bukanakunboya","·","https://x.com/Bukanakunboya/status/2050233836211151047","May 1","sinyal","telkomsel","","4","https://x.com/Bukanakunboya/status/2050233836211151047/analytics","2.1K","","","bekasi hadir, kirain","doang, ganti pake cbn sama juga.","","","Replying to","https://x.com/wlsn_nd","@wlsn_nd","",""
"https://x.com/hyvaiii","https://pbs.twimg.com/profile_images/1659244594721333248/XyvgQHJX_normal.jpg","kaktus","@hyvaiii","·","https://x.com/hyvaiii/status/2047588200500335036","Apr 24","sinyal","telkomsel","","1","https://x.com/hyvaiii/status/2047588200500335036/analytics","26","@Telkomsel","https://x.com/Telkomsel","kenapa kalo siang hari gini","jelek banget ya Allah.
menguji kebaran banget elahhh","","","","","","",""
"https://x.com/Telkomsel","https://pbs.twimg.com/profile_images/1405865624232882176/uA2xXUFP_normal.jpg","Telkomsel","@Telkomsel","·","https://x.com/Telkomsel/status/2052547509902541172","18h","sinyal","Telkomsel","Terkait gangguan","","https://x.com/Telkomsel/status/2052547509902541172/analytics","60","","","Hai Kak Jibran, maaf ya atas ketidaknyamanannya","",", mohon berkenanan share nomor","","Replying to","https://x.com/IntanJibra16482","@IntanJibra16482","https://abs.twimg.com/emoji/v2/svg/1f64f.svg","[object Object]"
"https://x.com/namelessgits","https://pbs.twimg.com/profile_images/1867113983700049920/Y1cV4q2S_normal.jpg","hadeh","@namelessgits","·","https://x.com/namelessgits/status/2050841497353040377","May 3","Telkomsel","sinyal","busuk","1","https://x.com/namelessgits/status/2050841497353040377/analytics","316","","","brengsek mahal doang","","","","","","","",""
"https://x.com/leclercce","https://pbs.twimg.com/profile_images/2046831119447023616/xGceO8_G_normal.jpg","⋆𐙚 ̊cica","@leclercce","·","https://x.com/leclercce/status/2051330304686923788","May 4","sinyal","","","2","https://x.com/leclercce/status/2051330304686923788/analytics","327","@Telkomsel","https://x.com/Telkomsel","lu busuk bangett woii ganggu orang pacaran yang lagi call","","","","","","","https://abs.twimg.com/emoji/v2/svg/1f620.svg",""
"https://x.com/abiyyuan611","https://pbs.twimg.com/profile_images/1990811706117832704/-lLibbod_normal.jpg","Black Cat","@abiyyuan611","·","https://x.com/abiyyuan611/status/2050808690073317792","May 3","","sinyal","","2","https://x.com/abiyyuan611/status/2050808690073317792/analytics","222","@Telkomsel","https://x.com/Telkomsel","Min","daerah Cipulir Ulujami","kalian jelek parah. Pake speed test mostly <10mbps donload dan <3mbps upload","@byu_id","","","","",""
"https://x.com/Telkomsel","https://pbs.twimg.com/profile_images/1405865624232882176/uA2xXUFP_normal.jpg","Telkomsel","@Telkomsel","·","https://x.com/Telkomsel/status/2052707176368816624","8h","Telkomsel","telkomsel.com","","telkomsel.com/vas/siscamling","https://x.com/Telkomsel/status/2052707176368816624/analytics","104","http://","https://t.co/TbxAd0OLbV","Hai Kak","Harper informasikan SISCAMLING merupakan solusi perlindungan terbaru dari","yang dirancang untuk membantu pelanggan menghindari panggilan maupun SMS yang berpotensi spam atau scam. Info lengkapnya bisa Kakak cek di","@shxxlluvia","Replying to","https://x.com/shxxlluvia","@shxxlluvia","https://abs.twimg.com/emoji/v2/svg/1f60a.svg","[object Object]"
"https://x.com/Wulan_taze","https://pbs.twimg.com/profile_images/1695376373253357568/y0bttpsE_normal.jpg","bolu (bocil bulu)","@Wulan_taze","·","https://x.com/Wulan_taze/status/2045121124049285127","Apr 17","sinyal","telkomsel","","1","https://x.com/Wulan_taze/status/2045121124049285127/analytics","83","","","Ini","lagi bapuk banget ya. Dari td gk bisa ngapa2in","","","","","","",""
"https://x.com/_mihaeru","https://pbs.twimg.com/profile_images/2024729300944244738/ra7Wo3ek_normal.jpg","kiyotanga","@_mihaeru","·","https://x.com/_mihaeru/status/2051868515867717656","May 6","","sinyal","","2","https://x.com/_mihaeru/status/2051868515867717656/analytics","170","@Telkomsel","https://x.com/Telkomsel","provider jembot","kek tai sering putus"" pas telfon ajg","","","","","","",""
"https://x.com/Tofa669","https://pbs.twimg.com/profile_images/2051174965815451648/fAGEXYoA_normal.jpg","Victofa","@Tofa669","·","https://x.com/Tofa669/status/2050492702538727681","May 2","","sinyal","malah ilang, harganya mahal terus tapi kualitas sama aja","1","https://x.com/Tofa669/status/2050492702538727681/analytics","21","@Telkomsel","https://x.com/Telkomsel","heran banget baru juga isi kouta eh","suka hilang tiba""","","","","","","https://abs.twimg.com/emoji/v2/svg/1f611.svg",""
"https://x.com/RyanChr","https://pbs.twimg.com/profile_images/1766430838680621056/heXznCZ9_normal.jpg","Ryan Christian #32","@RyanChr","·","https://x.com/RyanChr/status/2052024839364579758","May 6","","sinyal","","1","https://x.com/RyanChr/status/2052024839364579758/analytics","149","@Telkomsel","https://x.com/Telkomsel","Min","daerah rancamanyar kenapa jelek banget, kena 4G tp bar nya cuma 1","","","","","","",""
"https://x.com/KenziRamad76975","https://pbs.twimg.com/profile_images/1789568723629834240/FIq-rPS7_normal.png","Kenzi Ramadan","@KenziRamad76975","·","https://x.com/KenziRamad76975/status/2050871645271998788","May 3","sinyal","","susah","1","https://x.com/KenziRamad76975/status/2050871645271998788/analytics","73","","","Tai paketan doang mahal","","","","Replying to","https://x.com/Telkomsel","@Telkomsel","",""
"https://x.com/RedDevilSN","https://pbs.twimg.com/profile_images/2033366525131026432/yGwPa7wY_normal.jpg","Viatrix.Lumi","@RedDevilSN","·","https://x.com/RedDevilSN/status/2051156354526765385","May 4","Sinyal","",", semua pengguna yg ku kenal pakai perdana","1","https://x.com/RedDevilSN/status/2051156354526765385/analytics","108","@Telkomsel","https://x.com/Telkomsel","di area Sanga Sanga Kalimantan timur kenapa hilang total, udah 2 jam lebih ini","hilang semua","nya, bukan","sinyal","Replying to","https://x.com/RedDevilSN","@RedDevilSN","",""
"https://x.com/kembarankunti","https://pbs.twimg.com/profile_images/2037865876129783808/3V5D8W9Q_normal.jpg","jipii","@kembarankunti","·","https://x.com/kembarankunti/status/2050245083220631965","May 1","Telkomsel","sinyal","jelek padahal full anying MAHAL DOANGGG","1","https://x.com/kembarankunti/status/2050245083220631965/analytics","191","@Telkomsel","https://x.com/Telkomsel","syibal udh dibeli kuota","","","","","","","",""
"https://x.com/baebaelub","https://pbs.twimg.com/profile_images/2049514048342183936/z4xo2Aw9_normal.jpg","Odi","@baebaelub","·","https://x.com/baebaelub/status/2052003087108526144","May 6","sinyal","","jelek berhari-hari itu batas waktu penggunaan kuotanya dipanjangin, ini udah gak bisa dipake, batasnya tinggal sedikit tar endingnya hangus, ngerugiin aja.","1","https://x.com/baebaelub/status/2052003087108526144/analytics","113","","","Nggak, gak guna. Minimal kalo","","","","Replying to","https://x.com/Telkomsel","@Telkomsel","",""
"https://x.com/asna_fiyah35448","https://pbs.twimg.com/profile_images/1637335744040800256/qd5bxiCy_normal.jpg","Asna.piah","@asna_fiyah35448","·","https://x.com/asna_fiyah35448/status/2050152673396310421","May 1","","sinyal","","1","https://x.com/asna_fiyah35448/status/2050152673396310421/analytics","80","@Telkomsel","https://x.com/Telkomsel","cara aktifin nomor kartu yang sudah mati dan tidak ada","","","","Replying to","https://x.com/Telkomsel","@Telkomsel","",""
"https://x.com/asikasikajaya","https://pbs.twimg.com/profile_images/1659444588850085888/wLQS_lc9_normal.jpg","sashaa","@asikasikajaya","·","https://x.com/asikasikajaya/status/2052063781312987248","May 6","telkomsel","sinyal","nya busuk bgt iw","2","https://x.com/asikasikajaya/status/2052063781312987248/analytics","143","","","sehari ga berulah kepanasan apa gmn?","","","","","","","",""
"https://x.com/Telkomsel","https://pbs.twimg.com/profile_images/1405865624232882176/uA2xXUFP_normal.jpg","Telkomsel","@Telkomsel","·","https://x.com/Telkomsel/status/2051537660314026382","May 5","sinyal","Telkomsel","lambatnya kami bantu perbaiki dan pengecekan lebih lanjut. Silakan konfirmasi ke DM dan infokan nomor hp, tanggal jam kejadian, lokasi (kec,kel,kota) dan Nomor","","https://x.com/Telkomsel/status/2051537660314026382/analytics","229","","","Mohon maaf ya Kak, kendala dengan","lain berkendala samanya. Terimakasih","-Wendy","@lonicerakke","Replying to","https://x.com/lonicerakke","@lonicerakke","https://abs.twimg.com/emoji/v2/svg/1f64f.svg","[object Object]"
"https://x.com/hahagundulmu","https://pbs.twimg.com/profile_images/2021161601479606274/WHUTRixQ_normal.jpg","ハハへへ","@hahagundulmu","·","https://x.com/hahagundulmu/status/2051560387888533677","May 5","Telkomsel","sinyal","kek tai!!!!","1","https://x.com/hahagundulmu/status/2051560387888533677/analytics","133","","","mahal doang tapi","","","","","","","",""
"https://x.com/cak_agoest","https://pbs.twimg.com/profile_images/1982749743861129217/CRKQ-hQm_normal.jpg","agoes_toest","@cak_agoest","·","https://x.com/cak_agoest/status/2050055297662874090","May 1","Sinyal","","benar² sering bikin emosi aja ini","1","https://x.com/cak_agoest/status/2050055297662874090/analytics","89","","","Jalan Putat gede barat 
Kelurahan Putat gede
Kec Sukomanunggal, Surabaya min..","","","","Replying to","https://x.com/Telkomsel","@Telkomsel","",""
"https://x.com/nopnopiii_","https://pbs.twimg.com/profile_images/1808400051313823744/Fitv1z-4_normal.jpg","N O P I","@nopnopiii_","·","https://x.com/nopnopiii_/status/2050244946133963143","May 1","sinyal","sinyal","lancar, ini udah mahal","1","https://x.com/nopnopiii_/status/2050244946133963143/analytics","62","","","mahal ga masalah min kalo","jelek bgt","","","Replying to","https://x.com/Telkomsel","@Telkomsel","",""
"https://x.com/fajarboy07","https://pbs.twimg.com/profile_images/1701217693544955904/l92gCrNq_normal.jpg","fajarboy","@fajarboy07","·","https://x.com/fajarboy07/status/2050599931086618742","May 2","sinyal","","hilang,","1","https://x.com/fajarboy07/status/2050599931086618742/analytics","135","","","Min ngolah lagi ini, di daerah kab siak,kec dayun ,Desa banjar seminai, sudah dari jam 7 pagi sampai sekarang","Pie iki min,","","","Replying to","https://x.com/Telkomsel","@Telkomsel","https://abs.twimg.com/emoji/v2/svg/1f612.svg",""
"https://x.com/IN0HTAF","https://pbs.twimg.com/profile_images/2032727875099701251/HShM6mvl_normal.jpg","losrt","@IN0HTAF","·","https://x.com/IN0HTAF/status/2051986093139194077","May 6","sinyal","","lu masih jelek banget","1","https://x.com/IN0HTAF/status/2051986093139194077/analytics","42","","","hari ini","","","","Replying to","https://x.com/Telkomsel","@Telkomsel","",""
"https://x.com/Telkomsel","https://pbs.twimg.com/profile_images/1405865624232882176/uA2xXUFP_normal.jpg","Telkomsel","@Telkomsel","·","https://x.com/Telkomsel/status/2052658679951016030","11h","sinyal","Telkomsel","Terkait  kendala","","https://x.com/Telkomsel/status/2052658679951016030/analytics","72","","","Halo Kak, kami mohon maaf atas kendala yang dialami",", mohon berkenan kirimkan detail nomor",", tanggal, jam, dan lokasi (kecamatan, kota) melalui DM untuk proses lebih lanjut ya -Tira","","Replying to","https://x.com/roseestart","@roseestart","https://abs.twimg.com/emoji/v2/svg/1f64f.svg","[object Object]"
"https://x.com/salkunnnn","https://pbs.twimg.com/profile_images/2052039514810687488/Hymv4Tyd_normal.jpg","Salkun Sunday Morning","@salkunnnn","·","https://x.com/salkunnnn/status/2052829703552270365","3m","","",": Ayo, mending kita tidur","","https://x.com/salkunnnn/status/2052829703552270365/analytics","","","","Percakapan normal di jam 2 pagi",": Aku baru bangun. Ini kan emang jam ku bangun",": Lah...","","","","","https://abs.twimg.com/emoji/v2/svg/1f9d5-1f3fc.svg",""
"https://x.com/Ranyyexyvq","https://pbs.twimg.com/profile_images/2050464639713157121/sk0EUH5l_normal.jpg","Ranyye","@Ranyyexyvq","·","https://x.com/Ranyyexyvq/status/2050470430855868824","May 2","sinyal","Telkomsel","ilang / no service (","","https://x.com/Ranyyexyvq/status/2050470430855868824/analytics","380","","","WTS iPhone 12 Pro 128GB ex inter
fisik mulus banget
box + kabel ada
BH 75% (service warning)
minus","& Smartfren gabisa, provider lain belum coba)
open 4.8 nego","","","","","","",""
"https://x.com/baebaelub","https://pbs.twimg.com/profile_images/2049514048342183936/z4xo2Aw9_normal.jpg","Odi","@baebaelub","·","https://x.com/baebaelub/status/2051958085502353495","May 6","Telkomsel","sinyal","lu kenapa si ah","3","https://x.com/baebaelub/status/2051958085502353495/analytics","381","","","","","","","","","","https://abs.twimg.com/emoji/v2/svg/1f62d.svg",""
"https://x.com/bapakming","https://pbs.twimg.com/profile_images/1525885863414353921/LfXwW3qK_normal.jpg","bpkming","@bapakming","·","https://x.com/bapakming/status/2045071163244888299","Apr 17","sinyal","telkomsel","","1","https://x.com/bapakming/status/2045071163244888299/analytics","26","@Telkomsel","https://x.com/Telkomsel","ini","kenapa siii??","bener-bener gabisa dipake internetnya sama sekali, bahkan buat WhatsApp aja gabisa
ini kenapaaaa?!?!","","","","","",""
"https://x.com/FakriyaA","https://pbs.twimg.com/profile_images/1219933520950222848/rnuu-moM_normal.jpg","fakhriyah","@FakriyaA","·","https://x.com/FakriyaA/status/2051244074536231028","May 4","","sinyal","","2","https://x.com/FakriyaA/status/2051244074536231028/analytics","116","@Telkomsel","https://x.com/Telkomsel","","hilang, lemot banget.","","","","","","",""
"https://x.com/comeinmygarden","https://pbs.twimg.com/profile_images/1988580563658117120/Utsq1OU2_normal.jpg","--e....--e-","@comeinmygarden","·","https://x.com/comeinmygarden/status/2052819354748653982","45m","@TTDestek","@TurkTelekom","ayrı bir rezil.","@Turkcell","https://x.com/comeinmygarden/status/2052819354748653982/analytics","29","Quote","","Hepsi berbat ama","kadrosunun liyakati zaten ortadaydı,","'e geçerek oranın da içine ettiler.","@TurkTelekom","3h","https://x.com/Turkcell","The internet you said would be available at home in 2026.  
It can barely even load a speed test page.  
Either come fix your infrastructure or start the cancellation process already","",""
"https://x.com/veusmvoyez","https://pbs.twimg.com/profile_images/2029399393233969152/r615gONI_normal.jpg","mprisy","@veusmvoyez","·","https://x.com/veusmvoyez/status/2044796897769275695","Apr 16","sinyal","","jelek","1","https://x.com/veusmvoyez/status/2044796897769275695/analytics","362","@telkomsel","https://x.com/Telkomsel","mahal doang tcih","","","","","","","",""
"https://x.com/lonicerakke","https://pbs.twimg.com/profile_images/1962839807018868736/rX9RXPxQ_normal.jpg","ho 𝜗𝜚˚⋆","@lonicerakke","·","https://x.com/lonicerakke/status/2051524465046212976","May 5","","sinyal","sorry y knp belakangan ini lemot bgt hilang mulu sinyalnya?? padahal 4G mana kuota mahal semua tapi ga sebanding sama kualitas

hal2 penting jd kehambat gara2","2","https://x.com/lonicerakke/status/2051524465046212976/analytics","410","@Telkomsel","https://x.com/Telkomsel","eh",", nyampe driver gojek curhat ke sy susah cari posisi penumpang karena sempet ilang mulu sinyalnya","","","","","","",""
"https://x.com/IN0HTAF","https://pbs.twimg.com/profile_images/2032727875099701251/HShM6mvl_normal.jpg","losrt","@IN0HTAF","·","https://x.com/IN0HTAF/status/2051592000017993938","May 5","sinyal","","","1","https://x.com/IN0HTAF/status/2051592000017993938/analytics","178","@Telkomsel","https://x.com/Telkomsel","lu masih jelek nomer dipake buat kerjaan kalo keganggu emang ada kompensasi dari lu?","","","","","","","",""
"https://x.com/IN0HTAF","https://pbs.twimg.com/profile_images/2032727875099701251/HShM6mvl_normal.jpg","losrt","@IN0HTAF","·","https://x.com/IN0HTAF/status/2051541478326083888","May 5","sinyal","sinyal","lu butut","2","https://x.com/IN0HTAF/status/2051541478326083888/analytics","229","@Telkomsel","https://x.com/Telkomsel","lu kenapa si ngehe jelek terus padahal lagi di jakarta, jgn mahal doang","","","","","","","",""
"https://x.com/rhsvny","https://pbs.twimg.com/profile_images/2003104140281733121/TUXlqDRn_normal.jpg","raha's","@rhsvny","·","https://x.com/rhsvny/status/2050473186870141031","May 2","","sinyal","nya lag terus, pdhl dah 5G aneh lu gajelas bgt. mahal doang tapi lag kocak","4","https://x.com/rhsvny/status/2050473186870141031/analytics","147","@Telkomsel","https://x.com/Telkomsel","eh telkom kenapa dah","","","","","","","",""
"https://x.com/Telkomsel","https://pbs.twimg.com/profile_images/1405865624232882176/uA2xXUFP_normal.jpg","Telkomsel","@Telkomsel","·","https://x.com/Telkomsel/status/2052025723553268094","May 6","sinyal","Telkomsel","lemah, Kami mohon maaf Kak Ryan","1","https://x.com/Telkomsel/status/2052025723553268094/analytics","270","","","Untuk kendala",". Tolong infokan No. HP & No.","lain berkendala sama via DM, agar Kami bantu & privasi data terjaga. Thanks","","Replying to","https://x.com/RyanChr","@RyanChr","https://abs.twimg.com/emoji/v2/svg/1f614.svg","[object Object]"
"https://x.com/DwinantoAnto","https://pbs.twimg.com/profile_images/1726019573328334848/7Fj8zpTi_normal.jpg","Anto Dwinanto","@DwinantoAnto","·","https://x.com/DwinantoAnto/status/2050350317364294000","May 2","sinyal","","klean sama si kuning yg ditaruh di slot 2. Sering dapetnya cuma 4G.","1","https://x.com/DwinantoAnto/status/2050350317364294000/analytics","59","","","Kalah nih","","","","Replying to","https://x.com/Telkomsel","@Telkomsel","",""
"https://x.com/Telkomsel","https://pbs.twimg.com/profile_images/1405865624232882176/uA2xXUFP_normal.jpg","Telkomsel","@Telkomsel","·","https://x.com/Telkomsel/status/2052180750968275325","May 7","telkomsel","",", mohon maaf atas kendala sinyalnya. Silakan kirim nomor","","https://x.com/Telkomsel/status/2052180750968275325/analytics","19","","","Halo, Kak",", tgl & jam mulai kejadian lengkapnya ke DM, agar Kami bantu cek penyebabnya. -Uwi","","@AxellChE","Replying to","https://x.com/AxellChE","@AxellChE","","[object Object]"
"https://x.com/ambatub4ss","https://abs.twimg.com/sticky/default_profile_images/default_profile_normal.png","ambatubasss","@ambatub4ss","·","https://x.com/ambatub4ss/status/2051143541246886064","May 4","sinyal","","ama peler gwe kencengan peler gqe","1","https://x.com/ambatub4ss/status/2051143541246886064/analytics","16","","","memeeekkk memekkkk, mahal doang","","","","Replying to","https://x.com/Telkomsel","@Telkomsel","",""
"https://x.com/CheekbonesDayum","https://pbs.twimg.com/profile_images/1356752149653282817/Dpqg_VAQ_normal.jpg","nin","@CheekbonesDayum","·","https://x.com/CheekbonesDayum/status/2044266264114409672","Apr 15","Sinyal","","kacau banget deh beberapa hari ini even 5G aja ga bisa muncul radius 1 km dari Head Office dia sendiri","2","https://x.com/CheekbonesDayum/status/2044266264114409672/analytics","481","@Telkomsel","https://x.com/Telkomsel","","","","","","","","https://abs.twimg.com/emoji/v2/svg/1f44e-1f3fb.svg",""
"https://x.com/Telkomsel","https://pbs.twimg.com/profile_images/1405865624232882176/uA2xXUFP_normal.jpg","Telkomsel","@Telkomsel","·","https://x.com/Telkomsel/status/2052638697263440088","12h","sinyal","Telkomsel","dan rekomendasiin penawaran paket yang terjangkau. Silakan infoin ke DM Nomor","","https://x.com/Telkomsel/status/2052638697263440088/analytics","42","","","Mohon maaf Kak. Jangan khawatir, Qiya pasti bantu kendala",", Tanggal Jam kejadian, Lokasi lengkap, dan nomor lain dengan kendala sama jika ada","-Qiya","","Replying to","https://x.com/bodadhimself","@bodadhimself","https://abs.twimg.com/emoji/v2/svg/1f64f.svg","[object Object]"
"https://x.com/bluekyns","https://pbs.twimg.com/profile_images/2041517534957162496/3kKxpog2_normal.jpg","bonny","@bluekyns","·","https://x.com/bluekyns/status/2051552834672574754","May 5","Telkomsel","sinyal","jelek banget, kebelet umroh lo?","2","https://x.com/bluekyns/status/2051552834672574754/analytics","221","","","harga doang mahal tapi","","","","","","","",""
"https://x.com/sredyano","https://pbs.twimg.com/profile_images/2028346446609788928/cquRfuqr_normal.jpg","Yano","@sredyano","·","https://x.com/sredyano/status/2051145843001196646","May 4","","sinyal","busuk amat, udh di maklumin tapi kok begini terus. Muak juga lama lama","2","https://x.com/sredyano/status/2051145843001196646/analytics","93","@Telkomsel","https://x.com/Telkomsel","tolong dong cek area Sawah Baru","","","","","","","",""
"https://x.com/Telkomsel","https://pbs.twimg.com/profile_images/1405865624232882176/uA2xXUFP_normal.jpg","Telkomsel","@Telkomsel","·","https://x.com/Telkomsel/status/2052742254830473381","5h","sinyal","Telkomsel","","","https://x.com/Telkomsel/status/2052742254830473381/analytics","84","","","Mohon maaf atas ketidaknyamanannya, Kak, jika","tiba-tiba hilang","Kalau boleh tau lokasinya dimana nih kak ?","","Replying to","https://x.com/sweetlovns","@sweetlovns","https://abs.twimg.com/emoji/v2/svg/1f64f.svg","[object Object]"
"https://x.com/bonyfebrian","https://pbs.twimg.com/profile_images/1630907221889658883/yL4iZRUi_normal.jpg","B O N Z","@bonyfebrian","·","https://x.com/bonyfebrian/status/2051816894588686755","May 6","Telkomsel","","kalo udah mau sehari-dua hari masa aktif kuota habis, pasti","1","https://x.com/bonyfebrian/status/2051816894588686755/analytics","247","@Telkomsel","https://x.com/Telkomsel","bangke","lemot kayak keong, padahal kuota masih sisa puluhan giga, udah gitu 28 hari doang. Bener2 ga sembuh nih provider monyet satu ini. Mudah2an cepet di kabulin MK perkara masa aktif nya.","","","","","","",""
"https://x.com/dffrnk_","https://pbs.twimg.com/profile_images/1969723440144977920/PxXdAY1L_normal.jpg","Daffa Arinki","@dffrnk_","·","https://x.com/dffrnk_/status/2050414047569572088","May 2","Sinyal","","","1","https://x.com/dffrnk_/status/2050414047569572088/analytics","93","@Telkomsel","https://x.com/Telkomsel","weh 5g ai jaringan siga dileweung","","","","","","","",""
"https://x.com/doddysaptawan","https://pbs.twimg.com/profile_images/2029158760644788228/LVua5lCO_normal.jpg","TAFKAD","@doddysaptawan","·","https://x.com/doddysaptawan/status/2049412550870065534","Apr 29","sinyal","Telkomsel","","4","https://x.com/doddysaptawan/status/2049412550870065534/analytics","189","","","Aku di depan Sarinah Thamrin & Grand Indo,","kayak seret tipis, buat Space jadi naik turun suaranya.

Yawis gpp, 10 hari lagi balik bakul ke","ngebut","","","","","https://abs.twimg.com/emoji/v2/svg/1f913.svg",""
"https://x.com/cvntorture","https://pbs.twimg.com/profile_images/2041211446693134336/pfKMhKyS_normal.jpg","⋆˙kemal 𖥔 ݁ ˖","@cvntorture","·","https://x.com/cvntorture/status/2050577638511857866","May 2","","sinyal","","1","https://x.com/cvntorture/status/2050577638511857866/analytics","349","@Telkomsel","https://x.com/Telkomsel","Muwaksut lhoo rek","gak ada","samsek gimana ini","","","","","https://abs.twimg.com/emoji/v2/svg/1f639.svg",""
"https://x.com/ieattheavocado","https://pbs.twimg.com/profile_images/2045812570624524288/IBSJvhoY_normal.jpg","ʚ","@ieattheavocado","·","https://x.com/ieattheavocado/status/2044568856329642059","Apr 16","sinyal","telkomsel","bener² jelek banget. what a disappointment! what a waste of money","1","https://x.com/ieattheavocado/status/2044568856329642059/analytics","93","","","","","","ɞ","","","","https://abs.twimg.com/emoji/v2/svg/203c.svg",""
"https://x.com/tiarariadne","https://pbs.twimg.com/profile_images/1968196817264447491/0ZrhXyBt_normal.jpg","tiara","@tiarariadne","·","https://x.com/tiarariadne/status/2045357104031256635","Apr 18","sinyal","Telkomsel","","2","https://x.com/tiarariadne/status/2045357104031256635/analytics","88","","","Idih najong banget ini","","","","","","","",""
"https://x.com/anythingey","https://pbs.twimg.com/profile_images/1991585786689658880/bhc1-LPe_normal.jpg","Risa","@anythingey","·","https://x.com/anythingey/status/2050120242349912116","May 1","sinyal","","kalian berdua. Dzolim mah dzolim aja gausah banyak alasan.","2","https://x.com/anythingey/status/2050120242349912116/analytics","86","","","Peningkatan layanan dan kualitas terbaik apaan?  Tetep aja noh lemot dan ilang ilangan","","","","Replying to","https://x.com/indosatim3","@indosatim3","",""
"https://x.com/devilsmete","https://pbs.twimg.com/profile_images/2001600209323986944/quL-tsHN_normal.jpg","Mikki CF22 H-09","@devilsmete","·","https://x.com/devilsmete/status/2052827913024905326","11m","","","","","https://x.com/devilsmete/status/2052827913024905326/analytics","35","","","WKWKWK MAU SILUMAN CUKO KALO BENTUKNYA KAYA SUN WKWKKWKWKWKWKWKWKKWKW MAU U SERUPUT Y TERUS DIMAKAN PAKE NASI","","","","","","","",""
"https://x.com/FiD008","https://pbs.twimg.com/profile_images/1826816157795696640/U_9-TRXq_normal.jpg","Pecel Ndog Asin","@FiD008","·","https://x.com/FiD008/status/2051455747574358335","May 5","Telkomsel","nyal","Bandingin ama negeri Jiran Malaysia… gak ada sama sekali buffering…
Kalah kita","2","https://x.com/FiD008/status/2051455747574358335/analytics","91","","","di tengah kota besar aja bahkan beberapa kali gak ada si","","","","Replying to","https://x.com/toniheru","@toniheru","https://abs.twimg.com/emoji/v2/svg/1f926-200d-2642-fe0f.svg",""
"https://x.com/Rendyalmachzu17","https://pbs.twimg.com/profile_images/1482680397188460549/mxdLSYoP_normal.jpg","Ace D Rendy","@Rendyalmachzu17","·","https://x.com/Rendyalmachzu17/status/2050697044143268148","May 3","Sinyal","","nya hilang..","1","https://x.com/Rendyalmachzu17/status/2050697044143268148/analytics","56","","","Kak cara buka blokir gimana kak.","","","","Replying to","https://x.com/Telkomsel","@Telkomsel","",""
"https://x.com/popkronjayy","https://pbs.twimg.com/profile_images/1847188593535864834/0HuLdno2_normal.jpg","asta","@popkronjayy","·","https://x.com/popkronjayy/status/2046910486776787408","Apr 22","sinyal","sinyal","telkomselnya jelek apa emng akhir2 ini","2","https://x.com/popkronjayy/status/2046910486776787408/analytics","280","","","Di area sini yang","","jelek","","","","","https://abs.twimg.com/emoji/v2/svg/1f914.svg",""
"https://x.com/Telkomsel","https://pbs.twimg.com/profile_images/1405865624232882176/uA2xXUFP_normal.jpg","Telkomsel","@Telkomsel","·","https://x.com/Telkomsel/status/2049307398314377320","Apr 29","sinyal","Telkomsel",". Untuk keluhan","1","https://x.com/Telkomsel/status/2049307398314377320/analytics","318","","","Kami mohon maaf atas kendala yang terjadi, Kak","hilang bisa bantu informasikan nomor",", lokasi, dan nomor lain yang terkendala sama Kak ke DM ya. -Arca","@atiyahsftr","Replying to","https://x.com/atiyahsftr","@atiyahsftr","https://abs.twimg.com/emoji/v2/svg/1f64f.svg","[object Object]"
"https://x.com/AgoengBoediono","https://pbs.twimg.com/profile_images/1457899236394110980/It794vCv_normal.jpg","Agoeng","@AgoengBoediono","·","https://x.com/AgoengBoediono/status/2051481824933884356","May 5","Sinyal","","","1","https://x.com/AgoengBoediono/status/2051481824933884356/analytics","70","","","full tapi jaringan internetnya bisu","","","","Replying to","https://x.com/toniheru","@toniheru","",""
"https://x.com/silkenswans","https://pbs.twimg.com/profile_images/2049833138969612289/ITf2a5yH_normal.jpg","FLORENCE WARDOYO.","@silkenswans","·","https://x.com/silkenswans/status/2052819408930918538","44m","","","","1","https://x.com/silkenswans/status/2052819408930918538/analytics","18","","","⠀ 

Aduh.

Benci. Benci. Benci.

Itulah yang terus berputar di kepalaku sedari kita melangkahkan kaki melewati gerbang. Sejak kita baru mendekat saja, aku sudah merinding hebat. Ini rasanya terlalu janggal, kan, untuk sebuah kebetulan? 

 ⠀","","","","Replying to","https://x.com/1190CULT","@1190CULT","",""
"https://x.com/Telkomsel","https://pbs.twimg.com/profile_images/1405865624232882176/uA2xXUFP_normal.jpg","Telkomsel","@Telkomsel","·","https://x.com/Telkomsel/status/2052174734251684248","May 7","sinyal","Telkomsel","terakhir di tanggal dan jam berapa? Agar dapat kami bantu cek dan penanganan lebih lanjut. Konfirmasikan nomor","1","https://x.com/Telkomsel/status/2052174734251684248/analytics","52","","","Kak. Mohon maaf ya untuk kendala","dan lokasi detail (kec,kel,kota/kab) via DM agar privasi data tetap terjaga.","-Yui","","Replying to","https://x.com/yourjuneunivers","@yourjuneunivers","https://abs.twimg.com/emoji/v2/svg/1f64f-1f3fc.svg","[object Object]"
"https://x.com/jenoc24","https://abs.twimg.com/sticky/default_profile_images/default_profile_normal.png","jenoc","@jenoc24","·","https://x.com/jenoc24/status/2051229946748780736","May 4","","sinyal",". Dari tadi internetnya lemot bangett","2","https://x.com/jenoc24/status/2051229946748780736/analytics","86","@Telkomsel","https://x.com/Telkomsel","napa sihh hari ini susah banget","","","","","","","",""
"https://x.com/rankmudo5","https://pbs.twimg.com/profile_images/1968545883513102336/eNr26GSV_normal.jpg","Cimporong","@rankmudo5","·","https://x.com/rankmudo5/status/2051822866556129320","May 6","Sinyal","Telkomsel","","3","https://x.com/rankmudo5/status/2051822866556129320/analytics","172","","","Ada yg sama ?","dari semalam sangat jelek. Isi pulsa dari m banking gak bisa","","","","","","https://abs.twimg.com/emoji/v2/svg/1f971.svg",""
"https://x.com/nastarrkejuu","https://pbs.twimg.com/profile_images/2024390709416251393/vRKYYlUC_normal.jpg","ffazz","@nastarrkejuu","·","https://x.com/nastarrkejuu/status/2050377189494034802","May 2","","sinyal","jelek pula, cepet cek DM ga","1","https://x.com/nastarrkejuu/status/2050377189494034802/analytics","146","@Telkomsel","https://x.com/Telkomsel","aku udah bayar tagihan tanggal 30, tapi layananku diblokir
Maksudmu gimana? Udah mahal","","","","","","","",""
"https://x.com/Telkomsel","https://pbs.twimg.com/profile_images/1405865624232882176/uA2xXUFP_normal.jpg","Telkomsel","@Telkomsel","·","https://x.com/Telkomsel/status/2048350013257044429","Apr 26","sinyal","Telkomsel","","","https://x.com/Telkomsel/status/2048350013257044429/analytics","58","","","Mohon maaf ya Kak, terkait keluhan","yang kurang optimal, boleh infokan nomor","Kakak ke DM agar bisa kami bantu tindaklanjuti ya Kak","","Replying to","https://x.com/jaenawogyu","@jaenawogyu","https://abs.twimg.com/emoji/v2/svg/1f60a.svg","[object Object]"
"https://x.com/iamHadaJZ","https://pbs.twimg.com/profile_images/2041722784024555522/bsnc49gB_normal.jpg","betmensikalong ","@iamHadaJZ","·","https://x.com/iamHadaJZ/status/2046542910641057884","Apr 21","sinyal","Telkomsel","","1","https://x.com/iamHadaJZ/status/2046542910641057884/analytics","41","","","kenapa malah jd kyk","we","","","","","","https://abs.twimg.com/emoji/v2/svg/1f611.svg",""
"https://x.com/coldcherrryy","https://pbs.twimg.com/profile_images/1620820007436582912/Y60-SvLn_normal.jpg","","@coldcherrryy","·","https://x.com/coldcherrryy/status/2050703070317949176","May 3","Telkomsel","sinyal","nya banyak tp masa buat wa jamkot njirrr
kuotanya juga masi banyak, jd nyesel beli kuota banyak banyak -_-","1","https://x.com/coldcherrryy/status/2050703070317949176/analytics","134","","","bener bener ye,","","","","","","","",""
"https://x.com/Telkomsel","https://pbs.twimg.com/profile_images/1405865624232882176/uA2xXUFP_normal.jpg","Telkomsel","@Telkomsel","·","https://x.com/Telkomsel/status/2051867799078007236","May 6","sinyal","Telkomsel",". Jangan khawatir atas kendala","","https://x.com/Telkomsel/status/2051867799078007236/analytics","89","","","Mohon maaf, Kak","dan harga paket yang Kakak alami. Mohon informasikan nomor",", waktu kejadian, serta lokasi melalui DM agar Arca dapat membantu lebih lanjut. Arca menunggu informasi dari Kakak. Terima kasih -Arca","@glimpsekey","Replying to","https://x.com/glimpsekey","@glimpsekey","","[object Object]"
"https://x.com/JoshuaK24401043","https://abs.twimg.com/sticky/default_profile_images/default_profile_normal.png","Joshua K","@JoshuaK24401043","·","https://x.com/JoshuaK24401043/status/2051601861002895362","May 5","","sinyal","hilang dan tidak bs internet. No hp dan lokasi di dm thx","2","https://x.com/JoshuaK24401043/status/2051601861002895362/analytics","28","@Telkomsel","https://x.com/Telkomsel","","","","","","","","",""
"https://x.com/Irfanshiii_","https://pbs.twimg.com/profile_images/1652886039919489025/2lN_iiAo_normal.jpg","gaijinnn","@Irfanshiii_","·","https://x.com/Irfanshiii_/status/2051675897259024763","May 5","telkomsel","sinyal","udah mulai agak gimana gitu, main game ping merah terus.

harga elit,","1","https://x.com/Irfanshiii_/status/2051675897259024763/analytics","242","","","sekarang","sulit.","","","","","","",""
"https://x.com/Shasol1127","https://pbs.twimg.com/profile_images/2025544373421875200/8-rw9-bj_normal.jpg","Shasha","@Shasol1127","·","https://x.com/Shasol1127/status/2050758578781471038","May 3","Telkomsel","sinyal","lu hrs segacor mungkin paling gacor kenceng ngeeengg buat tiketing hari selasa tolong bgt inimah kerjasamanya ya pleaseeeee let me see my 5SOS!!!!!!!!!!!!!!!!!!!!!!!!!","1","https://x.com/Shasol1127/status/2050758578781471038/analytics","147","GIF","","tolong","","","","","","","",""
"https://x.com/Telkomsel","https://pbs.twimg.com/profile_images/1405865624232882176/uA2xXUFP_normal.jpg","Telkomsel","@Telkomsel","·","https://x.com/Telkomsel/status/2051705924562424009","May 5","sinyal","Telkomsel",". Perihal kendala","","https://x.com/Telkomsel/status/2051705924562424009/analytics","206","","","Mohon maaf atas ketidaknyamanan yang dialami nya, Kak","nya, Kakak bisa infokan nomor","dan lokasi detail nya via DM ya Kak, agar dapat segera kami bantu penanganan lebih lanjut","@tina_eguchi","Replying to","https://x.com/tina_eguchi","@tina_eguchi","https://abs.twimg.com/emoji/v2/svg/1f64f.svg","[object Object]"
"https://x.com/bayufirdaus1997","https://pbs.twimg.com/profile_images/1499012233569116162/l7EFScgF_normal.jpg","BAYU FIRDAUS","@bayufirdaus1997","·","https://x.com/bayufirdaus1997/status/2051191619291172953","May 4","","sinyal","internetnya gk bisa bisa,tidak ada layanan,sudah brp jam ini","1","https://x.com/bayufirdaus1997/status/2051191619291172953/analytics","131","@Telkomsel","https://x.com/Telkomsel","halo kok","","","","","","","",""
"https://x.com/Seonhotha","https://pbs.twimg.com/profile_images/1608321067680174081/TdiJDXBr_normal.jpg","Helita Lee","@Seonhotha","·","https://x.com/Seonhotha/status/2051266009609457952","May 4","","sinyal","","1","https://x.com/Seonhotha/status/2051266009609457952/analytics","58","@Telkomsel","https://x.com/Telkomsel","","sekarang paling busuk. Bayar doang mahal. Pake udah tahunan. Saatnya ganti kayaknya.","","","","","","",""
"https://x.com/Deskuy200","https://pbs.twimg.com/profile_images/2040868553667297280/Gts9fcbg_normal.jpg","fiqq","@Deskuy200","·","https://x.com/Deskuy200/status/2050598750570356889","May 2","","sinyal","lu bapuk bgt","1","https://x.com/Deskuy200/status/2050598750570356889/analytics","104","@Telkomsel","https://x.com/Telkomsel","daily reminder,","","","","","","","",""
"https://x.com/Telkomsel","https://pbs.twimg.com/profile_images/1405865624232882176/uA2xXUFP_normal.jpg","Telkomsel","@Telkomsel","·","https://x.com/Telkomsel/status/2051333360178631127","May 4","sinyal","Telkomsel","lemah, Kami mohon maaf Kak Cica","","https://x.com/Telkomsel/status/2051333360178631127/analytics","87","","","Untuk kendala",". Tolong infokan No. HP, lokasi (Kel., Kec., Kab./Kota), tgl dan waktu kejadian & No.","lain berkendala sama via DM, agar Kami bantu & privasi data terjaga. Thanks","","Replying to","https://x.com/leclercce","@leclercce","https://abs.twimg.com/emoji/v2/svg/1f614.svg","[object Object]"
"https://x.com/JisakLesnu36966","https://pbs.twimg.com/profile_images/1738508635041648640/T05TJMeM_normal.png","Jisak Lesnussa","@JisakLesnu36966","·","https://x.com/JisakLesnu36966/status/2050398759486672968","May 2","Telkomsel","sinyal",".jadi saya tidak bisa. Dapat","","https://x.com/JisakLesnu36966/status/2050398759486672968/analytics","36","","","No hp .081283496074.no saya sudah di blokir oleh","telekomunikasi","","","Replying to","https://x.com/Telkomsel","@Telkomsel","",""
"https://x.com/Shasol1127","https://pbs.twimg.com/profile_images/2025544373421875200/8-rw9-bj_normal.jpg","Shasha","@Shasol1127","·","https://x.com/Shasol1127/status/2050758578781471038","May 3","Telkomsel","sinyal","lu hrs segacor mungkin paling gacor kenceng ngeeengg buat tiketing hari selasa tolong bgt inimah kerjasamanya ya pleaseeeee let me see my 5SOS!!!!!!!!!!!!!!!!!!!!!!!!!","1","https://x.com/Shasol1127/status/2050758578781471038/analytics","147","GIF","","tolong","","","","","","","",""
"https://x.com/Telkomsel","https://pbs.twimg.com/profile_images/1405865624232882176/uA2xXUFP_normal.jpg","Telkomsel","@Telkomsel","·","https://x.com/Telkomsel/status/2051684928694440057","May 5","sinyal","Telkomsel","lemah, Kami mohon maaf Kak Amanda","","https://x.com/Telkomsel/status/2051684928694440057/analytics","110","","","Untuk kendala",". Tolong infokan No. HP, lokasi (Kel., Kec., Kab./Kota), tgl dan waktu kejadian & No.","lain berkendala sama via DM, agar Kami bantu & privasi data terjaga. Thanks","","Replying to","https://x.com/amandaathea","@amandaathea","https://abs.twimg.com/emoji/v2/svg/1f614.svg","[object Object]"
"https://x.com/Telkomsel","https://pbs.twimg.com/profile_images/1405865624232882176/uA2xXUFP_normal.jpg","Telkomsel","@Telkomsel","·","https://x.com/Telkomsel/status/2051263932200079609","May 4","sinyal","Telkomsel","nya berkendala? Mohon maaf ya atas ketidaknyamanan nya","","https://x.com/Telkomsel/status/2051263932200079609/analytics","76","","","Dari kapan nih Kak","Agar dapat Muzam bantu cek dan tindak lanjuti, Kakak bisa infoin nomor","serta lokasi detail nya via DM ya","","Replying to","https://x.com/cloudjoonz","@cloudjoonz","https://abs.twimg.com/emoji/v2/svg/1f64f.svg","[object Object]"
"https://x.com/colais_meeeehlo","https://pbs.twimg.com/profile_images/2052042836988813312/nzvT7PYz_normal.jpg","gogo girlllll","@colais_meeeehlo","·","https://x.com/colais_meeeehlo/status/2050115437061714108","May 1","telkomsel","sinyal","","1","https://x.com/colais_meeeehlo/status/2050115437061714108/analytics","219","","","Anjingggg","e tambah kyk gatellllll","","","","","","",""
"https://x.com/Telkomsel","https://pbs.twimg.com/profile_images/1405865624232882176/uA2xXUFP_normal.jpg","Telkomsel","@Telkomsel","·","https://x.com/Telkomsel/status/2052045629627801632","May 6","sinyal","Telkomsel",", Kami mohon maaf Kak","","https://x.com/Telkomsel/status/2052045629627801632/analytics","111","","","Untuk kendala ga ada",". Tolong infokan No. HP, lokasi (Kel., Kec., Kab./Kota) & No.","lain berkendala sama via DM, agar Kami bantu & privasi data terjaga. Thanks","","Replying to","https://x.com/gaiaarkiv","@gaiaarkiv","https://abs.twimg.com/emoji/v2/svg/1f614.svg","[object Object]"
"https://x.com/Telkomsel","https://pbs.twimg.com/profile_images/1405865624232882176/uA2xXUFP_normal.jpg","Telkomsel","@Telkomsel","·","https://x.com/Telkomsel/status/2052053272484253755","May 6","sinyal","Telkomsel",", Kami mohon maaf Kak Hiraya","1","https://x.com/Telkomsel/status/2052053272484253755/analytics","141","","","Untuk kendala ga ada",". Tolong infokan No. HP, lokasi (Kel., Kec., Kab./Kota), tgl dan waktu kejadian & No.","lain berkendala sama via DM, agar Kami bantu & privasi data terjaga. Thanks","","Replying to","https://x.com/coquellicot","@coquellicot","https://abs.twimg.com/emoji/v2/svg/1f614.svg","[object Object]"
"https://x.com/Shirohiko__","https://pbs.twimg.com/profile_images/1623688391622795264/mNUtmgsu_normal.jpg","Shirohiko","@Shirohiko__","·","https://x.com/Shirohiko__/status/2051574627646972414","May 5","","","","1","https://x.com/Shirohiko__/status/2051574627646972414/analytics","188","@Telkomsel","https://x.com/Telkomsel","mantap signal nya edan. Harga mahal jaringat lemot signal ilang ilangan parah","","","","","","","",""
"https://x.com/lowkiecloud","https://pbs.twimg.com/profile_images/1982302145392087040/BbzKS-Or_normal.jpg","Kkae.","@lowkiecloud","·","https://x.com/lowkiecloud/status/2050577942800167349","May 2","telkomsel","","","1","https://x.com/lowkiecloud/status/2050577942800167349/analytics","130","@Telkomsel","https://x.com/Telkomsel","Ada apa sama","? Akhir akhir ini jelek banget sinyalnya? Sering ilang nggak jelas. 

Kasian ortu yang pake, nyangka nya hp rusak","","","","","","https://abs.twimg.com/emoji/v2/svg/1f926-200d-2642-fe0f.svg",""
"https://x.com/pulupulu034","https://pbs.twimg.com/profile_images/1526453168778883072/SuX32JWS_normal.jpg","pulupulupulu","@pulupulu034","·","https://x.com/pulupulu034/status/2050937489087664625","May 3","","sinyal","internet kenapa jadi lemot? Udah set jam ini","1","https://x.com/pulupulu034/status/2050937489087664625/analytics","131","@Telkomsel","https://x.com/Telkomsel","ni","","","","","","","",""
"https://x.com/Telkomsel","https://pbs.twimg.com/profile_images/1405865624232882176/uA2xXUFP_normal.jpg","Telkomsel","@Telkomsel","·","https://x.com/Telkomsel/status/2052027449182146954","May 6","sinyal","Telkomsel","lemah, Kami mohon maaf Kak Mira","1","https://x.com/Telkomsel/status/2052027449182146954/analytics","85","","","Untuk kendala",". Tolong infokan No. HP, lokasi (Kel., Kec., Kab./Kota) & No.","lain berkendala sama via DM, agar Kami bantu & privasi data terjaga. Thanks","","Replying to","https://x.com/miranthera","@miranthera","https://abs.twimg.com/emoji/v2/svg/1f614.svg","[object Object]"
"https://x.com/VodafoneDestek","https://pbs.twimg.com/profile_images/2020054716911071232/FPi9dJAQ_normal.jpg","Vodafone Destek","@VodafoneDestek","·","https://x.com/VodafoneDestek/status/2052827107181445526","14m","Translated from Turkish","Show original","Send us a private message","","https://x.com/VodafoneDestek/status/2052827107181445526/analytics","3","","","To determine whether the issue is related to the SIM card or the device, could you please test your SIM card in a different device to check on the matter? If the issue persists, could you share your full address and GSM details via DM? ^Yasemin","","","","Replying to","https://x.com/byenginofficial","@byenginofficial","",""
"https://x.com/Telkomsel","https://pbs.twimg.com/profile_images/1405865624232882176/uA2xXUFP_normal.jpg","Telkomsel","@Telkomsel","·","https://x.com/Telkomsel/status/2050963181523415368","May 3","sinyal","Telkomsel","lemah, Kami mohon maaf Kak Diky","","https://x.com/Telkomsel/status/2050963181523415368/analytics","105","","","Untuk kendala",". Tolong infokan No. HP, lokasi (Kel., Kec., Kab./Kota), tgl dan waktu kejadian & No.","lain berkendala sama via DM, agar Kami bantu & privasi data terjaga. Thanks","","Replying to","https://x.com/ehmangelu","@ehmangelu","https://abs.twimg.com/emoji/v2/svg/1f614.svg","[object Object]"
"https://x.com/sudagez","https://pbs.twimg.com/profile_images/936344996571119618/OM0PAUZD_normal.jpg","Güven Sudagez","@sudagez","·","https://x.com/sudagez/status/2052823686986543271","28m","Translated from Turkish","Show original","This is the 4th outage in the last month, and not just one or two hours, but days long, and the customer service call center just listens without providing any information. Turksat is a regret, never get it.","1","https://x.com/sudagez/status/2052823686986543271/analytics","14","","","","","","@turksatkablo","","","","",""
"https://x.com/Telkomsel","https://pbs.twimg.com/profile_images/1405865624232882176/uA2xXUFP_normal.jpg","Telkomsel","@Telkomsel","·","https://x.com/Telkomsel/status/2052454537701851428","May 8","@dulkucinglucu","Maaf atas kendalanya ya Kak","@dulkucinglucu",". Untuk kendala","https://x.com/Telkomsel/status/2052454537701851428/analytics","sinyal",", silakan infokan nomor HP, dan lokasi lengkap (minimal sampai kelurahan) via DM agar dibantu lebih lanjut yaa","https://x.com/dulkucinglucu","- Fadil","","","","Replying to","https://x.com/dulkucinglucu","","","[object Object]"
"https://x.com/CMGI64","https://pbs.twimg.com/profile_images/1454231099043897345/yHSHaKuA_normal.png","moises gonzalez isita","@CMGI64","·","https://x.com/CMGI64/status/2052824788280705190","24m","Translated from Spanish","Show original","","","https://x.com/CMGI64/status/2052824788280705190/analytics","8","","","these Telcel thieves, their shitty home Internet doesn't even have Internet, I'm paying 319 pesos a month for no service, damn mangy dogs, starving thieves, damn Daniel Hajj who's in charge of Telcel and is a total failure","","","@Telcel","","","","",""
"https://x.com/Telkomsel","https://pbs.twimg.com/profile_images/1405865624232882176/uA2xXUFP_normal.jpg","Telkomsel","@Telkomsel","·","https://x.com/Telkomsel/status/2052289125869580462","May 7","","","alami","","https://x.com/Telkomsel/status/2052289125869580462/analytics","147","","","Mohon maaf atas ketidaknyamanan yang Kak","Terkait kendala sering menerima panggilan dari nomor yang tidak dikenal, Tiar sudah mengirimkan pesan melalui DM. Mohon berkenan untuk cek dan melanjutkan interaksinya di sana ya, Kak. -Tiar","","@selendiipity","Replying to","https://x.com/selendiipity","@selendiipity","https://abs.twimg.com/emoji/v2/svg/1f64f.svg","[object Object]"
"https://x.com/ridvan2619","https://pbs.twimg.com/profile_images/2039105375857688577/8dtE_mPC_normal.jpg","Rıdvan Yalçın","@ridvan2619","·","https://x.com/ridvan2619/status/2052825961545056491","19m","","","","1","https://x.com/ridvan2619/status/2052825961545056491/analytics","15","","","Türknet fiber altyapısı geldiyse bence dene. 1000 mbps 700₺ sabit ? Tekrar oku belki eksik veya yanlış okumuş olabilirsin. Taahhüt yapmıyor ve ekonomiye göre artış yapıyorlar.

Ben, Türksat 100 mbps 495₺ (1 yıl) + 595₺ (1 yıl)

Türknet kullandım ve bu süreçte memnun kaldım.","","","","Replying to","https://x.com/adawong_99","@adawong_99","",""
"https://x.com/Telkomsel","https://pbs.twimg.com/profile_images/1405865624232882176/uA2xXUFP_normal.jpg","Telkomsel","@Telkomsel","·","https://x.com/Telkomsel/status/2050929158826631225","May 3","sinyal","Telkomsel","yang dirasakan.","","https://x.com/Telkomsel/status/2050929158826631225/analytics","235","","","Mohon maaf ya, Kak atas kendala","Kami akan bantu cek jaringan di area Kakak supaya sinyal-nya up lagi. Boleh yuk infokan nomor","Kakak, lokasi lengkap dan tipe HP yang dipakai ke DM, biar privasinya terjaga. Terima kasih. -Sira","","Replying to","https://x.com/staexsyk","@staexsyk","https://abs.twimg.com/emoji/v2/svg/1f64f.svg","[object Object]"
"https://x.com/Telkomsel","https://pbs.twimg.com/profile_images/1405865624232882176/uA2xXUFP_normal.jpg","Telkomsel","@Telkomsel","·","https://x.com/Telkomsel/status/2052422073289752765","May 7","sinyal","Telkomsel","","","https://x.com/Telkomsel/status/2052422073289752765/analytics","183","-Feri","","Hai Kak","Mohon maaf ya jika dirasa paketnya kurang cocok","Agar kami bantu cek penawaran menarik lainnya serta kendala","@dlwlrma__Xborg","Replying to","https://x.com/dlwlrma__Xborg","@dlwlrma__Xborg","https://abs.twimg.com/emoji/v2/svg/1f642.svg","[object Object]"
"https://x.com/bakir_tahsin","https://pbs.twimg.com/profile_images/1317808511338819584/tt-jn7AI_normal.jpg","Tahsin BAKIR","@bakir_tahsin","·","https://x.com/bakir_tahsin/status/2052828162636083418","10m","Translated from Turkish","Show original","","1","https://x.com/bakir_tahsin/status/2052828162636083418/analytics","10","","","TURKISH TELEKOM CONTINUES FROM WHERE IT LEFT OFF  
In Tokat Günçalı village, due to a general maintenance outage, when I couldn't get home internet service for a week as of November 23, 2025, I went to Istanbul, and on May 8, 2026, my internet is gone again. In other words,","","","","","","","",""
"https://x.com/babunyapetoy","https://pbs.twimg.com/profile_images/1992561401605627905/CxiVqLEe_normal.jpg","☬","@babunyapetoy","·","https://x.com/babunyapetoy/status/2047947099086758149","Apr 25","sinyal","telkomsel","","1","https://x.com/babunyapetoy/status/2047947099086758149/analytics","107","@Telkomsel","https://x.com/Telkomsel","Sumpah gua benci banget","kaya tai
Lu kenape dah 2 bulanan ini","kek tai?","","","","","",""
"https://x.com/Telkomsel","https://pbs.twimg.com/profile_images/1405865624232882176/uA2xXUFP_normal.jpg","Telkomsel","@Telkomsel","·","https://x.com/Telkomsel/status/2051941379836936286","May 6","sinyal","","Saat ini kondisi","","https://x.com/Telkomsel/status/2051941379836936286/analytics","33","@Telkomsel","https://x.com/Telkomsel","Mohon maaf atas ketidaknyamanan yang dialami, Kak","di daerah Kakak apakah sudah stabiil dan nyaman digunakan? Jika belum Untuk pengecekan lebih lanjut, Kakak dapat mengirimkan DM ke akun","agar dapat kami bantu tindak lanjuti. Silakan","@ElladunA","Replying to","https://x.com/ElladunA","@ElladunA","https://abs.twimg.com/emoji/v2/svg/1f64f.svg","[object Object]"
"https://x.com/Telkomsel","https://pbs.twimg.com/profile_images/1405865624232882176/uA2xXUFP_normal.jpg","Telkomsel","@Telkomsel","·","https://x.com/Telkomsel/status/2051245715264061866","May 4","sinyal","Telkomsel","hilang, Kami mohon maaf Kak Fakhriyah","1","https://x.com/Telkomsel/status/2051245715264061866/analytics","51","","","Untuk kendala",". Tolong infokan No. HP, lokasi (Kel., Kec., Kab./Kota), tgl dan waktu kejadian & No.","lain berkendala sama via DM, agar Kami bantu & privasi data terjaga. Thanks","","Replying to","https://x.com/FakriyaA","@FakriyaA","https://abs.twimg.com/emoji/v2/svg/1f614.svg","[object Object]"
"https://x.com/Telkomsel","https://pbs.twimg.com/profile_images/1405865624232882176/uA2xXUFP_normal.jpg","Telkomsel","@Telkomsel","·","https://x.com/Telkomsel/status/2052454537701851428","May 8","sinyal","",". Untuk kendala","","https://x.com/Telkomsel/status/2052454537701851428/analytics","8","","","Maaf atas kendalanya ya Kak",", silakan infokan nomor HP, dan lokasi lengkap (minimal sampai kelurahan) via DM agar dibantu lebih lanjut yaa","- Fadil","@dulkucinglucu","Replying to","https://x.com/dulkucinglucu","@dulkucinglucu","https://abs.twimg.com/emoji/v2/svg/1f60a.svg","[object Object]"
"https://x.com/Telkomsel","https://pbs.twimg.com/profile_images/1405865624232882176/uA2xXUFP_normal.jpg","Telkomsel","@Telkomsel","·","https://x.com/Telkomsel/status/2051280532261236864","May 4","sinyal","Telkomsel","hilang, Kami mohon maaf Kak","","https://x.com/Telkomsel/status/2051280532261236864/analytics","403","","","Untuk kendala",". Tolong infokan No. HP, lokasi (Kel., Kec., Kab./Kota) & No.","lain berkendala sama via DM, agar Kami bantu & privasi data terjaga. Thanks","","Replying to","https://x.com/StarW81318","@StarW81318","https://abs.twimg.com/emoji/v2/svg/1f614.svg","[object Object]"
"https://x.com/CareIM3","https://pbs.twimg.com/profile_images/2038455698301112320/f7vnFxDb_normal.jpg","IM3 Care","@CareIM3","·","https://x.com/CareIM3/status/2052825652571643918","20m","","","","1","https://x.com/CareIM3/status/2052825652571643918/analytics","7","","","Hai Kak Hikam, maaf banget ya atas pengalamannya. Terkait untuk keluhan jaringan langkah awal silahkan dapat Off On HPnya kemudian dicoba kembali. Apabila masih sama informasikan detailnya melalui DM kami ya Kak. Terima kasih^Lany","","","","Replying to","https://x.com/hikamfajri1","@hikamfajri1","","[object Object]"
"https://x.com/miiacle","https://pbs.twimg.com/profile_images/1608716762396393474/BD6V8hdg_normal.jpg","ミーザ","@miiacle","·","https://x.com/miiacle/status/2050486754743120219","May 2","","sinyal","lancar, lah ini bapuk","1","https://x.com/miiacle/status/2050486754743120219/analytics","134","@Telkomsel","https://x.com/Telkomsel","kenapa paketnya jadi berkurang 10gb? Sebelumnya 60rb 30 gb, kok sekarang jadi 20 gb? Jangan kikir dong mana aktif sampai 28 hari, bukannya 30 hari. Mending","","","","","","","",""
"https://x.com/adhistyamanda","https://pbs.twimg.com/profile_images/1969782435178291200/3EfXNu-D_normal.jpg","Sleeping Beauty","@adhistyamanda","·","https://x.com/adhistyamanda/status/2047134366175019255","Apr 23","sinyal","telkomsel","","2","https://x.com/adhistyamanda/status/2047134366175019255/analytics","115","","","Kayanya udh 2 mingguan","buduk banget deh","Cape bgt mo order ojol aja susah, bayar pk qris lama bgt jadinya nungguin","","","","","https://abs.twimg.com/emoji/v2/svg/1f629.svg",""
"https://x.com/Telkomsel","https://pbs.twimg.com/profile_images/1405865624232882176/uA2xXUFP_normal.jpg","Telkomsel","@Telkomsel","·","https://x.com/Telkomsel/status/2051156490090852483","May 4","sinyal","Telkomsel","terakhir di tanggal dan jam berapa? Agar dapat kami bantu cek dan penanganan lebih lanjut. Konfirmasikan nomor","","https://x.com/Telkomsel/status/2051156490090852483/analytics","58","","","Kak. Mohon maaf ya untuk kendala","via DM agar privasi data tetap terjaga.","-Yui","","Replying to","https://x.com/sredyano","@sredyano","https://abs.twimg.com/emoji/v2/svg/1f64f-1f3fc.svg","[object Object]"
"https://x.com/bakir_tahsin","https://pbs.twimg.com/profile_images/1317808511338819584/tt-jn7AI_normal.jpg","Tahsin BAKIR","@bakir_tahsin","·","https://x.com/bakir_tahsin/status/2052828162636083418","10m","Translated from Turkish","Show original","0:22","1","https://x.com/bakir_tahsin/status/2052828162636083418/analytics","10","","","TURKISH TELEKOM CONTINUES FROM WHERE IT LEFT OFF  
In Tokat Günçalı village, due to a general maintenance outage, when I couldn't get home internet service for a week as of November 23, 2025, I went to Istanbul, and on May 8, 2026, my internet is gone again. In other words,","","","","","","","",""
"https://x.com/vevecasha","https://pbs.twimg.com/profile_images/1971420999536304129/a5WHOuD-_normal.jpg","ve","@vevecasha","·","https://x.com/vevecasha/status/2050903818070790239","May 3","sinyal","telkomsel","","","https://x.com/vevecasha/status/2050903818070790239/analytics","84","","","baru ganti kartu ke by u harganya rada mirip 3 sih agak pricey dkit tp dgn","terbantu","","","","","","",""
"https://x.com/Telkomsel","https://pbs.twimg.com/profile_images/1405865624232882176/uA2xXUFP_normal.jpg","Telkomsel","@Telkomsel","·","https://x.com/Telkomsel/status/2051324676945887447","May 4","sinyal","Telkomsel","lemah, Kami mohon maaf Kak Diky","","https://x.com/Telkomsel/status/2051324676945887447/analytics","52","","","Untuk kendala",". Tolong infokan No. HP, lokasi (Kel., Kec., Kab./Kota), tgl dan waktu kejadian & No.","lain berkendala sama via DM, agar Kami bantu & privasi data terjaga. Thanks","","Replying to","https://x.com/ehmangelu","@ehmangelu","https://abs.twimg.com/emoji/v2/svg/1f614.svg","[object Object]"
"https://x.com/Telkomsel","https://pbs.twimg.com/profile_images/1405865624232882176/uA2xXUFP_normal.jpg","Telkomsel","@Telkomsel","·","https://x.com/Telkomsel/status/2051871426869886977","May 6","sinyal","Telkomsel","dan panggilannya kami bantu cek dan perbaiki. Silakan infokan nomor hp, lokasi (kec,kel,kota) dan Nomor","","https://x.com/Telkomsel/status/2051871426869886977/analytics","127","","","Mohon maaf ya Kak. Keluhan","lain berkendala samanya di DM. Terimakasih","-Wendy","@_mihaeru","Replying to","https://x.com/_mihaeru","@_mihaeru","https://abs.twimg.com/emoji/v2/svg/1f64f.svg","[object Object]"
"https://x.com/Telkomsel","https://pbs.twimg.com/profile_images/1405865624232882176/uA2xXUFP_normal.jpg","Telkomsel","@Telkomsel","·","https://x.com/Telkomsel/status/2051654166737788991","May 5","sinyal","Telkomsel","yang Kakak alami, boleh infokan nomor","","https://x.com/Telkomsel/status/2051654166737788991/analytics","36","","","Mohon maaf ya Kak Axel terkait kendala","dan lokasi berkendalanya ke DM agar kami bantu pengecekan ya","-Kiano","","Replying to","https://x.com/xarendul","@xarendul","https://abs.twimg.com/emoji/v2/svg/1f64f.svg","[object Object]"
"https://x.com/bakir_tahsin","https://pbs.twimg.com/profile_images/1317808511338819584/tt-jn7AI_normal.jpg","Tahsin BAKIR","@bakir_tahsin","·","https://x.com/bakir_tahsin/status/2052828162636083418","10m","Translated from Turkish","Show original","","1","https://x.com/bakir_tahsin/status/2052828162636083418/analytics","10","","","TURKISH TELEKOM CONTINUES FROM WHERE IT LEFT OFF  
In Tokat Günçalı village, due to a general maintenance outage, when I couldn't get home internet service for a week as of November 23, 2025, I went to Istanbul, and on May 8, 2026, my internet is gone again. In other words,","","0:03 / 0:24","","","","","",""
"https://x.com/Telkomsel","https://pbs.twimg.com/profile_images/1405865624232882176/uA2xXUFP_normal.jpg","Telkomsel","@Telkomsel","·","https://x.com/Telkomsel/status/2052783373903663371","3h","","",". Kami memahami ketidaknyamanan yg dialami","","https://x.com/Telkomsel/status/2052783373903663371/analytics","13","","","Mohon maaf Kak","Untuk kendala sinyalnya, silakan infoin nomor hp yg berkendala, tgl kejadian dan lokasi (Kecamatan dan Kota) di DM agar privasi terjaga. Terima kasih","-Bian","@ArielKatun","Replying to","https://x.com/ArielKatun","@ArielKatun","https://abs.twimg.com/emoji/v2/svg/1f64f-1f3fb.svg","[object Object]"
"https://x.com/Telkomsel","https://pbs.twimg.com/profile_images/1405865624232882176/uA2xXUFP_normal.jpg","Telkomsel","@Telkomsel","·","https://x.com/Telkomsel/status/2052705026821509170","8h","Telkomsel","",". Supaya bisa kami bantu, mohon kirimkan nomor HP, serta lokasi kecamatan dan kota/kab. melalui DM. Jika ada nomor","","https://x.com/Telkomsel/status/2052705026821509170/analytics","106","","","Mohon maaf kendala sinyalnya Kak","lain yang mengalami hal yang sama, boleh disertakan juga ya, Kak","-Neva","@babysniperwifey","Replying to","https://x.com/babysniperwifey","@babysniperwifey","https://abs.twimg.com/emoji/v2/svg/1f60a.svg","[object Object]"
"https://x.com/Telkomsel","https://pbs.twimg.com/profile_images/1405865624232882176/uA2xXUFP_normal.jpg","Telkomsel","@Telkomsel","·","https://x.com/Telkomsel/status/2052697903937003896","8h","","","Untuk kendala sinyalnya, silakan infoin nomor hp yg berkendala, nomor lain yg berkendala sama, dan lokasi (Kecamatan dan Kota) di DM agar privasi terjaga. Terima kasih","","https://x.com/Telkomsel/status/2052697903937003896/analytics","7","","","Mohon maaf Kak","-Bian","","@tiiyak","Replying to","https://x.com/tiiyak","@tiiyak","https://abs.twimg.com/emoji/v2/svg/1f64f-1f3fb.svg","[object Object]"
"https://x.com/shiningnjoy","https://pbs.twimg.com/profile_images/1939355924243890176/zhZK77a6_normal.jpg","shining","@shiningnjoy","·","https://x.com/shiningnjoy/status/2049850353571749909","Apr 30","sinyal","Telkomsel","","2","https://x.com/shiningnjoy/status/2049850353571749909/analytics","586","","","Susah banget","di salatiga","","","","","","",""
"https://x.com/aginggie","https://pbs.twimg.com/profile_images/1590679746374815745/T2YOaJlj_normal.jpg","Aginggie Balthazar","@aginggie","·","https://x.com/aginggie/status/2044843230899085728","Apr 17","Sinyal","","tiba-tiba keputus pas war dan sekarang bapuk. Sabaaaaar.","2","https://x.com/aginggie/status/2044843230899085728/analytics","1.6K","@Telkomsel","https://x.com/Telkomsel","","","","","","","","",""
"https://x.com/RevyHA","https://pbs.twimg.com/profile_images/1855471675879653376/DWoTcCcq_normal.jpg","Rep","@RevyHA","·","https://x.com/RevyHA/status/2050459483214844326","May 2","","sinyal","gangguan gatau waktu. Siang² terik begini tiba²","1","https://x.com/RevyHA/status/2050459483214844326/analytics","255","@Telkomsel","https://x.com/Telkomsel","kebiasaan bgt kl","hilang tuh gimana?? Kuota doang mahal, kualitas murahan.","","","","","","",""
"https://x.com/Telkomsel","https://pbs.twimg.com/profile_images/1405865624232882176/uA2xXUFP_normal.jpg","Telkomsel","@Telkomsel","·","https://x.com/Telkomsel/status/2051229400654590194","May 4","sinyal","Telkomsel","hilang, Kami mohon maaf Kak Vino","1","https://x.com/Telkomsel/status/2051229400654590194/analytics","81","","","Untuk kendala",". Tolong infokan No. IndiHome, No. HP, lokasi (Kel., Kec., Kab./Kota) & No.","lain berkendala sama via DM, agar Kami bantu & privasi data terjaga. Thanks","","Replying to","https://x.com/kittenoss","@kittenoss","https://abs.twimg.com/emoji/v2/svg/1f614.svg","[object Object]"
"https://x.com/membebani_","https://pbs.twimg.com/profile_images/1753277266304643072/3KQTk-U4_normal.jpg","Diggie","@membebani_","·","https://x.com/membebani_/status/2050902337062052324","May 3","telkomsel","sinyal","butut bgt","1","https://x.com/membebani_/status/2050902337062052324/analytics","212","","","apaan bgt si ini","lu","","","","","","",""
"https://x.com/PijahHut68214","https://pbs.twimg.com/profile_images/1810166907078955008/BFJyAGaB_normal.jpg","Ann","@PijahHut68214","·","https://x.com/PijahHut68214/status/2051707457492377963","May 5","sinyal","","makin sering jelek, bubar aja","1","https://x.com/PijahHut68214/status/2051707457492377963/analytics","156","@Telkomsel","https://x.com/Telkomsel","harga makin mahal","","","","","","","",""
"https://x.com/Telkomsel","https://pbs.twimg.com/profile_images/1405865624232882176/uA2xXUFP_normal.jpg","Telkomsel","@Telkomsel","·","https://x.com/Telkomsel/status/2052019814202482942","May 6","sinyal","Telkomsel","lemah, Kami mohon maaf Kak Syita","","https://x.com/Telkomsel/status/2052019814202482942/analytics","158","","","Untuk kendala",". Tolong infokan No. HP, lokasi (Kel., Kec., Kab./Kota), tgl dan waktu kejadian & No.","lain berkendala sama via DM, agar Kami bantu & privasi data terjaga. Thanks","","Replying to","https://x.com/syitahardiyanti","@syitahardiyanti","https://abs.twimg.com/emoji/v2/svg/1f614.svg","[object Object]"
"https://x.com/Telkomsel","https://pbs.twimg.com/profile_images/1405865624232882176/uA2xXUFP_normal.jpg","Telkomsel","@Telkomsel","·","https://x.com/Telkomsel/status/2052659397248315598","11h","Telkomsel","","Untuk kendala sinyalnya, silakan DM nomor","","https://x.com/Telkomsel/status/2052659397248315598/analytics","135","","","Selamat siang Kak Sabiyaa, mohon maaf atas ketidaknyamanan yang terjadi",", waktu kejadian, dan lokasi lengkap agar kami bisa bantu lebih lanjut ya. Terima kasih -Tira","","","Replying to","https://x.com/sleepinchiild","@sleepinchiild","https://abs.twimg.com/emoji/v2/svg/1f64f.svg","[object Object]"
"https://x.com/fendyyn","https://pbs.twimg.com/profile_images/2035047309873135617/tp6N655A_normal.jpg","Fee - min cek dm","@fendyyn","·","https://x.com/fendyyn/status/2051851526155739257","May 6","","sinyal",":"")","1","https://x.com/fendyyn/status/2051851526155739257/analytics","54","@Telkomsel","https://x.com/Telkomsel","min ceki dm ku lg soal","","","","","","","",""
"https://x.com/ilovezhack","https://pbs.twimg.com/profile_images/2050263994829811712/5viezZDk_normal.jpg","angel","@ilovezhack","·","https://x.com/ilovezhack/status/2051289406762631284","May 4","Sinyal","","","1","https://x.com/ilovezhack/status/2051289406762631284/analytics","49","","","nya sudah balik. Terimakasih","","","","Replying to","https://x.com/Telkomsel","@Telkomsel","",""
"https://x.com/Telkomsel","https://pbs.twimg.com/profile_images/1405865624232882176/uA2xXUFP_normal.jpg","Telkomsel","@Telkomsel","·","https://x.com/Telkomsel/status/2051231362850738180","May 4","sinyal","Telkomsel","nya, saat ini lokasinya dimana Kak Bayu? Infokan nomor HP, lokasi detail (min. s.d Kelurahan) & nomor","","https://x.com/Telkomsel/status/2051231362850738180/analytics","42","","","Mohon maaf atas kendala","lain yg kendala sama (jika ada) ke DM ya, agar kami bisa bantu cek dan perbaiki","-Nala","","Replying to","https://x.com/bayufirdaus1997","@bayufirdaus1997","https://abs.twimg.com/emoji/v2/svg/1f64f.svg","[object Object]"
"https://x.com/Telkomsel","https://pbs.twimg.com/profile_images/1405865624232882176/uA2xXUFP_normal.jpg","Telkomsel","@Telkomsel","·","https://x.com/Telkomsel/status/2050581606835130804","May 2","Telkomsel","","Boleh infokan nomor","","https://x.com/Telkomsel/status/2050581606835130804/analytics","205","","","Mohon maaf ya, Kak atas kendala yang dialami.","Kakak, lokasi lengkap dan tipe HP yang dipakai ke DM. Nanti kami bantu cek jaringan di area Kakak supaya sinyal-nya up lagi. Terima kasih. -Sira","","","Replying to","https://x.com/adeliarisna","@adeliarisna","https://abs.twimg.com/emoji/v2/svg/1f64f.svg","[object Object]"
"https://x.com/prayogabmth","https://pbs.twimg.com/profile_images/1238034742848581632/binXa01W_normal.jpg","Kumis Tipis","@prayogabmth","·","https://x.com/prayogabmth/status/2051648181948359153","May 5","sinyal","","gak kuat , malu kali ahh sama provider sebelah","1","https://x.com/prayogabmth/status/2051648181948359153/analytics","234","@Telkomsel","https://x.com/Telkomsel","Kuota makin mahal, di pake main game aja","","","","","","","",""
"https://x.com/Alanaaafdhlh","https://pbs.twimg.com/profile_images/1747435630462910464/_4iW88UB_normal.jpg","Ike Rachmawati","@Alanaaafdhlh","·","https://x.com/Alanaaafdhlh/status/2050914810053923313","May 3","sinyal","","saya muncul 5G tapi gabisa dipake apa apa ini","1","https://x.com/Alanaaafdhlh/status/2050914810053923313/analytics","83","","","Lama banget kak responnyaa ini daritadi padahal","","","","Replying to","https://x.com/Telkomsel","@Telkomsel","",""
"https://x.com/Telkomsel","https://pbs.twimg.com/profile_images/1405865624232882176/uA2xXUFP_normal.jpg","Telkomsel","@Telkomsel","·","https://x.com/Telkomsel/status/2051632727053713659","May 5","sinyal","Telkomsel","","","https://x.com/Telkomsel/status/2051632727053713659/analytics","60","","","Maafin ya Kak Mayin, kami akan bantu agar","Kakak optimal kembali, boleh infokan nomor dan lokasi berkendalanya ke DM ya Kak","-Kiano","","Replying to","https://x.com/sainthoIe","@sainthoIe","https://abs.twimg.com/emoji/v2/svg/1f64f.svg","[object Object]"
"https://x.com/Telkomsel","https://pbs.twimg.com/profile_images/1405865624232882176/uA2xXUFP_normal.jpg","Telkomsel","@Telkomsel","·","https://x.com/Telkomsel/status/2050421285684121752","May 2","sinyal","Telkomsel","dan rekomendasiin penawaran paket yang terjangkau. Silakan infoin ke DM Nomor","","https://x.com/Telkomsel/status/2050421285684121752/analytics","68","","","Mohon maaf Kak Alda. Jangan khawatir, Qiya pasti bantu kendala",", Tanggal Jam kejadian, Lokasi lengkap, dan nomor lain dengan kendala sama jika ada","-Qiya","","Replying to","https://x.com/aldapthehorizon","@aldapthehorizon","https://abs.twimg.com/emoji/v2/svg/1f64f.svg","[object Object]"
"https://x.com/mediocry_","https://pbs.twimg.com/profile_images/2035792003972349952/5Xo3dBgw_normal.jpg","bibil","@mediocry_","·","https://x.com/mediocry_/status/2043701451235770390","Apr 13","sinyal","telkomsel","","1","https://x.com/mediocry_/status/2043701451235770390/analytics","159","","","aduh gila bgt","ini dari siang jelek parah","","","","","","",""
"https://x.com/Telkomsel","https://pbs.twimg.com/profile_images/1405865624232882176/uA2xXUFP_normal.jpg","Telkomsel","@Telkomsel","·","https://x.com/Telkomsel/status/2052251610869575763","May 7","Telkomsel","","mohon maaf untuk kendala sinyalnya. Kirimkan nomor","1","https://x.com/Telkomsel/status/2052251610869575763/analytics","29","","","Halo Kak",", tanggal waktu mulai kendala dan lokasi (kec,kel,kota/kab) melalui DM agar kami cek lebih lanjut dan privasi data juga tetap terjaga.","-Yui","@Flywith123","Replying to","https://x.com/Flywith123","@Flywith123","https://abs.twimg.com/emoji/v2/svg/1f64f-1f3fc.svg","[object Object]"
"https://x.com/Telkomsel","https://pbs.twimg.com/profile_images/1405865624232882176/uA2xXUFP_normal.jpg","Telkomsel","@Telkomsel","·","https://x.com/Telkomsel/status/2052368767930536216","May 7","","",". Mohon maaf ya. Untuk kendala tarif paket dan sinyalnya, boleh konfirmasi dan informasikan nomor HP kakak serta lokasi berkendalanya ke DM ya. Terima kasih","","https://x.com/Telkomsel/status/2052368767930536216/analytics","19","","","Hai Kak","-Remi","","@telvkoo_","Replying to","https://x.com/telvkoo_","@telvkoo_","https://abs.twimg.com/emoji/v2/svg/1f64f.svg","[object Object]"
"https://x.com/Telkomsel","https://pbs.twimg.com/profile_images/1405865624232882176/uA2xXUFP_normal.jpg","Telkomsel","@Telkomsel","·","https://x.com/Telkomsel/status/2052260043211599985","May 7","telkomsel","",", mohon maaf atas kendala sinyalnya. Yuk kirim nomor","","https://x.com/Telkomsel/status/2052260043211599985/analytics","55","","","Kak",",lokasi detail kendala, tgl & jam mulai kejadian lengkapnya ke DM, agar Kami bantu cek dan pastikan penyebabnya. -Uwi","","@ayakashei","Replying to","https://x.com/ayakashei","@ayakashei","","[object Object]"
"https://x.com/Telkomsel","https://pbs.twimg.com/profile_images/1405865624232882176/uA2xXUFP_normal.jpg","Telkomsel","@Telkomsel","·","https://x.com/Telkomsel/status/2052009252647313770","May 6","sinyal","","","","https://x.com/Telkomsel/status/2052009252647313770/analytics","45","","","Mohon maaf atas ketidaknyamanannya, Kak","Terkait kendala","yang kurang stabil, boleh diinformasikan lokasi atau daerah tempat Kakak mengalaminya? Agar kami dapat membantu melakukan pengecekan lebih lanjut. Kakak juga dapat mengirimkan nomor HP melalui DM ya.","@villsdaleite","Replying to","https://x.com/villsdaleite","@villsdaleite","https://abs.twimg.com/emoji/v2/svg/1f64f.svg","[object Object]"
"https://x.com/Telkomsel","https://pbs.twimg.com/profile_images/1405865624232882176/uA2xXUFP_normal.jpg","Telkomsel","@Telkomsel","·","https://x.com/Telkomsel/status/2051675404117963105","May 5","","",". Mohon maaf ya. Untuk kendala sinyalnya, mohon coba konfirmasi dan informasikan nomor HP kakak serta lokasi berkendalanya ke DM ya. Terima kasih","","https://x.com/Telkomsel/status/2051675404117963105/analytics","14","","","Hai Kak","-Remi","","@Lygophileee","Replying to","https://x.com/Lygophileee","@Lygophileee","https://abs.twimg.com/emoji/v2/svg/1f64f.svg","[object Object]"
"https://x.com/Telkomsel","https://pbs.twimg.com/profile_images/1405865624232882176/uA2xXUFP_normal.jpg","Telkomsel","@Telkomsel","·","https://x.com/Telkomsel/status/2048375033911980418","Apr 26","sinyal","Telkomsel","","","https://x.com/Telkomsel/status/2048375033911980418/analytics","38","","","Maafin ya Kak Jeanne jika","Kakak kurang maksimal, boleh lanjutkan interaksinya di DM dengan menginfokan nomor","dan lokasi berkendalanya ya Kak","","Replying to","https://x.com/shoyulmon","@shoyulmon","https://abs.twimg.com/emoji/v2/svg/1f64f.svg","[object Object]"
"https://x.com/Telkomsel","https://pbs.twimg.com/profile_images/1405865624232882176/uA2xXUFP_normal.jpg","Telkomsel","@Telkomsel","·","https://x.com/Telkomsel/status/2050549994114167262","May 2","Telkomsel","","Boleh infokan nomor","","https://x.com/Telkomsel/status/2050549994114167262/analytics","135","","","Halo, Kak Revan. Mohon maaf ya atas kendala yang dialami.","Kakak, lokasi lengkap dan tipe HP yang dipakai ke DM. Nanti kami bantu cek jaringan di area Kakak supaya sinyal-nya up lagi. Terima kasih. -Sira","","","Replying to","https://x.com/rvnsptr1010","@rvnsptr1010","https://abs.twimg.com/emoji/v2/svg/1f64f.svg","[object Object]"
"https://x.com/changkynim","https://pbs.twimg.com/profile_images/1591361928298799105/eWj10eon_normal.jpg","rwll♡´･ᴗ･`♡","@changkynim","·","https://x.com/changkynim/status/2051663149263409494","May 5","","sinyal","bajingan, mahal doang sebel tapi","1","https://x.com/changkynim/status/2051663149263409494/analytics","96","@Telkomsel","https://x.com/Telkomsel","sialan ga ada","jelek banget sial","","","","","","",""
"https://x.com/Telkomsel","https://pbs.twimg.com/profile_images/1405865624232882176/uA2xXUFP_normal.jpg","Telkomsel","@Telkomsel","·","https://x.com/Telkomsel/status/2050927488914837718","May 3","sinyal","Telkomsel","ga stabil, Kami mohon maaf Kak Ito","","https://x.com/Telkomsel/status/2050927488914837718/analytics","280","","","Untuk kendala",". Tolong infokan No. HP, tgl dan waktu kejadian & No.","lain berkendala sama via DM, agar Kami bantu & privasi data terjaga. Thanks","","Replying to","https://x.com/it0k","@it0k","https://abs.twimg.com/emoji/v2/svg/1f614.svg","[object Object]"
"https://x.com/uty17__","https://pbs.twimg.com/profile_images/1771362219244355584/WmW1W59R_normal.jpg","uty","@uty17__","·","https://x.com/uty17__/status/2050567934356103302","May 2","","sinyal","apa masih bisa digunakan lagi nomornya?","1","https://x.com/uty17__/status/2050567934356103302/analytics","24","@Telkomsel","https://x.com/Telkomsel","malam mau tanya kalo nomor lama gak digunakan terus gak ada","","","","","","","",""
"https://x.com/bafra55_net","https://pbs.twimg.com/profile_images/1491776661485932546/_jL1SR7p_normal.jpg","bafra55.net","@bafra55_net","·","https://x.com/bafra55_net/status/2052827893370429642","12m","Translated from Turkish","Show original","","","https://x.com/bafra55_net/status/2052827893370429642/analytics","42","","","Mysterious cylindrical object washes up on the shore in Sinop's Türkeli! In Türkeli, a cylindrical object that washed ashore on the beach along the Türkeli - Çatalzeytin highway alarmed the citizens. Police teams were dispatched to the area following the report. An examination","","","","","","","",""
"https://x.com/Telkomsel","https://pbs.twimg.com/profile_images/1405865624232882176/uA2xXUFP_normal.jpg","Telkomsel","@Telkomsel","·","https://x.com/Telkomsel/status/2049306454625333287","Apr 29","sinyal","Telkomsel","","2","https://x.com/Telkomsel/status/2049306454625333287/analytics","105","","","Mohon maaf, Kak",". Untuk membantu perbaikan kendala","lemah, mohon informasikan nomor","@rido00o","Replying to","https://x.com/rido00o","@rido00o","https://abs.twimg.com/emoji/v2/svg/1f61f.svg","[object Object]"
"https://x.com/Jenojennle","https://pbs.twimg.com/profile_images/1721099992604299264/Q1sKjZ_L_normal.png","Din","@Jenojennle","·","https://x.com/Jenojennle/status/2048723463817601416","Apr 27","sinyal","Telkomsel","","1","https://x.com/Jenojennle/status/2048723463817601416/analytics","106","@Telkomsel","https://x.com/Telkomsel","Apaansi","bikin marah aja","","cek pinned","","","","",""
"https://x.com/09_serli","https://pbs.twimg.com/profile_images/2022715850508374017/W1WrWpTt_normal.jpg","ZeeLiA","@09_serli","·","https://x.com/09_serli/status/2050901069602111924","May 3","sinyal","","?","1","https://x.com/09_serli/status/2050901069602111924/analytics","531","","","Kenaph di daerah jawa sd negri sumangung gak ada","","","","","https://x.com/hashtag/Telkomsel?src=hashtag_click","","",""
"https://x.com/Telkomsel","https://pbs.twimg.com/profile_images/1405865624232882176/uA2xXUFP_normal.jpg","Telkomsel","@Telkomsel","·","https://x.com/Telkomsel/status/2051322722479931508","May 4","Telkomsel","sinyal",", pake","","https://x.com/Telkomsel/status/2051322722479931508/analytics","25","","","Kalo Kak","juga ga Kak? Jika ada kendala sama","nya, Kakak bisa infoin nomor","@mikasawty","Replying to","https://x.com/mikasawty","@mikasawty","https://abs.twimg.com/emoji/v2/svg/1f60a.svg","[object Object]"
"https://x.com/Telkomsel","https://pbs.twimg.com/profile_images/1405865624232882176/uA2xXUFP_normal.jpg","Telkomsel","@Telkomsel","·","https://x.com/Telkomsel/status/2051324504429973532","May 4","sinyal","Telkomsel",", Kami mohon maaf Kak Liauw","","https://x.com/Telkomsel/status/2051324504429973532/analytics","74","","","Untuk kendala ga ada",". Tolong infokan No. HP, lokasi (Kel., Kec., Kab./Kota) & No.","lain berkendala sama via DM, agar Kami bantu & privasi data terjaga. Thanks","","Replying to","https://x.com/LiauwTeddy46880","@LiauwTeddy46880","https://abs.twimg.com/emoji/v2/svg/1f614.svg","[object Object]"
"https://x.com/Telkomsel","https://pbs.twimg.com/profile_images/1405865624232882176/uA2xXUFP_normal.jpg","Telkomsel","@Telkomsel","·","https://x.com/Telkomsel/status/2050012018372215151","May 1","sinyal","Telkomsel","","1","https://x.com/Telkomsel/status/2050012018372215151/analytics","73","","","Pagi Kak Diana, mohon maaf jika","nya hilang. Kami bantu cek terlebih dahulu ya, mohon kesediaannya infokan nomor HP nya melalui DM","-Nala","","Replying to","https://x.com/dianaikapuspita","@dianaikapuspita","https://abs.twimg.com/emoji/v2/svg/1f60a.svg","[object Object]"
"https://x.com/bafra55_net","https://pbs.twimg.com/profile_images/1491776661485932546/_jL1SR7p_normal.jpg","bafra55.net","@bafra55_net","·","https://x.com/bafra55_net/status/2052827893370429642","12m","Translated from Turkish","Show original","0:24","","https://x.com/bafra55_net/status/2052827893370429642/analytics","42","","","Mysterious cylindrical object washes up on the shore in Sinop's Türkeli! In Türkeli, a cylindrical object that washed ashore on the beach along the Türkeli - Çatalzeytin highway alarmed the citizens. Police teams were dispatched to the area following the report. An examination","","","","","","","",""
"https://x.com/DSuhandan","https://pbs.twimg.com/profile_images/1484308128577757185/mSU5Z-JQ_normal.jpg","Nur Hid","@DSuhandan","·","https://x.com/DSuhandan/status/2051664795640971775","May 5","sinyal","","nya woooy..... rugi gua beli data mahal tapi ga guna di dm cuman di suruh ngomong sama bot","1","https://x.com/DSuhandan/status/2051664795640971775/analytics","53","","","Benerin","","","","Replying to","https://x.com/Telkomsel","@Telkomsel","",""
"https://x.com/yayayyayayaaa","https://pbs.twimg.com/profile_images/1178552875024150528/pEoSb2GF_normal.jpg","Que Sera Sera","@yayayyayayaaa","·","https://x.com/yayayyayayaaa/status/2046220479015559443","Apr 20","telkomsel","sinyal","","2","https://x.com/yayayyayayaaa/status/2046220479015559443/analytics","138","@Telkomsel","https://x.com/Telkomsel","Gilak jugak nih","bapuk bgttttt.. padahal di Jakarta.. tengah kota… grrrrr!!","","","","","","",""
"https://x.com/kadalgurunghobi","https://pbs.twimg.com/profile_images/2037612512548458496/SXNY5dB1_normal.png","Telor_Gulung","@kadalgurunghobi","·","https://x.com/kadalgurunghobi/status/2050487619373740250","May 2","","sinyal",",","2","https://x.com/kadalgurunghobi/status/2050487619373740250/analytics","163","@telkomsel","https://x.com/Telkomsel","ada apa dg","dua hari ini jelek pake bgt. Tolonglah kualitas sesuaikan sama HARGA","","","","","","",""
"https://x.com/bafra55_net","https://pbs.twimg.com/profile_images/1491776661485932546/_jL1SR7p_normal.jpg","bafra55.net","@bafra55_net","·","https://x.com/bafra55_net/status/2052827893370429642","12m","Translated from Turkish","Show original","0:21","","https://x.com/bafra55_net/status/2052827893370429642/analytics","42","","","Mysterious cylindrical object washes up on the shore in Sinop's Türkeli! In Türkeli, a cylindrical object that washed ashore on the beach along the Türkeli - Çatalzeytin highway alarmed the citizens. Police teams were dispatched to the area following the report. An examination","","","","","","","",""
"https://x.com/Telkomsel","https://pbs.twimg.com/profile_images/1405865624232882176/uA2xXUFP_normal.jpg","Telkomsel","@Telkomsel","·","https://x.com/Telkomsel/status/2052470740029776360","23h","sinyal","",". Untuk kendala","","https://x.com/Telkomsel/status/2052470740029776360/analytics","24","","","Mohon maaf ya Kak",", silakan infokan nomor HP, waktu kejadian dan lokasi lengkap (minimal sampai kelurahan) via DM agar dibantu lebih lanjut yaa","- Fadil","@__telordadaarr","Replying to","https://x.com/__telordadaarr","@__telordadaarr","https://abs.twimg.com/emoji/v2/svg/1f60a.svg","[object Object]"
"https://x.com/Telkomsel","https://pbs.twimg.com/profile_images/1405865624232882176/uA2xXUFP_normal.jpg","Telkomsel","@Telkomsel","·","https://x.com/Telkomsel/status/2052710253524091154","7h","Telkomsel","",". Supaya bisa kami bantu, mohon kirimkan nomor HP, serta lokasi kecamatan dan kota/kab. melalui DM. Jika ada nomor","1","https://x.com/Telkomsel/status/2052710253524091154/analytics","144","","","Mohon maaf kendala sinyalnya Kak","lain yang mengalami hal yang sama, boleh disertakan juga ya, Kak","-Neva","@husnullkr","Replying to","https://x.com/husnullkr","@husnullkr","https://abs.twimg.com/emoji/v2/svg/1f60a.svg","[object Object]"
"https://x.com/triindonesia","https://pbs.twimg.com/profile_images/1651808771918958592/ncSwcOJ-_normal.jpg","3 Indonesia","@triindonesia","·","https://x.com/triindonesia/status/2052825108411015173","23m","","","Coba dulu ya saran untuk restart HP-nya, nyalain mode pesawat bentar, terus matiin lagi, terus coba pindahin SIM ke HP lain buat ngebandingin. Selamat Mencoba","","https://x.com/triindonesia/status/2052825108411015173/analytics","7","","","Maaf Kak Zaki untuk kendala jaringannya","^Uki","","","Replying to","https://x.com/TheGie7","@TheGie7","https://abs.twimg.com/emoji/v2/svg/1f64f.svg","[object Object]"
"https://x.com/Telkomsel","https://pbs.twimg.com/profile_images/1405865624232882176/uA2xXUFP_normal.jpg","Telkomsel","@Telkomsel","·","https://x.com/Telkomsel/status/2052825097371840689","23m","","","-Sira","","https://x.com/Telkomsel/status/2052825097371840689/analytics","9","","","Mohon maaf ya, Kak Mario. Agar panggilan dari nomor yang tidak dikenal terblokir otomatis, Kakak bisa coba aktifkan fitur Block from Unknown Number / From Stranger / Silence Unknown Callers melalui pengaturan ponselnya, ya. Semoga informasi ini membantu.","","","","Replying to","https://x.com/rckymario","@rckymario","https://abs.twimg.com/emoji/v2/svg/1f64f.svg","[object Object]"
"https://x.com/Telkomsel","https://pbs.twimg.com/profile_images/1405865624232882176/uA2xXUFP_normal.jpg","Telkomsel","@Telkomsel","·","https://x.com/Telkomsel/status/2052740883888672807","5h","Telkomsel","",". Supaya bisa kami bantu, mohon kirimkan nomor HP, tanggal dan waktu kejadian, serta lokasi kecamatan dan kota/kab. melalui DM. Jika ada nomor","","https://x.com/Telkomsel/status/2052740883888672807/analytics","169","","","Mohon maaf kendala sinyalnya Kak","lain yang mengalami hal yang sama, boleh disertakan juga ya, Kak","-Neva","@Sharelokdongs","Replying to","https://x.com/Sharelokdongs","@Sharelokdongs","https://abs.twimg.com/emoji/v2/svg/1f60a.svg","[object Object]"
"https://x.com/Telkomsel","https://pbs.twimg.com/profile_images/1405865624232882176/uA2xXUFP_normal.jpg","Telkomsel","@Telkomsel","·","https://x.com/Telkomsel/status/2052363669263339638","May 7","","",". Mohon maaf ya. Untuk kendala sinyalnya, boleh konfirmasi dan informasikan nomor HP kakak yang berkendala ke DM ya. Terima kasih","1","https://x.com/Telkomsel/status/2052363669263339638/analytics","197","","","Hai Kak","-Remi","","@wahyuningliyana","Replying to","https://x.com/wahyuningliyana","@wahyuningliyana","https://abs.twimg.com/emoji/v2/svg/1f64f.svg","[object Object]"
"https://x.com/Telkomsel","https://pbs.twimg.com/profile_images/1405865624232882176/uA2xXUFP_normal.jpg","Telkomsel","@Telkomsel","·","https://x.com/Telkomsel/status/2051973574484017582","May 6","Telkomsel","telkomsel.com","","","https://x.com/Telkomsel/status/2051973574484017582/analytics","53","","","Terima kasih saran dari Kak","Selain itu juga,","juga menyediakan fitur SISCAMLING (Sistem Cegah Scam Keliling) yang memberi perlindungan proaktif dan adaptif berbasis AI dengan fitur peringatan panggilan mencurigakan, pemblokiran SMS, dan pengecekan nomor.","@meilixxa","Replying to","https://x.com/meilixxa","@meilixxa","https://abs.twimg.com/emoji/v2/svg/1f64f.svg","[object Object]"
"https://x.com/Telkomsel","https://pbs.twimg.com/profile_images/1405865624232882176/uA2xXUFP_normal.jpg","Telkomsel","@Telkomsel","·","https://x.com/Telkomsel/status/2051662911345746363","May 5","sinyal","Telkomsel","yang Kakak alami, kami akan bantu penanganan agar Kakak nyaman kembali menggunakan nomor","","https://x.com/Telkomsel/status/2051662911345746363/analytics","110","","","Mohon maaf ya Kak Racha terkait kendala",", boleh infokan nomornya ke DM kami ya Kak","-Kiano","","Replying to","https://x.com/Haunteright","@Haunteright","https://abs.twimg.com/emoji/v2/svg/1f64f.svg","[object Object]"
"https://x.com/bafra55_net","https://pbs.twimg.com/profile_images/1491776661485932546/_jL1SR7p_normal.jpg","bafra55.net","@bafra55_net","·","https://x.com/bafra55_net/status/2052827893370429642","12m","Translated from Turkish","Show original","0:06 / 0:26","","https://x.com/bafra55_net/status/2052827893370429642/analytics","42","","","Mysterious cylindrical object washes up on the shore in Sinop's Türkeli! In Türkeli, a cylindrical object that washed ashore on the beach along the Türkeli - Çatalzeytin highway alarmed the citizens. Police teams were dispatched to the area following the report. An examination","","","","","","","",""
"https://x.com/Telkomsel","https://pbs.twimg.com/profile_images/1405865624232882176/uA2xXUFP_normal.jpg","Telkomsel","@Telkomsel","·","https://x.com/Telkomsel/status/2051670634078573030","May 5","sinyal","Telkomsel","dan mahal Kak","","https://x.com/Telkomsel/status/2051670634078573030/analytics","210","","","Mohon maaf kendala",". Supaya bisa kami bantu, mohon kirimkan nomor HP, tanggal dan waktu kejadian, serta lokasi kecamatan dan kota/kab. melalui DM. Jika ada nomor","lain yang mengalami hal yang sama, boleh disertakan juga ya, Kak","@rikimatcha_","Replying to","https://x.com/rikimatcha_","@rikimatcha_","https://abs.twimg.com/emoji/v2/svg/1f60a.svg","[object Object]"
"https://x.com/Telkomsel","https://pbs.twimg.com/profile_images/1405865624232882176/uA2xXUFP_normal.jpg","Telkomsel","@Telkomsel","·","https://x.com/Telkomsel/status/2051648803888132358","May 5","sinyal","Telkomsel","nomor","","https://x.com/Telkomsel/status/2051648803888132358/analytics","30","","","Mohon maaf Kak Udit, jika","Kakak tidak stabil, mari lanjutkan interaksinya di DM dengan menginfokan nomornya agar kami bantu pengecekan lebih lanjut ya","-Kiano","","Replying to","https://x.com/udit_kh","@udit_kh","https://abs.twimg.com/emoji/v2/svg/1f64f.svg","[object Object]"
"https://x.com/Telkomsel","https://pbs.twimg.com/profile_images/1405865624232882176/uA2xXUFP_normal.jpg","Telkomsel","@Telkomsel","·","https://x.com/Telkomsel/status/2049050779143864791","Apr 28","sinyal","Telkomsel","","","https://x.com/Telkomsel/status/2049050779143864791/analytics","66","","","Hai Kak","Kalau untuk saat ini","","@kaijuunomarch","Replying to","https://x.com/kaijuunomarch","@kaijuunomarch","https://abs.twimg.com/emoji/v2/svg/1f642.svg","[object Object]"
"https://x.com/Telkomsel","https://pbs.twimg.com/profile_images/1405865624232882176/uA2xXUFP_normal.jpg","Telkomsel","@Telkomsel","·","https://x.com/Telkomsel/status/2051306492159275132","May 4","sinyal","sinyal","yang dialami nya. Kakak jangan khawatir ya, Muzam bantu agar","","https://x.com/Telkomsel/status/2051306492159275132/analytics","88","","","Mohon maaf ya Kak atas kendala","nya maksimal lagi, berkenan infokan nomor","dan lokasi detail nya via DM ya Kak","","Replying to","https://x.com/loperamc","@loperamc","https://abs.twimg.com/emoji/v2/svg/1f60a.svg","[object Object]"
"https://x.com/Telkomsel","https://pbs.twimg.com/profile_images/1405865624232882176/uA2xXUFP_normal.jpg","Telkomsel","@Telkomsel","·","https://x.com/Telkomsel/status/2051510342224839101","May 5","sinyal","Telkomsel","","","https://x.com/Telkomsel/status/2051510342224839101/analytics","58","","","Mohon maaf, Kak",". Untuk membantu perbaikan kendala tidak ada",", mohon informasikan nomor","@loffnu","Replying to","https://x.com/loffnu","@loffnu","https://abs.twimg.com/emoji/v2/svg/1f61f.svg","[object Object]"
"https://x.com/Telkomsel","https://pbs.twimg.com/profile_images/1405865624232882176/uA2xXUFP_normal.jpg","Telkomsel","@Telkomsel","·","https://x.com/Telkomsel/status/2051320958837998022","May 4","sinyal","Telkomsel",". Mohon maaf ya atas kendala","1","https://x.com/Telkomsel/status/2051320958837998022/analytics","380","","","Tenang, Kak","yang dialami nya, agar Muzam bisa bantu penanganan lebih lanjut, berkenan infokan nomor","dan lokasi detail nya via DM ya Kak","@mahaaazh","Replying to","https://x.com/mahaaazh","@mahaaazh","https://abs.twimg.com/emoji/v2/svg/1f60a.svg","[object Object]"
"https://x.com/Telkomsel","https://pbs.twimg.com/profile_images/1405865624232882176/uA2xXUFP_normal.jpg","Telkomsel","@Telkomsel","·","https://x.com/Telkomsel/status/2048425363500597494","Apr 26","sinyal","Telkomsel","Kiano bantuin yuk biar Kakak nyaman lagi menggunakan","","https://x.com/Telkomsel/status/2048425363500597494/analytics","45","","","Mohon maaf terkait kendala sinyalnya Kak","",", boleh infokan nomor HP dan lokasi berkendalanya ke DM ya Kak -Kiano","","Replying to","https://x.com/twnyelgt","@twnyelgt","https://abs.twimg.com/emoji/v2/svg/1f64f.svg","[object Object]"
"https://x.com/Telkomsel","https://pbs.twimg.com/profile_images/1405865624232882176/uA2xXUFP_normal.jpg","Telkomsel","@Telkomsel","·","https://x.com/Telkomsel/status/2051575857362374953","May 5","telkomsel","",", mohon maaf atas kendala sinyalnya. Yuk kirim nomor","","https://x.com/Telkomsel/status/2051575857362374953/analytics","41","","","Kak",",lokasi detail kendala, tgl & jam mulai kejadian lengkapnya ke DM, agar Kami bantu cek dan pastikan penyebabnya. -Uwi","","@Shirohiko__","Replying to","https://x.com/Shirohiko__","@Shirohiko__","","[object Object]"
"https://x.com/Telkomsel","https://pbs.twimg.com/profile_images/1405865624232882176/uA2xXUFP_normal.jpg","Telkomsel","@Telkomsel","·","https://x.com/Telkomsel/status/2052092625931641226","May 7","sinyal","Telkomsel",", Kami mohon maaf Kak Jennunie","","https://x.com/Telkomsel/status/2052092625931641226/analytics","97","","","Untuk kendala ga ada",". Tolong infokan No. HP, lokasi (Kel., Kec., Kab./Kota), tgl dan waktu kejadian & No.","lain berkendala sama via DM, agar Kami bantu & privasi data terjaga. Thanks","","Replying to","https://x.com/chaxzyy","@chaxzyy","https://abs.twimg.com/emoji/v2/svg/1f614.svg","[object Object]"
"https://x.com/Telkomsel","https://pbs.twimg.com/profile_images/1405865624232882176/uA2xXUFP_normal.jpg","Telkomsel","@Telkomsel","·","https://x.com/Telkomsel/status/2051805945211265294","May 6","","","-Dalia","1","https://x.com/Telkomsel/status/2051805945211265294/analytics","167","","","Hello, we sincerely apologize for the inconvenience. Regarding the signal issue you are experiencing, could you please provide your number and current location via DM so we can assist with further checking. Thank you","","","","Replying to","https://x.com/Cletaisme","@Cletaisme","https://abs.twimg.com/emoji/v2/svg/1f64f.svg","[object Object]"
"https://x.com/Telkomsel","https://pbs.twimg.com/profile_images/1405865624232882176/uA2xXUFP_normal.jpg","Telkomsel","@Telkomsel","·","https://x.com/Telkomsel/status/2048804571632558448","Apr 27","sinyal","sinyal","yang dialami nya. Kakak jangan khawatir ya, Muzam bantu agar","","https://x.com/Telkomsel/status/2048804571632558448/analytics","155","","","Mohon maaf Kak Bagas atas kendala","nya optimal kembali dan Kakak bisa infoin nomor","serta lokasi detail nya via DM ya Kak","","Replying to","https://x.com/BrienDuaEnam","@BrienDuaEnam","https://abs.twimg.com/emoji/v2/svg/1f64f.svg","[object Object]"
"https://x.com/Telkomsel","https://pbs.twimg.com/profile_images/1405865624232882176/uA2xXUFP_normal.jpg","Telkomsel","@Telkomsel","·","https://x.com/Telkomsel/status/2051263656558780647","May 4","sinyal","Telkomsel","kalo","","https://x.com/Telkomsel/status/2051263656558780647/analytics","69","","","Mohon maaf ya Kak","nya kurang optimal :( Sini Muzam bantu Kak biar sinyalnya mantep lagi, Kakak bisa infoin nomor","dan lokasi detail nya via DM ya Kak","@prettycaprigirl","Replying to","https://x.com/prettycaprigirl","@prettycaprigirl","https://abs.twimg.com/emoji/v2/svg/1f60a.svg","[object Object]"
"https://x.com/Telkomsel","https://pbs.twimg.com/profile_images/1405865624232882176/uA2xXUFP_normal.jpg","Telkomsel","@Telkomsel","·","https://x.com/Telkomsel/status/2052459455300911407","May 8","sinyal","",". Untuk kendala","1","https://x.com/Telkomsel/status/2052459455300911407/analytics","20","","","Mohon maaf ya kak",", kakak bisa infokan  nomor HP, tanggal jam kejadian dan lokasi lengkap (minimal sampai kelurahan) via DM agar kendalanya segera ditangani ya","- Fadil","@Myth_Rd","Replying to","https://x.com/Myth_Rd","@Myth_Rd","https://abs.twimg.com/emoji/v2/svg/1f60a.svg","[object Object]"
"https://x.com/Telkomsel","https://pbs.twimg.com/profile_images/1405865624232882176/uA2xXUFP_normal.jpg","Telkomsel","@Telkomsel","·","https://x.com/Telkomsel/status/2052529763999441007","19h","Telkomsel","telkomsel.com","mohon maaf jika sering dapat Spam Call, sehingga jadi terganggu.","telkomsel.com/vas/siscamling","https://x.com/Telkomsel/status/2052529763999441007/analytics","67","https://","https://t.co/A9EyIFvgbR","Kak","menghadirkan fitur SISCAMLING di MyTelkomsel ya sehingga panggilan yang masuk lebih terjaga. Info terkait SISCAMLING","","@raffyalviansyah","Replying to","https://x.com/raffyalviansyah","@raffyalviansyah","https://abs.twimg.com/emoji/v2/svg/1f64f.svg","[object Object]"
"https://x.com/Telkomsel","https://pbs.twimg.com/profile_images/1405865624232882176/uA2xXUFP_normal.jpg","Telkomsel","@Telkomsel","·","https://x.com/Telkomsel/status/2052654475446501768","11h","","telkomsel.com","Untuk menghindarinya, Kakak bisa mengaktifkan fitur SISCAMLING di MyTelkomsel atau blokir nomor tidak dikenal di pengaturan HP, sehingga hanya nomor penting yang dapat menghubungi Kakak. Info lengkap","1","https://x.com/Telkomsel/status/2052654475446501768/analytics","86","","","Mohon maaf ya Kak jika panggilan dari nomor tak dikenal membuat kurang nyaman","","","","Replying to","https://x.com/jiahellyeah","@jiahellyeah","https://abs.twimg.com/emoji/v2/svg/1f64f.svg","[object Object]"
"https://x.com/RedDevilSN","https://pbs.twimg.com/profile_images/2033366525131026432/yGwPa7wY_normal.jpg","Viatrix.Lumi","@RedDevilSN","·","https://x.com/RedDevilSN/status/2051155831757144320","May 4","sinyal","","g ada g bisa Nerima pesan masih minta kode OTP","1","https://x.com/RedDevilSN/status/2051155831757144320/analytics","301","@Telkomsel","https://x.com/Telkomsel","Nyawit nih bot,","","","","","","","https://abs.twimg.com/emoji/v2/svg/1f602.svg",""
"https://x.com/ilovezhack","https://pbs.twimg.com/profile_images/2050263994829811712/5viezZDk_normal.jpg","angel","@ilovezhack","·","https://x.com/ilovezhack/status/2051237269189923249","May 4","","sinyal","tuh bisa ilang 2 kali kenapasih","2","https://x.com/ilovezhack/status/2051237269189923249/analytics","115","@telkomsel","https://x.com/Telkomsel","dalam 2 minggu,","kyk pls banget, provider dengan data yg harganya ga murah tapi jaringan nya ilang terus tuh gimana ceritanya.","","","","","","https://abs.twimg.com/emoji/v2/svg/1f626.svg",""
"","","Is this post relevant to your search?","Yes","No","","","","","","","","","","","","","","","","","","",""
"https://x.com/Rizky_yudi12","https://pbs.twimg.com/profile_images/1256919507328614404/Xp8pyG4W_normal.jpg","Rizky Yudi Pratama","@Rizky_yudi12","·","https://x.com/Rizky_yudi12/status/2051668003302076791","May 5","","sinyal","full tapi gak bisa diapa”in","1","https://x.com/Rizky_yudi12/status/2051668003302076791/analytics","71","@Telkomsel","https://x.com/Telkomsel","ini jaringan kenapa aneh banget","","","","","","","",""
"https://x.com/jimmygems11","https://abs.twimg.com/sticky/default_profile_images/default_profile_normal.png","jimmygems","@jimmygems11","·","https://x.com/jimmygems11/status/2050228694137143404","May 1","","sinyal","dan","2","https://x.com/jimmygems11/status/2050228694137143404/analytics","189","@Telkomsel","https://x.com/Telkomsel","Dari sekian banyak operator, cuma","yang paling parah","internet nya.","@byu_id","","","","",""
"https://x.com/ahabasgar","https://pbs.twimg.com/profile_images/503447637178064896/xZTdrR00_normal.jpeg","Akhmad Sehabudin","@ahabasgar","·","https://x.com/ahabasgar/status/2045781981473235339","Apr 19","sinyal","","","2","https://x.com/ahabasgar/status/2045781981473235339/analytics","161","@Telkomsel","https://x.com/Telkomsel","lagi di Granada River Size Bantarwangi Kab. Serang,","sama sekali gak ada, untung istri pake","dan anak pake","@smartfrenworld","","","","",""
"https://x.com/ruangberroom","https://pbs.twimg.com/profile_images/1954348148874530816/WVuPIru3_normal.jpg","tralalalili","@ruangberroom","·","https://x.com/ruangberroom/status/2050457415586632133","May 2","sinyal","Telkomsel","di kost,","1","https://x.com/ruangberroom/status/2050457415586632133/analytics","162","","","Yeyyy Smartfren ada","kalahhh

Semoga di rumah","Smartfren lebih bagus jg yaa","","","","","",""
"https://x.com/Telkomsel","https://pbs.twimg.com/profile_images/1405865624232882176/uA2xXUFP_normal.jpg","Telkomsel","@Telkomsel","·","https://x.com/Telkomsel/status/2048407419118927968","Apr 26","sinyal","Telkomsel","","","https://x.com/Telkomsel/status/2048407419118927968/analytics","90","","","Mohon maaf ya Kak kalau","Kakak kurang maksimal, mari lanjutkan interaksinya di DM dengan infokan nomor","Kakak agar kami bantu pengecekan ya","","Replying to","https://x.com/hanji_miamor","@hanji_miamor","https://abs.twimg.com/emoji/v2/svg/1f64f.svg","[object Object]"
"https://x.com/Telkomsel","https://pbs.twimg.com/profile_images/1405865624232882176/uA2xXUFP_normal.jpg","Telkomsel","@Telkomsel","·","https://x.com/Telkomsel/status/2050938956330697055","May 3","sinyal","Telkomsel","yang dirasakan.","1","https://x.com/Telkomsel/status/2050938956330697055/analytics","517","","","Mohon maaf ya, Kak atas kendala","Kami akan bantu cek jaringan di area Kakak supaya sinyal-nya up lagi. Boleh yuk infokan nomor","Kakak, lokasi lengkap dan tipe HP yang dipakai ke DM, biar privasi Kakak terjaga. Terima kasih. -Sira","","Replying to","https://x.com/09_serli","@09_serli","https://abs.twimg.com/emoji/v2/svg/1f64f.svg","[object Object]"
"https://x.com/Telkomsel","https://pbs.twimg.com/profile_images/1405865624232882176/uA2xXUFP_normal.jpg","Telkomsel","@Telkomsel","·","https://x.com/Telkomsel/status/2050504263777034278","May 2","Telkomsel","","Boleh infokan nomor","1","https://x.com/Telkomsel/status/2050504263777034278/analytics","253","","","Mohon maaf ya, Kak atas kendala yang dialami.","Kakak, lokasi lengkap dan tipe HP yang dipakai ke DM. Nanti kami bantu cek jaringan di area Kakak supaya sinyal-nya stabil lagi. Terima kasih. -Sira","","","Replying to","https://x.com/1541e1","@1541e1","https://abs.twimg.com/emoji/v2/svg/1f64f.svg","[object Object]"
"https://x.com/hdupsdiih","https://pbs.twimg.com/profile_images/1991141527775830016/ImUu9Stx_normal.jpg","xizisss","@hdupsdiih","·","https://x.com/hdupsdiih/status/2046572163164172535","Apr 21","sinyal","telkomsel","","1","https://x.com/hdupsdiih/status/2046572163164172535/analytics","264","@Telkomsel","https://x.com/Telkomsel","yang pernah bermasalah gini","nya jbjb aku donk, ini harus ngurus ke grapari ya ges? atau gimane kgk ngerti gw soalny csny","juga gdk ngasi solusi apa² cuma suru restart hp","","","","","",""
"https://x.com/Telkomsel","https://pbs.twimg.com/profile_images/1405865624232882176/uA2xXUFP_normal.jpg","Telkomsel","@Telkomsel","·","https://x.com/Telkomsel/status/2051337445262938581","May 4","sinyal","Telkomsel","lemah, Kami mohon maaf Kak Val","","https://x.com/Telkomsel/status/2051337445262938581/analytics","123","","","Untuk kendala",". Tolong infokan No. HP, lokasi (Kel., Kec., Kab./Kota), tgl dan waktu kejadian & No.","lain berkendala sama via DM, agar Kami bantu & privasi data terjaga. Thanks","","Replying to","https://x.com/valeology","@valeology","https://abs.twimg.com/emoji/v2/svg/1f614.svg","[object Object]"
"https://x.com/loo00fy","https://pbs.twimg.com/profile_images/2051957421460066304/euhp53Rl_normal.jpg","sienna","@loo00fy","·","https://x.com/loo00fy/status/2051568362199908514","May 5","sinyal","telkomsel","bgst","1","https://x.com/loo00fy/status/2051568362199908514/analytics","51","@Telkomsel","https://x.com/Telkomsel","kek kontol, harga kek memek anjing kikir jelek","","","","","","","",""
"https://x.com/cuankiepusdaii","https://pbs.twimg.com/profile_images/2049356394277810176/AEdALyui_normal.jpg","Layung Beureum","@cuankiepusdaii","·","https://x.com/cuankiepusdaii/status/2051656247133536745","May 5","Telkomsel","sinyal","lu jelek banget bangsat. Paket aja mahal","4","https://x.com/cuankiepusdaii/status/2051656247133536745/analytics","397","","","babi, ajig,","jelek asu","","","","","","",""
"https://x.com/RaihanAlthafFi1","https://pbs.twimg.com/profile_images/2019009140908339200/dvye40sw_normal.jpg","Raihan Althaf Firdaus","@RaihanAlthafFi1","·","https://x.com/RaihanAlthafFi1/status/2050440160526102568","May 2","telkomsel","sinyal","mahal tp","1","https://x.com/RaihanAlthafFi1/status/2050440160526102568/analytics","362","","","Jadi curiga","butut dan tiket garuda makin mahal pasti gara2 dikorupsi.","","","Replying to","https://x.com/Heraloebss","@Heraloebss","",""
"https://x.com/Telkomsel","https://pbs.twimg.com/profile_images/1405865624232882176/uA2xXUFP_normal.jpg","Telkomsel","@Telkomsel","·","https://x.com/Telkomsel/status/2051261341495918866","May 4","Telkomsel","",", mohon maaf ya jika sinyalnya kurang optimal","","https://x.com/Telkomsel/status/2051261341495918866/analytics","25","","","Kak","Jika berkenan, infokan untuk nomor","dan detail lokasi nya via DM ya agar Muzam bantu optimalkan sinyal-nya. -Muzam","@turtleety","Replying to","https://x.com/turtleety","@turtleety","https://abs.twimg.com/emoji/v2/svg/1f64f.svg","[object Object]"
"https://x.com/Telkomsel","https://pbs.twimg.com/profile_images/1405865624232882176/uA2xXUFP_normal.jpg","Telkomsel","@Telkomsel","·","https://x.com/Telkomsel/status/2051137070593425565","May 4","Telkomsel","","Mohon maaf ya untuk kendala sinyalnya dimulai dari tanggal dan jam berapa? Agar dapat kami bantu cek dan penanganan lebih lanjut. Konfirmasikan nomor","1","https://x.com/Telkomsel/status/2051137070593425565/analytics","95","","","Kak","dan lokasi detail (kec,kel,kota/kab) via DM agar privasi data tetap terjaga.","-Yui","@Fifilyasa","Replying to","https://x.com/Fifilyasa","@Fifilyasa","https://abs.twimg.com/emoji/v2/svg/1f64f-1f3fc.svg","[object Object]"
"https://x.com/4thei4","https://pbs.twimg.com/profile_images/1799617974363697152/ls9wgkY7_normal.jpg","Thei","@4thei4","·","https://x.com/4thei4/status/2050905088529694945","May 3","Sinyal","","","1","https://x.com/4thei4/status/2050905088529694945/analytics","202","GIF","","Telkomse* semakin jelek. Apalagi ditambah hujan begini.","","","","","","","",""
"https://x.com/Telkomsel","https://pbs.twimg.com/profile_images/1405865624232882176/uA2xXUFP_normal.jpg","Telkomsel","@Telkomsel","·","https://x.com/Telkomsel/status/2052729330455974030","6h","","",". Pasti jadi tidak nyaman ya","1","https://x.com/Telkomsel/status/2052729330455974030/analytics","24","","","Mohon maaf Kak","Untuk kendala sinyalnya, silakan infoin nomor hp yg berkendala, nomor hp yg berkendala sama dan lokasi (Kecamatan dan Kota) di DM agar privasi terjaga. Terima kasih","-Bian","@linconnudulac","Replying to","https://x.com/linconnudulac","@linconnudulac","https://abs.twimg.com/emoji/v2/svg/1f64f-1f3fb.svg","[object Object]"
"https://x.com/Telkomsel","https://pbs.twimg.com/profile_images/1405865624232882176/uA2xXUFP_normal.jpg","Telkomsel","@Telkomsel","·","https://x.com/Telkomsel/status/2052524036295692427","20h","Telkomsel","Telkomsel",", tanggal jam kejadian dan nomor","","https://x.com/Telkomsel/status/2052524036295692427/analytics","43","","","Hai, Kak Imam. Mohon maaf atas ketidaknyamanannya terkait kendala sinyalnya, Kak. Silakan DM nomor","lain yang berkendala sama biar Qiya cek jaringan di sana","-Qiya","","Replying to","https://x.com/Imamgockil","@Imamgockil","https://abs.twimg.com/emoji/v2/svg/1f64f.svg","[object Object]"
"https://x.com/Telkomsel","https://pbs.twimg.com/profile_images/1405865624232882176/uA2xXUFP_normal.jpg","Telkomsel","@Telkomsel","·","https://x.com/Telkomsel/status/2050570782879998250","May 2","sinyal","","yang dirasakan, terutama saat kondisi hujan.","","https://x.com/Telkomsel/status/2050570782879998250/analytics","68","","","Mohon maaf ya, Kak atas kendala","Untuk membantu pengecekan lebih lanjut, boleh diinformasikan lokasi lengkap dan nomor yang berkendala via DM? Nanti akan kami bantu cek kondisi jaringan di areanya. -Sira","","","Replying to","https://x.com/tukangOLIVIA","@tukangOLIVIA","https://abs.twimg.com/emoji/v2/svg/1f64f.svg","[object Object]"
"https://x.com/Telkomsel","https://pbs.twimg.com/profile_images/1405865624232882176/uA2xXUFP_normal.jpg","Telkomsel","@Telkomsel","·","https://x.com/Telkomsel/status/2051692548163616862","May 5","sinyal","","yang Kak","","https://x.com/Telkomsel/status/2051692548163616862/analytics","14","","","Kami mohon maaf kendala","alami. Silakan kirimkan nomor HP, tanggal dan waktu kendala, lokasi kecamatan dan kota/kab, dan nomor lain yang mengalami hal serupa via DM ya","-Neva","@dillawulans","Replying to","https://x.com/dillawulans","@dillawulans","https://abs.twimg.com/emoji/v2/svg/1f60a.svg","[object Object]"
"https://x.com/Fudacreations","https://pbs.twimg.com/profile_images/2035686322472677376/u2u0lBZI_normal.jpg","Mas Fuda | VGen Open Comms","@Fudacreations","·","https://x.com/Fudacreations/status/2050437251868565557","May 2","sinyal","","nya langsung nge drop yak? Mendadak bgt nge drop nya ngga dikasih aba2 ;-;","1","https://x.com/Fudacreations/status/2050437251868565557/analytics","97","","","Halo kak, kok ini jaringan di daerah ku","","","","Replying to","https://x.com/Telkomsel","@Telkomsel","",""
"https://x.com/dinskook_","https://pbs.twimg.com/profile_images/2002930045116125184/9-SS43GO_normal.jpg","din’s","@dinskook_","·","https://x.com/dinskook_/status/2051337448232505654","May 4","Telkomsel","sinyal","nya bagus donggg.","2","https://x.com/dinskook_/status/2051337448232505654/analytics","154","","","menurut gw lu tingkat in lah kualitas jaringan lu itu, jelek bgt bahkan buka x ini pun loading nya lama, emg bapuk.
Recomend kartu sin yg","","","","","","","",""
"https://x.com/4thei4","https://pbs.twimg.com/profile_images/1799617974363697152/ls9wgkY7_normal.jpg","Thei","@4thei4","·","https://x.com/4thei4/status/2050905088529694945","May 3","Sinyal","","","1","https://x.com/4thei4/status/2050905088529694945/analytics","202","GIF","","Telkomse* semakin jelek. Apalagi ditambah hujan begini.","","","","","","","",""
"https://x.com/MilanOutLoud","https://pbs.twimg.com/profile_images/1981569527679799296/LmMlDc5n_normal.jpg","Stop That Gimenez","@MilanOutLoud","·","https://x.com/MilanOutLoud/status/2047971054560399830","Apr 25","Sinyal","telkomsel","","2","https://x.com/MilanOutLoud/status/2047971054560399830/analytics","231","","","Yaoloh.. Mati lampu udah 4 jam..","juga senen kemis.. Cakep bener dah wiken begini..","","","","","","",""
"https://x.com/Telkomsel","https://pbs.twimg.com/profile_images/1405865624232882176/uA2xXUFP_normal.jpg","Telkomsel","@Telkomsel","·","https://x.com/Telkomsel/status/2048329972453130731","Apr 26","sinyal","Telkomsel","","","https://x.com/Telkomsel/status/2048329972453130731/analytics","31","","","Mohon maaf keterlambatan responnya Kak, apakah saat ini","Kakak masih berkendala? Jika iya, boleh infokan nomor","Kakak ke DM kami agar dibantu penanganan lebih lanjut ya","","Replying to","https://x.com/haesub_","@haesub_","https://abs.twimg.com/emoji/v2/svg/1f60a.svg","[object Object]"
"https://x.com/MujionoMuj40350","https://pbs.twimg.com/profile_images/1847654784540823554/MKOAiUP__normal.png","Mujiono Mujiono","@MujionoMuj40350","·","https://x.com/MujionoMuj40350/status/2051114320709480690","May 4","","Telkomsel","yg sudah kadaluarsa dan tidak muncul","1","https://x.com/MujionoMuj40350/status/2051114320709480690/analytics","54","@Telkomsel","https://x.com/Telkomsel","ingin mengaktifkan kembali nomor","nya no :085220712201","","","","","","",""
"https://x.com/Telkomsel","https://pbs.twimg.com/profile_images/1405865624232882176/uA2xXUFP_normal.jpg","Telkomsel","@Telkomsel","·","https://x.com/Telkomsel/status/2050448296603492702","May 2","Telkomsel","Telkomsel",", tanggal jam kejadian, lokasi (Kecamatan, Kota/Kab), dan Nomor","","https://x.com/Telkomsel/status/2050448296603492702/analytics","65","","","Mohon maaf Kak Fuda, sinyalnya jadi bermasalah. Qiya siap bantu. Segera DM, sertakan Nomor","lain yang bermasalah. Qiya akan proses cepat","-Qiya","","Replying to","https://x.com/Fudacreations","@Fudacreations","https://abs.twimg.com/emoji/v2/svg/1f64f.svg","[object Object]"
"https://x.com/Telkomsel","https://pbs.twimg.com/profile_images/1405865624232882176/uA2xXUFP_normal.jpg","Telkomsel","@Telkomsel","·","https://x.com/Telkomsel/status/2050975230391418970","May 3","sinyal","Telkomsel","lemah, Kami mohon maaf Kak Traja","","https://x.com/Telkomsel/status/2050975230391418970/analytics","248","","","Untuk kendala",". Tolong infokan No. HP, lokasi (Kel., Kec., Kab./Kota), tgl dan waktu kejadian & No.","lain berkendala sama via DM, agar Kami bantu & privasi data terjaga. Thanks","","Replying to","https://x.com/Traja_10H","@Traja_10H","https://abs.twimg.com/emoji/v2/svg/1f614.svg","[object Object]"
"https://x.com/TurkcellHizmet","https://pbs.twimg.com/profile_images/1887933673950838784/gX_p1g3n_normal.jpg","TURKCELL Müşteri Hiz","@TurkcellHizmet","·","https://x.com/TurkcellHizmet/status/2052827950806900983","12m","@BTKgovtr","Send us a private message","","","https://x.com/TurkcellHizmet/status/2052827950806900983/analytics","11","","https://x.com/BTKgovtr","Merhaba, hızlıca destek olalım. Bağlantınızda yaşanan durumu inceleyebilmemiz için müşteri numaranızı ve yasal hat sahibinin ad-soyad bilgilerini DM'den paylaşır mısınız?","","","@Serkan74930543","Replying to","https://x.com/Serkan74930543","@Serkan74930543","",""
"https://x.com/Telkomsel","https://pbs.twimg.com/profile_images/1405865624232882176/uA2xXUFP_normal.jpg","Telkomsel","@Telkomsel","·","https://x.com/Telkomsel/status/2051318833634582710","May 4","sinyal","Telkomsel","nya kurang optimal","","https://x.com/Telkomsel/status/2051318833634582710/analytics","29","","","Mohon maaf ya Kak jika","Jika saat iin masih mengalami kendala, berkenan infokan nomor","dan lokasi detail nya via DM agar dapat dibantu penanganan lebih lanjut ya Kak -Muzam","","Replying to","https://x.com/blackpeachcano","@blackpeachcano","https://abs.twimg.com/emoji/v2/svg/1f64f.svg","[object Object]"
"https://x.com/Telkomsel","https://pbs.twimg.com/profile_images/1405865624232882176/uA2xXUFP_normal.jpg","Telkomsel","@Telkomsel","·","https://x.com/Telkomsel/status/2051647125013086299","May 5","sinyal","Telkomsel","","","https://x.com/Telkomsel/status/2051647125013086299/analytics","37","","","Maafin ya Kak jika","Kakak dirasa kurang maksimal, boleh infokan nomor dan lokasinya ke DM kami agar dibantu penanganan lebih lanjut Kak","-Kiano","","Replying to","https://x.com/FiD008","@FiD008","https://abs.twimg.com/emoji/v2/svg/1f64f.svg","[object Object]"
"https://x.com/lssxlf","https://pbs.twimg.com/profile_images/1725810440788119552/9fd5wlAI_normal.jpg","amd","@lssxlf","·","https://x.com/lssxlf/status/2047982802835210311","Apr 25","Translated from Filipino","Show original","","1","https://x.com/lssxlf/status/2047982802835210311/analytics","91","","","Telkomsel's signal is getting worse","","","","","","","",""
"https://x.com/Telkomsel","https://pbs.twimg.com/profile_images/1405865624232882176/uA2xXUFP_normal.jpg","Telkomsel","@Telkomsel","·","https://x.com/Telkomsel/status/2050250252503126427","May 1","sinyal","Telkomsel","-Feri","","https://x.com/Telkomsel/status/2050250252503126427/analytics","154","dan lokasi detail Kakak via DM ya. Terima kasih","","Hai Kak","Mohon maaf jika ada kendala dengan","","@Bukanakunboya","Replying to","https://x.com/Bukanakunboya","@Bukanakunboya","https://abs.twimg.com/emoji/v2/svg/1f642.svg","[object Object]"
"https://x.com/Telkomsel","https://pbs.twimg.com/profile_images/1405865624232882176/uA2xXUFP_normal.jpg","Telkomsel","@Telkomsel","·","https://x.com/Telkomsel/status/2050885560223588355","May 3","sinyal","Telkomsel","atas kendala","","https://x.com/Telkomsel/status/2050885560223588355/analytics","180","","","Mohon maaf ya, Kak","yang dirasakan, terutama saat kondisi hujan.","Untuk membantu pengecekan lebih lanjut, boleh diinformasikan lokasi lengkap dan nomor","@luslolly","Replying to","https://x.com/luslolly","@luslolly","https://abs.twimg.com/emoji/v2/svg/1f64f.svg","[object Object]"
"https://x.com/Telkomsel","https://pbs.twimg.com/profile_images/1405865624232882176/uA2xXUFP_normal.jpg","Telkomsel","@Telkomsel","·","https://x.com/Telkomsel/status/2050450909919060354","May 2","sinyal","sinyal","dan harga paketnya. Qiya infoin untuk penawaran paket yang diberikan setiap nomor memang berbeda-beda. Untuk","","https://x.com/Telkomsel/status/2050450909919060354/analytics","56","","","Mohon maaf Kak buat kendala","Qiya bantu cek, silakan infokan No HP","yang dipakai, Tanggal & waktu kejadian, Detail lokasi saat ini (kecamatan,","","Replying to","https://x.com/coralhymn","@coralhymn","","[object Object]"
"https://x.com/Telkomsel","https://pbs.twimg.com/profile_images/1405865624232882176/uA2xXUFP_normal.jpg","Telkomsel","@Telkomsel","·","https://x.com/Telkomsel/status/2051234915841351831","May 4","sinyal","Telkomsel","lemah, Kami mohon maaf Kak","1","https://x.com/Telkomsel/status/2051234915841351831/analytics","164","","","Untuk kendala",". Tolong infokan No. HP, lokasi (Kel., Kec., Kab./Kota) & No.","lain berkendala sama via DM, agar Kami bantu & privasi data terjaga. Thanks","","Replying to","https://x.com/opikjelek","@opikjelek","https://abs.twimg.com/emoji/v2/svg/1f614.svg","[object Object]"
"https://x.com/alkancamm","https://pbs.twimg.com/profile_images/2034907363699040257/mg-i8YXs_normal.jpg","Alkan ÇAM","@alkancamm","·","https://x.com/alkancamm/status/2052821922392535432","36m","Translated from Turkish","Show original","","","https://x.com/alkancamm/status/2052821922392535432/analytics","29","Quote","","Sercan, drop this stuff...  
Signal signal, how far can it go...  
We won't let you eat bread from this esteemed community..  
Wherever your brother Sergen goes, you follow behind...","","","","1h","","Sercan Dikme: ""Sergen Yalçın should go. Who will come? Established foreign coaches are first looking at other teams.""","",""
"https://x.com/Telkomsel","https://pbs.twimg.com/profile_images/1405865624232882176/uA2xXUFP_normal.jpg","Telkomsel","@Telkomsel","·","https://x.com/Telkomsel/status/2052491605400334352","22h","sinyal","","alami","","https://x.com/Telkomsel/status/2052491605400334352/analytics","14","","","Mohon maaf atas ketidaknyamanan yang Kak","Terkait kendala",", mohon kesediaan Kakak untuk menginformasikan lokasi saat ini serta nomor HP melalui DM agar dapat kami lakukan pengecekan lebih lanjut. Terima kasih","@mrs_jeona","Replying to","https://x.com/mrs_jeona","@mrs_jeona","https://abs.twimg.com/emoji/v2/svg/1f64f.svg","[object Object]"
"https://x.com/Telkomsel","https://pbs.twimg.com/profile_images/1405865624232882176/uA2xXUFP_normal.jpg","Telkomsel","@Telkomsel","·","https://x.com/Telkomsel/status/2052207327084953602","May 7","Telkomsel","","mengenai kendala sinyalnya kami bantu cek dan perbaiki. Silakan infokan nomor hp, tanggal jam kejadian, lokasi (kec,kel,kota) dan Nomor","","https://x.com/Telkomsel/status/2052207327084953602/analytics","178","","","Mohon maaf ya Kak","lain berkendala samanya. Terimakasih","-Wendy","@Christavic","Replying to","https://x.com/Christavic","@Christavic","https://abs.twimg.com/emoji/v2/svg/1f64f.svg","[object Object]"
"https://x.com/Telkomsel","https://pbs.twimg.com/profile_images/1405865624232882176/uA2xXUFP_normal.jpg","Telkomsel","@Telkomsel","·","https://x.com/Telkomsel/status/2051859218458890425","May 6","Telkomsel","","kendala sinyalnya kami bantu perbaiki. Silakan infokan nomor hp, detail jam kejadian dan nomor","","https://x.com/Telkomsel/status/2051859218458890425/analytics","26","","","Mohon maaf ya Kak","lain berkendala samanya di DM. Terimakasih","-Wendy","@Catur_SU","Replying to","https://x.com/Catur_SU","@Catur_SU","https://abs.twimg.com/emoji/v2/svg/1f64f.svg","[object Object]"
"https://x.com/Telkomsel","https://pbs.twimg.com/profile_images/1405865624232882176/uA2xXUFP_normal.jpg","Telkomsel","@Telkomsel","·","https://x.com/Telkomsel/status/2051646583067083211","May 5","","","alami. Silakan aktifkan Mode Pesawat selama 2 menit. Apabila belum ada perubahan, mohon kirimkan nomor HP, tanggal dan waktu kendala, dan nomor lain yang mengalami hal serupa via DM ya","","https://x.com/Telkomsel/status/2051646583067083211/analytics","160","","","Kami mohon maaf jaringan yang Kak","-Neva","","@kimcibokeumbab","Replying to","https://x.com/kimcibokeumbab","@kimcibokeumbab","https://abs.twimg.com/emoji/v2/svg/1f60a.svg","[object Object]"
"https://x.com/Telkomsel","https://pbs.twimg.com/profile_images/1405865624232882176/uA2xXUFP_normal.jpg","Telkomsel","@Telkomsel","·","https://x.com/Telkomsel/status/2051538427796152761","May 5","sinyal","Telkomsel","yang dialaminya Kak. Kami bantu cek dan perbaiki ya Kak, silakan ke DM dan infokan nomor hp, tanggal jam kejadian, lokasi (kec,kel,kota) dan Nomor","1","https://x.com/Telkomsel/status/2051538427796152761/analytics","63","","","Mohon maaf dengan kendala","lain berkendala samanya. Terimakasih","-Wendy","@Apaloliatliat69","Replying to","https://x.com/Apaloliatliat69","@Apaloliatliat69","https://abs.twimg.com/emoji/v2/svg/1f64f.svg","[object Object]"
"https://x.com/Telkomsel","https://pbs.twimg.com/profile_images/1405865624232882176/uA2xXUFP_normal.jpg","Telkomsel","@Telkomsel","·","https://x.com/Telkomsel/status/2050044804822929694","May 1","sinyal","Telkomsel",". Mohon maaf atas kendala","","https://x.com/Telkomsel/status/2050044804822929694/analytics","62","","","Halo Kak","nya, saat ini lokasinya dimana Kak? Infokan nomor HP, lokasi detail (min. s.d Kelurahan) & nomor","lain yg kendala sama (jika ada) ke DM ya, agar kami bisa bantu cek dan perbaiki","@heyyuuhh","Replying to","https://x.com/heyyuuhh","@heyyuuhh","https://abs.twimg.com/emoji/v2/svg/1f64f.svg","[object Object]"
"https://x.com/Telkomsel","https://pbs.twimg.com/profile_images/1405865624232882176/uA2xXUFP_normal.jpg","Telkomsel","@Telkomsel","·","https://x.com/Telkomsel/status/2050983277708865815","May 3","sinyal","","Kami akan bantu cek kondisi","1","https://x.com/Telkomsel/status/2050983277708865815/analytics","313","","","Mohon maaf atas ketidaknyamanan yang dirasakan, Kak.","di areanya dan rekomendasikan paket yang pas buat Kakak. Boleh yuk kirimkan nomor Telkomsel-nya ke DM biar privasi Kakak terjaga. Kami tunggu ya. Terima kasih. -Sira","","","Replying to","https://x.com/ammaryf","@ammaryf","https://abs.twimg.com/emoji/v2/svg/1f64f.svg","[object Object]"
"https://x.com/Telkomsel","https://pbs.twimg.com/profile_images/1405865624232882176/uA2xXUFP_normal.jpg","Telkomsel","@Telkomsel","·","https://x.com/Telkomsel/status/2050474294296412187","May 2","sinyal","sinyal","tidak stabil. Agar Timi bisa tindak lanjut, boleh infoin kapan dan dimana lokasi Kakak saat ini? Sekalian kirimin capture bar","","https://x.com/Telkomsel/status/2050474294296412187/analytics","146","","","Maafin, Kak kalau pengalaman internet Kakak terganggu karena","pada layar ponsel Kakak ya","-Timi","","Replying to","https://x.com/Suhastoro5no","@Suhastoro5no","https://abs.twimg.com/emoji/v2/svg/263a.svg","[object Object]"
"https://x.com/Gee3xbbb","https://pbs.twimg.com/profile_images/1891106839355641856/Jfph27tA_normal.jpg","TxTBear08","@Gee3xbbb","·","https://x.com/Gee3xbbb/status/2052286539879874850","May 7","sinyal","Telkomsel","bapuk lu ya","2","https://x.com/Gee3xbbb/status/2052286539879874850/analytics","60","","","Gw udah enek bgt sama",", gw baru beli pake masih ada sisa 4gb","full tapi jaringan internet lu bapuk parah. Sampe tadi gw mau bayar ojol pake qris ga bisa gegara jaringan bapuk lu. Dzolim bgt dah lu, mahal iya tapi bapuk iya juga-","","Replying to","https://x.com/Telkomsel","@Telkomsel","",""
"https://x.com/kafaxsi_","https://pbs.twimg.com/profile_images/2023368507426279424/xn_lmP7A_normal.jpg","Fi","@kafaxsi_","·","https://x.com/kafaxsi_/status/2051567642134376495","May 5","sinyal","","bapuk","1","https://x.com/kafaxsi_/status/2051567642134376495/analytics","190","@Telkomsel","https://x.com/Telkomsel","Mahal doang","","","","","","","",""
"https://x.com/Telkomsel","https://pbs.twimg.com/profile_images/1405865624232882176/uA2xXUFP_normal.jpg","Telkomsel","@Telkomsel","·","https://x.com/Telkomsel/status/2051680175356772396","May 5","sinyal","Telkomsel",", Kami mohon maaf Kak","1","https://x.com/Telkomsel/status/2051680175356772396/analytics","48","","","Untuk kendala ga ada",". Tolong infokan lokasi (Kel., Kec., Kab./Kota) & No.","lain berkendala sama via DM, agar Kami bantu & privasi data terjaga. Thanks","","Replying to","https://x.com/meyounngg","@meyounngg","https://abs.twimg.com/emoji/v2/svg/1f614.svg","[object Object]"
"https://x.com/Telkomsel","https://pbs.twimg.com/profile_images/1405865624232882176/uA2xXUFP_normal.jpg","Telkomsel","@Telkomsel","·","https://x.com/Telkomsel/status/2051323533951955183","May 4","sinyal","Telkomsel","lemah, Kami mohon maaf Kak Lila","","https://x.com/Telkomsel/status/2051323533951955183/analytics","83","","","Untuk kendala",". Tolong infokan No. HP, lokasi (Kel., Kec., Kab./Kota), tgl dan waktu kejadian & No.","lain berkendala sama via DM, agar Kami bantu & privasi data terjaga. Thanks","","Replying to","https://x.com/helcetus","@helcetus","https://abs.twimg.com/emoji/v2/svg/1f614.svg","[object Object]"
"https://x.com/Telkomsel","https://pbs.twimg.com/profile_images/1405865624232882176/uA2xXUFP_normal.jpg","Telkomsel","@Telkomsel","·","https://x.com/Telkomsel/status/2051229815399924003","May 4","sinyal","Telkomsel","nya, saat ini lokasinya dimana Kak","","https://x.com/Telkomsel/status/2051229815399924003/analytics","35","","","Mohon maaf atas kendala","? Infokan nomor HP, lokasi detail (min. s.d Kelurahan) & nomor","lain yg kendala sama (jika ada) ke DM ya, agar kami bisa bantu cek dan perbaiki","@anom4le","Replying to","https://x.com/anom4le","@anom4le","https://abs.twimg.com/emoji/v2/svg/1f60a.svg","[object Object]"
"https://x.com/Telkomsel","https://pbs.twimg.com/profile_images/1405865624232882176/uA2xXUFP_normal.jpg","Telkomsel","@Telkomsel","·","https://x.com/Telkomsel/status/2050706006469218691","May 3","sinyal","Telkomsel","","","https://x.com/Telkomsel/status/2050706006469218691/analytics","44","","","Halo, Kak. Mohon maaf sebelumnya apakah Kakak juga sedang ada kendala dengan","Kakak? Jika iya, boleh infokan nomor dan lokasi berkendalanya ke DM agar kami bantu penanganan lebih lanjut ya","-Kiano","","Replying to","https://x.com/andifg071","@andifg071","https://abs.twimg.com/emoji/v2/svg/1f64f.svg","[object Object]"
"https://x.com/lil_blue_ghost","https://pbs.twimg.com/profile_images/2031876015312850944/ZnawemwL_normal.jpg","onter","@lil_blue_ghost","·","https://x.com/lil_blue_ghost/status/2044965208461054278","Apr 17","sinyal","telkomsel","ngehe bener","","https://x.com/lil_blue_ghost/status/2044965208461054278/analytics","8","","","","","","","","","","",""
"https://x.com/kittenoss","https://pbs.twimg.com/profile_images/1943883594822561793/fN3mEfxP_normal.jpg","𝘷𝘪𝘯𝘰 ૮ ˙Ⱉ˙ ა","@kittenoss","·","https://x.com/kittenoss/status/2051208449858707800","May 4","","sinyal","","1","https://x.com/kittenoss/status/2051208449858707800/analytics","205","@Telkomsel","https://x.com/Telkomsel","halo kenapa","hilang-hilang terus hari ini? mau nonton atau main game jadi terganggu. Sudah Indihome 3 Minggu gak bisa dipakai sekarang gantian nih","sinyalnya hilang-hilang, ini maksudnya saya gak boleh pake internet kah apa gimana?","Telkomsel","","","","",""
"https://x.com/glaamor","https://pbs.twimg.com/profile_images/1995842892527755264/5gJ0vQS0_normal.jpg","aya","@glaamor","·","https://x.com/glaamor/status/2046603193925427631","Apr 21","telkomsel","sinyal",",","7","https://x.com/glaamor/status/2046603193925427631/analytics","404","","","Yang pake","emang lagi ilang?","","","","","","",""
"https://x.com/Telkomsel","https://pbs.twimg.com/profile_images/1405865624232882176/uA2xXUFP_normal.jpg","Telkomsel","@Telkomsel","·","https://x.com/Telkomsel/status/2050247153671716897","May 1","sinyal","Telkomsel","","","https://x.com/Telkomsel/status/2050247153671716897/analytics","228","","","Hai Kak","Tenang, jika","","@pppinksun","Replying to","https://x.com/pppinksun","@pppinksun","https://abs.twimg.com/emoji/v2/svg/1f642.svg","[object Object]"
"https://x.com/Telkomsel","https://pbs.twimg.com/profile_images/1405865624232882176/uA2xXUFP_normal.jpg","Telkomsel","@Telkomsel","·","https://x.com/Telkomsel/status/2049310460709847055","Apr 29","sinyal","Telkomsel","","1","https://x.com/Telkomsel/status/2049310460709847055/analytics","214","","","Mohon maaf, Kak",". Untuk membantu perbaikan kendala tidak ada",", mohon informasikan nomor","@dyantyyyy","Replying to","https://x.com/dyantyyyy","@dyantyyyy","https://abs.twimg.com/emoji/v2/svg/1f61f.svg","[object Object]"
"https://x.com/Telkomsel","https://pbs.twimg.com/profile_images/1405865624232882176/uA2xXUFP_normal.jpg","Telkomsel","@Telkomsel","·","https://x.com/Telkomsel/status/2051292571750867385","May 4","sinyal","Telkomsel","Muzam bantu agar optimal lagi","","https://x.com/Telkomsel/status/2051292571750867385/analytics","69","","","Mohon maaf ya Kak jika sinyalnya kurang nyaman digunakan","nya ya Kak, berkenan infokan nomor","dan lokasi detail nya via DM ya Kak. -Muzam","","Replying to","https://x.com/rockstarilla","@rockstarilla","https://abs.twimg.com/emoji/v2/svg/1f64f.svg","[object Object]"
"https://x.com/Telkomsel","https://pbs.twimg.com/profile_images/1405865624232882176/uA2xXUFP_normal.jpg","Telkomsel","@Telkomsel","·","https://x.com/Telkomsel/status/2051260949982757015","May 4","sinyal","Telkomsel","atas kendala","","https://x.com/Telkomsel/status/2051260949982757015/analytics","50","","","Mohon maaf Kak","yang dialaminya. Kalo dilokasi lain gimana nih Kak mengalami kendala juga kah? jika berkendala juga, Kakak bisa infokan nomor","dan lokasi detail nya via DM agar dapat kami bantu penanganan lebih lanjut ya Kak","@skyblue6104","Replying to","https://x.com/skyblue6104","@skyblue6104","https://abs.twimg.com/emoji/v2/svg/1f60a.svg","[object Object]"
"https://x.com/Telkomsel","https://pbs.twimg.com/profile_images/1405865624232882176/uA2xXUFP_normal.jpg","Telkomsel","@Telkomsel","·","https://x.com/Telkomsel/status/2049196385300582687","Apr 29","sinyal","Telkomsel","","","https://x.com/Telkomsel/status/2049196385300582687/analytics","90","","","Mohon maaf atas ketidaknyamanannya ya, Kak, jika","tiba-tiba hilang","Kalau boleh tau lokasinya dimana nih kak ?","","Replying to","https://x.com/kiesetsu","@kiesetsu","https://abs.twimg.com/emoji/v2/svg/1f64f.svg","[object Object]"
"https://x.com/Telkomsel","https://pbs.twimg.com/profile_images/1405865624232882176/uA2xXUFP_normal.jpg","Telkomsel","@Telkomsel","·","https://x.com/Telkomsel/status/2051228825263149325","May 4","sinyal","Telkomsel",", Kami mohon maaf Kak","","https://x.com/Telkomsel/status/2051228825263149325/analytics","40","","","Untuk kendala ga ada",". Tolong infokan No. HP, lokasi (Kel., Kec., Kab./Kota), tgl dan waktu kejadian & No.","lain berkendala sama via DM, agar Kami bantu & privasi data terjaga. Thanks","","Replying to","https://x.com/yessirnf","@yessirnf","https://abs.twimg.com/emoji/v2/svg/1f614.svg","[object Object]"
"https://x.com/AvSitti34","https://pbs.twimg.com/profile_images/2045212680798007296/Ln48aEfm_normal.jpg","Av. Zihni Sitti","@AvSitti34","·","https://x.com/AvSitti34/status/2052825549936968190","22m","Translated from Turkish","Show original","","","https://x.com/AvSitti34/status/2052825549936968190/analytics","160","","","5110 Turkcell, telsim 5130 Avea aycell filan.
The device was the same device, just one was 900mhz the other 1800 mhz,","","","","Replying to","https://x.com/kalbursamantr","@kalbursamantr","",""
"https://x.com/Telkomsel","https://pbs.twimg.com/profile_images/1405865624232882176/uA2xXUFP_normal.jpg","Telkomsel","@Telkomsel","·","https://x.com/Telkomsel/status/2049373521751777679","Apr 29","sinyal","Telkomsel","","1","https://x.com/Telkomsel/status/2049373521751777679/analytics","97","","","Mohon maaf atas kendala yang terjadi, Kak",". Untuk membantu perbaikan kendala","tidak stabil, mohon informasikan nomor","@SeptiaNajm33690","Replying to","https://x.com/SeptiaNajm33690","@SeptiaNajm33690","https://abs.twimg.com/emoji/v2/svg/1f61f.svg","[object Object]"
"https://x.com/Telkomsel","https://pbs.twimg.com/profile_images/1405865624232882176/uA2xXUFP_normal.jpg","Telkomsel","@Telkomsel","·","https://x.com/Telkomsel/status/2051304808406196662","May 4","sinyal","Telkomsel","yang dialami nya","","https://x.com/Telkomsel/status/2051304808406196662/analytics","72","","","Mohon maaf ya Kak atas kendala","Jika saat ini masih mengalami kendala, berkenan infokan nomor","dan lokasi detail nya via DM ya Kak -Muzam","","Replying to","https://x.com/tarderduar","@tarderduar","https://abs.twimg.com/emoji/v2/svg/1f64f.svg","[object Object]"
"https://x.com/pelnotfound","https://pbs.twimg.com/profile_images/1635638217335779328/eqcW0N5b_normal.jpg","applebeea_","@pelnotfound","·","https://x.com/pelnotfound/status/2051577889339105548","May 5","sinyal","","udah di cut kak:'/ ada alternatif lain gaa","1","https://x.com/pelnotfound/status/2051577889339105548/analytics","65","","","udah coba melalui *888*89# tp gabisa krn","","","","Replying to","https://x.com/Telkomsel","@Telkomsel","",""
"https://x.com/Telkomsel","https://pbs.twimg.com/profile_images/1405865624232882176/uA2xXUFP_normal.jpg","Telkomsel","@Telkomsel","·","https://x.com/Telkomsel/status/2050755107739119713","May 3","Telkomsel","","lain berkendala samanya. Terimakasih","","https://x.com/Telkomsel/status/2050755107739119713/analytics","72","","","Mohon maaf ya Kak Fri untuk keterlambatan responnya. Mengenai kendala sinyalnya kami bantu di DM untuk dibantu perbaiki. Silakan ke DM dengan infokan nomor hp, tanggal jam kejadian, lokasi (kec,kel,kota) dan Nomor","-Wendy","","","Replying to","https://x.com/Frryy13_","@Frryy13_","https://abs.twimg.com/emoji/v2/svg/1f64f.svg","[object Object]"
"https://x.com/Telkomsel","https://pbs.twimg.com/profile_images/1405865624232882176/uA2xXUFP_normal.jpg","Telkomsel","@Telkomsel","·","https://x.com/Telkomsel/status/2051663276338233783","May 5","sinyal","Telkomsel","","1","https://x.com/Telkomsel/status/2051663276338233783/analytics","34","","","Maafin ya Kak apabila","Kakak berkendala, boleh infokan nomor dan lokasinya ke DM agar kami bantu pengecekan lebih lanjut ya","-Kiano","","Replying to","https://x.com/xbaytlyu","@xbaytlyu","https://abs.twimg.com/emoji/v2/svg/1f64f.svg","[object Object]"
"https://x.com/Telkomsel","https://pbs.twimg.com/profile_images/1405865624232882176/uA2xXUFP_normal.jpg","Telkomsel","@Telkomsel","·","https://x.com/Telkomsel/status/2050134141686186026","May 1","sinyal","Telkomsel","yang dialami","","https://x.com/Telkomsel/status/2050134141686186026/analytics","85","","","Hai Kak, mohon maaf atas kendala","Agar bisa kami bantu cek lebih lanjut, silakan kirim nomor","dan lokasi detail Kakak melalui DM ya","","Replying to","https://x.com/salll_26","@salll_26","https://abs.twimg.com/emoji/v2/svg/1f64f.svg","[object Object]"
"https://x.com/HumorJonTampan","https://pbs.twimg.com/profile_images/2044378674565382144/TZ1rX-FU_normal.jpg","HUMOR JON TAMPAN","@HumorJonTampan","·","https://x.com/HumorJonTampan/status/2050902549751079350","May 3","Sinyal","Telkomsel",", XL atau Indosat?","1","https://x.com/HumorJonTampan/status/2050902549751079350/analytics","169","","","bencana itu layanan dari operator","","","","Replying to","https://x.com/RatihPu00462534","@RatihPu00462534","",""
"https://x.com/Telkomsel","https://pbs.twimg.com/profile_images/1405865624232882176/uA2xXUFP_normal.jpg","Telkomsel","@Telkomsel","·","https://x.com/Telkomsel/status/2050909250076262759","May 3","sinyal","Telkomsel","yang dirasakan.","2","https://x.com/Telkomsel/status/2050909250076262759/analytics","562","","","Mohon maaf ya, Kak atas kendala","Boleh infokan nomor","Kakak, lokasi lengkap dan tipe HP yang dipakai ke DM. Nanti kami bantu cek jaringan di area Kakak supaya sinyal-nya up lagi. Terima kasih. -Sira","","Replying to","https://x.com/vanyanandita","@vanyanandita","https://abs.twimg.com/emoji/v2/svg/1f64f.svg","[object Object]"
"https://x.com/Telkomsel","https://pbs.twimg.com/profile_images/1405865624232882176/uA2xXUFP_normal.jpg","Telkomsel","@Telkomsel","·","https://x.com/Telkomsel/status/2050425753465233850","May 2","sinyal","Telkomsel","dan rekomendasiin penawaran paket yang terjangkau. Silakan infoin ke DM Nomor","","https://x.com/Telkomsel/status/2050425753465233850/analytics","45","","","Hai, Kak. Mohon maaf ya. Jangan khawatir, Qiya pasti bantu kendala",", Tanggal Jam kejadian, Lokasi lengkap, dan nomor lain dengan kendala sama jika ada","-Qiya","","Replying to","https://x.com/Vari_0us","@Vari_0us","https://abs.twimg.com/emoji/v2/svg/1f64f.svg","[object Object]"
"https://x.com/Telkomsel","https://pbs.twimg.com/profile_images/1405865624232882176/uA2xXUFP_normal.jpg","Telkomsel","@Telkomsel","·","https://x.com/Telkomsel/status/2048836006422761936","Apr 28","sinyal","sinyal","dilokasi Kakak kurang bersahabat","","https://x.com/Telkomsel/status/2048836006422761936/analytics","183","","","Mohon maaf Kak Ailen jika","Kakak jangan khawatir ya, Muzam bantu agar","nya optimal lagi. Berkenan infokan nomor","","Replying to","https://x.com/whosailen97","@whosailen97","https://abs.twimg.com/emoji/v2/svg/1f64f.svg","[object Object]"
"https://x.com/chipoetoe","https://pbs.twimg.com/profile_images/1179735491035271171/QJ4Idtag_normal.jpg","kapunduang","@chipoetoe","·","https://x.com/chipoetoe/status/2050179483161047372","May 1","","sinyal","kalian anjing","1","https://x.com/chipoetoe/status/2050179483161047372/analytics","44","","","montol yg benar","","","","","https://x.com/hashtag/telkomsel?src=hashtag_click","","",""
"https://x.com/Telkomsel","https://pbs.twimg.com/profile_images/1405865624232882176/uA2xXUFP_normal.jpg","Telkomsel","@Telkomsel","·","https://x.com/Telkomsel/status/2050571436046389747","May 2","sinyal","Telkomsel","yang dirasakan, terutama saat kondisi hujan.","","https://x.com/Telkomsel/status/2050571436046389747/analytics","278","","","Mohon maaf ya, Kak atas kendala","Untuk membantu pengecekan lebih lanjut, boleh diinformasikan lokasi lengkap dan nomor","Kakak via DM? Nanti akan kami bantu cek kondisi jaringan di areanya. -Sira","","Replying to","https://x.com/florynholic","@florynholic","https://abs.twimg.com/emoji/v2/svg/1f64f.svg","[object Object]"
"https://x.com/TTDestek","https://pbs.twimg.com/profile_images/2020728471690027008/O7ZQYql7_normal.jpg","Türk Telekom Destek","@TTDestek","·","https://x.com/TTDestek/status/2052829663064432815","6m","Translated from Turkish","Show original","","2","https://x.com/TTDestek/status/2052829663064432815/analytics","10","","","Hello Mr. Can, we have informed our team for a detailed review of the situation you shared. You will be contacted. ^Eymen","","","","Replying to","https://x.com/canyuceldev","@canyuceldev","","[object Object]"
"https://x.com/AliReadone","https://pbs.twimg.com/profile_images/1018079929685049344/8-2eWUtv_normal.jpg","Readone Ali","@AliReadone","·","https://x.com/AliReadone/status/2050561321180201468","May 2","sinyal","","sering lemot pa lgi klo hujan","1","https://x.com/AliReadone/status/2050561321180201468/analytics","96","","","Kecamatan rakumpit,palangkaraya kalteng","","","","Replying to","https://x.com/Telkomsel","@Telkomsel","",""
"https://x.com/omercagirici","https://pbs.twimg.com/profile_images/1729856550624235521/KXPKLevY_normal.jpg","Ömer Çağırıcı","@omercagirici","·","https://x.com/omercagirici/status/2052821436335604037","38m","Translated from Turkish","Show original","","3","https://x.com/omercagirici/status/2052821436335604037/analytics","219","","","We attended the wedding ceremony of Berat and Zeynep Melike, the precious daughter of our esteemed fellow townsman and elder brother, Türk Telekom CEO Mr. Ebubekir Şahin, and shared in their joy.
May the Lord make them happy and fortunate..","","","@ebekirsahin","","","","",""
"https://x.com/Telkomsel","https://pbs.twimg.com/profile_images/1405865624232882176/uA2xXUFP_normal.jpg","Telkomsel","@Telkomsel","·","https://x.com/Telkomsel/status/2050132897487901135","May 1","sinyal","Telkomsel","Mohon maaf atas ketidaknyamanannya terkait kendala","1","https://x.com/Telkomsel/status/2050132897487901135/analytics","187","","","Selamat sore Kak","yang dialami. Silakan informasikan nomor","dan lokasi detail Kakak via DM agar dapat kami bantu pengecekan lebih lanjut ya","","Replying to","https://x.com/colais_meeeehlo","@colais_meeeehlo","https://abs.twimg.com/emoji/v2/svg/1f642.svg","[object Object]"
"https://x.com/Telkomsel","https://pbs.twimg.com/profile_images/1405865624232882176/uA2xXUFP_normal.jpg","Telkomsel","@Telkomsel","·","https://x.com/Telkomsel/status/2050621755648332096","May 3","Telkomsel","","Boleh infokan nomor","","https://x.com/Telkomsel/status/2050621755648332096/analytics","167","","","Mohon maaf ya, Kak atas kendala yang dialami.","Kakak, lokasi lengkap dan tipe HP yang dipakai ke DM. Nanti kami bantu cek jaringan di area Kakak supaya sinyal-nya up lagi. Terima kasih. -Sira","","","Replying to","https://x.com/kaleaamna","@kaleaamna","https://abs.twimg.com/emoji/v2/svg/1f64f.svg","[object Object]"
"https://x.com/Telkomsel","https://pbs.twimg.com/profile_images/1405865624232882176/uA2xXUFP_normal.jpg","Telkomsel","@Telkomsel","·","https://x.com/Telkomsel/status/2050967846797357537","May 3","sinyal","","Coba sini kita bantu cek","","https://x.com/Telkomsel/status/2050967846797357537/analytics","63","","","Mohon maaf ya, Kak.","di areanya dan penawaran paket yang pas buat Kakak. Boleh yuk kirimkan nomor Telkomsel-nya ke DM biar privasi Kakak terjaga. Terima kasih. -Sira","","","Replying to","https://x.com/sparksflyxxxxx","@sparksflyxxxxx","https://abs.twimg.com/emoji/v2/svg/1f64f.svg","[object Object]"
"https://x.com/Telkomsel","https://pbs.twimg.com/profile_images/1405865624232882176/uA2xXUFP_normal.jpg","Telkomsel","@Telkomsel","·","https://x.com/Telkomsel/status/2050142770250367115","May 1","sinyal","Telkomsel","Mohon maaf atas ketidaknyamanannya terkait","","https://x.com/Telkomsel/status/2050142770250367115/analytics","119","","","Hai Kak","yang dialami. Boleh dibantu informasikan nomor","dan lokasi lengkap Kakak via DM agar segera kami bantu cek ya","","Replying to","https://x.com/tukangREI","@tukangREI","https://abs.twimg.com/emoji/v2/svg/1f642.svg","[object Object]"
"https://x.com/059ne_","https://pbs.twimg.com/profile_images/2052022233137381376/NUeATjH2_normal.jpg","𝚈𝚞𝚞𝚝𝚊♡(𝚚𝚊𝚝𝚊𝚚)","@059ne_","·","https://x.com/059ne_/status/2050388054997938315","May 2","telkomsel","sinyal","sama indihome busuk banget","1","https://x.com/059ne_/status/2050388054997938315/analytics","143","","","Mulai deh","internetnya.","","","","","","",""
"https://x.com/Telkomsel","https://pbs.twimg.com/profile_images/1405865624232882176/uA2xXUFP_normal.jpg","Telkomsel","@Telkomsel","·","https://x.com/Telkomsel/status/2048645370440454259","Apr 27","sinyal","Telkomsel","Terkait kendala","1","https://x.com/Telkomsel/status/2048645370440454259/analytics","126","","","Selamat siang Kak Kandie, mohon maaf atas ketidaknyamanan yang terjadi","dan paket",", silakan DM nomor","","Replying to","https://x.com/Kandie_ee","@Kandie_ee","https://abs.twimg.com/emoji/v2/svg/1f64f.svg","[object Object]"
"https://x.com/yesspaapa","https://pbs.twimg.com/profile_images/1981709562345320449/s-02xQ_4_normal.jpg","lalalalostyou","@yesspaapa","·","https://x.com/yesspaapa/status/2051261095055446192","May 4","sinyal","telkomsel","aman all operator (selama ini pakai","2","https://x.com/yesspaapa/status/2051261095055446192/analytics","1.6K","","","5.5 FlashSale
WTS Iphone 11 pro 64gb inter
3.000 boleh nego
-",")
- bh 59% ori (sehari nge-charge 2-3x)
- face id, kamera depan, kameran belakang aman
- selama pemakaian gk pernah buat games
- pernah ganti lcd tp selama ini aman","","","","","","",""
"https://x.com/Telkomsel","https://pbs.twimg.com/profile_images/1405865624232882176/uA2xXUFP_normal.jpg","Telkomsel","@Telkomsel","·","https://x.com/Telkomsel/status/2050907469795541070","May 3","sinyal","Telkomsel","yang dirasakan.","","https://x.com/Telkomsel/status/2050907469795541070/analytics","206","","","Mohon maaf ya, Kak atas kendala","Kami akan bantu cek jaringan di area Kakak supaya sinyal-nya up lagi. Boleh yuk infokan nomor","Kakak, lokasi lengkap dan tipe HP yang dipakai ke DM, biar privasinya aman. Terima kasih. -Sira","","Replying to","https://x.com/membebani_","@membebani_","https://abs.twimg.com/emoji/v2/svg/1f64f.svg","[object Object]"
"https://x.com/Telkomsel","https://pbs.twimg.com/profile_images/1405865624232882176/uA2xXUFP_normal.jpg","Telkomsel","@Telkomsel","·","https://x.com/Telkomsel/status/2050187088847622319","May 1","sinyal","Telkomsel","Terkait kendala","","https://x.com/Telkomsel/status/2050187088847622319/analytics","39","","","Halo Kak, mohon maaf atas ketidaknyamanannya","yang dialami, silakan kirim nomor","dan lokasi detail Kakak via DM agar segera kami bantu pengecekan ya","","Replying to","https://x.com/chipoetoe","@chipoetoe","https://abs.twimg.com/emoji/v2/svg/1f64f.svg","[object Object]"
"https://x.com/Telkomsel","https://pbs.twimg.com/profile_images/1405865624232882176/uA2xXUFP_normal.jpg","Telkomsel","@Telkomsel","·","https://x.com/Telkomsel/status/2049055443562140075","Apr 28","sinyal","Telkomsel","","","https://x.com/Telkomsel/status/2049055443562140075/analytics","100","-Feri","","Hai, Kak","Mohon maaf atas kendala yang dialami","Terkait kendala kendala","@stargzingx","Replying to","https://x.com/stargzingx","@stargzingx","https://abs.twimg.com/emoji/v2/svg/1f642.svg","[object Object]"
"https://x.com/Telkomsel","https://pbs.twimg.com/profile_images/1405865624232882176/uA2xXUFP_normal.jpg","Telkomsel","@Telkomsel","·","https://x.com/Telkomsel/status/2050091116029210655","May 1","sinyal","Telkomsel",", maaf atas kendala","","https://x.com/Telkomsel/status/2050091116029210655/analytics","73","","","Siang Kak","yang dirasakan. Saat ini lokasi Kakak-nya dimana? Infokan nomor HP, lokasi detail (min. s.d Kelurahan) & nomor","lain yg kendala sama (jika ada) ke DM ya, agar kami bisa bantu cek dan perbaiki","@fionaapel","Replying to","https://x.com/fionaapel","@fionaapel","https://abs.twimg.com/emoji/v2/svg/1f60a.svg","[object Object]"
"https://x.com/Telkomsel","https://pbs.twimg.com/profile_images/1405865624232882176/uA2xXUFP_normal.jpg","Telkomsel","@Telkomsel","·","https://x.com/Telkomsel/status/2051570234264567901","May 5","Telkomsel","","lain berkendala samanya. Terimakasih","","https://x.com/Telkomsel/status/2051570234264567901/analytics","35","","","Kak, kendala dengan sinyalnya mohon maaf. Kami bantu cek dan perbaikan ya. Silakan ke DM dan infokan nomor hp, tanggal jam kejadian, lokasi (kec,kel,kota) dan Nomor","-Wendy","","@calrubyjane","Replying to","https://x.com/calrubyjane","@calrubyjane","https://abs.twimg.com/emoji/v2/svg/1f64f.svg","[object Object]"
"https://x.com/ydlenm","https://pbs.twimg.com/profile_images/1882433708801835008/V4tapA5R_normal.jpg","El Dea","@ydlenm","·","https://x.com/ydlenm/status/2051256510844674558","May 4","sinyal","","lu kalo di LRT jelek bgt sih","1","https://x.com/ydlenm/status/2051256510844674558/analytics","81","@Telkomsel","https://x.com/Telkomsel","Kenapa","","","","","","","",""
"https://x.com/NanaUserMM","https://pbs.twimg.com/profile_images/1693931799947423744/PrRHjjkD_normal.jpg","ᴇᴜɴᴀᴜʏ","@NanaUserMM","·","https://x.com/NanaUserMM/status/2051054030579962366","May 4","sinyal","sinyal","kalo ke jalan raya... Saran alat penguat","1","https://x.com/NanaUserMM/status/2051054030579962366/analytics","645","@Telkomsel","https://x.com/Telkomsel","Min.. klo di dalem rumah cuma 1 batang begini, klo buat ngegame ngelag... full","dong min","","","","","","",""
"https://x.com/7euphoriani_","https://pbs.twimg.com/profile_images/1547562521392844801/nZ1HTOzk_normal.jpg","ani","@7euphoriani_","·","https://x.com/7euphoriani_/status/2047690969617989806","Apr 24","Sinyal","telkomsel","emang anjing","1","https://x.com/7euphoriani_/status/2047690969617989806/analytics","409","","","","","","ᵇᵗˢ⁷₁₃","","","","",""
"https://x.com/Telkomsel","https://pbs.twimg.com/profile_images/1405865624232882176/uA2xXUFP_normal.jpg","Telkomsel","@Telkomsel","·","https://x.com/Telkomsel/status/2051300961831014753","May 4","sinyal","Telkomsel","nya kurang optimal","","https://x.com/Telkomsel/status/2051300961831014753/analytics","139","","","Mohon maaf ya Kak","Kakka jangan khawatir ya, Kakak bisa infoin nomor","dan lokasi detail nya via DM agar dapat dibantu penanganan lebih lanjut. -Muzam","","Replying to","https://x.com/Meeovvpaw","@Meeovvpaw","https://abs.twimg.com/emoji/v2/svg/1f64f.svg","[object Object]"
"https://x.com/Telkomsel","https://pbs.twimg.com/profile_images/1405865624232882176/uA2xXUFP_normal.jpg","Telkomsel","@Telkomsel","·","https://x.com/Telkomsel/status/2050945704361972166","May 3","sinyal","Telkomsel","atas kendala","1","https://x.com/Telkomsel/status/2050945704361972166/analytics","858","","","Mohon maaf ya, Kak","yang dirasakan.","Kami akan bantu cek jaringan di area Kakak supaya sinyal-nya up lagi. Boleh yuk infokan nomor","@etherealmon_","Replying to","https://x.com/etherealmon_","@etherealmon_","https://abs.twimg.com/emoji/v2/svg/1f64f.svg","[object Object]"
"https://x.com/TurksatAsistan","https://pbs.twimg.com/profile_images/799613868439904256/hS0dI9YS_normal.jpg","TürksatKabloAsistan","@TurksatAsistan","·","https://x.com/TurksatAsistan/status/2052820011941519593","44m","Translated from Turkish","Show original","","","https://x.com/TurksatAsistan/status/2052820011941519593/analytics","3","","","Dear Valued Customer, the issue status and urgency request have been forwarded to the relevant department, and prompt action has been requested. You will be informed of any developments. Thank you for your interest in our services.","","","","Replying to","https://x.com/ole5ss","@ole5ss","",""
"https://x.com/HalilDost6","https://pbs.twimg.com/profile_images/1652408551325806596/_DNagaf0_normal.jpg","Dost Halil","@HalilDost6","·","https://x.com/HalilDost6/status/2052821308539314678","39m","Translated from Turkish","Show original","","1","https://x.com/HalilDost6/status/2052821308539314678/analytics","8","","","SERHAT TELLI  
A Cadet Lieutenant  

""We will be taken to the safe zone,""  
he was told, and boarded the helicopter. He was transported to the General Staff with an empty weapon that didn't even have a magazine. Despite spending the night waiting without getting involved in any","","","","","","","",""
"https://x.com/Telkomsel","https://pbs.twimg.com/profile_images/1405865624232882176/uA2xXUFP_normal.jpg","Telkomsel","@Telkomsel","·","https://x.com/Telkomsel/status/2050368611748114589","May 2","","","-Yui","","https://x.com/Telkomsel/status/2050368611748114589/analytics","29","","","Mohon maaf untuk kendala sinyalnya, Kak. Kami bantu cek dan perbaikannya ya, silakan konfirmasi nomor HP, tanggal waktu mulai kendala dan lokasi (kec,kel,kota) via DM agar privasi data tetap terjaga. Terima Kasih","","","","Replying to","https://x.com/axmannsyah_rudy","@axmannsyah_rudy","https://abs.twimg.com/emoji/v2/svg/1f64f-1f3fc.svg","[object Object]"
"https://x.com/twinkleliltstar","https://pbs.twimg.com/profile_images/2000230406516613120/KKD7Fsxx_normal.jpg","periwinkle |","@twinkleliltstar","·","https://x.com/twinkleliltstar/status/2043940197986079184","Apr 14","sinyal","Telkomsel","","1","https://x.com/twinkleliltstar/status/2043940197986079184/analytics","101","","","Bener bener","najis bgt udah harga paket selangit aplikasi nya kek tai","","","","","","",""
"https://x.com/Telkomsel","https://pbs.twimg.com/profile_images/1405865624232882176/uA2xXUFP_normal.jpg","Telkomsel","@Telkomsel","·","https://x.com/Telkomsel/status/2050055481532752035","May 1","sinyal","Telkomsel","dan rekomendasiin penawaran paket yang terjangkau. Silakan infoin ke DM Nomor","","https://x.com/Telkomsel/status/2050055481532752035/analytics","107","","","Mohon maaf Kak Izur. Jangan khawatir, Qiya pasti bantu kendala",", Tanggal Jam kejadian, Lokasi lengkap, dan nomor lain dengan kendala sama jika ada","-Qiya","","Replying to","https://x.com/izur_huch","@izur_huch","https://abs.twimg.com/emoji/v2/svg/1f64f.svg","[object Object]"
"https://x.com/Telkomsel","https://pbs.twimg.com/profile_images/1405865624232882176/uA2xXUFP_normal.jpg","Telkomsel","@Telkomsel","·","https://x.com/Telkomsel/status/2051280375864049848","May 4","sinyal","Telkomsel","lemah, Kami mohon maaf Kak Chuy","","https://x.com/Telkomsel/status/2051280375864049848/analytics","196","","","Untuk kendala",". Tolong infokan No. HP, tgl dan waktu kejadian & No.","lain berkendala sama via DM, agar Kami bantu & privasi data terjaga. Thanks","","Replying to","https://x.com/shuvfle","@shuvfle","https://abs.twimg.com/emoji/v2/svg/1f614.svg","[object Object]"
"https://x.com/Telkomsel","https://pbs.twimg.com/profile_images/1405865624232882176/uA2xXUFP_normal.jpg","Telkomsel","@Telkomsel","·","https://x.com/Telkomsel/status/2050216002013831616","May 1","sinyal","Telkomsel","Mohon maaf atas kendala","","https://x.com/Telkomsel/status/2050216002013831616/analytics","122","","","Hai Kak","yang sedang dialami ya","Agar dapat kami bantu cek lebih lanjut, silakan kirim nomor","","Replying to","https://x.com/kimjiii1401","@kimjiii1401","https://abs.twimg.com/emoji/v2/svg/1f642.svg","[object Object]"
"https://x.com/octa_devie","https://pbs.twimg.com/profile_images/2030798872717737984/BY__NrSI_normal.jpg","AnakIbuNur","@octa_devie","·","https://x.com/octa_devie/status/2046238397761823077","Apr 20","sinyal","telkomsel","","1","https://x.com/octa_devie/status/2046238397761823077/analytics","163","","","kalo mati lampu,","ikut mati y ??
perasaan tiap mati lampu,","","telkomsel","","","","",""
"https://x.com/chaerriesun","https://pbs.twimg.com/profile_images/1977206293577494528/gkF6WhI5_normal.jpg","van","@chaerriesun","·","https://x.com/chaerriesun/status/2044322389140615205","Apr 15","sinyal","telkomsel","","1","https://x.com/chaerriesun/status/2044322389140615205/analytics","380","","","kenapa","cuman 1 anehhh","","","","","","",""
"https://x.com/arfebibots","https://pbs.twimg.com/profile_images/2051111825811632128/94Odb0kF_normal.jpg","Feb... Tagusari Bros on Netflix!","@arfebibots","·","https://x.com/arfebibots/status/2047283938746589311","Apr 23","sinyal","","","1","https://x.com/arfebibots/status/2047283938746589311/analytics","335","@Telkomsel","https://x.com/Telkomsel","Hari ini","bapuk banget asliiiik!","juga gangguan terus. Kalian pada kenapa, sih? Capek jadi provider?","@HiFicare","","","","",""
"https://x.com/Telkomsel","https://pbs.twimg.com/profile_images/1405865624232882176/uA2xXUFP_normal.jpg","Telkomsel","@Telkomsel","·","https://x.com/Telkomsel/status/2048985571792679155","Apr 28","sinyal","Telkomsel","","1","https://x.com/Telkomsel/status/2048985571792679155/analytics","85","-Tiar","","Mohon maaf atas ketidaknyamanan yang dialaminya, Kak","Terkait kendala","","@ihanblubub","Replying to","https://x.com/ihanblubub","@ihanblubub","https://abs.twimg.com/emoji/v2/svg/1f64f.svg","[object Object]"
"https://x.com/Telkomsel","https://pbs.twimg.com/profile_images/1405865624232882176/uA2xXUFP_normal.jpg","Telkomsel","@Telkomsel","·","https://x.com/Telkomsel/status/2051222394136940754","May 4","sinyal","Telkomsel","maaf atas kendala","","https://x.com/Telkomsel/status/2051222394136940754/analytics","51","","","Halo Kak","nya. Infokan nomor HP, lokasi detail (min. s.d Kelurahan) & nomor","lain yg kendala sama (jika ada) ke DM ya, agar kami bisa bantu cek dan perbaiki","@malikswijaya","Replying to","https://x.com/malikswijaya","@malikswijaya","https://abs.twimg.com/emoji/v2/svg/1f64f.svg","[object Object]"
"https://x.com/Telkomsel","https://pbs.twimg.com/profile_images/1405865624232882176/uA2xXUFP_normal.jpg","Telkomsel","@Telkomsel","·","https://x.com/Telkomsel/status/2049388725571047494","Apr 29","sinyal","Telkomsel","","","https://x.com/Telkomsel/status/2049388725571047494/analytics","89","","","Mohon maaf atas kendala yang terjadi, Kak",". Untuk membantu perbaikan kendala","tidak stabil, mohon informasikan nomor","@KrikilGraveland","Replying to","https://x.com/KrikilGraveland","@KrikilGraveland","https://abs.twimg.com/emoji/v2/svg/1f61f.svg","[object Object]"
"https://x.com/shortness_me","https://pbs.twimg.com/profile_images/1989348315733860352/NOCYvN1z_normal.jpg","MANTOMBAZANE","@shortness_me","·","https://x.com/shortness_me/status/2052825099858747652","24m","","","","","https://x.com/shortness_me/status/2052825099858747652/analytics","2","","","I used to love you guys until I bought data until it expired due to network","","","","Replying to","https://x.com/TelkomZA","@TelkomZA","https://abs.twimg.com/emoji/v2/svg/1f62d.svg",""
"https://x.com/TurkcellHizmet","https://pbs.twimg.com/profile_images/1887933673950838784/gX_p1g3n_normal.jpg","TURKCELL Müşteri Hiz","@TurkcellHizmet","·","https://x.com/TurkcellHizmet/status/2052830142834045286","4m","@TurkTelekom","Send us a private message","","","https://x.com/TurkcellHizmet/status/2052830142834045286/analytics","2","","https://x.com/TurkTelekom","Merhaba. Detayları kontrol edebilmemiz için açık adresle birlikte GSM numaranızı DM’den iletir misiniz?","","","@gurcan_tozduman","Replying to","https://x.com/gurcan_tozduman","@gurcan_tozduman","",""
"https://x.com/atakanclkresmi","https://pbs.twimg.com/profile_images/1271029080859779072/lRf_lNkK_normal.jpg","Atakan Çelik MSc","@atakanclkresmi","·","https://x.com/atakanclkresmi/status/2052823289488097329","31m","Translated from Turkish","Show original","","7","https://x.com/atakanclkresmi/status/2052823289488097329/analytics","224","","","We attended the wedding ceremony of Zeynep Melike and Berat, the precious children of our esteemed older brother, Türk Telekom CEO Mr. Ebubekir Şahin, and shared in their joy.
I wish our young couple a lifetime of peace, happiness, and affection.
May the Lord make them blessed","","","","","","","",""
"https://x.com/Telkomsel","https://pbs.twimg.com/profile_images/1405865624232882176/uA2xXUFP_normal.jpg","Telkomsel","@Telkomsel","·","https://x.com/Telkomsel/status/2051315689525559393","May 4","sinyal","sinyal",", mohon maaf ya jika","","https://x.com/Telkomsel/status/2051315689525559393/analytics","320","","","Kak","nya kurang maksimal","Kakak jangan khawatir ya, Muzam bantu agar","@frakturisasi","Replying to","https://x.com/frakturisasi","@frakturisasi","https://abs.twimg.com/emoji/v2/svg/1f64f.svg","[object Object]"
"https://x.com/medyais","https://pbs.twimg.com/profile_images/1626488847927312384/iMQ-e5kg_normal.jpg","Medya İşçileri Sendikası","@medyais","·","https://x.com/medyais/status/2052822403307151511","35m","Translated from Turkish","Show original","","7","https://x.com/medyais/status/2052822403307151511/analytics","300","","","Our General President Sezai Ballı attended the wedding ceremony of Zeynep Melike Şahin, daughter of Türk Telekom General Manager Mr. Ebubekir Şahin, and Berat Kuçat, our siblings.

We extend our congratulations to the Şahin and Kuçat families, and wish the young couple a lifetime","","","","","","","",""
"https://x.com/Telkomsel","https://pbs.twimg.com/profile_images/1405865624232882176/uA2xXUFP_normal.jpg","Telkomsel","@Telkomsel","·","https://x.com/Telkomsel/status/2050869382105198755","May 3","sinyal","Telkomsel","lemah, Kami mohon maaf Kak Setsuna","","https://x.com/Telkomsel/status/2050869382105198755/analytics","71","","","Untuk kendala",". Tolong infokan No. HP, lokasi (Kel., Kec., Kab./Kota), tgl dan waktu kejadian & No.","lain berkendala sama via DM, agar Kami bantu & privasi data terjaga. Thanks","","Replying to","https://x.com/Gorororo13","@Gorororo13","https://abs.twimg.com/emoji/v2/svg/1f614.svg","[object Object]"
"https://x.com/TovickVieira","https://pbs.twimg.com/profile_images/1965182912858611712/MBTL0epA_normal.jpg","Dewan Perwakilan Rakyat Digital(DPRD)","@TovickVieira","·","https://x.com/TovickVieira/status/2050224800086577389","May 1","","sinyal","sak iprit kuota nggk habis hangus. Apakah kekuatan","1","https://x.com/TovickVieira/status/2050224800086577389/analytics","62","@Telkomsel","https://x.com/Telkomsel","","bisa menyebabkan sisa kuota besar? ...","","","","","","",""
"https://x.com/Yunus_Degirmenc","https://pbs.twimg.com/profile_images/1787840495156092928/pE9qRkbo_normal.jpg","Yunus Değirmenci","@Yunus_Degirmenc","·","https://x.com/Yunus_Degirmenc/status/2052822522346049672","34m","Translated from Turkish","Show original","HAKİŞ KONFEDERASYONU","5","https://x.com/Yunus_Degirmenc/status/2052822522346049672/analytics","346","","","We attended the wedding ceremony of our dear brother Berat and Zeynep Melike, the precious daughter of Türk Telekom CEO Mr. Ebubekir Şahin, representing HAK-İŞ Confederation President Mr. Mahmut Arslan, and shared in the joy of the Şahin and Kuçat families on this meaningful day.","","","","","","","",""
"https://x.com/avaliozkaya","https://pbs.twimg.com/profile_images/1998450160834146307/Dieu6Q7I_normal.jpg","Ali ÖZKAYA","@avaliozkaya","·","https://x.com/avaliozkaya/status/2052826575981150450","18m","Translated from Turkish","Show original","","1","https://x.com/avaliozkaya/status/2052826575981150450/analytics","163","","","We attended the wedding ceremony of Berat Bey and the esteemed daughter of Türk Telekom General Manager Ebubekir Şahin, Zeynep Melike, and shared in their joy.

May our Lord grant the young couple happiness in both worlds, a life filled with peace and love. We sincerely","","","","","","","",""
"https://x.com/Telkomsel","https://pbs.twimg.com/profile_images/1405865624232882176/uA2xXUFP_normal.jpg","Telkomsel","@Telkomsel","·","https://x.com/Telkomsel/status/2051257358790410553","May 4","sinyal","Telkomsel","lemah, Kami mohon maaf Kak Dea","","https://x.com/Telkomsel/status/2051257358790410553/analytics","57","","","Untuk kendala",". Tolong infokan No. HP, lokasi (Kel., Kec., Kab./Kota), tgl dan waktu kejadian & No.","lain berkendala sama via DM, agar Kami bantu & privasi data terjaga. Thanks","","Replying to","https://x.com/ydlenm","@ydlenm","https://abs.twimg.com/emoji/v2/svg/1f614.svg","[object Object]"
"https://x.com/Telkomsel","https://pbs.twimg.com/profile_images/1405865624232882176/uA2xXUFP_normal.jpg","Telkomsel","@Telkomsel","·","https://x.com/Telkomsel/status/2050467282858688963","May 2","sinyal","Telkomsel","dan rekomendasiin penawaran paket yang terjangkau. Silakan infoin ke DM Nomor","","https://x.com/Telkomsel/status/2050467282858688963/analytics","64","","","Mohon maaf Kak Revy. Jangan khawatir, Qiya pasti bantu kendala",", Lokasi lengkap, dan nomor lain dengan kendala sama jika ada","-Qiya","","Replying to","https://x.com/RevyHA","@RevyHA","https://abs.twimg.com/emoji/v2/svg/1f64f.svg","[object Object]"
"https://x.com/Traja_10H","https://pbs.twimg.com/profile_images/2006694209827553280/hCXM5TI5_normal.jpg","10H| Tanjung Priok - Bundaran Senayan","@Traja_10H","·","https://x.com/Traja_10H/status/2050970304617517496","May 3","sinyal","","nya bapuk bat anjg
pliss","1","https://x.com/Traja_10H/status/2050970304617517496/analytics","324","@Telkomsel","https://x.com/Telkomsel","sumpah","jangan bapuk bangettt","","","","","","https://abs.twimg.com/emoji/v2/svg/1f644.svg",""
"https://x.com/tina_eguchi","https://pbs.twimg.com/profile_images/2045566999548551168/hkaj1mH8_normal.jpg","To accompany him","@tina_eguchi","·","https://x.com/tina_eguchi/status/2051666100027629952","May 5","sinyal","telkomsel","","","https://x.com/tina_eguchi/status/2051666100027629952/analytics","167","","","Malu banget pas mau bayar pake qris ga bisa2, ternyata","yg gak ada. Shit lah","","","","","","https://abs.twimg.com/emoji/v2/svg/1f92c.svg",""
"https://x.com/ahayyfs","https://pbs.twimg.com/profile_images/1957914428806164480/e36YTO3f_normal.jpg","sindi","@ahayyfs","·","https://x.com/ahayyfs/status/2050728255368679543","May 3","sinyal","telkomsel","","","https://x.com/ahayyfs/status/2050728255368679543/analytics","54","","","Gila","parah banget ini, mana udah beli mahal-mahal","","","","","","",""
"https://x.com/tribunmedan","https://pbs.twimg.com/profile_images/1126074856057888774/MS5WNlYd_normal.png","Tribun Medan","@tribunmedan","·","https://x.com/tribunmedan/status/2052824489948483999","26m","Istri Sopir ALS yang Tewas Kecelakaan di Sumsel Ungkap Gelagat Tak Biasa Suami sebelum Berangkat -...","","","","https://x.com/tribunmedan/status/2052824489948483999/analytics","8","","","Istri Sopir ALS yang T3was Kecelakaan di Sumsel Ungkap Gelagat Tak Biasa Suami sebelum Berangkat","","","","From medan.tribunnews.com","","","",""
"https://x.com/Telcel","https://pbs.twimg.com/profile_images/1659656096733077512/a0yCD61s_normal.jpg","Telcel","@Telcel","·","https://x.com/Telcel/status/2052820033445810312","44m","Translated from Spanish","Show original","Please send us a private message so we can start our conversation via private channel; we're awaiting your response.
Thank you for contacting us; your Telcel home was attended by E T from Social Networks","","https://x.com/Telcel/status/2052820033445810312/analytics","12","","","Hello. Welcome to your Telcel home","Telcel","","@dany_abr","Replying to","https://x.com/dany_abr","@dany_abr","https://abs.twimg.com/emoji/v2/svg/1f3e1.svg","[object Object]"
"https://x.com/fitratmuhendisi","https://pbs.twimg.com/profile_images/2052395688093253634/cZbb5OHr_normal.jpg","Fıtrat Mühendisi","@fitratmuhendisi","·","https://x.com/fitratmuhendisi/status/2052830860890493389","1m","Translated from Turkish","Show original","Made with AI","1","https://x.com/fitratmuhendisi/status/2052830860890493389/analytics","15","","","In engineering, the quality of a system is measured by the ""Signal/Noise Ratio."" If the noise increases, you can't receive the actual data (signal).

In Surah Al-Mu'minun, the first characteristic of those who attain salvation is this: ""They turn away from vain speech and deeds","","","","","","","",""
"https://x.com/amandaathea","https://pbs.twimg.com/profile_images/1631504902722842626/oCKCgdl8_normal.jpg","Amanda Thea","@amandaathea","·","https://x.com/amandaathea/status/2051684148079947913","May 5","sinyal","","","2","https://x.com/amandaathea/status/2051684148079947913/analytics","123","@Telkomsel","https://x.com/Telkomsel","lu ampas banget","","","","","","","",""
"https://x.com/jsarieroglu","https://pbs.twimg.com/profile_images/2020047683298181120/za3_ZuK4_normal.jpg","Jülide Sarıeroğlu","@jsarieroglu","·","https://x.com/jsarieroglu/status/2052821749671096465","37m","Translated from Turkish","Show original","","17","https://x.com/jsarieroglu/status/2052821749671096465/analytics","2.1K","","","We were honored to attend the wedding ceremony of Zeynep Melike, the esteemed daughter of Türk Telekom General Manager Mr. Ebubekir Şahin, and her brother-in-law Berat, sharing in their joy.

I wish the young couple eternal happiness in both worlds; a lifetime filled with health,","","","","","","","",""
"https://x.com/TelkomZA","https://pbs.twimg.com/profile_images/1965340771617234944/AtHTK41K_normal.jpg","@TelkomZA","@TelkomZA","·","https://x.com/TelkomZA/status/2052831084509827194","48s","","","","","https://x.com/TelkomZA/status/2052831084509827194/analytics","3","GIF","","The weekend is upon us",". Go busy.","Wherever you go, stay online from Friday to Sunday with Weekend bundles.","@SilindileKhath7","Replying to","https://x.com/SilindileKhath7","@SilindileKhath7","https://abs.twimg.com/emoji/v2/svg/1f973.svg","[object Object]"
"https://x.com/MahinurOzdemir","https://pbs.twimg.com/profile_images/1798061454391971840/oSmLTg22_normal.jpg","Mahinur Özdemir Göktaş","@MahinurOzdemir","·","https://x.com/MahinurOzdemir/status/2052827466691952747","15m","Translated from Turkish","Show original","","8","https://x.com/MahinurOzdemir/status/2052827466691952747/analytics","1.2K","","","We had the honor of witnessing the joy at the marriage ceremony of Berat and Zeynep Melike, the esteemed daughter of Türk Telekom General Manager Mr. Ebubekir Şahin.

I congratulate the Şahin and Kuçat families and wish the young couple a lifetime filled with health, peace, and","","","","","","","",""
"https://x.com/TelkomZA","https://pbs.twimg.com/profile_images/1965340771617234944/AtHTK41K_normal.jpg","@TelkomZA","@TelkomZA","·","https://x.com/TelkomZA/status/2052831084509827194","48s","","","","","https://x.com/TelkomZA/status/2052831084509827194/analytics","3","GIF","","The weekend is upon us",". Go busy.","Wherever you go, stay online from Friday to Sunday with Weekend bundles.","@SilindileKhath7","Replying to","https://x.com/SilindileKhath7","@SilindileKhath7","https://abs.twimg.com/emoji/v2/svg/1f973.svg","[object Object]"
"https://x.com/Ertugrulcetin06","https://pbs.twimg.com/profile_images/1876605024232517632/IV719QuS_normal.jpg","Ertuğrul ÇETİN","@Ertugrulcetin06","·","https://x.com/Ertugrulcetin06/status/2052830650118410292","2m","Translated from Turkish","Show original","and 2 others","1","https://x.com/Ertugrulcetin06/status/2052830650118410292/analytics","25","Numan Kurtulmuş","","We conducted the marriage contract of Zeynep Melike, daughter of Türk Telekom General Manager Mr. Ebubekir Şahin, and Berat, the beloved son of the Kuçat family, in the presence of Vice President Mr. Cevdet Yılmaz, Speaker of the Grand National Assembly Mr. Numan Kurtulmuş, our","","","","","","","",""
"https://x.com/eyupkadirinan","https://pbs.twimg.com/profile_images/1948803964939436032/V1QL2NP9_normal.jpg","Eyyüp Kadir İnan","@eyupkadirinan","·","https://x.com/eyupkadirinan/status/2052831280706814144","8s","Translated from Turkish","Show original",".

May their conversations be everlasting, their love lifelong..","1","https://x.com/eyupkadirinan/status/2052831280706814144/analytics","","","","We attended the wedding ceremony of Berat and Zeynep Melike, the precious daughter of Türk Telekom General Manager","","","@ebekirsahin","","","","",""
"https://x.com/kepinsmitty","https://pbs.twimg.com/profile_images/1962856374276169728/uiCkGg7f_normal.jpg","Kepin Smitty Werben Jager Man Jensen","@kepinsmitty","·","https://x.com/kepinsmitty/status/2052653564322025829","11h","","","","1","https://x.com/kepinsmitty/status/2052653564322025829/analytics","134","@Telkomsel","https://x.com/Telkomsel","ini kenapa kocak gini, sisa pulsa 80K, tapi ga bisa beli paket yang 80K??","","","","","","","",""
"https://x.com/alfiakhfa","https://pbs.twimg.com/profile_images/2017887895311593472/DHmyRU6F_normal.jpg","Akhfa","@alfiakhfa","·","https://x.com/alfiakhfa/status/2052693984531898411","9h","telkomsel","jelek","lagi","1","https://x.com/alfiakhfa/status/2052693984531898411/analytics","78","","","Sinyal","bngt ya, padahal di jakarta","","","","","","",""
"https://x.com/polifenoI","https://pbs.twimg.com/profile_images/2036457022754004998/INn_UZc-_normal.jpg","‎⦁ ㅈ -","@polifenoI","·","https://x.com/polifenoI/status/2052764402542383155","4h","telkomsel","jelek","","1","https://x.com/polifenoI/status/2052764402542383155/analytics","143","","","biznet gangguan,","bgt, main congklak aja apa ya gw YA ALLAH ALLAHU AKBAAAAR","","","","","","",""
"https://x.com/negativisme","https://pbs.twimg.com/profile_images/430546541820907520/v4tSGyeZ_normal.png","NEG","@negativisme","·","https://x.com/negativisme/status/2052318990161313917","May 7","","jelek","kok","3","https://x.com/negativisme/status/2052318990161313917/analytics","874","@Telkomsel","https://x.com/Telkomsel","Sinyal","mulu ya?","","","","","","",""
"https://x.com/stupaduka","https://pbs.twimg.com/profile_images/2001149137610567680/YsyTjANd_normal.jpg","pepsi cola","@stupaduka","·","https://x.com/stupaduka/status/2052785269087326214","3h","","jelek","bgt padahal ini setiabudi samping sudirman loh gw ini bukan di sawah atau gunung, kuota masi banyak juga, gedeg bgt sampe ngirim wa suka pending dulu","1","https://x.com/stupaduka/status/2052785269087326214/analytics","40","@Telkomsel","https://x.com/Telkomsel","ngapa deh sinyal gw","","","","","","","",""
"https://x.com/linconnudulac","https://pbs.twimg.com/profile_images/1894700445307904000/q96jIwNX_normal.jpg","Strange","@linconnudulac","·","https://x.com/linconnudulac/status/2052725063867355404","7h","","","","1","https://x.com/linconnudulac/status/2052725063867355404/analytics","132","@Telkomsel","https://x.com/Telkomsel","please jaringanlu sampah banget minggu ini yakali 1 bar 5G di tengah tengah kota gini , kuota gua masih ada 22GB LOH expired tanggal 13 ini, ga bisa kepake karena jaringanlu yang super lemot.","","","","","","","",""
"https://x.com/kepinsmitty","https://pbs.twimg.com/profile_images/1962856374276169728/uiCkGg7f_normal.jpg","Kepin Smitty Werben Jager Man Jensen","@kepinsmitty","·","https://x.com/kepinsmitty/status/2052653564322025829","11h","0:01","","","1","https://x.com/kepinsmitty/status/2052653564322025829/analytics","134","@Telkomsel","https://x.com/Telkomsel","ini kenapa kocak gini, sisa pulsa 80K, tapi ga bisa beli paket yang 80K??","","","","","","","",""
"https://x.com/Raihan1212x","https://abs.twimg.com/sticky/default_profile_images/default_profile_normal.png","Raihan","@Raihan1212x","·","https://x.com/Raihan1212x/status/2052755851723808827","5h","","jelek",", itu maksudnya gimna? Provider apa? Bikin orng emosi mulu sinyal ente setan","1","https://x.com/Raihan1212x/status/2052755851723808827/analytics","39","@Telkomsel","https://x.com/Telkomsel","paketan makin mahal tapi sinyal makin","","","","","","","",""
"https://x.com/__aih","https://pbs.twimg.com/profile_images/2029977288956334080/-MqDTA8t_normal.jpg","Mantan Calon Mega Bintang","@__aih","·","https://x.com/__aih/status/2052217179450585469","May 7","","","yang makin busuk apa gimana? Sampe disangka abis kuota, top up kuota ga masuk, topup lagi ga masuk juga, cek taunya masuk dua kali","3","https://x.com/__aih/status/2052217179450585469/analytics","997","@Telkomsel","https://x.com/Telkomsel","Ini jarinhan","Eh sekarang ga bisa ngapa-ngapain lagi ini. 

Why whyyy?","","","","","","https://abs.twimg.com/emoji/v2/svg/1f61e.svg",""
"https://x.com/nasri_725","https://pbs.twimg.com/profile_images/1080001717452722176/7TtGE0We_normal.jpg","rumah kontrakan","@nasri_725","·","https://x.com/nasri_725/status/2052436249819181092","May 8","","jelek","banget dimana2","2","https://x.com/nasri_725/status/2052436249819181092/analytics","83","@Telkomsel","https://x.com/Telkomsel","sinyal lu sekarang","","","","","","","",""
"https://x.com/bacotansp","https://pbs.twimg.com/profile_images/1925820593699504128/vWP4lLPG_normal.jpg","chae","@bacotansp","·","https://x.com/bacotansp/status/2052676401577464114","10h","telkomsel","jelek","","1","https://x.com/bacotansp/status/2052676401577464114/analytics","69","","","ini kenapa si","error mulu klo beli paket internet","","","","","","",""
"https://x.com/jungyongie","https://pbs.twimg.com/profile_images/1333295623529926656/bDQn6Hyz_normal.jpg","aru","@jungyongie","·","https://x.com/jungyongie/status/2052718988984267188","7h","","jelek","bgt udh beberapa hari ini, cek dm ya udah aku sertakan no hp dan lokasi","1","https://x.com/jungyongie/status/2052718988984267188/analytics","55","@Telkomsel","https://x.com/Telkomsel","min tolong sinyal internet","","","","","","","",""
"https://x.com/greenbird_02","https://pbs.twimg.com/profile_images/1016966164474257408/yQ0j99Lw_normal.jpg","G","@greenbird_02","·","https://x.com/greenbird_02/status/2052747910408999218","5h","","jelek","bgt ya beberpa bulan terkahir? Udah ketemu beberpa tmn komennya sama. Paket internet mahal tp jaringan","1","https://x.com/greenbird_02/status/2052747910408999218/analytics","36","@Telkomsel","https://x.com/Telkomsel","ini internet nya kok","bgt","","","","","","https://abs.twimg.com/emoji/v2/svg/1f44e.svg",""
"https://x.com/tiiyak","https://pbs.twimg.com/profile_images/2050750856199573504/S29Hrh0Y_normal.jpg","Tia","@tiiyak","·","https://x.com/tiiyak/status/2052696561617170896","8h","","jelek","bgt jaringan internetnya???","1","https://x.com/tiiyak/status/2052696561617170896/analytics","37","@Telkomsel","https://x.com/Telkomsel","kenapa sih 2 hari ini","cape bgt apa2 lamaaaaa jadinyaa huhu","","","","","","https://abs.twimg.com/emoji/v2/svg/1f62d.svg",""
"https://x.com/telvkoo_","https://pbs.twimg.com/profile_images/2039773473497927680/jS4Sqa_8_normal.jpg","zel","@telvkoo_","·","https://x.com/telvkoo_/status/2052365487355678935","May 7","","jelek","banget lu sekarang paket yg udah pernah di beli ga bisa di beli lagi anjr, mana pada makin mahal lagi signal lu noh bagusin","1","https://x.com/telvkoo_/status/2052365487355678935/analytics","94","@Telkomsel","https://x.com/Telkomsel","","","","","","","","",""
"https://x.com/mrs_jeona","https://pbs.twimg.com/profile_images/1985674451770621953/ifSSBL8t_normal.jpg","hero_0","@mrs_jeona","·","https://x.com/mrs_jeona/status/2052420353591488619","May 7","Telkomsel","jelek",", 100 ribu cuma dapet 13 gb","1","https://x.com/mrs_jeona/status/2052420353591488619/analytics","29","","","udah mah sinyal makin","","","","","","","",""
"https://x.com/dlwlrma__Xborg","https://pbs.twimg.com/profile_images/2043362236996190208/G6YiuLta_normal.jpg","onew imnida","@dlwlrma__Xborg","·","https://x.com/dlwlrma__Xborg/status/2052391743296029095","May 7","Telkomsel","jelek","banget.. bulan depan gua ganti internet! Beli kuota mahal2 28 hari tapi sinyal 1 batang doang!! Kemahalan sinyal","1","https://x.com/dlwlrma__Xborg/status/2052391743296029095/analytics","341","","","","","","","","","","",""
"https://x.com/furosemidex","https://pbs.twimg.com/profile_images/2040474205054201856/93uTw2Mg_normal.jpg","Furo","@furosemidex","·","https://x.com/furosemidex/status/2052571193522393251","17h","jelek","telkomsel","tp","1","https://x.com/furosemidex/status/2052571193522393251/analytics","155","","","Sinyalnya sama2","> indihome","","","","","","",""
"https://x.com/redriddinghoe","https://pbs.twimg.com/profile_images/2027121974594670592/4MNAELO6_normal.jpg","𓆙","@redriddinghoe","·","https://x.com/redriddinghoe/status/2052544653900263867","18h","telkomsel","jelek","najis","2","https://x.com/redriddinghoe/status/2052544653900263867/analytics","116","","","mahal doang sinyal","","","","","","","",""
"https://x.com/arkosan","https://pbs.twimg.com/profile_images/1347451153022259200/3uhj3x0H_normal.jpg","으나","@arkosan","·","https://x.com/arkosan/status/2052667054982041602","10h","","","","1","https://x.com/arkosan/status/2052667054982041602/analytics","80","@telkomsel","https://x.com/Telkomsel","semakin kocaq, gejet kondisi jelas data mati, internetan pakai WiFi ada SMS masuk ""anda akses internet non paket"" nggak banyak sih cuma 150 rupiah kepotong, tapi mayan punya tabungan di akhirat kelak karena saya di dzolimi membayar pemakaian yang diada adakan","","","","","","","",""
"https://x.com/pikachuteknik","https://pbs.twimg.com/profile_images/1992312006041645056/pJ2qq3_i_normal.jpg","sta learning","@pikachuteknik","·","https://x.com/pikachuteknik/status/2052639405408747553","12h","","jelek","banget sih","2","https://x.com/pikachuteknik/status/2052639405408747553/analytics","132","@Telkomsel","https://x.com/Telkomsel","sinyal lu kenapa","","","","","","","",""
"https://x.com/taliptoktamis","https://pbs.twimg.com/profile_images/1298679830540685312/dYWhVcpi_normal.jpg","Talip Toktamış","@taliptoktamis","·","https://x.com/taliptoktamis/status/2052825452675313673","23m","Translated from Turkish","Show original","","","https://x.com/taliptoktamis/status/2052825452675313673/analytics","89","","","We had already predicted it. In this country, Tele1, under the management of Merdan Yanardağ, has become the pole star of TV broadcasting, which is why we're watching what happens to the channel; for the honor of journalism, Tele1 must be stood up for.","","","","Replying to","https://x.com/SedaSelek1","@SedaSelek1","",""
"https://x.com/ahmetarslan029","https://pbs.twimg.com/profile_images/1900507060573192193/5z-xTvwY_normal.jpg","A.S.A","@ahmetarslan029","·","https://x.com/ahmetarslan029/status/2052829126692684117","9m","Translated from Turkish","Show original","Why is the signal that should be there below Turkey's standards? Why isn't the network pulling in? For 5 years the complaints","","https://x.com/ahmetarslan029/status/2052829126692684117/analytics","6","","","For the last 4-5 years, you've been getting messages but you're not producing any solutions, just making empty statements and doing paid advertising.","","","","Replying to","https://x.com/TTDestek","@TTDestek","https://abs.twimg.com/emoji/v2/svg/1f937-200d-2642-fe0f.svg",""
"https://x.com/IBRAHIMKECECI","https://pbs.twimg.com/profile_images/2024349450206912512/etALvCmE_normal.jpg","İbrahim KEÇECİ","@IBRAHIMKECECI","·","https://x.com/IBRAHIMKECECI/status/2052821992743563661","37m","and 3 others","","","1","https://x.com/IBRAHIMKECECI/status/2052821992743563661/analytics","7","","https://x.com/IBRAHIMKECECI/status/2052821992743563661/people","Açıkçası çok memnundum, kusursuz çalışıyor ve internet hızı harika, kesilme yaşanmıyordu. Müşteri hizmetleri anında cevap verip anında çözümler üretiyordu ancak bir anda müşteri hizmetleri telesekretere geçti ve 10/11 gündür durum BERBAT !!!","","","@Turknet","Replying to","https://x.com/GUSINALI","@GUSINALI","",""
"https://x.com/wahyuningliyana","https://pbs.twimg.com/profile_images/1727209988643532800/MNUSnCDO_normal.jpg","Ayu","@wahyuningliyana","·","https://x.com/wahyuningliyana/status/2052354153134096624","May 7","","jelek","kenapa ya di cawang tuh sinyalnya","1","https://x.com/wahyuningliyana/status/2052354153134096624/analytics","344","@Telkomsel","https://x.com/Telkomsel","Heran banget sama","banget?? Bahkan tulisan 4G jg tapi sinyalnya gak ada. Loading aplikasi gak bisa. Buat chat aja ga kekirim. Coba min dicek ini tuh kenapa selalu begini kalo di cawang. Masa bayar doang mahal tapi pelayanan","","","","","","",""
"https://x.com/Jawirtzy","https://pbs.twimg.com/profile_images/1933399734988972032/60QNIDdY_normal.jpg","Kaiwir.","@Jawirtzy","·","https://x.com/Jawirtzy/status/2052382678700498953","May 7","jelek","","banget anjing dari kemaren, woiii","2","https://x.com/Jawirtzy/status/2052382678700498953/analytics","26","@Telkomsel","https://x.com/Telkomsel","jaringan","","","","","","","",""
"https://x.com/cynderells","https://pbs.twimg.com/profile_images/2026321813949837312/PeJ5g42H_normal.jpg","seine","@cynderells","·","https://x.com/cynderells/status/2052237847797879238","May 7","","jelek","","","https://x.com/cynderells/status/2052237847797879238/analytics","113","@Telkomsel","https://x.com/Telkomsel","demi apapun","","dan antek2nya. sinyal","@IndiHome","","","","",""
"https://x.com/exhausttfan","https://pbs.twimg.com/profile_images/1832706351388344320/qLR0tUhq_normal.jpg","urcwiti","@exhausttfan","·","https://x.com/exhausttfan/status/2052203336913629629","May 7","telkomsel","jelek","sinyalnya","1","https://x.com/exhausttfan/status/2052203336913629629/analytics","161","","","tumben ini","","","","","","","",""
"https://x.com/Yoon_Viously","https://pbs.twimg.com/profile_images/1940030136478318592/EiAlkP9Y_normal.jpg","Violy","@Yoon_Viously","·","https://x.com/Yoon_Viously/status/2051336111340007552","May 4","","","","3","https://x.com/Yoon_Viously/status/2051336111340007552/analytics","762","@Telkomsel","https://x.com/Telkomsel","kalo ga kuota internet yang dipangkas 
Waktu pemakaian yang di pangkas 

Harga makin naik 
120 ribu buat 55GB 

Dulu 60GB 100 ribu 
Makin sering dibeli makin di pangkas kuota nya lah
Cuma 28hr lah 
Plisss lah Telkom gw muak sebenarnya","","","","","","","",""
"https://x.com/burak1019","https://pbs.twimg.com/profile_images/1657440342088507393/ioICGkPq_normal.jpg","burak ünal","@burak1019","·","https://x.com/burak1019/status/2052825468101898612","23m","Translated from Turkish","Show original","","1","https://x.com/burak1019/status/2052825468101898612/analytics","14","","","We didn't bother telling Telekom about it. We figured we'd mention it when we chat with them sometime. Anyway, when it comes to poles carrying regular phone cables getting knocked down, Telekom doesn't really give a damn. They just say, ""Go ahead and knock 'em down, toss 'em","","","","Replying to","https://x.com/burak1019","@burak1019","",""
"https://x.com/Telkomsel","https://pbs.twimg.com/profile_images/1405865624232882176/uA2xXUFP_normal.jpg","Telkomsel","@Telkomsel","·","https://x.com/Telkomsel/status/2052820265416237304","44m","Telkomsel","Telkomsel","sudah follow X","tsel.me/chatva","https://x.com/Telkomsel/status/2052820265416237304/analytics","18","http://","https://t.co/6WZ1WdNSQf","Pastikan Kak","ya. Jika masih berkendala, yuk bisa coba DM ke Instagram","/MyTelkomsel atau","@h41kaal","Replying to","https://x.com/h41kaal","@h41kaal","https://abs.twimg.com/emoji/v2/svg/1f60a.svg","[object Object]"
"https://x.com/junrenfox","https://pbs.twimg.com/profile_images/1963051704120963072/fivAmykU_normal.jpg","Din. rollin","@junrenfox","·","https://x.com/junrenfox/status/2052741235585265764","5h","telkomsel","jelek","kenapa jadi","1","https://x.com/junrenfox/status/2052741235585265764/analytics","341","@Telkomsel","https://x.com/Telkomsel","E gilak","banget si jaringannya ih","","| FREE PALESTINE","","","","",""
"https://x.com/yipiyayaya","https://pbs.twimg.com/profile_images/2028740639836536832/NDjoKamT_normal.jpg","rEvY","@yipiyayaya","·","https://x.com/yipiyayaya/status/2047256162161344866","Apr 23","telkomsel","jelek","bgt jaringannya hr ini knp ya","2","https://x.com/yipiyayaya/status/2047256162161344866/analytics","190","","","kok","","","","","","","",""
"https://x.com/MINDMEISTERRR","https://pbs.twimg.com/profile_images/1935369054723710978/zJAJY7eG_normal.jpg","ÖGO | Talha","@MINDMEISTERRR","·","https://x.com/MINDMEISTERRR/status/2052826595035845107","19m","Translated from Turkish","Show original","","","https://x.com/MINDMEISTERRR/status/2052826595035845107/analytics","18","","","I'm using Türk Telekom's 300 package for 845 TL and there are no issues at all. It's really absurd that Türk Telekom isn't available in a place with Türknet infrastructure. On the other hand, my friends who use Türknet have no problems either.","","","","Replying to","https://x.com/adawong_99","@adawong_99","",""
"https://x.com/Telkomsel","https://pbs.twimg.com/profile_images/1405865624232882176/uA2xXUFP_normal.jpg","Telkomsel","@Telkomsel","·","https://x.com/Telkomsel/status/2052825234810781772","24m","Telkomsel","",". Paket","","https://x.com/Telkomsel/status/2052825234810781772/analytics","8","","","Maaf ya Kak","bervariasi, beragam dan bisa pilih sesuai sama kebutuhan Kakak. Di explore lagi yuk pilihan paket di MyTelkomsel atau infoin nomor hp Kakak di DM biar dibantu cek dan rekomendasiin paket lainnya di nomor Kakak ya","- Fadil","@iryul__","Replying to","https://x.com/iryul__","@iryul__","https://abs.twimg.com/emoji/v2/svg/1f60a.svg","[object Object]"
"https://x.com/1derindusunur","https://pbs.twimg.com/profile_images/2025208687631929344/P3WgWeJQ_normal.jpg","Murat SÖKMEN (yörük)","@1derindusunur","·","https://x.com/1derindusunur/status/2052826782114427290","18m","Translated from Turkish","Show original",", where the citizen shared their problem and hardship, is not to brush off the citizen's issue, but rather to attend the wedding of the telecom general manager with whom they have a problem","","https://x.com/1derindusunur/status/2052826782114427290/analytics","34","","","Well, dear sir, the job of the member of parliament tagged with the name","","","@jsarieroglu","Replying to","https://x.com/jsarieroglu","@jsarieroglu","",""
"https://x.com/Telkomsel","https://pbs.twimg.com/profile_images/1405865624232882176/uA2xXUFP_normal.jpg","Telkomsel","@Telkomsel","·","https://x.com/Telkomsel/status/2052822536363368452","35m","","","-Sira","","https://x.com/Telkomsel/status/2052822536363368452/analytics","6","","","Mohon maaf ya, Kak. Kendalanya akan dibantu lebih lanjut via DM kami ya. Mohon ditunggu sebentar lagi, pasti kami balas.","","","","Replying to","https://x.com/osyeanize","@osyeanize","https://abs.twimg.com/emoji/v2/svg/1f64f.svg","[object Object]"
"https://x.com/bibicil","https://pbs.twimg.com/profile_images/1627975714770403328/ft8hkFHm_normal.jpg","nisa","@bibicil","·","https://x.com/bibicil/status/2049245197306077584","Apr 29","telkomsel","jelek","gabisa dibuka dari kmrn kek apa ini","2","https://x.com/bibicil/status/2049245197306077584/analytics","215","@Telkomsel","https://x.com/Telkomsel","akun my","sekaliii","","@MyTelkomselApp","","","","",""
"https://x.com/jellyouze","https://pbs.twimg.com/profile_images/1997360454239444992/s5FPjKFf_normal.jpg","pororo","@jellyouze","·","https://x.com/jellyouze/status/2047319449221669277","Apr 23","telkomsel","jelek","kenapa","2","https://x.com/jellyouze/status/2047319449221669277/analytics","584","","","sumpah ya","deh sinyalnya pdhl 5G","","","","","","https://abs.twimg.com/emoji/v2/svg/1f62d.svg",""
"https://x.com/sudagez","https://pbs.twimg.com/profile_images/936344996571119618/OM0PAUZD_normal.jpg","Güven Sudagez","@sudagez","·","https://x.com/sudagez/status/2052823686986543271","30m","Translated from Turkish","Show original","This is the 4th outage in the last month, and not just one or two hours, but days long, and the customer service call center just listens without providing any information. Turksat is a regret, never get it.","1","https://x.com/sudagez/status/2052823686986543271/analytics","18","","","","","","@turksatkablo","","","","",""
"https://x.com/icecoffez","https://pbs.twimg.com/profile_images/2017072836205301760/jiqwJ539_normal.jpg","ay","@icecoffez","·","https://x.com/icecoffez/status/2051677507569799411","May 5","","jelek","udh mahal","4","https://x.com/icecoffez/status/2051677507569799411/analytics","771","@telkomsel","https://x.com/Telkomsel","","lg mnyt jaringan lu","","@IndiHome","","","","",""
"https://x.com/gidiepie","https://pbs.twimg.com/profile_images/2050922735128436737/CaaaIGn4_normal.jpg","gia","@gidiepie","·","https://x.com/gidiepie/status/2045005257739276372","Apr 17","TELKOMSEL","JELEK","","1","https://x.com/gidiepie/status/2045005257739276372/analytics","150","","","STRESSS BGT DEH PAKE","BGTTT FWAGHHH","","","","","","",""
"https://x.com/irezadigital","https://pbs.twimg.com/profile_images/1973318277809217536/5Xb8TlT5_normal.jpg","Reza","@irezadigital","·","https://x.com/irezadigital/status/2051659855665250723","May 5","telkomsel","jelek",", sinyal ala kadar. buat rugi negara aja kalian tu.","2","https://x.com/irezadigital/status/2051659855665250723/analytics","1.1K","","","ini emang perampok. simcard 1, sengaja ga beli paket data udh bbrp hari. data aktif simcard 2. setiap hari pulsa gw berkurang Rp600. perampok ulung kalian  itu. udah mahal, monopoli, layanan","","","","","","","",""
"https://x.com/Brixtthon","https://pbs.twimg.com/profile_images/1975226643322130432/PYWCp7sW_normal.jpg","kimii","@Brixtthon","·","https://x.com/Brixtthon/status/2047651867682087375","Apr 24","telkomsel","jelek","","4","https://x.com/Brixtthon/status/2047651867682087375/analytics","367","","","udh wifi kosan gangguan, ini juga","bgt jaringannya. KONTOLL KONTOOL","","","","","","",""
"https://x.com/Suhastoro5no","https://pbs.twimg.com/profile_images/1445035621307715589/7AlyZNhC_normal.jpg","suhastoro","@Suhastoro5no","·","https://x.com/Suhastoro5no/status/2050263645981131090","May 2","","jelek","di daerah saya? Bisa diperbaiki tidak. Apa harga paket data masih kurang mahal biar internet bisa digunakan buat internetan","1","https://x.com/Suhastoro5no/status/2050263645981131090/analytics","118","@Telkomsel","https://x.com/Telkomsel","gimana min kok sinyal semakin","","","","","","","https://abs.twimg.com/emoji/v2/svg/1f926-1f3fb-200d-2642-fe0f.svg",""
"https://x.com/mandikecil","https://pbs.twimg.com/profile_images/2029329395845087233/NTlS8NiS_normal.jpg","adnan","@mandikecil","·","https://x.com/mandikecil/status/2050200319334977731","May 1","jelek","","?","8","https://x.com/mandikecil/status/2050200319334977731/analytics","1.3K","@Telkomsel","https://x.com/Telkomsel","kok kuota lu mahal si? kan sinyal lu","","","","","","","",""
"https://x.com/Irnvoker","https://pbs.twimg.com/profile_images/2051091784168800256/xFcLGinZ_normal.jpg","Rap","@Irnvoker","·","https://x.com/Irnvoker/status/2051475452422914064","May 5","telkomsel","jelek","","2","https://x.com/Irnvoker/status/2051475452422914064/analytics","43","","","Emamg","","","","Replying to","https://x.com/pouchitta","@pouchitta","",""
"https://x.com/poorinya","https://pbs.twimg.com/profile_images/2033490650692493312/wny0wpWZ_normal.jpg","IG","@poorinya","·","https://x.com/poorinya/status/2041389122728907047","Apr 7","telkomsel","jelek","","2","https://x.com/poorinya/status/2041389122728907047/analytics","125","","","internet","bgt ya di jakrata","","","","","","",""
"https://x.com/futARInojntsa","https://pbs.twimg.com/profile_images/1928088358775050240/FStQRB42_normal.jpg","Minguri Is Coming","@futARInojntsa","·","https://x.com/futARInojntsa/status/2050061613630398906","May 1","","jelek","bgt","1","https://x.com/futARInojntsa/status/2050061613630398906/analytics","63","@telkomsel","https://x.com/Telkomsel","jaringan internet lu gabisa dipake jing","","","","","","","",""
"https://x.com/miranthera","https://pbs.twimg.com/profile_images/2021240446446718976/NaWBHN6__normal.jpg","☆","@miranthera","·","https://x.com/miranthera/status/2051999594335396148","May 6","jelek","","banget kenapa ya dari pagi","1","https://x.com/miranthera/status/2051999594335396148/analytics","72","@Telkomsel","https://x.com/Telkomsel","ini sinyalnya","","","@byu_id","","","","",""
"https://x.com/greenbird_02","https://pbs.twimg.com/profile_images/1016966164474257408/yQ0j99Lw_normal.jpg","G","@greenbird_02","·","https://x.com/greenbird_02/status/2052748506851627249","5h","telkomsel","","dan komen hal yg sama. Jaringan","","https://x.com/greenbird_02/status/2052748506851627249/analytics","34","@Telkomsel","https://x.com/Telkomsel","Bahkan sempat waktu itu lagi pesan grab, drivernya cerita udh terima order. Tp pas mau klik jemput malah loading lama bgt. Itu drivernya pake","","bgt beberpa bulan terkahir","","Replying to","https://x.com/greenbird_02","@greenbird_02","",""
"https://x.com/kim9yuuu","https://pbs.twimg.com/profile_images/1925944579880071168/BoXUEQvu_normal.jpg","ᯓ ctraa","@kim9yuuu","·","https://x.com/kim9yuuu/status/2043917889225584901","Apr 14","telkomsel","jelek","bgt demii, ngeselin anying gua perlu buat kerjaaaa","1","https://x.com/kim9yuuu/status/2043917889225584901/analytics","163","","","jaringan lu","","","","","","","",""
"https://x.com/Suhastoro5no","https://pbs.twimg.com/profile_images/1445035621307715589/7AlyZNhC_normal.jpg","suhastoro","@Suhastoro5no","·","https://x.com/Suhastoro5no/status/2050264304973418854","May 2","","jelek","di daerah saya? Bisa diperbaiki tidak. Apa harga paket data masih kurang mahal biar internet bisa digunakan buat internetan","2","https://x.com/Suhastoro5no/status/2050264304973418854/analytics","94","@Telkomsel","https://x.com/Telkomsel","gimana min kok sinyal semakin","","","","","","","https://abs.twimg.com/emoji/v2/svg/1f926-1f3fb-200d-2642-fe0f.svg",""
"https://x.com/filledellalune","https://pbs.twimg.com/profile_images/1384128954005540869/PjxAtU2M_normal.jpg","Alia","@filledellalune","·","https://x.com/filledellalune/status/2041448639122559165","Apr 7","telkomsel","jelek","atau gimana deh?","2","https://x.com/filledellalune/status/2041448639122559165/analytics","105","@Telkomsel","https://x.com/Telkomsel","nih emg sinyalnya lagi","","","","","","","",""
"https://x.com/manisdinginn","https://pbs.twimg.com/profile_images/1605702662615244801/Xj2NpIuW_normal.jpg","vkxgidlsekgf","@manisdinginn","·","https://x.com/manisdinginn/status/2052293912325390739","May 7","telkomsel","jelek","....","1","https://x.com/manisdinginn/status/2052293912325390739/analytics","52","","","blm ihhhhh udah email ke disneynya jg katanya jaringan.. berarti jaringan","??","","","Replying to","https://x.com/kookipoki","@kookipoki","",""
"https://x.com/HanakiMakoto","https://pbs.twimg.com/profile_images/1257882523960410113/lrxsxbd3_normal.jpg","HANAKI,Makoto","@HanakiMakoto","·","https://x.com/HanakiMakoto/status/2052827955844489372","14m","","","","","https://x.com/HanakiMakoto/status/2052827955844489372/analytics","4","","","時間と曜日決まっていたので怒られません。
学生の頃、下宿で電話ないから公衆電話が僕の電話。
最初の頃は100円が吸い込まれ大変でしたが、テレカが出てきて重宝しました。
世の中、既に携帯電話はあったけど

それが携帯だって最初にかけるのは緊張します。","","","","Replying to","https://x.com/yokobotti","@yokobotti","",""
"https://x.com/jungyongie","https://pbs.twimg.com/profile_images/1333295623529926656/bDQn6Hyz_normal.jpg","aru","@jungyongie","·","https://x.com/jungyongie/status/2052751661198897638","5h","jelek","telkomsel","internetnyaa helpp dah males bgt pake","1","https://x.com/jungyongie/status/2052751661198897638/analytics","40","","","Belum dibales juga dm nya, ini parah bgt","lamalama","","","Replying to","https://x.com/Telkomsel","@Telkomsel","https://abs.twimg.com/emoji/v2/svg/1f62d.svg",""
"https://x.com/hanainyourarea","https://pbs.twimg.com/profile_images/1992319002400694272/KZR76sLq_normal.jpg","Hana","@hanainyourarea","·","https://x.com/hanainyourarea/status/2038424300798329261","Mar 30","telkomsel","jelek","knp","1","https://x.com/hanainyourarea/status/2038424300798329261/analytics","143","","","Busett","muluu dr jaman batu jirirrssss","","","","","","",""
"https://x.com/rvnsptr1010","https://pbs.twimg.com/profile_images/2028372128245141504/t7xkepXe_normal.jpg","Revan","@rvnsptr1010","·","https://x.com/rvnsptr1010/status/2050788448970432873","May 3","jelek","Telkomsel","itu. Katane arek² ngalam paling bagus ndek malang cuma Indosat sama XL, kalau","1","https://x.com/rvnsptr1010/status/2050788448970432873/analytics","131","","","Oiya gak liat mas, site BTS nya yang","memang agak kurang bagus walaupun udah pake hp yang flagship/highend","","","Replying to","https://x.com/3Dota","@3Dota","",""
"https://x.com/fairestwin","https://pbs.twimg.com/profile_images/1471339969205526528/-gD1EDBn_normal.jpg","cha ྀི","@fairestwin","·","https://x.com/fairestwin/status/2048407582830956861","Apr 26","telkomsel","jelek","sinyal kuota lu","1","https://x.com/fairestwin/status/2048407582830956861/analytics","241","","","brengsek","banget bikin malu tiap mau bayar qris!!!!!","","","","","","",""
"https://x.com/iyeelan","https://pbs.twimg.com/profile_images/2047325438822006784/DO128d3A_normal.jpg","َ","@iyeelan","·","https://x.com/iyeelan/status/2051688984162840686","May 5","Telkomsel","jelek","bgt jaringannya","1","https://x.com/iyeelan/status/2051688984162840686/analytics","125","","","","","","","","","","",""
"https://x.com/gokhan02032707","https://pbs.twimg.com/profile_images/2020830614358818816/DrHt5XRI_normal.jpg","gökhan","@gokhan02032707","·","https://x.com/gokhan02032707/status/2052829804005589195","6m","Translated from Turkish","Show original","","","https://x.com/gokhan02032707/status/2052829804005589195/analytics","1","","","I don't give a fuck about the service you'll provide, may the money we gave you come out of your kids and grandkids' pockets, God forbid @.türktelekom","","","","","","","",""
"https://x.com/ongesaranghae","https://pbs.twimg.com/profile_images/2040435381225848833/ZtvcjWaP_normal.jpg","puyo","@ongesaranghae","·","https://x.com/ongesaranghae/status/2047142108843426010","Apr 23","telkomsel","jelek","","1","https://x.com/ongesaranghae/status/2047142108843426010/analytics","71","","","first media eror","bgt laman idebku bapuk pula ini server indo","bgt yaAllah","","","","","",""
"https://x.com/yahikoooo__","https://pbs.twimg.com/profile_images/1749824134669029376/RoEpHoHC_normal.jpg","dinosatulus","@yahikoooo__","·","https://x.com/yahikoooo__/status/2050533160224710741","May 2","telkomsel","jelek","amat sih sinyalnya","1","https://x.com/yahikoooo__/status/2050533160224710741/analytics","222","","","","","","","","","","",""
"https://x.com/lgnyarinamaedgy","https://pbs.twimg.com/profile_images/2007420885012230147/RHdibxFQ_normal.jpg","jekicenk","@lgnyarinamaedgy","·","https://x.com/lgnyarinamaedgy/status/2048287012076376174","Apr 26","telkomsel","jelek","mulu jaringannya udahlah mahal… rekomen provider lain gusy","1","https://x.com/lgnyarinamaedgy/status/2048287012076376174/analytics","112","","","","","","","","","","",""
"https://x.com/SalmaraniMars","https://pbs.twimg.com/profile_images/1577863809967935488/qtYlJOw0_normal.jpg","ℝ𝕒𝕟𝕒𝕝𝕒𝕟𝕘𝕚𝕥","@SalmaraniMars","·","https://x.com/SalmaraniMars/status/2052447647341101056","May 8","","","tpi tiap bulan isi pulsa untuk nomor t**kmsl yg aku pakai biar nomornya tetap aktif...","1","https://x.com/SalmaraniMars/status/2052447647341101056/analytics","46","","","Kurang lebih setahun terakhir aku pakai provider lain untuk akses internet karena di tempatku skrg jaringan t**kmsl kurang stabil dan paketnya pun makin hari makin ngadi ngadi","","","","Replying to","https://x.com/SalmaraniMars","@SalmaraniMars","https://abs.twimg.com/emoji/v2/svg/1f90f-1f3fb.svg",""
"https://x.com/kiddiney_","https://pbs.twimg.com/profile_images/2022547807287283716/i_K6Ik6B_normal.jpg","neyyaaa","@kiddiney_","·","https://x.com/kiddiney_/status/2049106248231207011","Apr 28","","jelek","","1","https://x.com/kiddiney_/status/2049106248231207011/analytics","21","@Telkomsel","https://x.com/Telkomsel","jaringan","bgt njir skrg, nyesel dah","","","","","","",""
"https://x.com/ehmangelu","https://pbs.twimg.com/profile_images/2009019997369364480/KhnmsqGU_normal.jpg","dikywickson","@ehmangelu","·","https://x.com/ehmangelu/status/2050962420118774048","May 3","jelek","","banget dah","2","https://x.com/ehmangelu/status/2050962420118774048/analytics","62","@Telkomsel","https://x.com/Telkomsel","sumpah sinyal lu","","","","","","","",""
"https://x.com/AgnessMT","https://pbs.twimg.com/profile_images/1483794770040586248/0bUVbUgQ_normal.jpg","Agnes Margaretha Tarigan","@AgnessMT","·","https://x.com/AgnessMT/status/2048761445249429514","Apr 27","telkomsel","jelek","","1","https://x.com/AgnessMT/status/2048761445249429514/analytics","27","","","sinyal","bgt dahh","","","","","","",""
"https://x.com/TheOnlyCyno","https://pbs.twimg.com/profile_images/1982676479763722240/71mrwMHC_normal.jpg","Cyno","@TheOnlyCyno","·","https://x.com/TheOnlyCyno/status/2034247070069236073","Mar 18","Telkomsel","jelek","banget, sinyal ga ada samsek. Kenapa dah dirumah gua","","https://x.com/TheOnlyCyno/status/2034247070069236073/analytics","5","","","","gada jaringan","","","","","","",""
"https://x.com/Rian19683628","https://abs.twimg.com/sticky/default_profile_images/default_profile_normal.png","Rian19","@Rian19683628","·","https://x.com/Rian19683628/status/2052249075882561899","May 7","jelek","telkomsel","setiap 30 menit jaringan ilang ga jelas provider satu ini...saya kira cuma sebentar..udah setahun jaringan tidak berubah sering hilang kecewa banget...emang tolol indosat ...udahlah udh paling bener make","1","https://x.com/Rian19683628/status/2052249075882561899/analytics","91","","","Mending ga usah buka sekalian ditempat saya...
Sinyal","","","","Replying to","https://x.com/3CareIndonesia","@3CareIndonesia","",""
"https://x.com/txtdarinandhito","https://pbs.twimg.com/profile_images/2030825321331908608/Ud9KUdR-_normal.jpg","ρʅυҽɱ","@txtdarinandhito","·","https://x.com/txtdarinandhito/status/2044335501327614206","Apr 15","","jelek","","1","https://x.com/txtdarinandhito/status/2044335501327614206/analytics","179","@Telkomsel","https://x.com/Telkomsel","Udah 2 minggu sinyal","bgt pdhl di jakarta loh! 5G aja","! Gmn yg bawahnya! Saran aja kalo kualitas nya menurun mending jual paket datanya dibikin murah meriah aja. Stop merasa jadi simcard eksklusif","","","","","",""
"https://x.com/kendeyya","https://pbs.twimg.com/profile_images/2051009275930230784/mCxEVrvK_normal.jpg","sezyus","@kendeyya","·","https://x.com/kendeyya/status/2043642468936335680","Apr 13","telkomsel","jelek","se bekasi raya kah?","","https://x.com/kendeyya/status/2043642468936335680/analytics","232","","","emang lagi","","","","","","","",""
"https://x.com/chaxzyy","https://pbs.twimg.com/profile_images/2034712582200991747/7eDH5mVp_normal.jpg","jennunie","@chaxzyy","·","https://x.com/chaxzyy/status/2052066074276069606","May 6","JELEK","","","1","https://x.com/chaxzyy/status/2052066074276069606/analytics","302","@Telkomsel","https://x.com/Telkomsel","GAK SUKA, BENCI, LAGI DOWNLOAD DATA GEDE UDAH 5GB FAILED AAAH GAJELAS LU","","","","","","","",""
"https://x.com/yologurl___","https://pbs.twimg.com/profile_images/1674609486185766912/8PrSQEEv_normal.jpg","","@yologurl___","·","https://x.com/yologurl___/status/2052164715305148687","May 7","jelek","",". Saya tlpn PLN detik itu juga langsung di cek ke rumah. Kalian butuh 2 hari kaga kerumah-rumah","1","https://x.com/yologurl___/status/2052164715305148687/analytics","47","","","Udah saya dm dari kmren gak jelas, begitu terus balesannya. Gak benerin nih indihome sistemnya","","","","Replying to","https://x.com/IndiHome","@IndiHome","",""
"https://x.com/woo_jihoonn","https://pbs.twimg.com/profile_images/1895132355628802048/Ic_fv03m_normal.jpg","우아해","@woo_jihoonn","·","https://x.com/woo_jihoonn/status/2051642167089828038","May 5","","jelek","","1","https://x.com/woo_jihoonn/status/2051642167089828038/analytics","81","@Telkomsel","https://x.com/Telkomsel","woyy kuota doang mahal tapi sinyalnya","","","","","","","https://abs.twimg.com/emoji/v2/svg/1f644.svg",""
"https://x.com/glimpsekey","https://pbs.twimg.com/profile_images/1748505308144803840/hMMo0KcE_normal.jpg","gurlfromnowhere","@glimpsekey","·","https://x.com/glimpsekey/status/2051865727704134076","May 6","telkomsel","jelek",", ga make sense sm harga yg semahal itu","1","https://x.com/glimpsekey/status/2051865727704134076/analytics","108","@Telkomsel","https://x.com/Telkomsel","apasihh maunya sinyal bener”","","","","","","","",""
"https://x.com/fajarharahap","https://pbs.twimg.com/profile_images/1352234795204395009/R849VEVK_normal.jpg","efdeha","@fajarharahap","·","https://x.com/fajarharahap/status/2051320149907742767","May 4","","","ini selalu bikin masalah... 

Topup pulsa 30 ribu + 25 ribu yang masuk cuma 20 ribu. 30 ribu dipotong utk paket darurat yang saya tak tau fungsinya utk apa. Kembalikan pulsa yang kalian potong, njiiiirrrr","1","https://x.com/fajarharahap/status/2051320149907742767/analytics","281","@Telkomsel","https://x.com/Telkomsel","Kenapa","","","","","","","",""
"https://x.com/nomnomzzn","https://pbs.twimg.com/profile_images/2030390744197083136/Edg50GiJ_normal.jpg","mey pcd","@nomnomzzn","·","https://x.com/nomnomzzn/status/2043345053100511690","Apr 12","telkomsel","jelek","","1","https://x.com/nomnomzzn/status/2043345053100511690/analytics","217","","","ini wifi ga nyala nyala si","banget juga gimana sik","","","","","","https://abs.twimg.com/emoji/v2/svg/263a.svg",""
"https://x.com/lunaison__","https://pbs.twimg.com/profile_images/1976681261990367233/DpKdVANh_normal.jpg","mawttt","@lunaison__","·","https://x.com/lunaison__/status/2042186984677101643","Apr 9","JELEK","TELKOMSEL",",","1","https://x.com/lunaison__/status/2042186984677101643/analytics","496","","","PLN","",". INI KUPANG KO KAMPUNG NIH","","","","","",""
"https://x.com/rikimatcha_","https://pbs.twimg.com/profile_images/2048389656115654656/kB8e7eqW_normal.jpg","cha","@rikimatcha_","·","https://x.com/rikimatcha_/status/2051632295174631904","May 5","JELEK","JELEK","BGT ASTAGHFIRULLAH MAHAL DOANG KUALITAS","1","https://x.com/rikimatcha_/status/2051632295174631904/analytics","247","@Telkomsel","https://x.com/Telkomsel","SINYAL LU","","","","","","","",""
"https://x.com/accmawwin","https://pbs.twimg.com/profile_images/2050167863517097984/jNspzd8T_normal.jpg","dididodo","@accmawwin","·","https://x.com/accmawwin/status/2049347941048213728","Apr 29","telkomsel","jelek","banget dah klo matlis","1","https://x.com/accmawwin/status/2049347941048213728/analytics","113","","","","","","","","","","",""
"https://x.com/akupusinkbgtt","https://pbs.twimg.com/profile_images/1983725503304626179/f_ycKg1e_normal.jpg","ginn","@akupusinkbgtt","·","https://x.com/akupusinkbgtt/status/2040050554274214084","Apr 3","telkomsel","jelek","","2","https://x.com/akupusinkbgtt/status/2040050554274214084/analytics","153","","","udah wifi eror dari tadi malam, ini jga jaringan","bet. udah paling mahal tpi ttp","tuh gmn yahhh","","","","","https://abs.twimg.com/emoji/v2/svg/1f621.svg",""
"https://x.com/calrubyjane","https://pbs.twimg.com/profile_images/2035020985511157765/8pRkPC83_normal.jpg","Cal","@calrubyjane","·","https://x.com/calrubyjane/status/2051566496758059059","May 5","","jelek","bgt????","1","https://x.com/calrubyjane/status/2051566496758059059/analytics","65","@Telkomsel","https://x.com/Telkomsel","tanggung jawab plis kerjaan gue terhambat… sinyal lu","","","","","","","",""
"https://x.com/Telkomsel","https://pbs.twimg.com/profile_images/1405865624232882176/uA2xXUFP_normal.jpg","Telkomsel","@Telkomsel","·","https://x.com/Telkomsel/status/2052821115941343492","41m","","",". Silakan menunggu interaksi selanjutnya via DM ya","","https://x.com/Telkomsel/status/2052821115941343492/analytics","6","","","Baik Kak","-Fadil","","@oreldie","Replying to","https://x.com/oreldie","@oreldie","https://abs.twimg.com/emoji/v2/svg/1f60a.svg","[object Object]"
"https://x.com/acillleeee","https://pbs.twimg.com/profile_images/1974302385465135105/xAVLLFlK_normal.jpg","micaaaa𝜗𝜚","@acillleeee","·","https://x.com/acillleeee/status/2050614515893678588","May 2","telkomsel","jelek","bgt anjirrr","1","https://x.com/acillleeee/status/2050614515893678588/analytics","156","","","","","","","","","","",""
"https://x.com/nyuunoona","https://pbs.twimg.com/profile_images/1962830927568216068/se8eEjdJ_normal.jpg","뉴","@nyuunoona","·","https://x.com/nyuunoona/status/2049320886755573931","Apr 29","telkomsel","jelek","bgt ilang2an mulu","1","https://x.com/nyuunoona/status/2049320886755573931/analytics","416","","","indihome sinyal","","","","","","","",""
"https://x.com/7am_class","https://pbs.twimg.com/profile_images/2033194375870889987/62WGK9BW_normal.jpg","𐦂𖨆𐀪𖠋","@7am_class","·","https://x.com/7am_class/status/2050088430424739907","May 1","","jelek","bgt sinyalnya tolong","1","https://x.com/7am_class/status/2050088430424739907/analytics","36","@Telkomsel","https://x.com/Telkomsel","","","","","","","","",""
"https://x.com/_Goldenkkuk","https://pbs.twimg.com/profile_images/1629504799078236160/Mc62OKdQ_normal.jpg","An ARMY","@_Goldenkkuk","·","https://x.com/_Goldenkkuk/status/2046577503758897420","Apr 21","telkomsel","jelek","sinyalnya","1","https://x.com/_Goldenkkuk/status/2046577503758897420/analytics","62","","","Kenapa lately","bgt dah anjir","","","","","","",""
"https://x.com/yourliebeee","https://pbs.twimg.com/profile_images/1771273120990838787/FU8cocA__normal.jpg","justyourex","@yourliebeee","·","https://x.com/yourliebeee/status/2048059544887292395","Apr 25","telkomsel","jelek","lagi jaringannya dah","1","https://x.com/yourliebeee/status/2048059544887292395/analytics","108","","","mulai","","","","","","","",""
"https://x.com/Nerodixie","https://pbs.twimg.com/profile_images/1814007128929230848/sDMMNlvv_normal.jpg","Nero","@Nerodixie","·","https://x.com/Nerodixie/status/2043926181339377938","Apr 14","Telkomsel","jelek","5G jaringan kaya siput lemot, harga paket mahal kualitas ampas","1","https://x.com/Nerodixie/status/2043926181339377938/analytics","162","@Telkomsel","https://x.com/Telkomsel","kartu ampas sinyal","","","","","","","",""
"https://x.com/irinasyf","https://pbs.twimg.com/profile_images/1812031616056725504/UlB21eHb_normal.jpg","c","@irinasyf","·","https://x.com/irinasyf/status/2044745729177198908","Apr 16","telkomsel","jelek","lu seminggu","2","https://x.com/irinasyf/status/2044745729177198908/analytics","161","","","heh","bgt sumpah koneksi","ga dibenerin segera, aplikasi ga bisa login.","JELEK","","","","",""
"https://x.com/aglioolioo_","https://pbs.twimg.com/profile_images/2046768851065655296/zA3KK4ym_normal.jpg","gigi","@aglioolioo_","·","https://x.com/aglioolioo_/status/2036970143889440774","Mar 26","","jelek","","1","https://x.com/aglioolioo_/status/2036970143889440774/analytics","300","@Telkomsel","https://x.com/Telkomsel","Aplikasi","banget, gabisa login, mau beli kuota gabisa, beli dari mbanking malah ga bisa dipake kuotanya, sampahlah","","","","","","",""
"https://x.com/cilanduy","https://pbs.twimg.com/profile_images/1873014850194210816/ZIF_CMiZ_normal.jpg","n","@cilanduy","·","https://x.com/cilanduy/status/2049141444649390273","Apr 28","TELKOMSEL","JELEK","","1","https://x.com/cilanduy/status/2049141444649390273/analytics","141","","","","","","","","","","",""
"https://x.com/kyocull","https://pbs.twimg.com/profile_images/2021271229286711296/MF4Vt1SI_normal.jpg","Jac","@kyocull","·","https://x.com/kyocull/status/2050863702514299020","May 3","Telkomsel","jelek","bngt","2","https://x.com/kyocull/status/2050863702514299020/analytics","209","","","ni udh mahal, sinyal nya","","","","","","","",""
"https://x.com/arethesunshine","https://pbs.twimg.com/profile_images/1983911894143647744/bnyTT4AS_normal.jpg","cola","@arethesunshine","·","https://x.com/arethesunshine/status/2051802119532085388","May 6","telkomsel","","begini di tengah kota jakarta padahal wkwk sucks ganti ah","1","https://x.com/arethesunshine/status/2051802119532085388/analytics","64","","","Sering banget","","","","","","","",""
"https://x.com/winterqin","https://pbs.twimg.com/profile_images/1842993654618796032/LB-e7OlD_normal.jpg","nat","@winterqin","·","https://x.com/winterqin/status/2043720257374990605","Apr 13","telkomsel","jelek","","1","https://x.com/winterqin/status/2043720257374990605/analytics","212","@Telkomsel","https://x.com/Telkomsel","sumpah telfon inter nya","bgt!! gue nerima telfon dr shenzhen tapi suara orgnya hampir GA KEDENGERAN!!","dah 2x gue kek gini. volte dah nyala pdhl","","","","","",""
"https://x.com/hyvaiii","https://pbs.twimg.com/profile_images/1659244594721333248/XyvgQHJX_normal.jpg","kaktus","@hyvaiii","·","https://x.com/hyvaiii/status/2047588200500335036","Apr 24","telkomsel","jelek","","1","https://x.com/hyvaiii/status/2047588200500335036/analytics","27","@Telkomsel","https://x.com/Telkomsel","kenapa kalo siang hari gini sinyal","banget ya Allah.
menguji kebaran banget elahhh","","","","","","",""
"https://x.com/stefaquera","https://pbs.twimg.com/profile_images/1799687151296335872/Z6fEhEGI_normal.jpg","Stefaquèra","@stefaquera","·","https://x.com/stefaquera/status/2042234905535598798","Apr 9","telkomsel","jelek","udah","1","https://x.com/stefaquera/status/2042234905535598798/analytics","76","","","ini","sinyalnya susah apalah","","","","","","",""
"https://x.com/BebalBoy","https://pbs.twimg.com/profile_images/1962862672287879168/FdLAQk7E_normal.jpg","Tech Bro Wannabe","@BebalBoy","·","https://x.com/BebalBoy/status/2052185741116199020","May 7","and 2 others","","Ane ambil paket JITU 2P (Internet + Phone). Telepon? Jarang dipake.","1","https://x.com/BebalBoy/status/2052185741116199020/analytics","220","","https://x.com/BebalBoy/status/2052185741116199020/people","Soal tagihan, bisa liat sendiri.

Yes, lumayan mahal.

Hampir setengah juta per bulannya tapi speed-nya msh di bawah 100 Mbps.","","","","Replying to","https://x.com/BebalBoy","@BebalBoy","https://abs.twimg.com/emoji/v2/svg/1f605.svg",""
"https://x.com/eeriegupiter","https://pbs.twimg.com/profile_images/2046990894361104384/nYsl1_C5_normal.jpg","gie","@eeriegupiter","·","https://x.com/eeriegupiter/status/2041374841450996140","Apr 7","","jelek","sinyalnya kenapa","4","https://x.com/eeriegupiter/status/2041374841450996140/analytics","864","@telkomsel","https://x.com/telkomsel","ini","bgt dah, refresh sosmed lamaaa bgt anjir","","","","","","",""
"https://x.com/CareIM3","https://pbs.twimg.com/profile_images/2038455698301112320/f7vnFxDb_normal.jpg","IM3 Care","@CareIM3","·","https://x.com/CareIM3/status/2052825652571643918","23m","","","","1","https://x.com/CareIM3/status/2052825652571643918/analytics","8","","","Hai Kak Hikam, maaf banget ya atas pengalamannya. Terkait untuk keluhan jaringan langkah awal silahkan dapat Off On HPnya kemudian dicoba kembali. Apabila masih sama informasikan detailnya melalui DM kami ya Kak. Terima kasih^Lany","","","","Replying to","https://x.com/hikamfajri1","@hikamfajri1","","[object Object]"
"https://x.com/Telkomsel","https://pbs.twimg.com/profile_images/1405865624232882176/uA2xXUFP_normal.jpg","Telkomsel","@Telkomsel","·","https://x.com/Telkomsel/status/2052826767275303406","19m","Telkomsel","","-nya kenapa nih?","","https://x.com/Telkomsel/status/2052826767275303406/analytics","15","","","Mohon maaf, Kak.","Boleh yuk informasikan detailnya ke DM, biar kami bantu lebih lanjut.","-Sira","","Replying to","https://x.com/greencarat","@greencarat","https://abs.twimg.com/emoji/v2/svg/1f614.svg","[object Object]"
"https://x.com/Telkomsel","https://pbs.twimg.com/profile_images/1405865624232882176/uA2xXUFP_normal.jpg","Telkomsel","@Telkomsel","·","https://x.com/Telkomsel/status/2052825097371840689","25m","","","-Sira","","https://x.com/Telkomsel/status/2052825097371840689/analytics","10","","","Mohon maaf ya, Kak Mario. Agar panggilan dari nomor yang tidak dikenal terblokir otomatis, Kakak bisa coba aktifkan fitur Block from Unknown Number / From Stranger / Silence Unknown Callers melalui pengaturan ponselnya, ya. Semoga informasi ini membantu.","","","","Replying to","https://x.com/rckymario","@rckymario","https://abs.twimg.com/emoji/v2/svg/1f64f.svg","[object Object]"
"https://x.com/Joo_kristoper","https://pbs.twimg.com/profile_images/1422088186348523521/YHPmG8lQ_normal.jpg","Jonathan Kristoper","@Joo_kristoper","·","https://x.com/Joo_kristoper/status/2052291244047638976","May 7","","","","1","https://x.com/Joo_kristoper/status/2052291244047638976/analytics","57","","","Ini di Kawasan KIIC loh bukan di pelosok hutan, harga mahal jaringan sulit","","","","Replying to","https://x.com/Telkomsel","@Telkomsel","https://abs.twimg.com/emoji/v2/svg/1f44e-1f3fb.svg",""
"https://x.com/inside444mind","https://pbs.twimg.com/profile_images/2042665537810108419/rzlZOn12_normal.jpg","niye","@inside444mind","·","https://x.com/inside444mind/status/2042317726954504571","Apr 10","telkomsel","jelek","","1","https://x.com/inside444mind/status/2042317726954504571/analytics","134","","","ini jaringan","gara2 habis ujan gede kah","","","","","","",""
"https://x.com/ridvan2619","https://pbs.twimg.com/profile_images/2039105375857688577/8dtE_mPC_normal.jpg","Rıdvan Yalçın","@ridvan2619","·","https://x.com/ridvan2619/status/2052825961545056491","22m","Translated from Turkish","Show original","","1","https://x.com/ridvan2619/status/2052825961545056491/analytics","19","","","If Türknet fiber infrastructure has arrived, I think you should try it. 1000 mbps for 700₺ fixed? Read it again, maybe you missed or misread something. They don't require commitment and they adjust according to the economy.

Me, Türksat 100 mbps 495₺ (1 year) + 595₺ (1 year)","","","","Replying to","https://x.com/adawong_99","@adawong_99","",""
"https://x.com/ludongoapagmn","https://pbs.twimg.com/profile_images/2002876864092925952/zOAVVU-e_normal.jpg","Ipong & samsul HP jelek","@ludongoapagmn","·","https://x.com/ludongoapagmn/status/2052828453414834498","12m","","","","","https://x.com/ludongoapagmn/status/2052828453414834498/analytics","21","","","mau aja dibodohi brand badut, ya terserah sih, uang"" kalian juga. tapi emang ampas semua, mulai dari layar busuk, pelayanan busuk (ga semua), spek busuk, harga busuk, ga dpt apa"" kyk hp second batangan, desain busuk (sama dari bawah - atas) dan masih banyak lagi","","","","Replying to","https://x.com/tanyarlfes","@tanyarlfes","",""
"https://x.com/Telkomsel","https://pbs.twimg.com/profile_images/1405865624232882176/uA2xXUFP_normal.jpg","Telkomsel","@Telkomsel","·","https://x.com/Telkomsel/status/2051786638221869072","May 6","","","-Romeo","","https://x.com/Telkomsel/status/2051786638221869072/analytics","69","","","Mohon maaf atas ketidaknyamanannya, Kak Jiseok. Terkait kendala sinyal yang tidak optimal, silakan menginformasikan nomor melalui DM agar dapat kami bantu lakukan pengecekan lebih lanjut. Terima kasih","","","","Replying to","https://x.com/tetehgaonbogor","@tetehgaonbogor","https://abs.twimg.com/emoji/v2/svg/1f60a.svg","[object Object]"
"https://x.com/Telkomsel","https://pbs.twimg.com/profile_images/1405865624232882176/uA2xXUFP_normal.jpg","Telkomsel","@Telkomsel","·","https://x.com/Telkomsel/status/2052046642845786225","May 6","Telkomsel","","alami","","https://x.com/Telkomsel/status/2052046642845786225/analytics","47","","","Mohon maaf atas ketidaknyamanan yang Kak","Bagaimana kondisi jaringan saat ini, Kak? Apakah sudah kembali normal? Jika masih berkendala, silakan informasikan lokasi dan nomor","Kakak melalui DM agar Baba dapat membantu melakukan pengecekan lebih lanjut ya","@helcetus","Replying to","https://x.com/helcetus","@helcetus","https://abs.twimg.com/emoji/v2/svg/1f64f.svg","[object Object]"
"https://x.com/taetaby","https://pbs.twimg.com/profile_images/1988469492062842882/XMg0MZDe_normal.jpg","mavie","@taetaby","·","https://x.com/taetaby/status/2046996321073291498","Apr 22","TELKOMSEL","JELEK","","2","https://x.com/taetaby/status/2046996321073291498/analytics","313","","","SINYAL","BGT, PDHL UDH 5G KOCAK LU","","","","","","",""
"https://x.com/IN0HTAF","https://pbs.twimg.com/profile_images/2032727875099701251/HShM6mvl_normal.jpg","losrt","@IN0HTAF","·","https://x.com/IN0HTAF/status/2051986093139194077","May 6","jelek","","banget","1","https://x.com/IN0HTAF/status/2051986093139194077/analytics","43","","","hari ini sinyal lu masih","","","","Replying to","https://x.com/Telkomsel","@Telkomsel","",""
"https://x.com/soursalliee","https://pbs.twimg.com/profile_images/1839194022004260865/tXKx319W_normal.jpg","Cel","@soursalliee","·","https://x.com/soursalliee/status/2051972655113457698","May 6","telkomsel","jelek","sinyalnya lg","1","https://x.com/soursalliee/status/2051972655113457698/analytics","137","","","belakangan ini","bgt","","","","","","",""
"https://x.com/urserotoninboo","https://abs.twimg.com/sticky/default_profile_images/default_profile_normal.png","Endorphins","@urserotoninboo","·","https://x.com/urserotoninboo/status/2050891790245593294","May 3","Telkomsel","jelek","banget","3","https://x.com/urserotoninboo/status/2050891790245593294/analytics","271","","","sama indihome akhir akhir ini kenapa ya? Ko","","","","","","","",""
"https://x.com/maulanaBLG","https://pbs.twimg.com/profile_images/2038652035319607296/hnSoLS-6_normal.jpg","Riesky Maulana","@maulanaBLG","·","https://x.com/maulanaBLG/status/2044403433390883325","Apr 15","Telkomsel","jelek","nya mood udah","1","https://x.com/maulanaBLG/status/2044403433390883325/analytics","78","","","Kalo udah ujan,",".
 Night aja by","","","","","","",""
"https://x.com/Telkomsel","https://pbs.twimg.com/profile_images/1405865624232882176/uA2xXUFP_normal.jpg","Telkomsel","@Telkomsel","·","https://x.com/Telkomsel/status/2050871619300843839","May 3","Telkomsel","","Laporan akan kami bantu lebih lanjut. Boleh yuk kirimkan nomor","","https://x.com/Telkomsel/status/2050871619300843839/analytics","77","","","Mohon maaf ya, Kak.","dan capture kendala pada aplikasi MyTelkomsel-nya ke DM kami. Ditunggu ya, Kak. Terima kasih. -Sira","","","Replying to","https://x.com/jellyxjuly","@jellyxjuly","https://abs.twimg.com/emoji/v2/svg/1f64f.svg","[object Object]"
"https://x.com/Telkomsel","https://pbs.twimg.com/profile_images/1405865624232882176/uA2xXUFP_normal.jpg","Telkomsel","@Telkomsel","·","https://x.com/Telkomsel/status/2052368767930536216","May 7","","",". Mohon maaf ya. Untuk kendala tarif paket dan sinyalnya, boleh konfirmasi dan informasikan nomor HP kakak serta lokasi berkendalanya ke DM ya. Terima kasih","","https://x.com/Telkomsel/status/2052368767930536216/analytics","20","","","Hai Kak","-Remi","","@telvkoo_","Replying to","https://x.com/telvkoo_","@telvkoo_","https://abs.twimg.com/emoji/v2/svg/1f64f.svg","[object Object]"
"https://x.com/hyachintia","https://pbs.twimg.com/profile_images/2032328177994121221/XCFY0h_T_normal.png","dina","@hyachintia","·","https://x.com/hyachintia/status/2045552807856799904","Apr 19","telkomsel","jelek","banget jaringan luu","1","https://x.com/hyachintia/status/2045552807856799904/analytics","69","","","","","","","","","","",""
"https://x.com/putri_lior4","https://pbs.twimg.com/profile_images/1946343959145713664/m8HNAhd2_normal.jpg","Putri_Liora","@putri_lior4","·","https://x.com/putri_lior4/status/2052009206056907253","May 6","","","suka idle gitu saat kita tidak memakai atau beraktifitas apapun dengan (data internet) hp dalam kurun waktu 4 jam lebih.
Jadi harus ke mode pesawat dulu baru aktif lagi.","1","https://x.com/putri_lior4/status/2052009206056907253/analytics","247","@Telkomsel","https://x.com/Telkomsel","Kenapa data internet","","","","","","","",""
"https://x.com/ludongoapagmn","https://pbs.twimg.com/profile_images/2002876864092925952/zOAVVU-e_normal.jpg","Ipong & samsul HP jelek","@ludongoapagmn","·","https://x.com/ludongoapagmn/status/2052828453414834498","12m","0:08","","","","https://x.com/ludongoapagmn/status/2052828453414834498/analytics","21","","","mau aja dibodohi brand badut, ya terserah sih, uang"" kalian juga. tapi emang ampas semua, mulai dari layar busuk, pelayanan busuk (ga semua), spek busuk, harga busuk, ga dpt apa"" kyk hp second batangan, desain busuk (sama dari bawah - atas) dan masih banyak lagi","","","","Replying to","https://x.com/tanyarlfes","@tanyarlfes","",""
"https://x.com/kleoprata_","https://pbs.twimg.com/profile_images/2045126995944820736/us-GwSrU_normal.jpg","kya","@kleoprata_","·","https://x.com/kleoprata_/status/2052006487531401725","May 6","jelek","telkomsel","","1","https://x.com/kleoprata_/status/2052006487531401725/analytics","87","","","bntr ya gess sinyal aku","soalnya","","","","","","",""
"https://x.com/alfienari","https://pbs.twimg.com/profile_images/1810532913311801344/bs__bMwP_normal.jpg","pine","@alfienari","·","https://x.com/alfienari/status/2051996825482362913","May 6","","jelek","","2","https://x.com/alfienari/status/2051996825482362913/analytics","120","@Telkomsel","https://x.com/Telkomsel","Kentang banget","jaringan","barengan, sumpah kena azab deh bumn satu ini","@IndiHome","","","","",""
"https://x.com/ludongoapagmn","https://pbs.twimg.com/profile_images/2002876864092925952/zOAVVU-e_normal.jpg","Ipong & samsul HP jelek","@ludongoapagmn","·","https://x.com/ludongoapagmn/status/2052828453414834498","12m","0:07","","","","https://x.com/ludongoapagmn/status/2052828453414834498/analytics","21","","","mau aja dibodohi brand badut, ya terserah sih, uang"" kalian juga. tapi emang ampas semua, mulai dari layar busuk, pelayanan busuk (ga semua), spek busuk, harga busuk, ga dpt apa"" kyk hp second batangan, desain busuk (sama dari bawah - atas) dan masih banyak lagi","","","","Replying to","https://x.com/tanyarlfes","@tanyarlfes","",""
"https://x.com/Telkomsel","https://pbs.twimg.com/profile_images/1405865624232882176/uA2xXUFP_normal.jpg","Telkomsel","@Telkomsel","·","https://x.com/Telkomsel/status/2052640734474563956","12h","Telkomsel","",". Mohon maaf atas kendala sinyalnya. Agar bisa segera dicek dan diperbaiki, infokan nomor HP, lokasi detail (min. s.d Kelurahan) & nomor","","https://x.com/Telkomsel/status/2052640734474563956/analytics","40","","","Halo, selamat siang Kak","lain yg kendala sama (jika ada) ke DM ya. Tks","-Nala","@pikachuteknik","Replying to","https://x.com/pikachuteknik","@pikachuteknik","https://abs.twimg.com/emoji/v2/svg/1f60a.svg","[object Object]"
"https://x.com/josjos__","https://pbs.twimg.com/profile_images/1841925570432794626/dvjgZQ_K_normal.jpg","jo","@josjos__","·","https://x.com/josjos__/status/2045882212625891503","Apr 19","Telkomsel","jelek","gini jaringan nya","1","https://x.com/josjos__/status/2045882212625891503/analytics","153","","","kenapa jadi","","","","","","","",""
"https://x.com/baebaelub","https://pbs.twimg.com/profile_images/2049514048342183936/z4xo2Aw9_normal.jpg","Odi","@baebaelub","·","https://x.com/baebaelub/status/2052003087108526144","May 6","jelek","","berhari-hari itu batas waktu penggunaan kuotanya dipanjangin, ini udah gak bisa dipake, batasnya tinggal sedikit tar endingnya hangus, ngerugiin aja.","1","https://x.com/baebaelub/status/2052003087108526144/analytics","114","","","Nggak, gak guna. Minimal kalo sinyal","","","","Replying to","https://x.com/Telkomsel","@Telkomsel","",""
"https://x.com/mahaaazh","https://pbs.twimg.com/profile_images/2051718707534290944/tjhM8CrY_normal.jpg","D","@mahaaazh","·","https://x.com/mahaaazh/status/2051305732122022377","May 4","telkomsel","jelek","banget sinyalnya","1","https://x.com/mahaaazh/status/2051305732122022377/analytics","706","","","kenapa","","","","","","","https://abs.twimg.com/emoji/v2/svg/1f635-200d-1f4ab.svg",""
"https://x.com/postraumatized","https://pbs.twimg.com/profile_images/1996613427708731392/ZHAiCh2Y_normal.jpg","","@postraumatized","·","https://x.com/postraumatized/status/2034603118902813171","Mar 19","telkomsel","jelek","bgt sial","1","https://x.com/postraumatized/status/2034603118902813171/analytics","1.7K","","","lg mudik gini malah","","","","","","","",""
"https://x.com/veusmvoyez","https://pbs.twimg.com/profile_images/2029399393233969152/r615gONI_normal.jpg","mprisy","@veusmvoyez","·","https://x.com/veusmvoyez/status/2044796897769275695","Apr 16","jelek","","","1","https://x.com/veusmvoyez/status/2044796897769275695/analytics","363","@telkomsel","https://x.com/Telkomsel","mahal doang tcih sinyal","","","","","","","",""
"https://x.com/Shirohiko__","https://pbs.twimg.com/profile_images/1623688391622795264/mNUtmgsu_normal.jpg","Shirohiko","@Shirohiko__","·","https://x.com/Shirohiko__/status/2051574123894378651","May 5","","","","1","https://x.com/Shirohiko__/status/2051574123894378651/analytics","117","@Telkomsel","https://x.com/Telkomsel","mohon sebelum menaikn harga cek dulu kualitas signal nya. Udah sebulan lebih gini terus. Udah mh kalau hujan jaringan hilang. Terus harga paket mahal semua","","","","","","","",""
"https://x.com/bisnisbaju611","https://pbs.twimg.com/profile_images/1796505719199686656/eZi25Jmk_normal.png","Cloud Konveksi","@bisnisbaju611","·","https://x.com/bisnisbaju611/status/2050620961033208098","May 2","","jelek","dan","1","https://x.com/bisnisbaju611/status/2050620961033208098/analytics","170","@Telkomsel","https://x.com/Telkomsel","Halo",". Ini di daerah Cipulir, Ulujami, Pesanggrahan sinyal kok","banget ya? Whatsapp pending, Zoom gak masuk, streaming lelet,  apalagi game kompetitif ping nya parah sering di angka 200-300an ms. Kayaknya udah 1-2mingguan begini gak berubah2.","@byu_id","","","","",""
"https://x.com/nditzh","https://pbs.twimg.com/profile_images/1963142774087438336/_Cq_3vPV_normal.jpg","kiaa","@nditzh","·","https://x.com/nditzh/status/2049471432699285929","Apr 29","Telkomsel","jelek","","1","https://x.com/nditzh/status/2049471432699285929/analytics","65","","","","","","","","","","",""
"https://x.com/anom4le","https://pbs.twimg.com/profile_images/1890366900800278528/ARMKkVN1_normal.jpg","lele","@anom4le","·","https://x.com/anom4le/status/2051201343944319351","May 4","","jelek","mulu","1","https://x.com/anom4le/status/2051201343944319351/analytics","55","@Telkomsel","https://x.com/Telkomsel","kenapa sih","","","","","","","",""
"https://x.com/IN0HTAF","https://pbs.twimg.com/profile_images/2032727875099701251/HShM6mvl_normal.jpg","losrt","@IN0HTAF","·","https://x.com/IN0HTAF/status/2051541478326083888","May 5","jelek","","terus padahal lagi di jakarta, jgn mahal doang sinyal lu butut","2","https://x.com/IN0HTAF/status/2051541478326083888/analytics","230","@Telkomsel","https://x.com/Telkomsel","sinyal lu kenapa si ngehe","","","","","","","",""
"https://x.com/RutBeats","https://pbs.twimg.com/profile_images/1992637478810066944/qneiLgml_normal.jpg","ؘ","@RutBeats","·","https://x.com/RutBeats/status/2049156844225266058","Apr 28","Telkomsel","jelek","","1","https://x.com/RutBeats/status/2049156844225266058/analytics","132","","","Buset","banget sinyalnya jir malah no connection.","","","","","","",""
"https://x.com/abiyyuan611","https://pbs.twimg.com/profile_images/1990811706117832704/-lLibbod_normal.jpg","Black Cat","@abiyyuan611","·","https://x.com/abiyyuan611/status/2050808690073317792","May 3","","jelek","","2","https://x.com/abiyyuan611/status/2050808690073317792/analytics","223","@Telkomsel","https://x.com/Telkomsel","Min","daerah Cipulir Ulujami sinyal kalian","parah. Pake speed test mostly <10mbps donload dan <3mbps upload","@byu_id","","","","",""
"https://x.com/chopeacho","https://pbs.twimg.com/profile_images/1968862800488656896/0QvpHs_3_normal.png","Lis ٭ ˙✩","@chopeacho","·","https://x.com/chopeacho/status/2039646041306550583","Apr 2","jelek","","abiezzzz","2","https://x.com/chopeacho/status/2039646041306550583/analytics","117","@Telkomsel","https://x.com/Telkomsel","Sinyal lo kalau jam segini sampai malam","","","","","","","",""
"https://x.com/panzzzt","https://pbs.twimg.com/profile_images/1678305664094044160/7jTpX2tK_normal.jpg","firrr","@panzzzt","·","https://x.com/panzzzt/status/2051920403812278370","May 6","telkomsel","jelek","","3","https://x.com/panzzzt/status/2051920403812278370/analytics","202","","","kesel banget indihome dari kemarin malem eror terus sinyal","di dalem kamar","","","","","","",""
"https://x.com/FARESDNTA12","https://pbs.twimg.com/profile_images/1963275311036166144/QEZEyYcv_normal.jpg","FARES","@FARESDNTA12","·","https://x.com/FARESDNTA12/status/2045781819132633115","Apr 19","telkomsel","jelek","hilang trus Wifi indihome juga sama","1","https://x.com/FARESDNTA12/status/2045781819132633115/analytics","211","@telkomsel","https://x.com/Telkomsel","Heh ini sinyal","sinyalnya muncul hilang terus, mana paket lu mahal tp servisnya","bgt dah elah","","","","","",""
"https://x.com/jnnxvi","https://pbs.twimg.com/profile_images/2052768549819854848/8YTH3Nvp_normal.jpg","Meysi","@jnnxvi","·","https://x.com/jnnxvi/status/2040746751754379300","Apr 5","","jelek",",","1","https://x.com/jnnxvi/status/2040746751754379300/analytics","249","@telkomsel","https://x.com/Telkomsel","Gajelas lu","bener jaringannya beberapa hari ini","","","","","","",""
"https://x.com/bucamatz","https://pbs.twimg.com/profile_images/1971495438793715712/RtOg_ppm_normal.jpg","klemarklemer","@bucamatz","·","https://x.com/bucamatz/status/2041159024020955641","Apr 6","Telkomsel","jelek","banget sinyalnya, harus di dekat jendela masa","1","https://x.com/bucamatz/status/2041159024020955641/analytics","172","@Telkomsel","https://x.com/Telkomsel","",", atau keluar rumah baru bisa dipake ini","","","","","","https://abs.twimg.com/emoji/v2/svg/1f927.svg",""
"https://x.com/Telkomsel","https://pbs.twimg.com/profile_images/1405865624232882176/uA2xXUFP_normal.jpg","Telkomsel","@Telkomsel","·","https://x.com/Telkomsel/status/2052491605400334352","22h","","","alami","","https://x.com/Telkomsel/status/2052491605400334352/analytics","15","","","Mohon maaf atas ketidaknyamanan yang Kak","Terkait kendala sinyal, mohon kesediaan Kakak untuk menginformasikan lokasi saat ini serta nomor HP melalui DM agar dapat kami lakukan pengecekan lebih lanjut. Terima kasih","-Baba","@mrs_jeona","Replying to","https://x.com/mrs_jeona","@mrs_jeona","https://abs.twimg.com/emoji/v2/svg/1f64f.svg","[object Object]"
"https://x.com/RyanChr","https://pbs.twimg.com/profile_images/1766430838680621056/heXznCZ9_normal.jpg","Ryan Christian #32","@RyanChr","·","https://x.com/RyanChr/status/2052024839364579758","May 6","","jelek","sinyal daerah rancamanyar kenapa","1","https://x.com/RyanChr/status/2052024839364579758/analytics","150","@Telkomsel","https://x.com/Telkomsel","Min","banget, kena 4G tp bar nya cuma 1","","","","","","",""
"https://x.com/Telkomsel","https://pbs.twimg.com/profile_images/1405865624232882176/uA2xXUFP_normal.jpg","Telkomsel","@Telkomsel","·","https://x.com/Telkomsel/status/2051235336832073845","May 4","Telkomsel","",". Tolong infokan No. HP, lokasi (Kel., Kec., Kab./Kota) & No.","1","https://x.com/Telkomsel/status/2051235336832073845/analytics","36","","","Mengenai kendala internet lambat, Kami minta maaf Kak Jenoc","lain berkendala sama via DM, agar Kami bantu & privasi data terjaga. Thanks","-Fio","","Replying to","https://x.com/jenoc24","@jenoc24","https://abs.twimg.com/emoji/v2/svg/1f614.svg","[object Object]"
"https://x.com/ahmetarslan029","https://pbs.twimg.com/profile_images/1900507060573192193/5z-xTvwY_normal.jpg","A.S.A","@ahmetarslan029","·","https://x.com/ahmetarslan029/status/2052820334298927408","45m","Translated from Turkish","Show original","@VodafoneTR","@Turkcell","https://x.com/ahmetarslan029/status/2052820334298927408/analytics","13","","https://x.com/VodafoneTR","","","There are 3 operators in Turkey, and Telekom, which should be the most mediocre, is way below that level in terms of signal, I think. I'm really curious about the other operators.","@ticaret","","https://x.com/Turkcell","","https://abs.twimg.com/emoji/v2/svg/1f914.svg",""
"https://x.com/patrickugy","https://pbs.twimg.com/profile_images/1987549613256212480/gUhYiCGD_normal.jpg","patrick","@patrickugy","·","https://x.com/patrickugy/status/2050692628229009427","May 3","jelek","","fall","1","https://x.com/patrickugy/status/2050692628229009427/analytics","48","","","Gw make itu tp masih","","","","Replying to","https://x.com/OutMyClosett","@OutMyClosett","",""
"https://x.com/Y8SHINORl","https://pbs.twimg.com/profile_images/1746133686301622272/CQfvoz19_normal.jpg","al (butuh penguasa bumi)","@Y8SHINORl","·","https://x.com/Y8SHINORl/status/2051168464430301313","May 4","telkomsel","jelek","makin hari makin","1","https://x.com/Y8SHINORl/status/2051168464430301313/analytics","213","@Telkomsel","https://x.com/Telkomsel","plis knp","sih jaringannya anjir?

Gw sampe pakai wifi kampus saking jeleknya ni internet (stiap kali pakai paketan pasti sinyalnya hilang trs). Wdym","masa udh byr mahal2 tp  kaya gini sih kualitasny","","","","","https://abs.twimg.com/emoji/v2/svg/2620.svg",""
"https://x.com/Telkomsel","https://pbs.twimg.com/profile_images/1405865624232882176/uA2xXUFP_normal.jpg","Telkomsel","@Telkomsel","·","https://x.com/Telkomsel/status/2050732751205396550","May 3","Telkomsel","","terima kasih sudah memilih nomor","1","https://x.com/Telkomsel/status/2050732751205396550/analytics","63","","","Halo Kak","Kami akan terus berusaha memberikan layanan dan penawaran terbaik untuk Kakak. Semoga jaringan kami selalu lancar untuk mendukung aktivitas Kakak sehari-hari. Sehat selalu","-Destri","@mccal__","Replying to","https://x.com/mccal__","@mccal__","https://abs.twimg.com/emoji/v2/svg/1f64f.svg","[object Object]"
"https://x.com/Shirohiko__","https://pbs.twimg.com/profile_images/1623688391622795264/mNUtmgsu_normal.jpg","Shirohiko","@Shirohiko__","·","https://x.com/Shirohiko__/status/2051574627646972414","May 5","","","","1","https://x.com/Shirohiko__/status/2051574627646972414/analytics","189","@Telkomsel","https://x.com/Telkomsel","mantap signal nya edan. Harga mahal jaringat lemot signal ilang ilangan parah","","","","","","","",""
"https://x.com/bdcfyi","https://pbs.twimg.com/profile_images/2033913314355646466/WXr9uSY4_normal.jpg","sal","@bdcfyi","·","https://x.com/bdcfyi/status/2050468922869285351","May 2","","jelek","","1","https://x.com/bdcfyi/status/2050468922869285351/analytics","134","@Telkomsel","https://x.com/Telkomsel","Cape banget hari-hari dapat spam call","bener kartu lu","","","","","","",""
"https://x.com/moylately","https://pbs.twimg.com/profile_images/1948243428908929024/0ZWkv5mM_normal.jpg","moy","@moylately","·","https://x.com/moylately/status/2044383741850869979","Apr 15","","jelek","","4","https://x.com/moylately/status/2044383741850869979/analytics","323","@Telkomsel","https://x.com/Telkomsel","Gila nih","bgtttt sinyal nyaaaaa",", ampe jawaban gue kek gini","","","","","https://abs.twimg.com/emoji/v2/svg/1f62d.svg",""
"https://x.com/moesnthere","https://pbs.twimg.com/profile_images/2041476002220777472/p4Vt2ubH_normal.jpg","king bob","@moesnthere","·","https://x.com/moesnthere/status/2041487172306690171","Apr 7","telkomsel","jelek","","1","https://x.com/moesnthere/status/2041487172306690171/analytics","139","","","tubis 1 ni emang sinyal","kah","","","","","","",""
"https://x.com/cumidunlop","https://pbs.twimg.com/profile_images/2048796641831034880/Q5AZwOwE_normal.jpg","sugus","@cumidunlop","·","https://x.com/cumidunlop/status/2051335045068329262","May 4","TELKOMSEL","","","2","https://x.com/cumidunlop/status/2051335045068329262/analytics","158","","","BUSUKKKKK BENERIN JARINGAN LU TLOLLLLL","","","- @ thesis","","","","",""
"https://x.com/sayasayayasayas","https://pbs.twimg.com/profile_images/1464642214269943811/iV6jf9i6_normal.jpg","San’s button shirt","@sayasayayasayas","·","https://x.com/sayasayayasayas/status/2038472092585456047","Mar 30","Telkomsel","jelek","","1","https://x.com/sayasayayasayas/status/2038472092585456047/analytics","63","","","Wehh","asli","","","","","","",""
"https://x.com/meidiapwr","https://pbs.twimg.com/profile_images/2035370910627299328/WZS17xlG_normal.jpg","mexdi","@meidiapwr","·","https://x.com/meidiapwr/status/2039365530864496815","Apr 1","telkomsel","jelek","sekarang lo","1","https://x.com/meidiapwr/status/2039365530864496815/analytics","128","@telkomsel","https://x.com/Telkomsel","Jujur","bngt jaringanyaaaa","mau jaringannya ada 4g/5g tp tibatiba menghubungkann","","","","","",""
"https://x.com/Vari_0us","https://pbs.twimg.com/profile_images/1460090183559233536/Ewy63OYP_normal.jpg","징징88","@Vari_0us","·","https://x.com/Vari_0us/status/2050419815643505075","May 2","","","","1","https://x.com/Vari_0us/status/2050419815643505075/analytics","129","@telkomsel","https://x.com/Telkomsel","perbaiki jaringannya. Mahal² tp jaringan lola. Sinyal kecil. Internet lemot.","","","","","","","",""
"https://x.com/nonhosentire","https://pbs.twimg.com/profile_images/1775130252672720896/vJr3SWkQ_normal.jpg","na.","@nonhosentire","·","https://x.com/nonhosentire/status/2041921665387655494","Apr 8","Telkomsel","jelek","banget najis","1","https://x.com/nonhosentire/status/2041921665387655494/analytics","150","","","","","","","","","","",""
"https://x.com/rosepetallilies","https://pbs.twimg.com/profile_images/1935743453133963264/_wuXXNVG_normal.jpg","la","@rosepetallilies","·","https://x.com/rosepetallilies/status/2043327264365105477","Apr 12","telkomsel","jelek","bet anying","1","https://x.com/rosepetallilies/status/2043327264365105477/analytics","133","","","","","","","","","","",""
"https://x.com/pawpawbet","https://pbs.twimg.com/profile_images/1432709125666902016/hCBXz7Zs_normal.jpg","*","@pawpawbet","·","https://x.com/pawpawbet/status/2051558435712618857","May 5","telkomsel","jelek","bgt internetnya, bener bener gbs dipake","1","https://x.com/pawpawbet/status/2051558435712618857/analytics","81","","","kenapa yah ini dari pagi","","","","","","","",""
"https://x.com/Telkomsel","https://pbs.twimg.com/profile_images/1405865624232882176/uA2xXUFP_normal.jpg","Telkomsel","@Telkomsel","·","https://x.com/Telkomsel/status/2051333360178631127","May 4","Telkomsel","",". Tolong infokan No. HP, lokasi (Kel., Kec., Kab./Kota), tgl dan waktu kejadian & No.","","https://x.com/Telkomsel/status/2051333360178631127/analytics","88","","","Untuk kendala sinyal lemah, Kami mohon maaf Kak Cica","lain berkendala sama via DM, agar Kami bantu & privasi data terjaga. Thanks","-Fio","","Replying to","https://x.com/leclercce","@leclercce","https://abs.twimg.com/emoji/v2/svg/1f614.svg","[object Object]"
"https://x.com/popkronjayy","https://pbs.twimg.com/profile_images/1847188593535864834/0HuLdno2_normal.jpg","asta","@popkronjayy","·","https://x.com/popkronjayy/status/2046910486776787408","Apr 22","jelek","telkomsel","apa emng akhir2 ini sinyal","2","https://x.com/popkronjayy/status/2046910486776787408/analytics","281","","","Di area sini yang sinyal telkomselnya","","","","","","","https://abs.twimg.com/emoji/v2/svg/1f914.svg",""
"https://x.com/Rocks90316","https://pbs.twimg.com/profile_images/1891379926152216576/Ms0N4kNC_normal.png","Rockstar202","@Rocks90316","·","https://x.com/Rocks90316/status/2051881179662688693","May 6","#telkomselindonesia","JELEK","sangat","1","https://x.com/Rocks90316/status/2051881179662688693/analytics","235","@Telkomsel","https://x.com/Telkomsel","Internet","sekali, udah mahal, kuota hangus, jalan di jaringan 5G ternyata lemotnya minta ampun
Gimana nii pak","#konsumenindonesia","@officialMKRI","","https://x.com/hashtag/telkomsel?src=hashtag_click","","",""
"https://x.com/CMGI64","https://pbs.twimg.com/profile_images/1454231099043897345/yHSHaKuA_normal.png","moises gonzalez isita","@CMGI64","·","https://x.com/CMGI64/status/2052824788280705190","27m","Translated from Spanish","Show original","","","https://x.com/CMGI64/status/2052824788280705190/analytics","9","","","these Telcel thieves, their shitty home Internet doesn't even have Internet, I'm paying 319 pesos a month for no service, damn mangy dogs, starving thieves, damn Daniel Hajj who's in charge of Telcel and is a total failure","","","@Telcel","","","","",""
"https://x.com/Telkomsel","https://pbs.twimg.com/profile_images/1405865624232882176/uA2xXUFP_normal.jpg","Telkomsel","@Telkomsel","·","https://x.com/Telkomsel/status/2052482747680309368","23h","Telkomsel","","alami","","https://x.com/Telkomsel/status/2052482747680309368/analytics","32","","","Mohon maaf atas ketidaknyamanan yang Kak","Bagaimana kondisi jaringan saat ini, Kak? Apakah sudah kembali normal? Silakan informasikan lokasi dan nomor","Kakak melalui DM agar Baba dapat membantu melakukan pengecekan lebih lanjut ya","@hijkloveuu","Replying to","https://x.com/hijkloveuu","@hijkloveuu","https://abs.twimg.com/emoji/v2/svg/1f64f.svg","[object Object]"
"https://x.com/zee_nisya","https://pbs.twimg.com/profile_images/1451972874810527748/KuXND3Tw_normal.jpg","Nisya Putri","@zee_nisya","·","https://x.com/zee_nisya/status/2040441254207766732","Apr 4","","jelek","","1","https://x.com/zee_nisya/status/2040441254207766732/analytics","60","@Telkomsel","https://x.com/Telkomsel","Ga ngerti lg sama sinyal di rmh..","bgt sinyal ampuunn.. paketan mahal doang sinyal lemot bgt","","","","","","https://abs.twimg.com/emoji/v2/svg/1f62d.svg",""
"https://x.com/idnavon","https://pbs.twimg.com/profile_images/2039342225637953536/VSpu_kCj_normal.jpg","Saint Nov","@idnavon","·","https://x.com/idnavon/status/2050225638498545963","May 1","","jelek","","1","https://x.com/idnavon/status/2050225638498545963/analytics","63","@Telkomsel","https://x.com/Telkomsel","Sinyal internet","banget kalo di keramaian","","","","","","",""
"https://x.com/IN0HTAF","https://pbs.twimg.com/profile_images/2032727875099701251/HShM6mvl_normal.jpg","losrt","@IN0HTAF","·","https://x.com/IN0HTAF/status/2051592000017993938","May 5","jelek","","nomer dipake buat kerjaan kalo keganggu emang ada kompensasi dari lu?","1","https://x.com/IN0HTAF/status/2051592000017993938/analytics","179","@Telkomsel","https://x.com/Telkomsel","sinyal lu masih","","","","","","","",""
"https://x.com/kembarankunti","https://pbs.twimg.com/profile_images/2037865876129783808/3V5D8W9Q_normal.jpg","jipii","@kembarankunti","·","https://x.com/kembarankunti/status/2050245083220631965","May 1","Telkomsel","jelek","padahal full anying MAHAL DOANGGG","1","https://x.com/kembarankunti/status/2050245083220631965/analytics","192","@Telkomsel","https://x.com/Telkomsel","syibal udh dibeli kuota sinyal","","","","","","","",""
"https://x.com/Telkomsel","https://pbs.twimg.com/profile_images/1405865624232882176/uA2xXUFP_normal.jpg","Telkomsel","@Telkomsel","·","https://x.com/Telkomsel/status/2052010531566043395","May 6","","","","","https://x.com/Telkomsel/status/2052010531566043395/analytics","374","","","Mohon maaf atas ketidaknyamanannya, Kak","Terkait kendala jaringan yang dialami, mohon informasikan lokasi saat ini serta nomor HP Kakak melalui DM agar dapat kami bantu lakukan pengecekan lebih lanjut. Terima kasih","-Baba","@shelovesocean","Replying to","https://x.com/shelovesocean","@shelovesocean","https://abs.twimg.com/emoji/v2/svg/1f64f.svg","[object Object]"
"https://x.com/jenniealll","https://pbs.twimg.com/profile_images/1740642103871561728/UG71w1KR_normal.jpg","⋆˚࿔ jejj𝜗𝜚˚⋆","@jenniealll","·","https://x.com/jenniealll/status/2048250931918279065","Apr 26","telkomsel","jelek","","2","https://x.com/jenniealll/status/2048250931918279065/analytics","48","","","sinyal","bgt si, internetnya selalu lemot","","","","","","",""
"https://x.com/subaktelkomsel","https://pbs.twimg.com/profile_images/2046039562074701824/B3haBKtZ_normal.jpg","subak telkomsel","@subaktelkomsel","·","https://x.com/subaktelkomsel/status/2050856039239860432","May 3","jelek","","”
“masih bagusan ini”

OKE… MAKASIH YAH INFONYAAA, SANGAT AMAT WOW TOP MARKOTOP SLEKETEP LU PALING KEREN GW MAH BENGBENG","86","https://x.com/subaktelkomsel/status/2050856039239860432/analytics","147K","","","orang2 kek gini tuh knp sih?????

*gw sharing pengalaman pribadi nonton suatu film/series yg menurut gw bagus*

anomali: 
“b aja jir”
“halah filmnya","","","","","","","https://abs.twimg.com/emoji/v2/svg/263a.svg",""
"https://x.com/shelovesocean","https://pbs.twimg.com/profile_images/2045148940413304832/gzZOa235_normal.jpg","ar","@shelovesocean","·","https://x.com/shelovesocean/status/2051965674155864351","May 6","telkomsel","jelek","bgt satelit lu ketabrak meteor kah apa kabel di bawah lautnya digigit hiu megalodon","2","https://x.com/shelovesocean/status/2051965674155864351/analytics","489","","","jaringan lu","","","","","","","",""
"https://x.com/gurcan_tozduman","https://pbs.twimg.com/profile_images/821435835090407425/KBFUv3aR_normal.jpg","Gürcan Tozduman","@gurcan_tozduman","·","https://x.com/gurcan_tozduman/status/2052828103731274008","14m","Translated from Turkish","Show original","whoever owns this cable, it's been sitting on the edge of the sidewalk for 3 months, and not a single soul has bothered to take care of it","1","https://x.com/gurcan_tozduman/status/2052828103731274008/analytics","5","","","","","","@SuperYardim","","","","",""
"https://x.com/Telkomsel","https://pbs.twimg.com/profile_images/1405865624232882176/uA2xXUFP_normal.jpg","Telkomsel","@Telkomsel","·","https://x.com/Telkomsel/status/2051016388236726636","May 4","Telkomsel","",". Agar Gea bantu perbaikan kendala jaringannya, boleh spill nomor","","https://x.com/Telkomsel/status/2051016388236726636/analytics","414","","","Mohon maaf atas kendala jaringan yang dialami Kak",", tanggal kejadian, dan alamat (Kecamatan, Kabupaten/Kota) ke DM ya Kak. Terima kasih","-Gea","@cumidunlop","Replying to","https://x.com/cumidunlop","@cumidunlop","https://abs.twimg.com/emoji/v2/svg/1f622.svg","[object Object]"
"https://x.com/Lil_Bee69","https://pbs.twimg.com/profile_images/2020729554353192960/gzF0hVc9_normal.jpg","Lil Bee","@Lil_Bee69","·","https://x.com/Lil_Bee69/status/2051899198002651561","May 6","","jelek","kenapa jaringan nya","2","https://x.com/Lil_Bee69/status/2051899198002651561/analytics","99","@Telkomsel","https://x.com/Telkomsel","woi astaga","banget di kp gobang, kec. parungkuda kab. sukabumi","","","","","","",""
"https://x.com/vanyaurs","https://pbs.twimg.com/profile_images/2000471181170978816/00l6cUyG_normal.jpg","vanya","@vanyaurs","·","https://x.com/vanyaurs/status/2050190921715884208","May 1","telkomsel","jelek","banget","","https://x.com/vanyaurs/status/2050190921715884208/analytics","69","","","demi allah sinyal lu","","","","","","","",""
"https://x.com/dearcnes","https://pbs.twimg.com/profile_images/2005973982491910145/8TuxPZEg_normal.jpg","nez","@dearcnes","·","https://x.com/dearcnes/status/2049132606986629590","Apr 28","telkomsel","jelek","","2","https://x.com/dearcnes/status/2049132606986629590/analytics","139","","","demi apapun jaringan","bgt tp kuota ttp abis stres","","","","","","",""
"https://x.com/subaktelkomsel","https://pbs.twimg.com/profile_images/2046039562074701824/B3haBKtZ_normal.jpg","subak telkomsel","@subaktelkomsel","·","https://x.com/subaktelkomsel/status/2051967648553144532","May 6","jelek","@idontknowmeya","aktingnya totalitas mentok, gak takut","202","https://x.com/subaktelkomsel/status/2051967648553144532/analytics","400K","Quote","","EH DEMI APAPUN LU PADA BENER2 KUDU NONTON SPIRIT FINGERS!!

cho junyoung as nam kijeong tuh astaga… definisi ganteng2 sompral",", sebadan2 bikin malu, cinta ditolak dia GA BISA BERAK","","Yg jelas dr muka sampe sebadan2 itu harus mau jelek.
Apalagi muka, semua otot mukanya harus dipake.
Beda deh beneran, aktor yg mau tampil jelek sm aktor yg gak mau tampil jelek kalo di romcom.","May 5","","","https://abs.twimg.com/emoji/v2/svg/1f62d.svg",""
"https://x.com/baskaragh","https://pbs.twimg.com/profile_images/1710471676469882880/wukftek1_normal.jpg","","@baskaragh","·","https://x.com/baskaragh/status/2044263214305948086","Apr 15","TELKOMSEL","JELEK","BANGET ANJENG","1","https://x.com/baskaragh/status/2044263214305948086/analytics","136","","","","","","","","","","",""
"https://x.com/seradimsum","https://pbs.twimg.com/profile_images/2033060424305061888/riWGFZT7_normal.jpg","sera","@seradimsum","·","https://x.com/seradimsum/status/2039222270095458466","Apr 1","telkomsel","jelek","","1","https://x.com/seradimsum/status/2039222270095458466/analytics","79","","","sumpah jaringan","bnget","","","","","","",""
"https://x.com/subaktelkomsel","https://pbs.twimg.com/profile_images/2046039562074701824/B3haBKtZ_normal.jpg","subak telkomsel","@subaktelkomsel","·","https://x.com/subaktelkomsel/status/2050021737715376407","May 1","jelek","","tp lu suka nonton yumi’s cells 3 dan demen sama soonrok tuh gimana konsepnya dah? jujur gw ga paham","30","https://x.com/subaktelkomsel/status/2050021737715376407/analytics","36K","","","tetep bilang acting jaewon","kontradiktif banget, dengan lu bilang demen soonrok ya berarti dia berhasil portraying karakter soonrok. NYANG ARTINYE acting dia bagus mbak e","","","","","","https://abs.twimg.com/emoji/v2/svg/1f972.svg",""
"https://x.com/bakir_tahsin","https://pbs.twimg.com/profile_images/1317808511338819584/tt-jn7AI_normal.jpg","Tahsin BAKIR","@bakir_tahsin","·","https://x.com/bakir_tahsin/status/2052828162636083418","14m","Translated from Turkish","Show original","","1","https://x.com/bakir_tahsin/status/2052828162636083418/analytics","12","","","TURKISH TELEKOM CONTINUES FROM WHERE IT LEFT OFF  
In Tokat Günçalı village, due to a general maintenance outage, when I couldn't get home internet service for a week as of November 23, 2025, I went to Istanbul, and on May 8, 2026, my internet is gone again. In other words,","","","","","","","",""
"https://x.com/aonatsunagi","https://pbs.twimg.com/profile_images/2048236628960063488/DzznQyVK_normal.jpg","rey","@aonatsunagi","·","https://x.com/aonatsunagi/status/2051627916124201428","May 5","","jelek","banget? masa daritadi cuma satu bar mana ilang ilangan","1","https://x.com/aonatsunagi/status/2051627916124201428/analytics","45","@telkomsel","https://x.com/Telkomsel","kenapa sinyalnya","","","","","","","",""
"https://x.com/subaktelkomsel","https://pbs.twimg.com/profile_images/2046039562074701824/B3haBKtZ_normal.jpg","subak telkomsel","@subaktelkomsel","·","https://x.com/subaktelkomsel/status/2051967648553144532","May 6","jelek","@idontknowmeya","aktingnya totalitas mentok, gak takut","202","https://x.com/subaktelkomsel/status/2051967648553144532/analytics","400K","Quote","","EH DEMI APAPUN LU PADA BENER2 KUDU NONTON SPIRIT FINGERS!!

cho junyoung as nam kijeong tuh astaga… definisi ganteng2 sompral",", sebadan2 bikin malu, cinta ditolak dia GA BISA BERAK","0:01 / 0:25","Yg jelas dr muka sampe sebadan2 itu harus mau jelek.
Apalagi muka, semua otot mukanya harus dipake.
Beda deh beneran, aktor yg mau tampil jelek sm aktor yg gak mau tampil jelek kalo di romcom.","May 5","","","https://abs.twimg.com/emoji/v2/svg/1f62d.svg",""
"https://x.com/bakir_tahsin","https://pbs.twimg.com/profile_images/1317808511338819584/tt-jn7AI_normal.jpg","Tahsin BAKIR","@bakir_tahsin","·","https://x.com/bakir_tahsin/status/2052828162636083418","14m","Translated from Turkish","Show original","0:22","1","https://x.com/bakir_tahsin/status/2052828162636083418/analytics","12","","","TURKISH TELEKOM CONTINUES FROM WHERE IT LEFT OFF  
In Tokat Günçalı village, due to a general maintenance outage, when I couldn't get home internet service for a week as of November 23, 2025, I went to Istanbul, and on May 8, 2026, my internet is gone again. In other words,","","","","","","","",""
"https://x.com/Telkomsel","https://pbs.twimg.com/profile_images/1405865624232882176/uA2xXUFP_normal.jpg","Telkomsel","@Telkomsel","·","https://x.com/Telkomsel/status/2052434197290364933","May 8","Telkomsel","","","","https://x.com/Telkomsel/status/2052434197290364933/analytics","55","","","Hai Kak","Mohon maaf atas kendala jaringan yang dialami ya","Agar kami bisa bantu cek lebih lanjut, silakan infokan nomor","@jemeve_","Replying to","https://x.com/jemeve_","@jemeve_","https://abs.twimg.com/emoji/v2/svg/1f642.svg","[object Object]"
"https://x.com/minO0mine","https://pbs.twimg.com/profile_images/1692601292806619136/SmDDYkNM_normal.jpg","torao","@minO0mine","·","https://x.com/minO0mine/status/2051933301234086380","May 6","jelek","","","@IndihomeJTD","https://x.com/minO0mine/status/2051933301234086380/analytics","151","@Telkomsel","https://x.com/Telkomsel","","cek DM, indihome internetmu mati, internet lemot,",", indikasi loss, ayo pelayanan jangan lambat","@IndiHomeCare","","https://x.com/IndihomeJTD","","",""
"https://x.com/lowkiecloud","https://pbs.twimg.com/profile_images/1982302145392087040/BbzKS-Or_normal.jpg","Kkae.","@lowkiecloud","·","https://x.com/lowkiecloud/status/2050577942800167349","May 2","telkomsel","","","1","https://x.com/lowkiecloud/status/2050577942800167349/analytics","131","@Telkomsel","https://x.com/Telkomsel","Ada apa sama","? Akhir akhir ini","banget sinyalnya? Sering ilang nggak jelas. 

Kasian ortu yang pake, nyangka nya hp rusak","","","","","https://abs.twimg.com/emoji/v2/svg/1f926-200d-2642-fe0f.svg",""
"https://x.com/bluekyns","https://pbs.twimg.com/profile_images/2041517534957162496/3kKxpog2_normal.jpg","bonny","@bluekyns","·","https://x.com/bluekyns/status/2051552834672574754","May 5","Telkomsel","jelek","banget, kebelet umroh lo?","2","https://x.com/bluekyns/status/2051552834672574754/analytics","222","","","harga doang mahal tapi sinyal","","","","","","","",""
"https://x.com/Telkomsel","https://pbs.twimg.com/profile_images/1405865624232882176/uA2xXUFP_normal.jpg","Telkomsel","@Telkomsel","·","https://x.com/Telkomsel/status/2051941379836936286","May 6","","","Saat ini kondisi sinyal di daerah Kakak apakah sudah stabiil dan nyaman digunakan? Jika belum Untuk pengecekan lebih lanjut, Kakak dapat mengirimkan DM ke akun","","https://x.com/Telkomsel/status/2051941379836936286/analytics","34","@Telkomsel","https://x.com/Telkomsel","Mohon maaf atas ketidaknyamanan yang dialami, Kak","agar dapat kami bantu tindak lanjuti. Silakan","","@ElladunA","Replying to","https://x.com/ElladunA","@ElladunA","https://abs.twimg.com/emoji/v2/svg/1f64f.svg","[object Object]"
"https://x.com/furosemidex","https://pbs.twimg.com/profile_images/2040474205054201856/93uTw2Mg_normal.jpg","Furo","@furosemidex","·","https://x.com/furosemidex/status/2036749549969293332","Mar 25","telkomsel","jelek","","1","https://x.com/furosemidex/status/2036749549969293332/analytics","23","","","Aelah","amat, wifi indihome sama jeleknya, koclok","","","","","","",""
"https://x.com/AjengArmyBTS","https://pbs.twimg.com/profile_images/1530008712819093504/JvF9y2Ak_normal.jpg","AjengArmyBTS","@AjengArmyBTS","·","https://x.com/AjengArmyBTS/status/2050191150347403699","May 1","","jelek","cek dm, signal/haringan ditempat saya","1","https://x.com/AjengArmyBTS/status/2050191150347403699/analytics","106","@Telkomsel","https://x.com/Telkomsel","Min","banget.","","","","","","",""
"https://x.com/wantangerine","https://pbs.twimg.com/profile_images/2033141444815515648/x-ep1hOv_normal.jpg","byy","@wantangerine","·","https://x.com/wantangerine/status/2040080219143594344","Apr 3","telkomsel","jelek","","1","https://x.com/wantangerine/status/2040080219143594344/analytics","50","","","amit amit lu","banget","","","","","","",""
"https://x.com/nopnopiii_","https://pbs.twimg.com/profile_images/1808400051313823744/Fitv1z-4_normal.jpg","N O P I","@nopnopiii_","·","https://x.com/nopnopiii_/status/2050244946133963143","May 1","jelek","","bgt","1","https://x.com/nopnopiii_/status/2050244946133963143/analytics","63","","","mahal ga masalah min kalo sinyal lancar, ini udah mahal sinyal","","","","Replying to","https://x.com/Telkomsel","@Telkomsel","",""
"https://x.com/Hendichenko","https://pbs.twimg.com/profile_images/2477350123/newb2e30rj1z8c1e39vf_normal.png","H E N D I . H","@Hendichenko","·","https://x.com/Hendichenko/status/2050462277875441828","May 2","","","","1","https://x.com/Hendichenko/status/2050462277875441828/analytics","159","@Telkomsel","https://x.com/Telkomsel","ini gimana ceritanya bisa kena potong pulsa padahal lagi pakai wifi. Sengaja Lg gak isi paket karna lg pakai wifi. Masa iya kepotong terus pulsanya?","","","","","","","",""
"https://x.com/SRwirahadini","https://pbs.twimg.com/profile_images/2048771160691867648/H6CEWV2G_normal.jpg","Ky","@SRwirahadini","·","https://x.com/SRwirahadini/status/2042941009819242607","Apr 11","Telkomsel","jelek","bgt ya jaringannya","1","https://x.com/SRwirahadini/status/2042941009819242607/analytics","225","","","","","","","","","","",""
"https://x.com/wonpiri__","https://pbs.twimg.com/profile_images/1963072797162536960/5EcP8D5h_normal.jpg","Ela","@wonpiri__","·","https://x.com/wonpiri__/status/2052559193291522509","18h","","","","1","https://x.com/wonpiri__/status/2052559193291522509/analytics","47","","","Keterangannya ada akses internet 20kb
Padahal saya sedang olahraga di jam segitu dan PAKET DATA TIDAK PERNAH NYALA.
Terus kok bisa tiba2 ada akses internet?","","","","Replying to","https://x.com/Telkomsel","@Telkomsel","",""
"https://x.com/bonyfebrian","https://pbs.twimg.com/profile_images/1630907221889658883/yL4iZRUi_normal.jpg","B O N Z","@bonyfebrian","·","https://x.com/bonyfebrian/status/2051816894588686755","May 6","Telkomsel","","kalo udah mau sehari-dua hari masa aktif kuota habis, pasti sinyal lemot kayak keong, padahal kuota masih sisa puluhan giga, udah gitu 28 hari doang. Bener2 ga sembuh nih provider monyet satu ini. Mudah2an cepet di kabulin MK perkara masa aktif nya.","1","https://x.com/bonyfebrian/status/2051816894588686755/analytics","248","@Telkomsel","https://x.com/Telkomsel","bangke","","","","","","","",""
"https://x.com/Telkomsel","https://pbs.twimg.com/profile_images/1405865624232882176/uA2xXUFP_normal.jpg","Telkomsel","@Telkomsel","·","https://x.com/Telkomsel/status/2050794701884932115","May 3","Telkomsel","","karena jaringannya kurang optimal. Agar bisa kami bantu penanganan lebih lanjut, berkenan DM nomor","2","https://x.com/Telkomsel/status/2050794701884932115/analytics","75","","","Mohon maaf atas ketidaknyamanannya ya Kak","yang digunakan Kak. Terima kasih","-Destri","@jimmygems11","Replying to","https://x.com/jimmygems11","@jimmygems11","https://abs.twimg.com/emoji/v2/svg/1f64f.svg","[object Object]"
"https://x.com/bakir_tahsin","https://pbs.twimg.com/profile_images/1317808511338819584/tt-jn7AI_normal.jpg","Tahsin BAKIR","@bakir_tahsin","·","https://x.com/bakir_tahsin/status/2052828162636083418","14m","Translated from Turkish","Show original","","1","https://x.com/bakir_tahsin/status/2052828162636083418/analytics","12","","","TURKISH TELEKOM CONTINUES FROM WHERE IT LEFT OFF  
In Tokat Günçalı village, due to a general maintenance outage, when I couldn't get home internet service for a week as of November 23, 2025, I went to Istanbul, and on May 8, 2026, my internet is gone again. In other words,","","0:03 / 0:24","","","","","",""
"https://x.com/itsmeziiaaa","https://pbs.twimg.com/profile_images/1966862985240121344/nv7-RIpS_normal.jpg","neng","@itsmeziiaaa","·","https://x.com/itsmeziiaaa/status/2035708882715295843","Mar 22","telkomsel","jelek","knpa","1","https://x.com/itsmeziiaaa/status/2035708882715295843/analytics","91","","","Signal","bgt siiii","","","","","","",""
"https://x.com/Phuwinmommy","https://pbs.twimg.com/profile_images/2038599063877349376/BICdUN3Q_normal.jpg","mommy.png","@Phuwinmommy","·","https://x.com/Phuwinmommy/status/2043643137969864932","Apr 13","telkomsel","jelek","banget plisss","1","https://x.com/Phuwinmommy/status/2043643137969864932/analytics","77","","","","","","","","","","",""
"https://x.com/caylisour","https://pbs.twimg.com/profile_images/1966905873751830533/3Op7ZAr5_normal.jpg","eca || mention setelah dm","@caylisour","·","https://x.com/caylisour/status/2050211274265657434","May 1","","jelek","sinyalmu","1","https://x.com/caylisour/status/2050211274265657434/analytics","102","@telkomsel","https://x.com/Telkomsel","halo","bgt ini kenapa","","","","","","",""
"https://x.com/Telkomsel","https://pbs.twimg.com/profile_images/1405865624232882176/uA2xXUFP_normal.jpg","Telkomsel","@Telkomsel","·","https://x.com/Telkomsel/status/2051996742812606563","May 6","","","","1","https://x.com/Telkomsel/status/2051996742812606563/analytics","128","","","Mohon maaf atas ketidaknyamanannya, Kak","Terkait kendala sinyal yang kurang stabil, boleh diinformasikan lokasi atau daerah tempat Kakak mengalaminya? Agar kami dapat membantu melakukan pengecekan lebih lanjut. Kakak juga dapat mengirimkan nomor HP melalui DM ya.","","@__jlooming","Replying to","https://x.com/__jlooming","@__jlooming","https://abs.twimg.com/emoji/v2/svg/1f64f.svg","[object Object]"
"https://x.com/szjinniesz","https://pbs.twimg.com/profile_images/2036433520273530880/mME1yfNL_normal.jpg","kay | nini panini","@szjinniesz","·","https://x.com/szjinniesz/status/2039642437950550436","Apr 2","Telkomsel","jelek","bgt sinyalnya","1","https://x.com/szjinniesz/status/2039642437950550436/analytics","102","@telkomsel","https://x.com/telkomsel","kalau hujan","lu mahal doang service lu","","jelek","","","","",""
"https://x.com/dumpiee_27","https://pbs.twimg.com/profile_images/1743324099865358336/KJeLt9wd_normal.jpg","ree","@dumpiee_27","·","https://x.com/dumpiee_27/status/2050945842757206491","May 3","telkomsel","jelek","bgt sih suka tbtb gbsa dipake pls","1","https://x.com/dumpiee_27/status/2050945842757206491/analytics","542","@Telkomsel","https://x.com/Telkomsel","knp jaringannya","","","","","","","",""
"https://x.com/Telkomsel","https://pbs.twimg.com/profile_images/1405865624232882176/uA2xXUFP_normal.jpg","Telkomsel","@Telkomsel","·","https://x.com/Telkomsel/status/2052039767181975941","May 6","","","","","https://x.com/Telkomsel/status/2052039767181975941/analytics","10","","","Maaf atas ketidaknyamanannya ya Kak","Boleh diceritakan kendala yang sedang Kakak alami? Agar Baba dapat membantu melakukan pengecekan dan menindaklanjutinya. -Baba","","@Jemes343673","Replying to","https://x.com/Jemes343673","@Jemes343673","https://abs.twimg.com/emoji/v2/svg/1f64f.svg","[object Object]"
"https://x.com/Telkomsel","https://pbs.twimg.com/profile_images/1405865624232882176/uA2xXUFP_normal.jpg","Telkomsel","@Telkomsel","·","https://x.com/Telkomsel/status/2052028584458596523","May 6","Telkomsel","","Terkait","","https://x.com/Telkomsel/status/2052028584458596523/analytics","86","","","Maaf atas ketidaknyamanannya ya Kak","SMS notifikasi pemberitahuan sisa kuota, Kami bantu cek terlebih dahulu. Silakan  Kakak bisa informasikan nomor","melalui DM ya, agar bisa dibantu cek lebih lanjut","@jiurassicpark","Replying to","https://x.com/jiurassicpark","@jiurassicpark","https://abs.twimg.com/emoji/v2/svg/1f64f.svg","[object Object]"
"https://x.com/g_amelya","https://pbs.twimg.com/profile_images/2051505000673931265/UnIjojH0_normal.jpg","✮𝄟⃝","@g_amelya","·","https://x.com/g_amelya/status/2052601913636790282","15h","Telkomsel","","Ini jg ngisi utk perpanjang nomor plus bisa ada koneksi klo keluar, selebihnya ya full wifi.
Eeh malah gak masuk paketnya sampe sekarang","1","https://x.com/g_amelya/status/2052601913636790282/analytics","53","","","emg mehong beb apalagi klo nomer lama paketnya buat sultan semua","","","⁷Ayangnya✮⃝X𝑎𝑣𝑖er","Replying to","https://x.com/cheonsavoo","@cheonsavoo","https://abs.twimg.com/emoji/v2/svg/1f602.svg",""
"https://x.com/bowtulism","https://pbs.twimg.com/profile_images/2042252438472998913/-EqiXZ9__normal.jpg","juwa sleepmaxxing","@bowtulism","·","https://x.com/bowtulism/status/2047651983771988179","Apr 24","telkomsel","jelek","get a grip i need to do my laporan","1","https://x.com/bowtulism/status/2047651983771988179/analytics","94","","","","","","","","","","",""
"https://x.com/Telkomsel","https://pbs.twimg.com/profile_images/1405865624232882176/uA2xXUFP_normal.jpg","Telkomsel","@Telkomsel","·","https://x.com/Telkomsel/status/2051505737197813781","May 5","","","selamat menikmati layanan Telkomselnya ya. Jika ada yang ingin ditanyakan atau dibantu silakan konfirmasi kembali ke kami, kami akan siap bantu Kakak. Have a nice day ya Kak","","https://x.com/Telkomsel/status/2051505737197813781/analytics","23","","","Senang dengar kabar baiknya Kak","-Wendy","","@joyenjoyfully","Replying to","https://x.com/joyenjoyfully","@joyenjoyfully","https://abs.twimg.com/emoji/v2/svg/1f60a.svg","[object Object]"
"https://x.com/Telkomsel","https://pbs.twimg.com/profile_images/1405865624232882176/uA2xXUFP_normal.jpg","Telkomsel","@Telkomsel","·","https://x.com/Telkomsel/status/2051324676945887447","May 4","Telkomsel","",". Tolong infokan No. HP, lokasi (Kel., Kec., Kab./Kota), tgl dan waktu kejadian & No.","","https://x.com/Telkomsel/status/2051324676945887447/analytics","53","","","Untuk kendala sinyal lemah, Kami mohon maaf Kak Diky","lain berkendala sama via DM, agar Kami bantu & privasi data terjaga. Thanks","-Fio","","Replying to","https://x.com/ehmangelu","@ehmangelu","https://abs.twimg.com/emoji/v2/svg/1f614.svg","[object Object]"
"https://x.com/rankmudo5","https://pbs.twimg.com/profile_images/1968545883513102336/eNr26GSV_normal.jpg","Cimporong","@rankmudo5","·","https://x.com/rankmudo5/status/2051822866556129320","May 6","Telkomsel","jelek","dari semalam sangat","3","https://x.com/rankmudo5/status/2051822866556129320/analytics","173","","","Ada yg sama ? Sinyal",". Isi pulsa dari m banking gak bisa","","","","","","https://abs.twimg.com/emoji/v2/svg/1f971.svg",""
"https://x.com/Telkomsel","https://pbs.twimg.com/profile_images/1405865624232882176/uA2xXUFP_normal.jpg","Telkomsel","@Telkomsel","·","https://x.com/Telkomsel/status/2050784430764245318","May 3","Telkomsel","","mohon maaf, jika saat ini berkendala dengan jaringan","2","https://x.com/Telkomsel/status/2050784430764245318/analytics","61","","","Kak",". Sebagai langkah upaya agar Kakak bisa akses dengan nyaman kembali, kami akan bantu penanganan lebih lanjut. Mohon DM nomor dan lokasinya ya Kak","-Destri","@jancuk86865","Replying to","https://x.com/jancuk86865","@jancuk86865","https://abs.twimg.com/emoji/v2/svg/1f64f.svg","[object Object]"
"https://x.com/isibilhilya","https://pbs.twimg.com/profile_images/2041056478765932544/86ArTnsW_normal.jpg","Hilya Isabel","@isibilhilya","·","https://x.com/isibilhilya/status/2050446328917061692","May 2","telkomsel","jelek","","2","https://x.com/isibilhilya/status/2050446328917061692/analytics","381","","","Duh,","bgt! Kemarin salah nomor pas isi pulsa, pas mau ditransfer ke nomor lain gagal terus dari kemarin, nyusahin.","","","","","","",""
"https://x.com/Gabolehpushink","https://pbs.twimg.com/profile_images/2027510947389272064/j6a9HVSx_normal.jpg","Din's","@Gabolehpushink","·","https://x.com/Gabolehpushink/status/2046545453047763366","Apr 21","telkomsel","jelek","","2","https://x.com/Gabolehpushink/status/2046545453047763366/analytics","272","","","Apaan deh","amat sinyal kalo hujan. 

Kartu apa ya yg lancar tiap saat hm?","","","","","","",""
"https://x.com/arrrann","https://pbs.twimg.com/profile_images/2036650969615007744/iMXIp804_normal.jpg","arrrannsemen","@arrrann","·","https://x.com/arrrann/status/2047009834256789794","Apr 23","telkomsel","jelek","aplikasi lu","3","https://x.com/arrrann/status/2047009834256789794/analytics","1.8K","","","Eh","banget dah, udh 10menit begini mulu anj","","","","","","",""
"https://x.com/Telkomsel","https://pbs.twimg.com/profile_images/1405865624232882176/uA2xXUFP_normal.jpg","Telkomsel","@Telkomsel","·","https://x.com/Telkomsel/status/2051646583067083211","May 5","","","alami. Silakan aktifkan Mode Pesawat selama 2 menit. Apabila belum ada perubahan, mohon kirimkan nomor HP, tanggal dan waktu kendala, dan nomor lain yang mengalami hal serupa via DM ya","","https://x.com/Telkomsel/status/2051646583067083211/analytics","161","","","Kami mohon maaf jaringan yang Kak","-Neva","","@kimcibokeumbab","Replying to","https://x.com/kimcibokeumbab","@kimcibokeumbab","https://abs.twimg.com/emoji/v2/svg/1f60a.svg","[object Object]"
"https://x.com/moonstrerax12","https://pbs.twimg.com/profile_images/1875733061339643904/nGklXtjP_normal.jpg","agoyyy","@moonstrerax12","·","https://x.com/moonstrerax12/status/2041133227109494799","Apr 6","telkomsel","jelek","","2","https://x.com/moonstrerax12/status/2041133227109494799/analytics","149","","","jaringan","bgt ditempat gue, masa main ml ngelag mulu parah lu","","","","","","",""
"https://x.com/sissyyousee","https://pbs.twimg.com/profile_images/1788211752712413184/Yj2262io_normal.jpg","Sissy","@sissyyousee","·","https://x.com/sissyyousee/status/2042921446012522730","Apr 11","jelek","","","2","https://x.com/sissyyousee/status/2042921446012522730/analytics","492","@Telkomsel","https://x.com/Telkomsel","provider","login My","susah, sinyal","jelek","","","","https://abs.twimg.com/emoji/v2/svg/1f44e-1f3fb.svg",""
"https://x.com/Telkomsel","https://pbs.twimg.com/profile_images/1405865624232882176/uA2xXUFP_normal.jpg","Telkomsel","@Telkomsel","·","https://x.com/Telkomsel/status/2051805945211265294","May 6","","","-Dalia","1","https://x.com/Telkomsel/status/2051805945211265294/analytics","168","","","Hello, we sincerely apologize for the inconvenience. Regarding the signal issue you are experiencing, could you please provide your number and current location via DM so we can assist with further checking. Thank you","","","","Replying to","https://x.com/Cletaisme","@Cletaisme","https://abs.twimg.com/emoji/v2/svg/1f64f.svg","[object Object]"
"https://x.com/keonhohyul","https://pbs.twimg.com/profile_images/2049573316722388992/MY3TFBdg_normal.jpg","𓏼dev ྀི ་༘","@keonhohyul","·","https://x.com/keonhohyul/status/2052449965721682237","May 8","TELKOMSEL","@keonhohyul","","1","https://x.com/keonhohyul/status/2052449965721682237/analytics","870","Quote","","wAH JANGAN SAMPE GW SAMPERIN LU YA IRUL","","","","May 8","","mwoya?","https://abs.twimg.com/emoji/v2/svg/1f629.svg",""
"https://x.com/primawry","https://pbs.twimg.com/profile_images/2001728374788755456/0TlWvV0y_normal.png","사랑하는 prima.","@primawry","·","https://x.com/primawry/status/2046576405358768493","Apr 21","","JELEK","LU","2","https://x.com/primawry/status/2046576405358768493/analytics","79","@TELKOMSEL","https://x.com/Telkomsel","APASIH ANYINH","BGT ANJIRR JARINGANNYA","","","","","","",""
"https://x.com/itsjinggaa","https://pbs.twimg.com/profile_images/2050896917404717056/Kg5hU2Y4_normal.jpg","gi 劉","@itsjinggaa","·","https://x.com/itsjinggaa/status/2049430148345462792","Apr 29","telkomsel","jelek","bgt sinyalnya","1","https://x.com/itsjinggaa/status/2049430148345462792/analytics","393","","","anjg","","","","","","","",""
"https://x.com/lovieytr","https://pbs.twimg.com/profile_images/2017514209068896256/CV2a18Wu_normal.jpg","lovie","@lovieytr","·","https://x.com/lovieytr/status/2047888036109910319","Apr 25","Telkomsel","jelek","bangettt jaringannya, udah mana mahall","1","https://x.com/lovieytr/status/2047888036109910319/analytics","115","","","","","","","","","","",""
"https://x.com/Telkomsel","https://pbs.twimg.com/profile_images/1405865624232882176/uA2xXUFP_normal.jpg","Telkomsel","@Telkomsel","·","https://x.com/Telkomsel/status/2052350994458243154","May 7","","",". Mohon maaf ya. Untuk kendala akses internetnya, boleh konfirmasi dan informasikan nomor HP kakak serta lokasi berkendalanya ke DM ya. Terima kasih","","https://x.com/Telkomsel/status/2052350994458243154/analytics","15","","","Hai Kak","-Remi","","@Jeezm1n","Replying to","https://x.com/Jeezm1n","@Jeezm1n","https://abs.twimg.com/emoji/v2/svg/1f64f.svg","[object Object]"
"https://x.com/Telkomsel","https://pbs.twimg.com/profile_images/1405865624232882176/uA2xXUFP_normal.jpg","Telkomsel","@Telkomsel","·","https://x.com/Telkomsel/status/2052587631767412911","16h","Telkomsel","Telkomsel","Apabila ada kendala jaringannya, Kakak boleh kirimkan detail nomor","1","https://x.com/Telkomsel/status/2052587631767412911/analytics","125","","","Halo Kak Edo, kami mohon maaf atas kendala yang dialami dan terima kasih ya telah menggunakan",", tanggal, jam, dan lokasi lengkap melalui DM untuk proses lebih lanjut. Masukan dan kritik Kakak","","","Replying to","https://x.com/edokusai","@edokusai","https://abs.twimg.com/emoji/v2/svg/1f64f.svg","[object Object]"
"https://x.com/Telkomsel","https://pbs.twimg.com/profile_images/1405865624232882176/uA2xXUFP_normal.jpg","Telkomsel","@Telkomsel","·","https://x.com/Telkomsel/status/2052735962808279185","6h","telkomsel","","kendala saat mengirim DM. Kakak bisa hubungi kami lewat inbox","tsel.me/chatva","https://x.com/Telkomsel/status/2052735962808279185/analytics","45","http://","https://t.co/6WZ1WdNSQf","Mohon maaf ya Kak",", email cs@",".com, atau DM Instagram MyTelkomsel ya","@Rocks90316","Replying to","https://x.com/Rocks90316","@Rocks90316","https://abs.twimg.com/emoji/v2/svg/1f60a.svg","[object Object]"
"https://x.com/Telkomsel","https://pbs.twimg.com/profile_images/1405865624232882176/uA2xXUFP_normal.jpg","Telkomsel","@Telkomsel","·","https://x.com/Telkomsel/status/2052740883888672807","6h","Telkomsel","",". Supaya bisa kami bantu, mohon kirimkan nomor HP, tanggal dan waktu kejadian, serta lokasi kecamatan dan kota/kab. melalui DM. Jika ada nomor","","https://x.com/Telkomsel/status/2052740883888672807/analytics","170","","","Mohon maaf kendala sinyalnya Kak","lain yang mengalami hal yang sama, boleh disertakan juga ya, Kak","-Neva","@Sharelokdongs","Replying to","https://x.com/Sharelokdongs","@Sharelokdongs","https://abs.twimg.com/emoji/v2/svg/1f60a.svg","[object Object]"
"https://x.com/Telkomsel","https://pbs.twimg.com/profile_images/1405865624232882176/uA2xXUFP_normal.jpg","Telkomsel","@Telkomsel","·","https://x.com/Telkomsel/status/2050835707208642584","May 3","Telkomsel","Telkomsel","dan IndiHomenya kami bantu cek dan perbaiki. Silakan ke DM dengan infokan nomor hp, tanggal jam kejadian, lokasi (kec,kel,kota), Nomor","1","https://x.com/Telkomsel/status/2050835707208642584/analytics","164","","","Kak Ali, mohon maaf kendala dengan jaringan","lain berkendala sama serta nomor IndiHome dan atas nama pemiliknya. Dan mengenai","","","Replying to","https://x.com/alimezse","@alimezse","","[object Object]"
"https://x.com/Telkomsel","https://pbs.twimg.com/profile_images/1405865624232882176/uA2xXUFP_normal.jpg","Telkomsel","@Telkomsel","·","https://x.com/Telkomsel/status/2051867799078007236","May 6","Telkomsel","",". Jangan khawatir atas kendala sinyal dan harga paket yang Kakak alami. Mohon informasikan nomor","","https://x.com/Telkomsel/status/2051867799078007236/analytics","90","","","Mohon maaf, Kak",", waktu kejadian, serta lokasi melalui DM agar Arca dapat membantu lebih lanjut. Arca menunggu informasi dari Kakak. Terima kasih -Arca","","@glimpsekey","Replying to","https://x.com/glimpsekey","@glimpsekey","","[object Object]"
"https://x.com/Telkomsel","https://pbs.twimg.com/profile_images/1405865624232882176/uA2xXUFP_normal.jpg","Telkomsel","@Telkomsel","·","https://x.com/Telkomsel/status/2050581197542269032","May 2","Telkomsel","","Kami akan segera bantu cek koneksi jaringannya. Silakan kirimkan nomor","","https://x.com/Telkomsel/status/2050581197542269032/analytics","136","","","Mohon maaf ya, Kak atas kendala yang dialami.",", detail lokasi, dan nomor lain yang mengalami kendala serupa (jika ada) via DM, ya. Terima kasih. -Sira","","","Replying to","https://x.com/juyekn","@juyekn","https://abs.twimg.com/emoji/v2/svg/1f64f.svg","[object Object]"
"https://x.com/Telkomsel","https://pbs.twimg.com/profile_images/1405865624232882176/uA2xXUFP_normal.jpg","Telkomsel","@Telkomsel","·","https://x.com/Telkomsel/status/2050578718117265906","May 2","Telkomsel","","sebagai bagian dari aktivitas online Kakak setiap hari.","1","https://x.com/Telkomsel/status/2050578718117265906/analytics","82","","","Terima kasih ya, Kak sudah menjadikan","Semoga layanan kami selalu bisa memberikan kenyamanan dan kelancaran dalam setiap aktivitas online Kakak. -Sira","","","Replying to","https://x.com/ujinive","@ujinive","https://abs.twimg.com/emoji/v2/svg/1f970.svg","[object Object]"
"https://x.com/ccrdagbok","https://pbs.twimg.com/profile_images/2030764958087102464/kaIcpQUb_normal.jpg","Chelz","@ccrdagbok","·","https://x.com/ccrdagbok/status/2052825053247488207","26m","","","Temen w nanya skin carenya apa soalnya kok tambah putih","9","https://x.com/ccrdagbok/status/2052825053247488207/analytics","79","","","Akhirnya gym lagi setelah 2 bulan ga olahraga",". Gmn ga putih dalam 1th ada matahari cuman 3 bulan dan mungkin krn kualitas air&udara di sini bagus. Jadi kalo kalian jerawatan&kulit kusam ya salah pemerintah~","","","","","","https://abs.twimg.com/emoji/v2/svg/1fae0.svg",""
"https://x.com/Telkomsel","https://pbs.twimg.com/profile_images/1405865624232882176/uA2xXUFP_normal.jpg","Telkomsel","@Telkomsel","·","https://x.com/Telkomsel/status/2051168769100427356","May 4","Telkomsel","","jika saat ini berkendala dengan jaringan","","https://x.com/Telkomsel/status/2051168769100427356/analytics","92","","","Mohon maaf Kak",". Mohon DM nomor dan lokasinya ya Kak, agar kami bantu cek lebih lanjut","-Destri","@ciloksylus","Replying to","https://x.com/ciloksylus","@ciloksylus","https://abs.twimg.com/emoji/v2/svg/1f64f.svg","[object Object]"
"https://x.com/Telkomsel","https://pbs.twimg.com/profile_images/1405865624232882176/uA2xXUFP_normal.jpg","Telkomsel","@Telkomsel","·","https://x.com/Telkomsel/status/2051324309290078506","May 4","Telkomsel","",". Tolong infokan No. HP, lokasi (Kel., Kec., Kab./Kota) & No.","","https://x.com/Telkomsel/status/2051324309290078506/analytics","58","","","Mengenai kendala internet lambat, Kami minta maaf Kak Junjie","lain berkendala sama via DM, agar Kami bantu & privasi data terjaga. Thanks","-Fio","","Replying to","https://x.com/Clouwyyy_","@Clouwyyy_","https://abs.twimg.com/emoji/v2/svg/1f614.svg","[object Object]"
"https://x.com/Telkomsel","https://pbs.twimg.com/profile_images/1405865624232882176/uA2xXUFP_normal.jpg","Telkomsel","@Telkomsel","·","https://x.com/Telkomsel/status/2051234915841351831","May 4","Telkomsel","",". Tolong infokan No. HP, lokasi (Kel., Kec., Kab./Kota) & No.","1","https://x.com/Telkomsel/status/2051234915841351831/analytics","165","","","Untuk kendala sinyal lemah, Kami mohon maaf Kak","lain berkendala sama via DM, agar Kami bantu & privasi data terjaga. Thanks","-Fio","","Replying to","https://x.com/opikjelek","@opikjelek","https://abs.twimg.com/emoji/v2/svg/1f614.svg","[object Object]"
"https://x.com/TurkcellHizmet","https://pbs.twimg.com/profile_images/1887933673950838784/gX_p1g3n_normal.jpg","TURKCELL Müşteri Hiz","@TurkcellHizmet","·","https://x.com/TurkcellHizmet/status/2052830875549675665","3m","and 2 others","","","","https://x.com/TurkcellHizmet/status/2052830875549675665/analytics","2","","https://x.com/TurkcellHizmet/status/2052830875549675665/people","Birlikteliğimizin devam etmesini diliyoruz. Bilgilerinizi kontrol edip DM'den destek olacağız.","","","@Serkan74930543","Replying to","https://x.com/Serkan74930543","@Serkan74930543","",""
"https://x.com/superapture","https://pbs.twimg.com/profile_images/1962893666600755200/ktvpLOB3_normal.jpg","I An","@superapture","·","https://x.com/superapture/status/2048393921005510976","Apr 26","Telkomsel","jelek","bgt sumpah","1","https://x.com/superapture/status/2048393921005510976/analytics","128","","","","","","","","","","",""
"https://x.com/solohazee","https://pbs.twimg.com/profile_images/2049355140201943040/YTc13e7g_normal.jpg","haezzz","@solohazee","·","https://x.com/solohazee/status/2048270850080797031","Apr 26","Telkomsel","jelek","","2","https://x.com/solohazee/status/2048270850080797031/analytics","73","","","Jaringan","bangetttt tolooonnggg","","","","","","",""
"https://x.com/erikaein_","https://pbs.twimg.com/profile_images/2007514990631366664/sxE_yOHg_normal.jpg","erika ein","@erikaein_","·","https://x.com/erikaein_/status/2045269384491631100","Apr 18","Telkomsel","jelek","signalnya tetep","3","https://x.com/erikaein_/status/2045269384491631100/analytics","536","","","Ini kalo",", aku beneran mau move ke Indosat aja deh keknya. Ga di kota ga di pelosok, signal","ku lumpuh. Jujur, kecewa sih","","","","","",""
"https://x.com/TTDestek","https://pbs.twimg.com/profile_images/2020728471690027008/O7ZQYql7_normal.jpg","Türk Telekom Destek","@TTDestek","·","https://x.com/TTDestek/status/2052820955748044857","43m","Translated from Turkish","Show original","Send us a private message","2","https://x.com/TTDestek/status/2052820955748044857/analytics","16","","","Hello Mr. Gökhan, we would like to initiate an investigation by obtaining the details about the matter from you. Could you share your contact number with us via DM? ^Berk","","","","Replying to","https://x.com/Koroglu4069","@Koroglu4069","","[object Object]"
"https://x.com/Telkomsel","https://pbs.twimg.com/profile_images/1405865624232882176/uA2xXUFP_normal.jpg","Telkomsel","@Telkomsel","·","https://x.com/Telkomsel/status/2052726782026190888","6h","","","Pakai Talkmania Sakti, nelpon jadi lebih bebas tanpa kepikiran pulsa.
Cuma Rp3.000 buat nelpon seharian ke semua operator.

Aktifkan di MyTelkomsel /","tsel.id/talkmaniasakti","https://x.com/Telkomsel/status/2052726782026190888/analytics","671","http://","https://t.co/69c16eDlDB","Cerita penting gak selalu bisa selesai dalam beberapa menit","*S&K berlaku","","","","","","https://abs.twimg.com/emoji/v2/svg/1f4de.svg","[object Object]"
"https://x.com/pendustalagi","https://pbs.twimg.com/profile_images/1975223658219237377/jIg7O1N9_normal.jpg","","@pendustalagi","·","https://x.com/pendustalagi/status/2046596758122410378","Apr 21","telkomsel","Jelek","","2","https://x.com/pendustalagi/status/2046596758122410378/analytics","117","@Telkomsel","https://x.com/Telkomsel","Oh sekarng tuh pelayanan","banget ya","","@IndiHome","","","","",""
"https://x.com/ariswarisman6","https://pbs.twimg.com/profile_images/1527977916012720129/GGkaQfLw_normal.jpg","rohitt","@ariswarisman6","·","https://x.com/ariswarisman6/status/2040299757512569297","Apr 4","Telkomsel","jelek","","1","https://x.com/ariswarisman6/status/2040299757512569297/analytics","35","@Telkomsel","https://x.com/Telkomsel","Min jaringan","banget hari ini bahkan hilang ga ada sama sekali di kecamatan Tambaksari kabupaten Ciamis Jawa Barat",".mohon perhatian dan perbaikannya.","","","","","",""
"https://x.com/TTDestek","https://pbs.twimg.com/profile_images/2020728471690027008/O7ZQYql7_normal.jpg","Türk Telekom Destek","@TTDestek","·","https://x.com/TTDestek/status/2052829529106763903","9m","Translated from Turkish","Show original","Send us a private message","1","https://x.com/TTDestek/status/2052829529106763903/analytics","19","","","Hello Emine Nur Hanım, could you please send us your contact number via DM? We would like to conduct a review and get back to you as soon as possible. ^Berk","","","","Replying to","https://x.com/eminenursss","@eminenursss","","[object Object]"
"https://x.com/Telkomsel","https://pbs.twimg.com/profile_images/1405865624232882176/uA2xXUFP_normal.jpg","Telkomsel","@Telkomsel","·","https://x.com/Telkomsel/status/2052595296492982623","15h","Telkomsel","",", tanggal waktu kendala dan lokasi detail (kec,kel,kota/kab) via DM agar privasi data tetap terjaga.","","https://x.com/Telkomsel/status/2052595296492982623/analytics","48","","","Mohon maaf atas kendala sinyal yang kurang stabil, Kak. Agar dapat kami bantu cek dan penanganan lebih lanjut. Konfirmasikan nomor","-Yui","","","Replying to","https://x.com/edokusai","@edokusai","https://abs.twimg.com/emoji/v2/svg/1f64f-1f3fc.svg","[object Object]"
"https://x.com/Telkomsel","https://pbs.twimg.com/profile_images/1405865624232882176/uA2xXUFP_normal.jpg","Telkomsel","@Telkomsel","·","https://x.com/Telkomsel/status/2052575868682428639","16h","","",". Mohon maaf ya Kak pasti jadi tidak nyaman","","https://x.com/Telkomsel/status/2052575868682428639/analytics","22","","","Hai, Kak","Zepi sarankan buat Mode Pesawat dulu, lalu matikan lagi ya. Terus coba gunakan Single Mode Network. Kalau masih berkendala juga, silakan infoin nomor hp yg berkendala, tgl kejadian dan lokasi (Kecamatan dan Kota) di","","@aayaak_","Replying to","https://x.com/aayaak_","@aayaak_","https://abs.twimg.com/emoji/v2/svg/1f64f-1f3fb.svg","[object Object]"
"https://x.com/Telkomsel","https://pbs.twimg.com/profile_images/1405865624232882176/uA2xXUFP_normal.jpg","Telkomsel","@Telkomsel","·","https://x.com/Telkomsel/status/2051705924562424009","May 5","Telkomsel","",". Perihal kendala sinyal nya, Kakak bisa infokan nomor","","https://x.com/Telkomsel/status/2051705924562424009/analytics","207","","","Mohon maaf atas ketidaknyamanan yang dialami nya, Kak","dan lokasi detail nya via DM ya Kak, agar dapat segera kami bantu penanganan lebih lanjut","-Muzam","@tina_eguchi","Replying to","https://x.com/tina_eguchi","@tina_eguchi","https://abs.twimg.com/emoji/v2/svg/1f64f.svg","[object Object]"
"https://x.com/Telkomsel","https://pbs.twimg.com/profile_images/1405865624232882176/uA2xXUFP_normal.jpg","Telkomsel","@Telkomsel","·","https://x.com/Telkomsel/status/2050963181523415368","May 3","Telkomsel","",". Tolong infokan No. HP, lokasi (Kel., Kec., Kab./Kota), tgl dan waktu kejadian & No.","","https://x.com/Telkomsel/status/2050963181523415368/analytics","106","","","Untuk kendala sinyal lemah, Kami mohon maaf Kak Diky","lain berkendala sama via DM, agar Kami bantu & privasi data terjaga. Thanks","-Fio","","Replying to","https://x.com/ehmangelu","@ehmangelu","https://abs.twimg.com/emoji/v2/svg/1f614.svg","[object Object]"
"https://x.com/Telkomsel","https://pbs.twimg.com/profile_images/1405865624232882176/uA2xXUFP_normal.jpg","Telkomsel","@Telkomsel","·","https://x.com/Telkomsel/status/2052022113360609640","May 6","Telkomsel","","alami","1","https://x.com/Telkomsel/status/2052022113360609640/analytics","73","","","Mohon maaf atas ketidaknyamanan yang Kak","Bagaimana kondisi jaringan saat ini, Kak? Apakah sudah kembali normal? Silakan informasikan lokasi dan nomor","Kakak melalui DM agar Baba dapat membantu melakukan pengecekan lebih lanjut ya","@jhynpeachy_","Replying to","https://x.com/jhynpeachy_","@jhynpeachy_","https://abs.twimg.com/emoji/v2/svg/1f64f.svg","[object Object]"
"https://x.com/TurkcellHizmet","https://pbs.twimg.com/profile_images/1887933673950838784/gX_p1g3n_normal.jpg","TURKCELL Müşteri Hiz","@TurkcellHizmet","·","https://x.com/TurkcellHizmet/status/2052827950806900983","15m","@BTKgovtr","Send us a private message","","","https://x.com/TurkcellHizmet/status/2052827950806900983/analytics","13","","https://x.com/BTKgovtr","Merhaba, hızlıca destek olalım. Bağlantınızda yaşanan durumu inceleyebilmemiz için müşteri numaranızı ve yasal hat sahibinin ad-soyad bilgilerini DM'den paylaşır mısınız?","","","@Serkan74930543","Replying to","https://x.com/Serkan74930543","@Serkan74930543","",""