source,provider,date,username,tweet_raw
playstore,telkomsel,2026-05-23 21:38:16,reevan Silalahi,"halo Telkomsel kenapa kalau PLN mati jaringan Telkomsel juga mati? kendala nya apa ya? sudah sering sekali seperti itu, sementara provider lain kalau PLN mati jaringan nya tetap ada."
playstore,telkomsel,2026-05-23 21:37:11,Aloysius Riberu,bagus
playstore,telkomsel,2026-05-23 21:36:26,George Michael,oi bisa ga si jaringan lu tiap malam ga ngeleg gw mau push renk ajgg
playstore,telkomsel,2026-05-23 21:36:04,BP MUDA,telkomsel skarang leletnya minta ampun. mw buka aplikasi telkomsel sndri aja lama bngt apalgi mw hubungi cs telkomsel. sulit dan lelet bngt. terpaksa ku hapus aplikasi telkomsel berat bngt di gunnakan. loading trs
playstore,telkomsel,2026-05-23 21:33:20,miz Gaming,layanan dan promonya terbaik pertahankan min
playstore,telkomsel,2026-05-23 21:25:49,Yeyen Vhyno,makin lama makin kesini beli paket telkomsel mahal...
playstore,telkomsel,2026-05-23 21:23:40,FYS S17,ini daerah galaksi Telkomsel jelek banget sinyalnya... maki gak bagus jaringannya.
playstore,telkomsel,2026-05-23 21:20:21,Gerakan pencari Nafkah,aku tak pernah dapat hadiah
playstore,telkomsel,2026-05-23 21:18:12,Junk Ari,"jaringannya tidak stabil blakangan ini dari minggu kmren , sudah mahal jaringan tidak bagus bts tidak ada .. saya sebagai customer lama sampai sinyal sudah prioritas tetap jaringannya tidak stabil. makin lama makin ga jelas . kwalitasnya benerin . cape komplain tetep saja ga bergerak . kecewaaaaaa 2026 ini paling buruk"
playstore,telkomsel,2026-05-23 21:17:45,ito cornering,"aplikasi sering error, ga ada notif tau tau kuota abis"
playstore,telkomsel,2026-05-23 21:16:16,Sulastri Ningsih,bagus bgt
playstore,telkomsel,2026-05-23 21:11:10,RENAL Dus wondo,bagus
playstore,telkomsel,2026-05-23 21:09:56,Teh Chicie,"di kampung saya tuh sinyal Telkomsel kurang bagus , di layar full 4G, tapi tidak bisa untuk vidio call. setelah update selalu bug , keluar aplikasi sendiri."
playstore,telkomsel,2026-05-23 21:07:04,Mubarok,bikin dlu it jaringan mu mantoa mna mahal ny lagi paket internet
playstore,telkomsel,2026-05-23 21:06:45,Aji Setiawan,mantap
playstore,telkomsel,2026-05-23 21:06:29,Mahesa Wisnuaji,"makin kesini makin mahal payah, sinyal makin bapuk buat game ngelag terus ngebug makin mahal makin jelek ini kartu ngelunjak!!"
playstore,telkomsel,2026-05-23 21:04:10,Mahmudin 03,tidak bisa di buka padahal suda di udet
playstore,telkomsel,2026-05-23 21:04:05,Bangun nababan Nababan,tolong diperhatikan daerah labuhan baru sering lelet jaringan
playstore,telkomsel,2026-05-23 21:03:12,Joshua DL,tolol
playstore,telkomsel,2026-05-23 21:02:45,Robi Toranda,"jaringan tidak bagus, Kouta mahal dan cpt hbis"
playstore,telkomsel,2026-05-23 21:00:19,Agam Mirza,"jaringan tolol, main game tetep lag. Not Recommend. Disuruh restart biar sinyal bagus tapi sama aja lah klo pake telkom tetep jelek:v"
playstore,telkomsel,2026-05-23 20:59:39,Ferdi Nand,Telkomsel gk jelas masa punya pulsa sama kuota yg di sedot pulsanya dulu kocak
playstore,telkomsel,2026-05-23 20:58:49,Maryos Tombi toding,sangat Baik Sangat Bagus
playstore,telkomsel,2026-05-23 20:57:50,Iwan Saputra,sangat bagus dan penting
playstore,telkomsel,2026-05-23 20:54:11,Eli Liana,"Udah kikir lemot lagi, harga elit sinyal sulit giliran protes yg nanggepin cuma BOT yg ga ada gunanya samsek. apa coba ini kartu taii"
playstore,telkomsel,2026-05-23 20:52:43,hafidh fatullah akbar,"apasi sering lag, padahal kata orang orang kartu paling bagus, nyata nya kualitas nya kurang banget, cuman di kota kota besar doang yang dapet sinyal bagus, seburuk itu kah sinyal di Indonesia sampe yang paling bagus aja masih tergolong kureng"
playstore,telkomsel,2026-05-23 20:49:26,Dini Nur khoiria,"kenapa waktu mau beli paket malah ga bisa diakses ya, apa udah ga tersedia? diperbaiki dong Telkomsel."
playstore,telkomsel,2026-05-23 20:48:09,Final Project,"Pihak INDIHOME tolong jangan Batasi Bandwith, maksudnya apa? biar jaringan lemot dan tidak berjalan semestinya sesuai paket mbpsnya????? Kami tidak bodoh!!!"
playstore,telkomsel,2026-05-23 20:45:33,Dimas Riyadi,kauota mahal lemot
playstore,telkomsel,2026-05-23 20:44:46,syyyl,"halo min. ini kenapa my Telkomsel kalau malam ngelag ya, aku pas main game selalu nge lag"
playstore,telkomsel,2026-05-23 20:42:21,queensha 140,sinyalnya lemot
playstore,telkomsel,2026-05-23 20:40:21,jihad hisbullah,sinyal nya dari dulu sampe tahun 2026 masih kaya sipit mahal lelet kereta lewat sinyal langsung ilang di mall sinyal ilang kan lu pada kerja apaan Telkomsel
playstore,telkomsel,2026-05-23 20:40:13,Muhamad Rizki Nurfadilah,jaringan ampas
playstore,telkomsel,2026-05-23 20:38:49,KAZE NO SAN,ga jelas penanganan lama kebanyakan alasan
playstore,telkomsel,2026-05-23 20:38:31,damandaka eldoreta,"sering force close, sangat lambat dan terasa berat ketika memuat data. sorry gw hapus apknya."
playstore,telkomsel,2026-05-23 20:37:45,Eka Putra,udah jelek tambah jelek
playstore,telkomsel,2026-05-23 20:31:33,Yanz,ini Telkomsel sdh paling mahal paket data nya jaringan nya Pi lagi nda stabil harga paket elit jaringan sulit memang uang saja yg ko mau perbaiki jaringan nya nda mau
playstore,telkomsel,2026-05-23 20:29:43,mohamad nawawi,"SIGNAL DATANYA MAKIN BURIK.. APALAGI SETIAP HABIS HUJAN, SEPERTI TURET NYA ROBOH, LEMOT UNTUK INTERNET!!"
playstore,telkomsel,2026-05-23 20:28:24,rian andrian,kebanyakan updet
playstore,telkomsel,2026-05-23 20:28:08,Ardi Ansyah,"sumpah gw bener bener kesel, pengen isi kuota tulisannya ""halaman web tidak tersedia"" kalian dongo atau gmn sih?"
playstore,telkomsel,2026-05-23 20:19:34,Rusli Labara,luar biasa
playstore,telkomsel,2026-05-23 20:14:00,Zulkhairi Khairi,my Telkomsel sekarang semakin jelek
playstore,telkomsel,2026-05-23 20:10:01,Bella fitrah Annisa syafari,lemot bgt skrg. mau pembayaran data di menu metode pembayaran hampir 30 mnt loading aja terus
playstore,telkomsel,2026-05-23 20:08:27,Lityo Anggara,simpati ngeleg. mahal doang beli paketan. tapi kualitas sinyal buruk. hp baru padahal selalu di restart ulang tetep aja ngeleg mulu
playstore,telkomsel,2026-05-23 20:07:48,Hana Fatiyah,mantap
playstore,telkomsel,2026-05-23 20:05:14,delonshb,"bingung liatnya, di apk masih banyak kuota tapi gk bisa dipake, dan pas di cek di *888* kuotanya udh habis"
playstore,telkomsel,2026-05-23 20:03:05,gibran Nugroho,ntap
playstore,telkomsel,2026-05-23 20:00:54,Ahmad Saerudin,Udah cpek sy seting aplikasi ini msih jg ttp g bisa bdhl sy plnggn paket halo
playstore,telkomsel,2026-05-23 20:00:52,Septyan D. Ardhian't,"Buat kirim pulsa antar nomer untuk yang ketiga kalinya malah eror, kocak banget aplikasinya nih"
playstore,telkomsel,2026-05-23 19:57:27,Norpen Boma,za mau beli pulsa telepon
playstore,telkomsel,2026-05-23 19:56:11,Rahmad Rozaki,saya sudah pernah menggunakan tp terhapus
playstore,telkomsel,2026-05-23 19:55:08,X X,leg
playstore,telkomsel,2026-05-23 19:52:20,Ajakk Ajkakaka,"aplikasi ga jelas pengen beli kuota aja kaga bisa bisa muter bae padahal beli kuota nya pake telkomsel juga tapi muter bae, padahal rumah udh deket tower telkomsel tapi aplikasi nya muter bae minimal di perbaikin jadi ribet beli kuota harus nunggu lama terus"
playstore,telkomsel,2026-05-23 19:51:21,Akbar Nurhidayatullah,"masa tiap malem internet nya selalu ngelek,beli mahal² cuman dapet internet ngelek ,sering banget internet ngilang,padahal Internet nya masih banyak😠"
playstore,telkomsel,2026-05-23 19:51:03,Akip 73,sinyal kuat
playstore,telkomsel,2026-05-23 19:48:37,Draco Lucius Malfoy,"emang kikir nih telkomsel,kuota aja mahal sinyal gada ilang ilangan. kuota aja yang di mahalin sinyal ampas"
playstore,telkomsel,2026-05-23 19:41:52,Gaul papy,pelit
playstore,telkomsel,2026-05-23 19:41:34,Ali Muflikin,bagus
playstore,telkomsel,2026-05-23 19:40:55,Restu Dwi Andhika,makin buruk!!
playstore,telkomsel,2026-05-23 19:35:27,Anisya Nurhaliza,bulan ini jaringan nya jelek banget tolooong😭 sayang banget beli kuota banyak gk bisa dipake. Bener-bener nguras kesabaran iiih
playstore,telkomsel,2026-05-23 19:32:42,keong sutejo,kebanyakan menu
playstore,telkomsel,2026-05-23 19:32:03,Agus Ae,sangat bagus
playstore,telkomsel,2026-05-23 19:31:57,Diky Kurniawan,"woy ajng, benerin dulu sinyal ini bgst. kuota mahal buat apa kalau sinyal ilang2an telkom ajg. kebiasaan monopoli pengguna mentang2 punya negara. makan duit haram lo semua."
playstore,telkomsel,2026-05-23 19:27:54,Koro Koro,sinyal buruk
playstore,telkomsel,2026-05-23 19:20:57,Gilang boy26,"tolong untuk telkom bagian Pekanbaru, jaringan nya di perbaiki, jangan cuman harga aja yg mahal, kualitas di bawah"
playstore,telkomsel,2026-05-23 19:20:41,elma mheilina,"Singal oh signal cacad sekali, susah mau buka mbanking, mau buka app my Telkomsel pun susah"
playstore,telkomsel,2026-05-23 19:17:16,Lisa Fitry,paket mahal kali
playstore,telkomsel,2026-05-23 19:14:12,Ali Prince,"jaringan selalu jelek, setiap komplen bales gak jelas . paket mahal lag"
playstore,telkomsel,2026-05-23 19:12:43,Safii,bagus
playstore,telkomsel,2026-05-23 19:10:08,Hamdi Nata,Lebih Banyak Promo Lebih Seru
playstore,telkomsel,2026-05-23 19:09:42,Irawan Effendi,aplikasi ini sangat membantu. dan beli pulsa dan beli paket jadi lebih mudah
playstore,telkomsel,2026-05-23 19:09:11,Riki Ahmadi,mantap
playstore,telkomsel,2026-05-23 19:09:08,Fikri Firdaus,oke
playstore,telkomsel,2026-05-23 19:08:19,Nur Habibi,apk gak jelas banyak lag nya
playstore,telkomsel,2026-05-23 19:07:56,CUMI IKU SIMU ISMU (CUMI),membingungkan sekarang kurang simple
playstore,telkomsel,2026-05-23 19:03:52,Irlangga Hariyono,"Gimana ini Tekomsel makin lama semakin MAHAL KUOTA nya tidak seperti dulu,kalau gini terus pindah kartu ini padahal udah make Telkomsel sudah lebih dari 10 th.Sudah pakai my Telkomsel, sekarang yang selalu di beli 17 RB malah gak ada, ni semakin lama Telkomsel semakin gajelas."
playstore,telkomsel,2026-05-23 19:03:26,Muhammad Erwin,"aku sudah beberapa kali pulsa kepotong waktu isi pulsa, dicek *888*77# biaya akses internet terakhir anda rp sekian. padahal jaringan data dimatikan, inikan nyolong namanya. Tolong kalau ambil pulsa tu pilih pejabat saja, jangan aku."
playstore,telkomsel,2026-05-23 19:03:15,Candra Annisa,aplikasi nya Sangat lemot padahal jaringan sy bagus
playstore,telkomsel,2026-05-23 19:01:48,Arlan Arlan,memuaskan
playstore,telkomsel,2026-05-23 18:59:50,Widi Suyatno,wooooyyyy.... jaringan kaya taaaaaaa!
playstore,telkomsel,2026-05-23 18:59:26,Sainal Abidin,"sudah 3 minggu indihome paket movie complete terpasang, netflix sudah bisa, we tv sudah, tinggal disney hotstar nya yg masih belum aktif"
playstore,telkomsel,2026-05-23 18:57:54,Rizky Fernando,BELI PAKET 100RIBU 28 HARI MAIN GAME AJA NGELAG
playstore,telkomsel,2026-05-23 18:53:11,Nardy Kristanto,"sinyal nya selalu nge lag, loading lama, yang jelas Telkomsel sinyal nya buruk dan gak bagus, kuota mahal tapi jaringan jelek, ping nya tinggi, ditambah jaringan nya selalu patah patah, -10 dari saya"
playstore,telkomsel,2026-05-23 18:52:32,Pon Nyadih,kenapa tekomsel kok semakin lama kok semakin mahal terus ya harga paketan nya kok terus terusan mahal ya .......
playstore,telkomsel,2026-05-23 18:51:08,Paijo Bagus,beli paket aja susah banget
playstore,telkomsel,2026-05-23 18:50:26,Upi siti Jamihar,RESPON CS NYA BENER2 SANGAT LAMBAT INGIN PAUSE LAYANAN INDIHOME DITUNGGU SEMALAMAN TIDAK MEMBALAS KETIKA MAU DIBALAS SUDAH TIDAK BISA . DAN HARUS AJUKAN ULANG BENER2 TIDAK BAGUS PELAYANAN SANGAT LAMBAT
playstore,telkomsel,2026-05-23 18:48:25,Jihad Ikhtiar,"aplikasi hama, mau verifikasi masuk selalu terjadi kesalahan dan coba lagi, gitu terus mau menghubungi customer servise gabisa harus login, aneh banget bikin sistem malah nyusahin pengguna"
playstore,telkomsel,2026-05-23 18:46:51,Renz Riset651,sinyal lelet banget ga sepadan dengan harga kuota ngelag nya itu ngelag banget sampe saya ga bisa ngedit dan harus beli kartu baru karena pekerjaan saya editor udh di balas sama aja ngeleg cuman gara gara triii gada sinyal masa Telkomsellll juga ngelag kan operator nya beda
playstore,telkomsel,2026-05-23 18:46:06,M Arifin,"Dulu nomer utama, sekarang pilihan ke 3. cuma beli masa aktif saja. Maaf di nomer saya paketan mahal, dan cepat habis. Semoga berbenah 👎"
playstore,telkomsel,2026-05-23 18:44:28,Delta Force,"PROVIDER MAFIA, QUOTA MAHAL, PAKET BANYAK JEBAKAN, JARINGAN LELET, OPSI2 DI MENU PAKET SEMUA POLA PIKIR CARA MAFIA. ADA YG HARGA TINGGI TAPI QUOTA KECIL HANYA DURASI WAKTU DILAMAIN. DAN BEGITU SEBALINYA. ADA QUOTA SAMA TAPI HARGA BEDA, POKONYA BANYAK JEBAKAN. YG PALING KESAL, DEKAT RUMAH BTS JARAKNYA 100-200 METERAN TP SINYAL LELET BISA TURUN SAMPAI KE 1 GARIS, UDAH SETINGAN LTE 5G JUGA ITU. ATAU BTS NYA HANYA UNTUK PROYEK FIKTIF, TP FUNGSI NYA CUMA BUAT JARINGAN EDGE ?"
playstore,telkomsel,2026-05-23 18:44:24,Enggisaputra7 Enggi,mantap
playstore,telkomsel,2026-05-23 18:37:21,Rosales Kevin Hilarius,ngotak dikit kasih harga itu ajg
playstore,telkomsel,2026-05-23 18:36:47,Sadam Husen,buruk sekarang sistem pembelian nya dari paketannya jaringannya makin buruk
playstore,telkomsel,2026-05-23 18:35:39,Suprapto Prapto,data paling lemot sedunia
playstore,telkomsel,2026-05-23 18:32:04,Nangka Lengket,sinya nya minta ampunnn. jelek nyaaa.
playstore,telkomsel,2026-05-23 18:31:59,Kayran Alvarezen,bermanfaat!
playstore,telkomsel,2026-05-23 18:25:46,Ian,up
playstore,telkomsel,2026-05-23 18:23:47,Ardian 17,"terimakasih sudah setia selama ini Telkomsel, setia akan sinyal yang tidak stabil, paket yang sangat ramah dikantong masyarakat, penawaran paket yang sangat menguntungkan(bagi kalian), dan Alhamdulillah doa² Kami pengguna yang kecewa terkabulkan, sebab kartu/sinyal selain Telkomsel ditempat saya sudah ada.. terimakasih Smartfren dan Xl semoga kalian lebih baik lagi..dan 1 lagi saya tidak akan pernah kasih bintang lebih dari 1.. buruk kali Telkomsel sekarang, paket tidak normal, sinyal awur²an"
playstore,telkomsel,2026-05-23 18:22:52,Dian Riagustina,ada paket for sale tapi di beli gak bisa terus kan aneh kayak gitu !!!
playstore,telkomsel,2026-05-23 18:21:48,Salsabila Salwa,"Terlalu sering update,Berhenti update update anjir ,mana tampilan update bukan tambah mudah malah tambah puyeng, kantuik tambah parahh , saya beli paket flash sale gak bisa katanya koneksi terputus giliran beli yang non flash sale langsung bisa, minus 100000000000 bencii akuu cihh , balik in uang kuuu merugii akuu kentutt cih"
playstore,telkomsel,2026-05-23 18:18:05,Yoga Abdullah,sangat membntuu
playstore,telkomsel,2026-05-23 18:09:37,Ressa Puri,"makin lama makin ga jelas,,, error melulu"
playstore,telkomsel,2026-05-23 18:08:59,Eka Hari,mantap
playstore,telkomsel,2026-05-23 18:07:43,Chase Atlantic,aplikasi nya bagus tapi saya kecewa dengan sistem cashback nya cashback yang seharusnya saya dapat kan udah dua kali ga ada atau ga terkirim padahal saya telah memenuhi semua syarat yang di perlukan
playstore,telkomsel,2026-05-23 18:02:20,SUROTIN ILMI,sering down
playstore,telkomsel,2026-05-23 17:57:06,Fuat Syafiul,bagus
playstore,telkomsel,2026-05-23 17:49:15,Yoga taman Saputra,"kemaren pas narik orderan, ada aja masalah jaringan Telkomsel, sampai tercancel orderan ku, sekarang baru mati lampu sebentar langsung berantakan jaringan, makin mahal makin banyak tingkah,"
playstore,telkomsel,2026-05-23 17:48:20,muhamad kosim,"terima kasih Telkomsel, sinyal bagus bonus seru"
playstore,telkomsel,2026-05-23 17:45:49,bhima aldy,harga paket semakin mahal
playstore,telkomsel,2026-05-23 17:40:50,Nina Wijaya,"Harga kuota mahal, Jaringan Buruk"
playstore,telkomsel,2026-05-23 17:30:26,Ihrul Junuar,lemot amat buka aplikasinya
playstore,telkomsel,2026-05-23 17:28:24,Susi Ermayasanti,telkomsel ini semakin ruwet
playstore,telkomsel,2026-05-23 17:18:53,Arzaqi Mutawali,jaringan makin sini makin lemott
playstore,telkomsel,2026-05-23 17:17:34,lighter flash,"harga mahal nggak ngotak, jaringan kacau, pules, lemah syahwat. begini nih kalau plat merah se enak-enaknya. Semoga hisab kalian tidaklah pedih"
playstore,telkomsel,2026-05-23 17:12:39,Sandy Setiawan,top
playstore,telkomsel,2026-05-23 17:09:44,seuntai Kilauan Kasih,"harga kuota mahal dan selalu naik, sinyal jelek dan tidak konsisten"
playstore,telkomsel,2026-05-23 17:09:34,Tarya Sunarya,mantaaap
playstore,telkomsel,2026-05-23 17:08:50,AVINO isdhila28,susah banget beli paketnya mana sinyalnya jelek
playstore,telkomsel,2026-05-23 17:07:12,N. Sudiartha,"Hari ini 10/02/2025 untuk area bali sinyalnya parah, kenapa sih tiap turun hujan sinyal selalu sampai blank, buat telkomsel tolong perbaiki segera tambahan keluhan tgl 23/05/2026, mau bayaran di kfc tiba2 sinyal hilang 15 menit, aneh mmg sekelas kota besar denpasar kok simpati sinyalnya gini ya"
playstore,telkomsel,2026-05-23 16:59:50,Amin Nur,"Jaringan makin buruk, harga paket makin naik, apk my telkom sering ngebug, tolong perbaiki"
playstore,telkomsel,2026-05-23 16:59:30,Ameng,sangat baik
playstore,telkomsel,2026-05-23 16:53:47,Hendra Irawan,"Ada bug, ah kacau tiba-tiba pindah ke Instragram, iklan steam palsu lagi, banyak iklan, aplikasi berat... Kacau pokonya"
playstore,telkomsel,2026-05-23 16:53:20,Kasim Zero,kalau bisa paket data tidak pakai masa berlakunya
playstore,telkomsel,2026-05-23 16:51:37,Ngajoak Bebeledagan,oke membantu
playstore,telkomsel,2026-05-23 16:49:54,Kefrianto Sirjon,bagus
playstore,telkomsel,2026-05-23 16:47:25,Aulyana 0293,"makin kesini harga kuota bulanan makin mahal,tolong dong pihak Telkomsel turunin harga kuota ke harga dulu 😭"
playstore,telkomsel,2026-05-23 16:46:56,bogorAtoZ,makin jelek
playstore,telkomsel,2026-05-23 16:44:55,S H A D O W,bagus
playstore,telkomsel,2026-05-23 16:43:45,Muhamad Rafi,"apk ngelag pdahal jaringan bagus heran banget dah, minta ajarin cara bikin aplikasi yang bner sama yang sebelah noh mereka gada lag sama sekali kalo mau beli paket data lewat apk yang ini malah ngeribetin kode qr muncul aja seabad"
playstore,telkomsel,2026-05-23 16:42:37,Tengku Hidayat,rampok
playstore,telkomsel,2026-05-23 16:41:00,Tantowi Yahya,"Telkomsel anjg paket mahal, jaringan tidak terpakai sama sekali"
playstore,telkomsel,2026-05-23 16:40:36,Nurozyik Bocil,enak banget
playstore,telkomsel,2026-05-23 16:40:16,Jujun Junaedi,mahal doang jaringan nya lelet nya minta ampun?? jelek bangett sumpahh.
playstore,telkomsel,2026-05-23 16:36:50,Nur Hasanudin,"woi, udah mau 4 hari laporan saya belum di selesaikan. Tiap hari nlp jawabannya sama. mohon di tunggu. Bayar telat aja langsung di blokir wifinya."
playstore,telkomsel,2026-05-23 16:34:35,Fadli Ardiyanto,mau beli paketan eror
playstore,telkomsel,2026-05-23 16:33:44,arief aprilyadi,ABCD BARRA2N SIP MPd NiaN
playstore,telkomsel,2026-05-23 16:30:19,Muhammad Hekal,terbaik
playstore,telkomsel,2026-05-23 16:28:57,Ari Alvonzo,"ini knp apk nya terjadi kesalahan mulu, paket gue abiss, gua mo beli, dri kemarin lo gk di benerin"
playstore,telkomsel,2026-05-23 16:25:00,hendra gunawan,heh ngapa tiba2 suka mati!!!
playstore,telkomsel,2026-05-23 16:22:20,Miftachul Huda,kebanyakan iklan
playstore,telkomsel,2026-05-23 16:18:37,Jakarta Satu,tiba2 pulsa menghilangkan alasannya ada aktifitas internet di apk myTelkomsel
playstore,telkomsel,2026-05-23 16:17:05,Wahyubayu Maisarah,cpat akurat
playstore,telkomsel,2026-05-23 16:11:34,axryeinzbern 1st,aplikasi error. jaringan bagus tapi di dalam aplikasi terdeteksi TIDAK ADA JARINGAN
playstore,telkomsel,2026-05-23 16:10:51,Mhd Ali,aku affli kasi ini
playstore,telkomsel,2026-05-23 16:07:44,Bejan Pujiantoro,Bagus recommended
playstore,telkomsel,2026-05-23 15:59:54,Wulan Anggun,"rating terburuk untuk kalian, saya ISI 10 Ribu kmrn bukan baru sekali dua kali udah sering, paket data g idup, tiba2 pulsa dah HBS, kalian pikir wawak kalian yg ISI pulsa,"
playstore,telkomsel,2026-05-23 15:57:58,Lely Safitri,Akhirnya.. sekarang sudah oke Telkomsel ny☺☺☺🥰🥰🥰
playstore,telkomsel,2026-05-23 15:56:35,Abijun Edi,"Jaringan sudah bagus tp sayang banyak kuota atau paket data yg murah hilang ,bagi kami yg ekonomi menengah kebawah ga bisa menikmati paket murah dengan data yg banyak.Nah ini semakin lebih baik cuma tinggal perbaiki aja masa aktifnya menjadi 30hari dengan data yg lumayan, terimakasih"
playstore,telkomsel,2026-05-23 15:55:35,Yanto Yanto,Oky
playstore,telkomsel,2026-05-23 15:54:35,Syaha ruddin,mantap
playstore,telkomsel,2026-05-23 15:54:27,Andarias Parinding,makin hari makin jelek. 1 bulan cuma 28 hari sama saja menipu konsumen
playstore,telkomsel,2026-05-23 15:40:59,Muhammad Akira akbar,"aneh banget aplikasi ga bisa di update ,mau beli paket lag parah blok padahal internet lancar penyimpanan masih longgar apalah keidiotan ini"
playstore,telkomsel,2026-05-23 15:38:20,ndi endi,mantap banget apk nya
playstore,telkomsel,2026-05-23 15:25:30,Slogdim 0822,lapor ke cs 188 trus dia gak bisa bantu kendala indihome saya tbtb di tutup telponnya
playstore,telkomsel,2026-05-23 15:24:48,Yohandre Altair Ryanto,Sangat mudah dan cepat untuk melakukan Aktifasi paket dan praktis untuk menjalankan Aplikasi ini.👍
playstore,telkomsel,2026-05-23 15:24:03,Barry P. Simamora,Ngelek kali pun padahal udah beli data mahal mahal
playstore,telkomsel,2026-05-23 15:15:37,Tan Suat Eng,oii ok
playstore,telkomsel,2026-05-23 15:14:48,Andi san,kocak harga paket data gak ngontak jirrr
playstore,telkomsel,2026-05-23 15:12:09,Simun,goblok ngeleg terus harga nya nambah mahal tapi jaringan nambah lemot
playstore,telkomsel,2026-05-23 15:09:52,Rizal Abdul Gani,apl sampah
playstore,telkomsel,2026-05-23 15:03:16,Bone Gattareng,lelet sekali
playstore,telkomsel,2026-05-23 15:01:36,Akio Rumapea,"jaringan bujang, Telkomsel bujangg"
playstore,telkomsel,2026-05-23 15:01:12,Agus Setio Aji,"jaringan bagus, banyak promonya"
playstore,telkomsel,2026-05-23 14:57:16,Ishak,ok ok aja
playstore,telkomsel,2026-05-23 14:56:02,Tison Gaus,"LEBIH ENAK DAN NYAMAN PAKAI KARTU EXSIS,SELAIN MURAH JARINGANNYA JGA SANGAT NGEBUT KENCANG BENEEER,KALAULU GA PERCAYA DOWNLOAD AJA DULU APK EXIS NYA"
playstore,telkomsel,2026-05-23 14:55:24,Yohanes Kelen,kenapa promo data tidak kluar lagi
playstore,telkomsel,2026-05-23 14:54:45,Arii,"makin kesini makin as...u ini jaringan Telkomsel, gw rekomendasiin sekarang jangan pake Telkomsel RUGII !!! JARINGAN LEMOT PADAHAL KUOTA MASIH BANYAK !!!"
playstore,telkomsel,2026-05-23 14:52:46,cacan sayang,Tega banget Telkomsel langganan halo niatnya pengen lebih murah taunya malah banyak paket ngga jelas yg perlu di bayar mana telkomsel undinya ngga jelas
playstore,telkomsel,2026-05-23 14:48:23,Boyjes Artheta,👍
playstore,telkomsel,2026-05-23 14:45:07,Rusman 336,kondisikan kembali cara masuk akun terimakasih
playstore,telkomsel,2026-05-23 14:43:25,putri nanda,jaringannya amat sangat lelet. makin gak bener aja ni telkomsel. harus diperbaiki lagi ni. tiap bulan beli paket data belasan gb selalu sia2.
playstore,telkomsel,2026-05-23 14:42:19,Herman 23,aplikasi eror parah.mau beli Kouta pun susah.aplikasi ga guna
playstore,telkomsel,2026-05-23 14:41:09,Sigit 24,sinyal burikkkk woyyyyy
playstore,telkomsel,2026-05-23 14:36:59,Saeful Fulloh,"apk ini harusnya rating 1 apk banyak gaya , bertele tele , sok sok an, upgrade nyapun bikin user sengsara serta amburadul SANGAT MEMBEBANI ( BERAT) Alias LEMOTTT juga , bikin banting hp gara2 ini apk. produk ini emang Tengilll"
playstore,telkomsel,2026-05-23 14:31:14,Kenzo gaming,"tolong bagian fitur gift di beri lebih banyak pilihan paket, lumayan untuk kita berjualan"
playstore,telkomsel,2026-05-23 14:28:00,HoHo,makin mahal paket yg sering saya beli gak bisa di beli apa lh
playstore,telkomsel,2026-05-23 14:24:56,Zahirul Abrar Asshidqie,woi ngeleg
playstore,telkomsel,2026-05-23 14:15:34,All MItsuki,bisa becus dikit ga bikin jaringan tolol
playstore,telkomsel,2026-05-23 14:12:14,Haro Tenno Pangaribuan,"makin parah sinyal kalian, ga kayak dulu"
playstore,telkomsel,2026-05-23 14:06:05,Fidel Kastro,di apk my telkomsel ada flash sale paket data 65Gb/28 hari/90ribu..giliran mau dibeli tdk bs2. pdhl pls sy ada 98 ribu.di dial *363*35# juga ga bs di beli.malah pls tdk mncukup jwbnnya..parah
playstore,telkomsel,2026-05-23 14:04:03,Nadhief Ahmad,harga mahal jaringan gak jelas
playstore,telkomsel,2026-05-23 14:02:40,davin rayhan,"gada perubahan, makin burik sinyalnya, kualitas 0 harga 100%"
playstore,telkomsel,2026-05-23 13:59:21,bani pratama,sinyal sampah
playstore,telkomsel,2026-05-23 13:51:17,Andrianto -,"Setiap hari harus berkali kali restart jaringan tapi masih sama, status jaringan lemah"
playstore,telkomsel,2026-05-23 13:50:58,Ayib leter,bermanfaat
playstore,telkomsel,2026-05-23 13:50:03,Denny Septariansyah,Kalo gak niat kasih promo kagak usah bikin promo min
playstore,telkomsel,2026-05-23 13:49:43,Andi Harianto,baik
playstore,telkomsel,2026-05-23 13:49:41,Kucink 29,"telkomsel makin busuk, jaringan dikota besar saja busuk, paketmingguan/bulanan sama saja busuknya.."
playstore,telkomsel,2026-05-23 13:46:10,Muhammad Gilbran ALFATIH ALFATIH,"kecewa gua makin hari makin mahal telkom padahal b aj sinyal malah kalo mati lampu gak ada sinyal ,giliran paket"" nya dimahalin ,lama"" orang bakal muak laganan kalo kek gini, setidak ny kurangi harga kuota nya dikira orang di indo sultan"" apa"
playstore,telkomsel,2026-05-23 13:45:23,Antera Mahendra,"baru update lagi, kuota yg biasanya dibeli hilang, harga makin mahal, kuota yg masih ada jika sudah lewat masa aktif hilang juga, masa aktif makin pendekk, makin mahal intinyaa. kecewaaaa"
playstore,telkomsel,2026-05-23 13:45:17,Dhimass Faturahmanaa,paket combo sakti 52 RB 26gb saya hilang. harga kuota makin mahal. saya mahasiswa cukup terbebani. tolong kembalikan palet saya yg sering saya beli dari tahun ke tahun.
playstore,telkomsel,2026-05-23 13:37:57,Nicho,"kesampingkan kekikiran lu, sinyal lu aneh nyet. gua mau bayar aja gabisa sialan sementara temen temen gua yang kartunya beda pada bisa bayar, maksud lu apaan jing? kartu lu aja yang jelek ternyata"
playstore,telkomsel,2026-05-23 13:35:38,RISKY ILYAS Ilyas,jangan pake ini gw deket tower ngeleg setiap hari udah mahal ngelag lagi mending xl murah terus gk Ngelag
playstore,telkomsel,2026-05-23 13:31:39,Bayu Aji,udah langganan bertahun-tahun paket data semakin mahal banget.lama lama pindah kartu XL kalok paket data semakin mahal
playstore,telkomsel,2026-05-23 13:28:04,Arlan Tangguh,"tolong la klo di update itu, makin bgs bukannya makin banyak errornya"
playstore,telkomsel,2026-05-23 13:20:47,Feri Yanto,jaringan lemottttttttt.
playstore,telkomsel,2026-05-23 13:19:43,Agus Salim,Belum dicoba
playstore,telkomsel,2026-05-23 13:19:26,Diam Loh,"apk bodoh, jaringan trus mau beli kuata"
playstore,telkomsel,2026-05-23 13:15:46,Keizia meika Sinaga,"perbaiki dong jaringannya. kalau dulu telkomsel terkenal dengan jaringan yang cepat. sekarang malah👎👎👎. kalau gini terus mending ganti kartu lain. dan 1 lagi, aplikasi ini sediakan dong fitur offline. bayangkan aja tiba tiba mati lampu tapi butuh paket data"
playstore,telkomsel,2026-05-23 13:15:20,M. Hasan As'ari,"lemotnya parah, ingin tahu jumlah saldo pulsa atau kuota saja tdk bs otomatis, harus uninstall dulu, kemudian install ulang, asem."
playstore,telkomsel,2026-05-23 13:13:18,Niku Daichi,update bukannya makin bagus malah makin berat. lagian aplikasi cek kuota dan pulsa aja dibikin berat. minimal kalau update itu jgn makin diperberat tapi dibikin ringan. update baru malah gak bisa ngecek kuota sama sekali. parah banget
playstore,telkomsel,2026-05-23 13:11:19,Iin Indrayasin,tiga dulu masih kelet
playstore,telkomsel,2026-05-23 13:07:29,Ahmad Fatah,sinyal internet nya bapuk
playstore,telkomsel,2026-05-23 13:03:36,Bagus Apta,tolong diperbaiki lagi apk nya masak kok suka eror gini sih
playstore,telkomsel,2026-05-23 13:03:16,Indra Sazena,"kuota makin mahal sinyal makin parah,suka ganguan terus speed ga sampe 10mbps"
playstore,telkomsel,2026-05-23 12:57:30,Oeun Hiroshe,aplikasi aja di korupsi... jujur ga nyaman banget pake aplikasi telkomsel.... terlalu banyak popup iklan yang muncul. sekelas perusaahn telkomsel tpi aplikasi kayak aplikasi warteg bahari.... perbaiki tuh aplikasi... buatlah aplikasi yang proforsional... jangan mikirin untung buat korupsi nya aja...
playstore,telkomsel,2026-05-23 12:56:49,Muhammad Haris hidayat,kadang lelet biasa nya
playstore,telkomsel,2026-05-23 12:53:19,Muhammad Zulfikar Zulkarnaen,agak sulit dibuka
playstore,telkomsel,2026-05-23 12:49:43,Fachrul rozi Septiawan,sinyal buruk dan saya sangat sangat kecewa sama kualitas internet seluler telkomsel .
playstore,telkomsel,2026-05-23 12:48:26,Erwin Kurniawan,Kadang kadang gak jelas gitu aku ngisi pulsa yang tadi nya 15GB jadi 13GB
playstore,telkomsel,2026-05-23 12:47:57,Indra Fuad,"parah jaringan ssah bgt,mana pulsa sering kepotong ga jelas,padahal sdah d paket,tetep aja ga guna"
playstore,telkomsel,2026-05-23 12:44:57,06hanfar,"kuota mahal, gaada event and promo menarik, gabisa tukar poin ke kuota, nih apk kalau gaada stamp berhadiah udh ku UNINSTALL!!!"
playstore,telkomsel,2026-05-23 12:40:53,Andry Mangola87,💪🔨🚬☕✅
playstore,telkomsel,2026-05-23 12:40:13,Tuhuteru Aikal,terbaik
playstore,telkomsel,2026-05-23 12:39:12,Bakso Pentol,sengaja kasi bintang 5 biar dibaca semua orang.. Bertahun2 pake telkomsel makin parah.. jaringan atau pun beli paket sesuai kebutuhan dia bukan kebutuhan konsumen. paraaaaah 🤬
playstore,telkomsel,2026-05-23 12:38:52,ricky hardi,membantu untuk beli kuota secara online
playstore,telkomsel,2026-05-23 12:36:37,Lesmana Adji adha,bagus
playstore,telkomsel,2026-05-23 12:29:39,Ratih Ariessa,"mengapa jika mati listrik jaringan internet telkomsel juga mati? bener2 mati total, sehingga menyulitkan kami menjangkau informasi ataupun sekedar mencari bantuan, jadi seperti terisolasi. mohon dong telkomsel diperbaiki sistem jaringannya jikalau listrik padam, supaya kami tetap bisa dapat informasi atas apa yg terjadi lewat internet."
playstore,telkomsel,2026-05-23 12:29:36,Agus Irawan,"kualitas jaringan u itu g sesuai sama harga, mahal tp kualitas jaringan burik 👎👎👎👎"
playstore,telkomsel,2026-05-23 12:25:56,umaidah Sri,oke
playstore,telkomsel,2026-05-23 12:24:07,Levi Azhari,"kemaren saya beli paket combo Telkomsel 34.000 10GB, skrng mau beli malah naik harga 42.000 7GB, saya pemakai Telkomsel 8 tahun, semakin update atau semakin bulan malah naik, kalian pikir orang yg makai Telkomsel merata orang kaya kah, jngan kikir gitulah admin Telkomsel, kasih promo kek, ini di naikan mulu, mentang² sering isi paket pelanggan tiba2 di naikan harganya dan di kurangin GBnya, ngotak kali lah min"
playstore,telkomsel,2026-05-23 12:24:03,Mbah Anto,kenapa Jaringan internet Down
playstore,telkomsel,2026-05-23 12:20:38,erwin sulpami,My telkomsel mantap banyak promo dan diskon
playstore,telkomsel,2026-05-23 12:15:15,Rizky Fiarno,"di app my telkomsel sudah takada lagi paket murmer, semua paket buat orang kaya baru.Paket kecil harga Tinggi, Paket besar harga ga Ngotak!. Tak semua orang butuh paket nonton, games dan blablablaa lainnya.Tolong Hadirkan paket yg normal saja terserah konsumen mau pakai buat apa tu paket, tak usah dibagi"",tak usah dikelas"" kan kasih konsumen bebas buat memilih. Pengguna Telkomsel bukan gen Z saja, tolong kalian yg kerja di Telkomsel jangan selalu/harus menggunakan pikiran ala gen z saja. 🔥"
playstore,telkomsel,2026-05-23 12:09:05,Bagus Arief Firmansyah,sekarang sinyalnya lemot. mending beli merek sebelah. lebih murah dan lebih kenceng
playstore,telkomsel,2026-05-23 12:08:46,Ahmad Maidi,cukup bagus
playstore,telkomsel,2026-05-23 12:08:06,Arisandi Kurniawan,terima kasih
playstore,telkomsel,2026-05-23 12:03:03,Fahmi Danish,"gw akui dulu beberapa tahun lalu Telkomsel soal jaringan/sinyal juara, tapi sekarang sumpah parah buruk burik banget jaringannya.mana mahal banget paket internet nya, seharusnya seimbang kalau paket internet mahal harus baik sinyal/jaringan internet nya ini kaga malah buruk.. kecewa gw, dengan Telkomsel..!"
playstore,telkomsel,2026-05-23 11:58:19,Siu Lim,"makin kesini makin jelek jaringan internet nya , banyak putar putar kaya baling baling kipas"
playstore,telkomsel,2026-05-23 11:56:13,Agus Fajar Apriyanto,aplikasi berat dan banyak drama. salah satu nya tranfer pulsa
playstore,telkomsel,2026-05-23 11:55:30,Samuel Emem,hay
playstore,telkomsel,2026-05-23 11:49:05,irpan pirmansyah,Lemot parah udh beli paket swadaya gojek g masuk gojek lama beli lgi paket internetan hrian baru masuk
playstore,telkomsel,2026-05-23 11:45:59,Saepudin Indra W,SIMPATI harus lebih baik lagi terutama sinyal nya di daerah dan pegunungan
playstore,telkomsel,2026-05-23 11:44:31,Feisal Dwi Tyas,"Telkomsel Tolol, udah beli pulsa mau beli paket kuota dengan metode pembayaran pulsa gk bisa, nyesel beli pulsa telkomsel DONGO👎"
playstore,telkomsel,2026-05-23 11:43:15,Alextra Xiura,sangat membantu untuk membeli data jadi gak perlu ke counter lagi deh
playstore,telkomsel,2026-05-23 11:26:27,MUHAMAD MUHAIMIN,baik
playstore,telkomsel,2026-05-23 11:20:43,Jovan Jpr,memuaskan
playstore,telkomsel,2026-05-23 11:15:00,Riddick Y. Soesilla,"Pelayanan gangguan IndiHome sekarang semuanya serba LAMBAT, cs lambat, sistem penanganan lambat, teknisi jg teledor!!!"
playstore,telkomsel,2026-05-23 11:14:01,Dede Irawan,mantaffff
playstore,telkomsel,2026-05-23 11:11:27,Riyan Saputra,"nyobain paket darurat 7 hari,baru pakai 3 hari udah di sms peringatan suruh bayar TOLOL bener TELKOMSEL"
playstore,telkomsel,2026-05-23 11:10:43,M Luthfi,berguna sekali!
playstore,telkomsel,2026-05-23 11:07:18,Lukman Khakim,kumat lagi nih telkomsel dengan jaringannya yang tidak stabil
playstore,telkomsel,2026-05-23 11:04:26,Gustian tian,sangat puas mkasih Telkomsel
playstore,telkomsel,2026-05-23 11:01:59,Tabs2 2018 (Rahman),bagus
playstore,telkomsel,2026-05-23 11:01:20,Aby Bibonk,jaringan jelek kadang ngelek tidak menentu.
playstore,telkomsel,2026-05-23 10:53:19,Wisnu,"ngaco pulsa kesedot trus, pdahal gw beli pulsa buat perpanjang masa aktif juga, aneh"
playstore,telkomsel,2026-05-23 10:50:19,Sona Sonjaya,sangat bagus
playstore,telkomsel,2026-05-23 10:49:03,Pipet Bgkok,oke
playstore,telkomsel,2026-05-23 10:47:42,Yogi Yudistira,sinyal nya makin kesini makin kesana
playstore,telkomsel,2026-05-23 10:47:29,Kenzo Oktovian,baik
playstore,telkomsel,2026-05-23 10:44:48,Azzaroh Aulia,"beli paket data kyak gabeli, data nya ga bisa di gunain lambat bnget koneksinya,jngn jngn di korupsi ya"
playstore,telkomsel,2026-05-23 10:43:12,Husnul Hafid,"sinyal buruk banget makin lama makin ga jelas sinyal telkomsel, klu trus trusan gini mending gw ganti kartu pusing....."
playstore,telkomsel,2026-05-23 10:43:02,KRISTIA A,kenapa ga bisa beli paket? setiap mau pembayaran selalu aja eror
playstore,telkomsel,2026-05-23 10:41:41,Ricky,"semakin kesini makin gada sinyal min,1 aja ini gada sinyal nya kadang hilang sendiri"
playstore,telkomsel,2026-05-23 10:32:52,Hema Chandra,"SEBAGAI PROVIDER TELKOMSEL SANGAT MERUGIKAN BANYAK ORANG, NO KALIAN BANYAK SEKALI DIJADIKAN BAHAM SCAM TELPON OLEH OKNUM YANG TIDAK BERTANGGUNGJAWAB. LAMA LAMA SEMAKIN TIDAK JELAS KALIAN SEBAGAI PROVIDER MEMBIARKAN NOMOR NOMOR YANG DIJADIKAN BAHAN SCAM TETAP AKTIF"
playstore,telkomsel,2026-05-23 10:27:31,Joy Nafi,"sangat jelek sekali sinyal nya buka FB sama buka wa aja ngelek nya minta ampun, udah 4 hari ini gitu gitu aja. padahal sinyal full tapi kecepatannya lebih cepat lagi keong dari pada kecepatan sinyallnya ampun aku kalo ini, bikin darah tinggi ku naik"
playstore,telkomsel,2026-05-23 10:27:08,Buce Fiktor,Baik sekali
playstore,telkomsel,2026-05-23 10:26:56,Muhammad Rahilillah,KALIAN BERIKAN SOLUSI YG TIDAK JELAS HAPUS SAMPAH BGMNPUN SAMA SJ APLIKASI KALIAN ITU CACAT
playstore,telkomsel,2026-05-23 10:20:20,Sri susana LD,good operator seluler
playstore,telkomsel,2026-05-23 10:20:02,Kembar 2,"sinyal krg, harga tinggi, kikir"
playstore,telkomsel,2026-05-23 10:17:37,Siti Romlah,"Telkomsel mahal tapi pelayanannya buruk. Pulsa sering terpotong karena layanan jebakan dan bahkan cek pulsa biasa saja kena biaya. Sangat mengecewakan, SAYA MAU PINDAH KE PROVIDER LAIN"
playstore,telkomsel,2026-05-23 10:13:43,Kanagi,aplikasi yang sangat hebat
playstore,telkomsel,2026-05-23 10:09:36,SlowLoST,pulsa gua ngilang oi. uninstal ah
playstore,telkomsel,2026-05-23 10:07:22,Simon Petrus Santoso,Mau masuk susah sekali...aduhhhhh Buat aplikasi kok tidak bisa di akses?????
playstore,telkomsel,2026-05-23 10:03:36,Krisna Faraz,mantap
playstore,telkomsel,2026-05-23 10:03:17,Zen 5801,tolong tinkatkan lagi kemudahan nya
playstore,telkomsel,2026-05-23 09:58:17,rasyid abdul,ok lah mantap
playstore,telkomsel,2026-05-23 09:55:52,Rizcky Putra Afriandana,pulsa sering berkurang sendiri padahal tidak pernah di pakai
playstore,telkomsel,2026-05-23 09:48:29,Gurr,provider sampah
playstore,telkomsel,2026-05-23 09:45:26,Tian Chanel,jaringan bisa E gitu
playstore,telkomsel,2026-05-23 09:43:27,Qiano Raishar pratama,ahay banget
playstore,telkomsel,2026-05-23 09:40:12,DJAMPUT MEN,"my telkomsel sekarang sering banget bug padahal udah update terus sama aja dong apa gunanya diupdate klo tetep bug, mohon ditinggatkan lagi 🙏🏻🙏🏻"
playstore,telkomsel,2026-05-23 09:36:47,Muhamad Rofik,apk ngentod udh login disuruh login lagi apk babi
playstore,telkomsel,2026-05-23 09:35:48,Papa Angel Karen,"aplikasi sialan, bolak balik register, bolak balik daftar. ba*bi"
playstore,telkomsel,2026-05-23 09:35:35,Alfariz syahreza,makin kesini makin ga bagus jaringan
playstore,telkomsel,2026-05-23 09:33:20,Doni Setiawan,"mahal mahal sekali, nanti kalo sinyal m3 atau XL udh bagus di kampungku aku buang jauh' Telkomsel, najis harganya"
playstore,telkomsel,2026-05-23 09:31:43,Gracia Renatha,"mau beli paket mahal mahal, padahal biasa beli yg 11 gb 35.000 malah tiba tiba ga ada, padahal sebelumnya di cek ada giliran pas mau beli malah ga muncul, adanya langsung 65 gb 130.000.udah sering kali kayak gitu. lain yang dicari lain yang muncul. aplikasinya ribet dan juga promo promo nya ga seru, jatuhnya merugikan pembeli"
playstore,telkomsel,2026-05-23 09:27:27,Adek Imansah,kurang bagus harga mahal
playstore,telkomsel,2026-05-23 09:25:40,Mhmmd Ilham,ok
playstore,telkomsel,2026-05-23 09:18:12,Ficus,"makin kesini kualitas jaringan nya makin parah harga nya, juga GK sepadan sama apa yang di dapat padahal dulu bih bagus"
playstore,telkomsel,2026-05-23 09:17:26,Muh Iqbal Herisa,beli paket tapi tidak masuk dan saldo terpotong
playstore,telkomsel,2026-05-23 09:05:07,purnomo purnomo,makin tidak jelas aja ini telkomsel mau masuk diaplikasih ada harus verifikasi
playstore,telkomsel,2026-05-23 09:04:34,Afandi Atawani,kalau bisa kasih murah
playstore,telkomsel,2026-05-23 09:03:45,Ahmad Junaidi,"udah di restar udh mode pesawat masih aja parah banget jaringannya ,,harga paketan aja makin naik performanya ga di hiraukan ,di baca ga sih bnyak orng mengeluh gtu ,,cuma di respon gtu² doang,makin lama makin ga karuan sinyalnya"
playstore,telkomsel,2026-05-23 09:01:31,Nasyifa Zs,gajelas freak. mau pembayaran susah btul muter trs. perbaiki bego
playstore,telkomsel,2026-05-23 09:00:26,isoroku *,sebulan disini 28 hari beda dari yang lain keren lu
playstore,telkomsel,2026-05-23 08:59:36,ALHAFIZ,burik asu gk bisa beli paket anj
playstore,telkomsel,2026-05-23 08:56:02,Bray ajah,baik
playstore,telkomsel,2026-05-23 08:55:51,Dedi Wahyudi,help
playstore,telkomsel,2026-05-23 08:55:05,Sembada Tiga Abadi,lelet
playstore,telkomsel,2026-05-23 08:51:52,Pengguna Google,"makin gak jelas Telkomsel ni,udah lah mahal,sinyal sulit.Mau beli paket internet error trus,parah sih."
playstore,telkomsel,2026-05-23 08:51:36,Pengguna Google,"awalnya saya menggunakan aplikasi MyTelkomsel ini sangatlah membantu saya, praktis dan tidak ribet. Tapi kenapa ya lama kelamaan pemakaian aplikasi ini, jika saat saya ingin membeli paket Kouta selalu terjadi kesalahan sistem? Jadinya saya tidak bisa membeli paket Kouta dan harus pergi ke konter paket sekarang. Padahal aplikasi juga sudah di update, ini tidak pernah terjadi sebelumnya. Mohon untuk bantuannya ya."
playstore,telkomsel,2026-05-23 08:45:13,Pirman Shaw,nah gitu dong tadi harga paket nya mahal sekarang kok jadi flas sale semua yak makasih banget yak min 🙏
playstore,telkomsel,2026-05-23 08:43:29,Rama Wijaya,"jaringannya sering gangguan, lemot, kebanyakan fitur yang gak berguna.. harga paket makin mahal, paylater makin mahal juga,, padahal udah pakek nomor ini sudah belasan tahun, Telkomsel makin parah, sering error"
playstore,telkomsel,2026-05-23 08:43:25,Cecep Hidayat,"telkomsel udah kayak lintah, quota 20gb pemakaian sama seperti provider lain tp 10hri habis n pulsa jg kesedot tanpa pemberitahuan, pulsa 0 baru ad pemberitahuan. 16thun pakai Telkomsel tp semakin kesini semakin mengecewakan."
playstore,telkomsel,2026-05-23 08:43:18,Ayub Degei,ok
playstore,telkomsel,2026-05-23 08:41:26,Benny Sitohang,bagus
playstore,telkomsel,2026-05-23 08:40:34,Martino,"aplikwsi erorr,,, dibuka untuk cek pulsa kuota ada kesalahan sistem terus,,, diperbaiki lah,,,, saya sudah 22 tahun pakai simpati telkomsel tapi semakin lama tambah mahal saja"
playstore,telkomsel,2026-05-23 08:39:32,Juni Fernando,tolong paket unlimited Telkomsel di adakan lagi dong.
playstore,telkomsel,2026-05-23 08:38:21,Ahmad Rifai,mantap
playstore,telkomsel,2026-05-23 08:38:09,SUSANTO susanto,"myTelkomsel saya sudah berlangganan sejak 2007 setia memakai telkomsel. untuk sekarang tolong beri kami keringanan tarif roaming buat kami pekerja TKI Qatar.kami hanya kuli harian.gaji UMR tidak seberapa.. 🙏🙏 yg /bulan sebelumnya roaming 150G/360rb sangat meringankan kami... sekarang roaming 40G/400rb..&penawaran lainya pun juga sama...!!! tolong kami,JANGAN CEKIK KAMI🙏🙏 terimakasih"
playstore,telkomsel,2026-05-23 08:35:39,Reza Hakiki,goooodddddd
playstore,telkomsel,2026-05-23 08:35:23,Mul Yana,sangat baik
playstore,telkomsel,2026-05-23 08:35:22,Muhammad Rian Fauzi,apa ini tiap hari update aplikasi terus
playstore,telkomsel,2026-05-23 08:25:05,Luis Felix Sianipar,"paketnya sudah lelet, pulsa selalu kemakan sendiri, tidak bisa beli paket jika menggunakan wifi, harga paketnya mahal"""
playstore,telkomsel,2026-05-23 08:21:50,Gibran Awan,sinyal ok
playstore,telkomsel,2026-05-23 08:21:24,Herma Yuli,sangat baik dan mudah dan puas banget
playstore,telkomsel,2026-05-23 08:21:23,Muhammad Zulfa,sinyal lemot banget di surabaya padahal beli paket yang mahal sama aja
playstore,telkomsel,2026-05-23 08:11:34,Opa Opana,harga paket super mahal
playstore,telkomsel,2026-05-23 08:06:53,Nichy Valent,"sering ngelag, harus loading dulu mana belum tentu langsung kebeli paketnya. kalo butuhkan ribet ya.. tolong ngelag dan keleletan apk dibenahi dulu."
playstore,telkomsel,2026-05-23 08:06:15,Ally Jibril,"menang mahal doang,sinyal nya makin lemot, suka ngilang"
playstore,telkomsel,2026-05-23 08:05:57,Mr.H,makin lama makin kayak taik jaringan telkomsel nya
playstore,telkomsel,2026-05-23 08:04:25,Queensha Salsabiluna,𝙝𝙖𝙧𝙜𝙖 𝙥𝙖𝙠𝙚𝙩 𝙢𝙖𝙨𝙞𝙝 𝙢𝙖𝙝𝙖𝙡
playstore,telkomsel,2026-05-23 08:04:09,Aksan Bin asep,ga bisa ke buka
playstore,telkomsel,2026-05-23 08:03:03,Adi Firmanto,good
playstore,telkomsel,2026-05-23 07:57:54,LIKE ASMARAWATI (Like Asmarawati),"paket di nomor saya kok 28 hari semua sih?!!! mana mahal lagi sekarang, signal juga gak bagus2 amat, banyak blank spot di tempat saya tinggal"
playstore,telkomsel,2026-05-23 07:56:31,Akun gem Gem mlbb,apaan jaringanya muncul hilang terus ga jelas ni kartu padahal kota loh eamng ga jelas dah
playstore,telkomsel,2026-05-23 07:55:14,Imam Fauzi,"emang ga jelas nih aplikasi.. makin lama makin kurang ajar.. aku dah bertahun tahun langganan di my telkomsel tapi makin lama makin buruk aplikasi ini.. transaki gagal lah, update gagal, harga kuota makin mahal, di persulit transaksinya.. katanya setelah update akan lebih baik.. nyatanya kita sebagai user malah semakin buruk.. masih bagus telkomsel yang dulu"
playstore,telkomsel,2026-05-23 07:54:21,ferdy andrianto,great and nice
playstore,telkomsel,2026-05-23 07:53:56,Mecca Azzahra ananda fadly,susah beli paket
playstore,telkomsel,2026-05-23 07:52:44,YONA 6271,banyak promo internetnya
playstore,telkomsel,2026-05-23 07:46:46,Nur Khabib,jelek gagal terus mau proses
playstore,telkomsel,2026-05-23 07:45:53,Ichsanul Majid,mantabb
playstore,telkomsel,2026-05-23 07:45:36,Ai Muyz,"fitur saat pembaruannya di ganti ganti jadi pusing, pernah ngisi kuota di salah nomor,"
playstore,telkomsel,2026-05-23 07:45:05,Fauji Saputra,saya suka
playstore,telkomsel,2026-05-23 07:44:50,Gilang Gemala,Semakin kesini harga semakin ngga ngotak
playstore,telkomsel,2026-05-23 07:42:14,Agus Trisno,dgn apl.telkomsel sangat membantu transaksi
playstore,telkomsel,2026-05-23 07:32:08,Syahrul Gunawan,"andaikan nomor gua ga terhubung ke banking! wa dll. udah gua buang ini kartu telkomsel. perusahaan isinya koruptor semua, mending bangkrut aja lu pada."
playstore,telkomsel,2026-05-23 07:31:16,Khodijah Sazasy,parah!
playstore,telkomsel,2026-05-23 07:24:42,tatag wanto prayitno,mantap
playstore,telkomsel,2026-05-23 07:21:40,Oemar Ar,mahal..lemot....ulasan ini g bs membantu hanya utk pajangan saja.. mengelabuhi customer...biar seakan akan ada perhatiannya..
playstore,telkomsel,2026-05-23 07:14:31,Satrio Wijoyo,"pernah sekecewa apa dengan suatu produk? cobalah pakai telkomsel. harga naik terus, mahal, customer servicenya tidak tanggap jika ada keluhan. Berhentilah, pindah ke yang lain."
playstore,telkomsel,2026-05-23 07:12:35,Dweis 82,mantap mudah di oprasikan dan banyak menu sajikan sesuai dompet🤣🤣🤣👍
playstore,telkomsel,2026-05-23 07:10:36,hasan abr,mhemat
playstore,telkomsel,2026-05-23 06:53:49,Mulya adi,mantab
playstore,telkomsel,2026-05-23 06:46:49,Nafiatul Jannah,ok
playstore,telkomsel,2026-05-23 06:35:25,Marzulian Ian,mantap
playstore,telkomsel,2026-05-23 06:18:47,Sagitariuz Edge,sinyal sangat bagus ketika dipelosok
playstore,telkomsel,2026-05-23 06:17:59,Car Transformasi,naik trus paket kau.. pket sm kyk beli beras mahalnya
playstore,telkomsel,2026-05-23 06:13:18,Tyo Maulana,sangat memuaskan
playstore,telkomsel,2026-05-23 06:03:32,Dian Pangestu,loading terlalu lama sama kadang metode pembayaran ga muncul terkadang paket yang ada di layar beranda kadang ga bisa di beli jadi jika paket memang sudah tidak bisa di beli lagi mohon untuk segera menghilang kan nya dari apk terimakasih
playstore,telkomsel,2026-05-23 06:03:03,Rta Dacc,cuku memudahkan pelangan
playstore,telkomsel,2026-05-23 05:55:18,Didit Alife,Aplikasi lemot bgt
playstore,telkomsel,2026-05-23 05:55:16,FND TUTORIAL,paket mahal
playstore,telkomsel,2026-05-23 05:30:39,wiwien,kenapa jadi gak bisa login
playstore,telkomsel,2026-05-23 05:29:09,ERIQ Subairi,aplikasi terjelekk dari banyak aplikasi jelekk padahal yang mengelola bukan perusahaan kecil tapi kualitas aplikasi superr amatir + isi juga mahal semua + sering ngadat sinyal internet emang komplit bangett
playstore,telkomsel,2026-05-23 05:24:34,Salsabillah Heri,pulsa selalu tepotong padahal paket data gak di daftar dan saya selalu pake wifi
playstore,telkomsel,2026-05-23 05:23:50,Fauzan Hamied,"sinyal gitu2 aja, tpi naikin harga semangat banget wkwkwk"
playstore,telkomsel,2026-05-23 05:16:35,andini dahlan,"ini kenapa lagi apk semakin lama semakin aneh. setelah harga kuota naik. update terbaru malah susah log in , sampai harus unistall ulang. adakah bug terbaru. tolong jangan kecewakan kami lagi"
playstore,telkomsel,2026-05-23 05:11:52,ARNOLDUS WILFRID,sangat membantu sekali
playstore,telkomsel,2026-05-23 05:02:51,Khalifah Fillah,"belum merasa aman, soalnya pas masuk akun ada banyak no juga ada di akun tersebut. jadi berasa waswas nya"
playstore,telkomsel,2026-05-23 05:01:54,Zyraa Shy,"tolong di perbaiki. aku mau login gagal Mulu. ""oops, terjadi kesalahan"" tolong ya, udah di coba berapa kali juga gagal terus"
playstore,telkomsel,2026-05-23 05:01:50,Anjing Galak,sekarang lebih baik
playstore,telkomsel,2026-05-23 04:50:15,dandy,"udah paket harganya mahal,jaringannya kadang kek taik,blm lagi beli paket saldo udah kepotong tapi ga masuk"" paketny ppek lah"
playstore,telkomsel,2026-05-23 04:40:15,Sahrul Wahyu,sangat membantu
playstore,telkomsel,2026-05-23 04:29:38,Bang HD,aplikasi ini sangat membantu ketika kita kehabisan Kouta bisa beli disini
playstore,telkomsel,2026-05-23 04:04:38,Widodo Aryatama,sinyal stabil kualitas panggilan mantap mungkin performa internet di pelosok perlu lebih ditingkatkan lagi
playstore,telkomsel,2026-05-23 03:57:55,Aditya Rafa,"Operator Anak Bab.. beli kuota mahal jaringan kaya sampah yang gak bisa didaur ulang.sudah di komplain terus masih aja gak ada pencegahan, otak tolol apa emang udah idiot parah lu yang punya nih operator.emosi sama jaringan begini.pantas aja banyak yang pindah operator, udah gak bisa disembuhin lagi yang katanya jaringan terluas."
playstore,telkomsel,2026-05-23 03:17:02,Aldo Devary,BANYAK KORUPSINYA KALAH SAMA SWASTA
playstore,telkomsel,2026-05-23 03:02:23,Bang Alan,sangat membantu
playstore,telkomsel,2026-05-23 02:44:46,bangbang Tut1,mantap
playstore,telkomsel,2026-05-23 02:44:33,Aji Sanusi,okgood
playstore,telkomsel,2026-05-23 02:38:59,Said ali,paket mahal update terus menerus jaringan ngebug apa apaan ini Telkomsel
playstore,telkomsel,2026-05-23 02:33:45,Noval - Kun,sangat membantu
playstore,telkomsel,2026-05-23 02:33:13,Abdul Azis,tambah parah sekarang..jaringan lemot..jgn harga aja yg mahal kwalitas ditingkatkan
playstore,telkomsel,2026-05-23 02:10:32,abidilkhamid,"sinyal nya sering ngebug tiba"" hilang"
playstore,telkomsel,2026-05-23 02:04:37,Yudi Abenk,"Buruk, contoh ketika ketika mau beli kuota combo sakti max 10gb = 34rb tidak bisa dgn alasan kesalahan sistem, akan tetapi begitu kita sdh beli kuota 25gb = 70rb maka setelah kita klik ulang lg kuota yg harga 34rb tadi dijamin bisa, disinilah bangsatnya TelekKomsel"
playstore,telkomsel,2026-05-23 01:58:18,Aswar Arif,"GK jelas nih my Telkomsel di paket tertulis 3 hari jangkau waktu nya tapi cmn 1 hari, gimana sih ini"
playstore,telkomsel,2026-05-23 01:46:13,Dian Eka,pulsa ga dipake kepotong terus.
playstore,telkomsel,2026-05-23 01:40:30,Satrya yogi W,jaringan buruk
playstore,telkomsel,2026-05-23 01:37:16,Rizky Arya yudha,"gajelas jaringannya tiba tiba ilang Mulu, mahal doang tapi sinyal ngeleg,"
playstore,telkomsel,2026-05-23 01:31:37,Muhammad isan,bagus
playstore,telkomsel,2026-05-23 01:18:59,Asminadi Saputra,My Telkomsel .. is the best
playstore,telkomsel,2026-05-23 01:05:26,13.05Muhajir Sarmin,ok siap
playstore,telkomsel,2026-05-23 01:01:08,Jonathan Matthew,jaringan jelek mahal lagi
playstore,telkomsel,2026-05-23 00:57:21,Arkana Kimia Liquid,Telekomsel emang kaya taiiii.... anying....
playstore,telkomsel,2026-05-23 00:51:11,Rizky Damanik,my Telkomsel memng sangat membantu
playstore,telkomsel,2026-05-23 00:37:52,Muhamad Fatih,"mau beli paket aja dipersulit,udah ada pulsa tetep AE gabisa tolong diperbaiki layanannya"
playstore,telkomsel,2026-05-23 00:29:09,Yosh Herixd,lemot untuk grab driver juga lemot
playstore,telkomsel,2026-05-23 00:24:00,Januar fajar Febriansyah,setelah update jadi lag
playstore,telkomsel,2026-05-23 00:23:42,Stay Heavenly,lag parah
playstore,telkomsel,2026-05-23 00:22:20,Muhammad Irfan,manteppp bnget njirrr
playstore,telkomsel,2026-05-23 00:18:13,Jhon Hulu,"sinyal lu reconect terus. ga cocok buat main game. padahal lokasi saya kota, berasa kayak tengah hutan. dari dulu sampai sekarang kualitas telkomsel ga bermutu"
playstore,telkomsel,2026-05-23 00:17:12,Yanto Hermanto,good
playstore,telkomsel,2026-05-23 00:15:55,Wan Bel176,mantap
playstore,telkomsel,2026-05-23 00:10:56,yadi yudiana,tambah payah jaringan nya lebih parah dari Indosat padahal lebih mahal..
playstore,telkomsel,2026-05-23 00:08:35,drawdys 19,"telkomsel makin lama makin babi ,udah dari 2016 sampe sekarang kartuku masih pake simpatiloop ,tapi mau beli kuota banyak yg gk bisa ,transaksi gagal ,telkomsel anjeng"
playstore,telkomsel,2026-05-23 00:07:24,Haris Yunianto,oke
playstore,telkomsel,2026-05-22 23:54:35,Dimas Widodo,"apk kocak udah isi pulsa mau beli paket malah ga bisa mulu, dengan tulisan pembelian tidak dapat di proses suruh cek kembali koneksi, padahal buat main pubg aja lancar, telkomsel masih provider besar di indo kan?? wkwk"
playstore,telkomsel,2026-05-22 23:54:08,Yuda Agus Tri Utomo,tidak berfungsi sebagaimana mestinya
playstore,telkomsel,2026-05-22 23:48:12,Brutus channel,Telkomsel makin para paket semakin mahal
playstore,telkomsel,2026-05-22 23:43:26,Ahmad Makhali,"Sekelas telkomsel,Di Muara,Teluknaga,Tangerang,Sinyal Full,tpi buat VC aja putus"",Buat buka youtube muter"" terus.."
playstore,telkomsel,2026-05-22 23:41:00,Lades Gultom,layanan internet sangat buruk
playstore,telkomsel,2026-05-22 23:39:04,Yudha Noviza,murahin lgi pket internet ny
playstore,telkomsel,2026-05-22 23:34:49,Fais utsman,kenapa nomor telkomsel halo saya diblokir padahal sudah saya bayar
playstore,telkomsel,2026-05-22 23:28:51,Aan Kusmiadi,"Makin kesini kualitas internet dan jaringan makin jelek untuk wilayah Rejang Lebong, Bengkulu. Solusi yang diberikan coba restart hape atau refresh jaringan. Sudah muak melakukan itu semua. Solusi selanjutnya: ""Silahkan hubungi customer (medsos, call center, ...). Sama aja, gak memperbaiki keadaan."
playstore,telkomsel,2026-05-22 23:23:59,Cindi Miranda,paket darurat nya scam jgn pernah beli paketnya tidak bisa d gunakan. Telkomsel penipu. pekerjanya masuk neraka semua
playstore,telkomsel,2026-05-22 23:20:48,Andieo Sativa,"saya kasih bintang 1 karena paket harian Rp 10.000 sepuasnya udah berubah jadi 8GB Rp 10.000 tidak romendasi, paket yang lain pun semua sudah serba mahal, pindah ke sebelah aja yang kuning."
playstore,telkomsel,2026-05-22 23:19:55,Radit Firmansah,harga elit sinyal sulit Rugi lama² 🤣
playstore,telkomsel,2026-05-22 23:14:54,Gitaa best,"sering ilang sinyal beli kuota mahal"" kok kek beli kuota yg murah nanti gw edit kalo udah bagus sinyalnya ini ga ujan ga apa sinyal jelek"
playstore,telkomsel,2026-05-22 23:14:25,Fansa,"jujur sebagai pengguna telkomsel kurleb 5 tahun terakhir merasa kecewa dan kurang nyaman terhadap harga yang semakin mahal namun tidak diimbangi dengan kualitas jaringan yang baik, sering susah sinyal tidak seperti dulu. Kemudian masa berlaku paket saat ini banyak yang hanya 28 hari saja, cukup tanggung. Untuk sistem aplikasi terkadang terkeluar sendiri. Mohon bisa dipertimbangkan dan diperbaiki segera"
playstore,telkomsel,2026-05-22 23:11:15,Hapsoro Wawan,lumayan...
playstore,telkomsel,2026-05-22 23:08:55,Devin Furnama (Raden),🥰😍😘
playstore,telkomsel,2026-05-22 22:59:47,Mister Dorisca,"Jaringan internet KARTU TELKOMSEL saya sangat "" LAMBAT"", bufring terus"
playstore,telkomsel,2026-05-22 22:58:54,Stefanus Ndjuru Hapa,bagus
playstore,telkomsel,2026-05-22 22:55:29,Ilham Pingki,update update sinyal makin sulit harga qouta mahal
playstore,telkomsel,2026-05-22 22:52:12,Rasyid Sidro,"TELKOMSEL kalah 3 poin dari XL Axiata menurut versi saya dan di daerah saya 1. saat listrik padam jaringan internet T-sel turun 80% sedangkan XL hanya turun 10% saja. 2. peket internet T-sel untuk masa aktif 7 hari dengan biaya 20.000 hanya 6GB+1GB whatsapp sedangkan XL 8GB utama 3. mengakses aplikasi mytelkomsel mengunakan paket data, ketika paket habis mau isi ulang paket harus numpang hotspot tetangga. sedangkan XL bebas mengakses Axisnet tampa data internet Terimakasih"
playstore,telkomsel,2026-05-22 22:46:44,Andi Tenri Husnul Khatima Akbar,sangat membantu
playstore,telkomsel,2026-05-22 22:45:50,Rokas Hutasoit,"jaringan buruk,kartu tolol,aplikasi idiot"
playstore,telkomsel,2026-05-22 22:45:39,ANA BELL,bagus tapi suka kluar sendiri
playstore,telkomsel,2026-05-22 22:43:02,Ari Zema,Mohon jaringanya di perkuat lagi 🙏
playstore,telkomsel,2026-05-22 22:41:28,Solikhin Cicong,sinyal baguss
playstore,telkomsel,2026-05-22 22:39:29,Iwan Jofyan,mendingan rubah ya ngk usah 1 bulan....tulis aj 28 hari.....biar sama sama enak...dsini guwa beli bukan nya minta.....
playstore,telkomsel,2026-05-22 22:32:28,Jaharia Jaharia,tolong bagi kami yg kurang mampu
playstore,telkomsel,2026-05-22 22:32:23,Sam Suwir,di Surabaya loh ini Telkom main enggak bener sinyal nya
playstore,telkomsel,2026-05-22 22:28:15,Johan Rahardjo,"saya beli paketan 65gb 90rb dari pagi sampek sore ga bisa2. apa karena zonk paketan nya ??? saya cuma pakai wifi dari pagi, e malah ada sms kalau kepotong pulsa ada pemakaian internet. kan aneh ini. sudah email, sudah chat cs aplikasi pun ga ada jawaban. dari pagi ga ada bantu an blas. malah cs nya ga fokus dengan masalah nya tolong di bantu"
playstore,telkomsel,2026-05-22 22:20:52,el dan el,"tarif paling mahal, aplikasinya berat pula, udah ganti hp yg ram gede pun masih saja berat. aplikasi taik."
playstore,telkomsel,2026-05-22 22:19:36,awi wikarso wikarso,"Sy benci banget dgn jaringan Telkomsel,sdh mahal signalnya sangat lemot bikin naik darah terus"
playstore,telkomsel,2026-05-22 22:19:30,Trio Adek saputra,👍
playstore,telkomsel,2026-05-22 22:06:08,Prana Rayi Arkayodha,"Telkomsel makin kesini makin kikir harga sama paketnya ga ngotak lu mu cept² umroh?, pulsa 40 rb dh ga dapt apa² iya kalo sinyalnya bagus ini dh kayk berasa dalm gorong² , udh berasa di rampok secara halus. apk ga jauh beda sama judol"
playstore,telkomsel,2026-05-22 22:00:16,Danu Ansori,pantesan ulasanya pada dikit bintangnya...udah sering update tpi aplikasinya tetep berat....dahlah...
playstore,telkomsel,2026-05-22 21:55:30,indracahyana pohh,telkomsel rampok.. pulsa orang di ambilin terus 2rb terus menerus sampai habis dengan alasan kuota habis padahal pake wifi dan internet di luar pake nomor yang lain..
playstore,telkomsel,2026-05-22 21:54:04,Cecep S,telkomsel..ok.banget pelayananya....👍🏻👍🏻👍🏻
playstore,telkomsel,2026-05-22 21:51:32,Jhonie Kurniawan,nyesel pake telkomsel.. jaringan paling buruk..
playstore,telkomsel,2026-05-22 21:50:00,idik usman,"kuota pler, sinyal sering ilang ilang an gajelas"
playstore,telkomsel,2026-05-22 21:49:56,Fahdil Alifa,"emg asu ni apk, lagi mau ngelamar kerja malah apk nya ngelag mulu. Bikin rezeki orang kehambat."
playstore,telkomsel,2026-05-22 21:47:37,M. Alfisyahrin Habibillah,penipuan flash sale
playstore,telkomsel,2026-05-22 21:45:23,chandra Haeransyah,puas banget
playstore,telkomsel,2026-05-22 21:44:50,Abdul Rahman,sangatt baik
playstore,telkomsel,2026-05-22 21:44:02,Leon Wahyu,bagus good
playstore,telkomsel,2026-05-22 21:43:17,Arif budiman Zulwardi,Bagus sekali
playstore,telkomsel,2026-05-22 21:40:30,Omedoy,Mohon maaf review saya bintang 5. Paketnya mahal². Keren pokoknya. Recommended buat buang² uang.
playstore,telkomsel,2026-05-22 21:39:14,Nandi Setiawan,sinyal benerin Telkomsel pekok..beli kuota mahal2 sinyal kaya tau kucing 👎👎👎👎👎
playstore,telkomsel,2026-05-22 21:37:54,Gilbran,sinyal nya ga ada
playstore,telkomsel,2026-05-22 21:36:00,Yohanes Bryan,aplikasi yang sangat cepat
playstore,telkomsel,2026-05-22 21:35:18,Yurlike Ayomi,ok saja
playstore,telkomsel,2026-05-22 21:33:11,mutiara hati,baik semua
playstore,telkomsel,2026-05-22 21:32:37,Mei Gumilang,terlalu banyak uddate upgrade adan lemott
playstore,telkomsel,2026-05-22 21:30:16,アリスリズマ（Rizuma）,bukannya makin bagus taun ke taun malah bikin emosi. dari aplikasi loading lama tibang mau liat kuota. kebanyakan fitur ga guna. apalagi sinyal. makin jelek aja. menang harga doang paling mahal.
playstore,telkomsel,2026-05-22 21:29:18,Bang Han,jaringan terburuk yang pernah ada di indonesia. lol bego
playstore,telkomsel,2026-05-22 21:28:49,Lalu Ardy,"woi kok makin kesini makin ngelag ya udahlah makin mahal pula,tolonglah ya internet yang cepat dong,kamu ni jangan ikutin kata pemerintah ""internet cepat buat apa"" tolonglah Telkom kerja yang benar sikit pakyu lah buat para pekerja Telkom yang sangat tidak kompeten coba aja kalian kerjanya serius dikit udah gw kuasai pertempuran yang gw lakukan di dalam game tsb tolong lah yah,dan ada sedikit pesan yang ingin gw sampaikan kepada para para pekerja ""kerja yang bener,sibuk PMO pada yak?"""
playstore,telkomsel,2026-05-22 21:28:42,Anggit Widagdo,"mengecewakan, saya mau beli paket internet yang biasa saya beli error terus di apk ini,tapi saya coba klik paket yang lebih mahal dari biasa saya beli malah tidak error,dasar aneh ni Telkomsel kenyamanan pengguna malah tidak pernah ditingkatkan, minimal ada harga ada barang,ini hanya ada harga tapi barang gk ada,DASAR KIKIR!!!!"
playstore,telkomsel,2026-05-22 21:27:21,Anl946,"aplikasi ngk jelas, banyak masalah, tiap di buka selalu ngk ada tanggapan dan ngk bisa masuk aplikasi padahal jaringan saya bagus, pokoknya jangan instal ngk berguna, developer ngk bertanggung jawab bikin apk ngk bener👎"
playstore,telkomsel,2026-05-22 21:25:55,M. Ikhsan,puas
playstore,telkomsel,2026-05-22 21:25:40,Satria Munanda,kualitas jaringan tidak sesuai dengan harga paket mahal banget untuk wilayah kota serang jaringan lemot banget.
playstore,telkomsel,2026-05-22 21:16:11,Lora Lora,kenapa sekarang janring internet my Telkomsel jadi jelek
playstore,telkomsel,2026-05-22 21:15:14,Yusuf Rasyid,ngelag bgt sampah
playstore,telkomsel,2026-05-22 21:08:13,Callister Eleanor,jangan pake lagi Telkomsel jaringan nya ampas
playstore,telkomsel,2026-05-22 21:03:44,Ilham Aja,nyaman
playstore,telkomsel,2026-05-22 21:03:41,Tiffany Sutanto,"jaringannya tolong benerin, lagi nonton atau main suka gak bisa, jaringan nya turun naik gak jelas setiap itu gitu mulu, dan tolong buat lebih bagus lagi agar lancar tidak ada lag karna jaringan telkom."
playstore,telkomsel,2026-05-22 20:59:48,Joko Mulyono,aplikasi berat di akses
playstore,telkomsel,2026-05-22 20:58:52,Junaidi sahputra,bagus
playstore,telkomsel,2026-05-22 20:53:37,Chandra rifqiputra,uyy
playstore,telkomsel,2026-05-22 20:51:24,Dimas Budi Wibowo,"parah bener ini Telkomsel jaringan nya, ganggu orang nyari duit"
playstore,telkomsel,2026-05-22 20:50:24,Neniwat Sigalingging,"udah mah mahal lola, ga sesuai harga"
playstore,telkomsel,2026-05-22 20:47:01,Akhmad Syarafi,"jaringan nya makin busuk, main game ping nya merah Mulu, kalo hujan makin parah. kata kata=harga lumayan tapi kualitas lebih buruk dari pada sampah. bintang 5 kalo kualitas udah di benerin"
playstore,telkomsel,2026-05-22 20:44:33,Mis Liana,"LBH tingkat kan kulitas y,kerna setiap lmpu padam sinyal akn lngsung hilang."
playstore,telkomsel,2026-05-22 20:42:41,Suhendri 1,Ala ini apa lagi lah baru di up date malah ga bisa di buka sudah di refres sudah di un instal trus di download lg masih ga bisa di buka
playstore,telkomsel,2026-05-22 20:42:11,ilham yusuf,"monitor daerah citraland surabaya sinyal burukk polll, kecewa pakai telkomsel, masak provider BUMN kayak gini ""MENGECEWAKAN"""
playstore,telkomsel,2026-05-22 20:39:01,asep junior,"mahal doang,ngeleg nya parah bangeeeettt"
playstore,telkomsel,2026-05-22 20:38:27,Randi Aida,"sangat kecewe dengan harga paket internet yang cukup mahal,, namun kualitas jaringan internetnya sanga buruk dan murahan"
playstore,telkomsel,2026-05-22 20:37:29,Jenal Arifin,"makin kesini makin mahal aja beli kuota,,alamat ganti kartu ini mah...hadeuuuh sinyal ilang² terus,,waktunya ganti axis aja kyaknya.. banyak temen ojol kecewa leletnya telkomsel,mereka pada ganti axis...hadeuuh"
playstore,telkomsel,2026-05-22 20:35:40,Revi Mariska,"gimana sih, beli pulsa udh masuk, kuota juga udh ada pemberitahuan tapi gabisa digunain anjir scam"
playstore,telkomsel,2026-05-22 20:35:16,tonny zulkifli,lemot bin ruwet
playstore,telkomsel,2026-05-22 20:34:47,Anjar Virgiansyah,"SUMPAH JANGAN BELI TELKOMSEL, KUOTA MAHAL, INTERNET NYA LEMOT! CUSTOM SERVICE TIDAK BISA DI HUBUNGI!! TELKOMSEL AJG KNTL!"
playstore,telkomsel,2026-05-22 20:34:29,Fadli Afdal,apk aneh crash mulu
playstore,telkomsel,2026-05-22 20:34:01,Prasetyo Tyo,pus
playstore,telkomsel,2026-05-22 20:31:51,Yessi Hijrah,"koutanya mahal-mahal sekarang tapi kualitas jaringan nya sangat buruk sekali tidak disarankan kepada orang yang suka emosi, karena jaringannya buruk dan tidak berkualitas"
playstore,telkomsel,2026-05-22 20:31:33,Erik Marpaung,"jaringan Taikk. Bagusan Pakai Indosat. Paket mahal, tapi jaringan Gak bagus."
playstore,telkomsel,2026-05-22 20:31:04,muhammad hamdan,"mahal , jaringan jelek"
playstore,telkomsel,2026-05-22 20:29:12,Mukmin Kusuma,"telkomsel skrng sering ngelag aplikasiny, sinyal ny jg sering ngelag"
playstore,telkomsel,2026-05-22 20:29:05,yusuf kusnadi gorden,jaringan parah plus pake langanan halo+plexy ancur Skrang Kya di hutan padahal di tengah kota dulu jaringannya paling top skarang kalah sama Axis Indosat satset tidak mengcewakn seperti telkomsel
playstore,telkomsel,2026-05-22 20:28:59,Yunan Toif,"telkomsel.yang terhormat ini sinyal internet kok semakin parah padahal udah dekat tower mini telkomsel sampai saya beli orbit telkomsel maaih aja jaringan lelet.....kalimantan tengah.kabupaten seruynlan,kecamatan danau sembuluh perumahan PT agro indomas"
playstore,telkomsel,2026-05-22 20:28:32,Zian Elshanum,susah di akses parah
playstore,telkomsel,2026-05-22 20:28:16,tepi mulyadi,mantap
playstore,telkomsel,2026-05-22 20:23:21,Nayaka Alyssandra Cendani Wijoyo,"lemot bgt ish, pasti kalo buka my Telkomsel tuh ada tulisan ""tidak dapat memuat, periksa koneksi anda"" PADAHAL SINYAL GW 5G WOI"
playstore,telkomsel,2026-05-22 20:19:41,Basri Bas,sangat untuk cek paket.
playstore,telkomsel,2026-05-22 20:18:39,Whissky,oyyy telkontol babi kau korupsi itu paket apa dah ngeleg mahal lagi harganya pegawai kalian tewas satu persatu apa kalo iya alhamdulillah kalo enggak kecewa aku 😠😠 kusarankan ubah aja nama aplikasi ini jadi .Itelkontol. lebih cocok sama kinerjanya😤😤 Habistu suruh restart HP apk kau kau reset kayak dulu bisa😡😡
playstore,telkomsel,2026-05-22 20:17:38,Dewi Inu,"sinyalnya di tempat saya jelek sekali,sangat buruukkk sekaliiiiiiiiiiiiii.... !!!!"
playstore,telkomsel,2026-05-22 20:15:53,lihando sinaga,JARINGAN PARAH!! HARGA PAKET INTERNET TIDAK SESUAI DENGAN JARINGAN NYA YG SANGAT JELEK!!!
playstore,telkomsel,2026-05-22 20:13:15,Marthinus Takumansang Marthen,baik
playstore,telkomsel,2026-05-22 20:11:14,Andre Pambuku,malah tambah lemot ribet
playstore,telkomsel,2026-05-22 20:06:58,kelvin chandra,"makin lama makin busuk aja telkomsel, benerin lah pea"
playstore,telkomsel,2026-05-22 20:04:27,Muh. Rifzki Ramdani,"WOY TELKOMSEL, JARINGAN MINIMAL DI UPGRADE LAH. MASA NGELAG MULU GW MAIN GAME JADI KALAH DAN BIKIN GUGUR TIM GW. GW GAK MAU TAU POKOKNYA. UPGRADE ANJ JARINGANNYA"
playstore,telkomsel,2026-05-22 20:03:36,Adg Sanegan,sangat mendukung👍🏻👍🏻🤗
playstore,telkomsel,2026-05-22 20:01:38,Wawan Qurniawan,kuota mahall ngelagggg najis
playstore,telkomsel,2026-05-22 19:57:04,Putra Libra,paketnya mahal²
playstore,telkomsel,2026-05-22 19:55:11,Aisyah Y17,mantap terimakasih MyTelkomsel
playstore,telkomsel,2026-05-22 19:54:35,Abdul Majid,Baguslah
playstore,telkomsel,2026-05-22 19:52:08,Azmi Muhammad,aplikasi monyet berat banget
playstore,telkomsel,2026-05-22 19:51:22,Budi Jr,aplikasinya kadang error - Tolong perbaiki jaringan yg SERING PUTUS nyambung !!
playstore,telkomsel,2026-05-22 19:50:02,Sudirman Gulo,jaringan kurang stabil
playstore,telkomsel,2026-05-22 19:47:52,yayukfitri 1403,perbaiki jaringan
playstore,telkomsel,2026-05-22 19:46:56,dayat Styawan,sangat bagus
playstore,telkomsel,2026-05-22 19:46:47,Najwa Yulya Artha,"kecewa bgt sih, jaringan makin buruk,harga makin mahal, klo hujan maupun mati lampu, paket ad tp jaringannya samsek g ad. g BS dipake sama sekali. tolong lah diperbaiki semua ini, kek jadi g ad guna beli paket internet disaat yg penting maupun dibutuhkan pun g bs digunakan internet nya."
playstore,telkomsel,2026-05-22 19:44:14,ISS SELEBTRITI,"Telkomsel sekarang gimana ya, makin kesini makin gak jelas"
playstore,telkomsel,2026-05-22 19:39:02,Altaf Faizal,ik
playstore,telkomsel,2026-05-22 19:37:48,Antonico Putra,jaringan nya ampas
playstore,telkomsel,2026-05-22 19:37:35,andriawan andri,sinyal jelek kuota mahal tolong diperbaiki kualitas sinyal nya
playstore,telkomsel,2026-05-22 19:37:13,Deki Pratama,kecewa dengan extra gembira yg sekarang yg dimana dapet nya sangat sedikit berbeda dengan yg dahulu yg sampai puluhan gb sekarang malah 2gb
playstore,telkomsel,2026-05-22 19:35:28,Riplan Agani,jaringan Telkomsel tambah lelet
playstore,telkomsel,2026-05-22 19:34:46,Kiriyavaro Lim,Gampang error aplikasinya
playstore,telkomsel,2026-05-22 19:30:51,Muhammad Ridho,jaringan super lelet udah mahal mahal beli paket tp jaringannya sangat tidak memuaskan.padahal di kota bukan d desa..mending ke Axis aja murah dan jaringan sangat mendukung
playstore,telkomsel,2026-05-22 19:30:14,Iswah Yudi,apl supeer lemot..!!!!
playstore,telkomsel,2026-05-22 19:30:12,Wahyu Boy,👍
playstore,telkomsel,2026-05-22 19:27:27,Endi Arjun lase,aplikasi sama jaringannya lelet
playstore,telkomsel,2026-05-22 19:26:36,apdullah apdullah,Bagus banget bang
playstore,telkomsel,2026-05-22 19:24:02,Kristian Siahaan,"jaringan rusak ,GK pernah di perbaiki ,GK jelas hilang hilang, kuota mahal kualitas sulit"
playstore,telkomsel,2026-05-22 19:21:25,Fikri Ahmad,paket murah kdang eror tidak bisa dibeli
playstore,telkomsel,2026-05-22 19:20:24,Marina Siagian,aku suka telkomsel ini ada paket gratis nya lagi
playstore,telkomsel,2026-05-22 19:12:45,Syahrul Rhamadhan,"KALO BISA KASI MINUS GUA KASI MINUS -10 BINTANG!! OPERATOR GAJELAS, PAKE TELKOM DI TENGAH KOTA JAKARTA BERASA DI TENGAH HUTAN!!!!! YG TBTB NGELAG LAH, TBTB GANGGUAN LAH, TBTB ILANG SINYAL LAH!!! POKONYA KALIAN JANGAN COBA² PAKE TELKOM DAHH!!! GUA AJA UDAH GUA BUANG KARTU TELKOMSEL NYA!!"
playstore,telkomsel,2026-05-22 19:12:32,deni octovianus,paket mahal
playstore,telkomsel,2026-05-22 19:11:32,baut dolll,"sudah 5g jaringan tidak stabil,sering hilang beberap detik"
playstore,telkomsel,2026-05-22 19:07:27,Soegeng Ismunadji,cukup baik
playstore,telkomsel,2026-05-22 19:07:05,Hareefa Muhammad fattah,"mahal bgt wok, plis lah klo dah ngurangin masa berlaku jangan nambah harga"
playstore,telkomsel,2026-05-22 19:07:00,26. Muhammad Syauqi Ramadhan,"Tolong diperbaiki lagi jaringannya dan paket harga yang ga relatif stabil, kemarin saya mau beli paket 60Gb 28h harganya naik jadi 125rb, sebelumnya 100rb"
playstore,telkomsel,2026-05-22 19:06:03,Suzana Noviani,harga paket makin lama makin mahal
playstore,telkomsel,2026-05-22 19:05:37,Eca Eca,oke
playstore,telkomsel,2026-05-22 19:04:47,Akbar Fitri Adi Pangestu,"HARGA PAKET DOANG MALAH, TAPI JARINGAN SELALU BURUK"
playstore,telkomsel,2026-05-22 19:03:00,Ardian Dul,kasih data gratis dong
playstore,telkomsel,2026-05-22 19:00:55,Bhima,"dadah telkomsel, harga ga ngotak aku pindah ke sebelah"
playstore,telkomsel,2026-05-22 18:59:32,Muhammad Nagata,aplikasi sampah
playstore,telkomsel,2026-05-22 18:59:07,Putraa All,udah lah mahal jaringan nya lelet pulak padahal udah terisi paket nya 15gb
playstore,telkomsel,2026-05-22 18:55:39,Teguh Setiarso,"Aplikasi loading terus, buka apps lain lancar"
playstore,telkomsel,2026-05-22 18:53:34,Kalfiyanto Yanto,aplikasi berat bgt aneh bisa di ringankan atau tidak
playstore,telkomsel,2026-05-22 18:53:28,Mania Player,jaringan sampah
playstore,telkomsel,2026-05-22 18:53:15,Aan nuryadin,"beli paket mahal sinyal busukkk,"
playstore,telkomsel,2026-05-22 18:50:50,Kakeykhadafii,"berat banget nih aplikasi, mau beli kuota padahal wifi full tapi cuman muter doang pas mau pembayaran."
playstore,telkomsel,2026-05-22 18:49:15,Lama Amal,sinyal taiii
playstore,telkomsel,2026-05-22 18:47:30,Iwan Syah,harus jelas penyampaian nya
playstore,telkomsel,2026-05-22 18:46:21,atta ajah,good
playstore,telkomsel,2026-05-22 18:45:35,Satria Wiguna,terbaik dan memuaskan
playstore,telkomsel,2026-05-22 18:42:55,Oh Hee Jun,"Saya sudah pakai telkomsel dari 2008 dari jaman black berry 100rb sampai puas sampe sekarang gatau 100rb dapet paket internet yang mumpuni sampai akhir bulan atau tidak. Oke harga naik gpp mungkin karena 1 2 faktor masih bisa di maklumi tapi kalau harga naik tanpa di imbangi kualitas sinyal yang bagus, ping yang stabil, dan download speed yang sesuai ketentuan itu larinya kemana ya kenaikan harganya ? Jujur saya sangat kecewa ketika di beberapa momen penting selalu hilang koneksi dsb."
playstore,telkomsel,2026-05-22 18:41:18,Mohd Nuji,"udah gak ada jarigan , gelek lagi paket mahal lagi"
playstore,telkomsel,2026-05-22 18:41:04,Nangin Biring,mantap
playstore,telkomsel,2026-05-22 18:40:41,Aldo Syahriral,"paketan terlemot yg pernah saya coba, pdlan dlu TDK separah inj"
playstore,telkomsel,2026-05-22 18:37:26,X TELK 2 MUHAMMAD FAIZUL HAQQ HELMAWAN,"WOI GW UDAH BELI BELI KUOTA LU, NGELEG BGT ANJG, BENERIN WOI GBLK"
playstore,telkomsel,2026-05-22 18:31:18,yoseph walidul arham,"1. makin kesini makin lelet sinyal nya 2. jangan menyarankan restart hp karena udah sering 3. banyak piniol yg sms....gak tau dapat nomor dari mana, curiga dari intern telkomsel 4. untuk aplikasinya makin kesini makin gak bisa diharapin......sering muncul tidak ada respon 5. tambahan untuk indihome.....jaringan nya lelet banget...sering hilang sinyal....bukan sekali dua kali....ampir tiap hari ada aja gebrakan nya indihome tiba2 kagak ada sinyal"
playstore,telkomsel,2026-05-22 18:30:45,Anthony Han,Trash
playstore,telkomsel,2026-05-22 18:30:42,Randy Ocong,mantap
playstore,telkomsel,2026-05-22 18:28:34,Ruis Syahputra,saya suka sama aplikasinya🥰🥰🥰🥰
playstore,telkomsel,2026-05-22 18:27:24,Rikson Sirait,"perpanjangan masa aktif selalu gagal di bayar, semakin mempersulit pengguna sinyal masih lemot kendala saya masih sama, apakah memang begini kualitas Telkomsel sekarang, saya mengajukan pembelian masa aktif tapi sekarang sudah dalam masa tenggang kartu, sudah lama saya belum dapat solusi untuk pembelian masa aktif ini, apakah memang terlalu mempersulit pengguna? saya sangat tidak puas belum ada perubahan"
playstore,telkomsel,2026-05-22 18:26:18,Sartono Sartono,amazing
playstore,telkomsel,2026-05-22 18:25:10,Lin Kex,gak jelas bgt aplikasi ngelet banget
playstore,telkomsel,2026-05-22 18:24:44,Argaa Argaa,sangat untung
playstore,telkomsel,2026-05-22 18:23:54,Alisra Ibrahim,bagus apl nyaa
playstore,telkomsel,2026-05-22 18:16:10,Taeng Gowa,ses
playstore,telkomsel,2026-05-22 18:15:35,Tamrin Tuheitu,"sdh lama pakai telkomsel, namun produknya tetap saja mahal"
playstore,telkomsel,2026-05-22 18:15:05,Mr. Fadhil,"beli kuota gamesMax untuk game, eh malah ga bisa rugi dong, heran"
playstore,telkomsel,2026-05-22 18:14:11,Anwar Anwar,baik
playstore,telkomsel,2026-05-22 18:12:46,Bach Bachtiar,"Makin hari makin mahal aja ini paket internet , harga mahal kuota dikurangi ini gimana sih min 😭"
playstore,telkomsel,2026-05-22 18:11:37,Ryan Maulana,"pulsa tau tau terpotong ga ada berlangganan apapun, ga ada aktifasi konten apapun tapi tau tau pulsa terpotong ga ada keterangan Telkomsel brand gede kok gini dah"
playstore,telkomsel,2026-05-22 18:08:18,Haderisyah,mantapp
playstore,telkomsel,2026-05-22 18:06:33,asep taufik hidayat,"jelek jaringanya, kalau di kampung, telkomsel cocok nya buat di kota 👎👎👎"
playstore,telkomsel,2026-05-22 18:03:29,Gabriel 2,ini blum ada tindakan kah dr Telkomsel? aplikasi mytelkomsel busuk bet dahh
playstore,telkomsel,2026-05-22 17:58:47,edy san,saya pakai layanan kartu hallo pascabayar. Masa jaringan telkomsel dipakai di Surabaya kota sangat lemot sekali. aneh
playstore,telkomsel,2026-05-22 17:57:13,Sopian Pian,"gblk, kuota gua banyak gini buka aplikasi apa aja kaga lag sama sekali, eh pas buka aplikasi ini lag+eror mlu delay, ni aplikasi jelek bgt jdi susah buat beli kuota ataupun cek kuota. astaga telkomsel telkomsel kuota mahal jaringan jelek, perbaiki lg deh ni aplikasi"
playstore,telkomsel,2026-05-22 17:53:15,Kusdinar Angga,bagus
playstore,telkomsel,2026-05-22 17:51:49,ENOS HAREFA PRODUCTION,woy telkomsel. kembalikan combo saktiku sebelumnya weyyy....... kenapa sekarang combo saktinya semakin mahal. saya kecewa dengan telkomsel ini. saya kasih rating -1 !!!!
playstore,telkomsel,2026-05-22 17:50:07,Irfan Hakim,jaringannya jelek parah pindah haluan aja jangan pake telkomsel sodara
playstore,telkomsel,2026-05-22 17:49:41,Rian Sapei,"awal nya saya bintang 5 tapi ke sini makin kesini jaringan tekomsel dimana pun kaya ee, terima kasih"
playstore,telkomsel,2026-05-22 17:48:47,Puspita Wulandari,"it okay klo mahal, tp sinyal jgn busuk bgt donk. Di jakarta, sinyal bapuk bgt dah. Applikasinya jg lola bgt, entah krna app nya jelek, ato emang sinyal yg busuk bgt. App nya ga usah kecentilan byk fitur ato apapun yg bikin kinerja nya berat jd busuk app. Sama aja kek manusia tampilannya bagus tp ga punya otak."
playstore,telkomsel,2026-05-22 17:44:35,dd ntong,sinyal ngilang2 terus
playstore,telkomsel,2026-05-22 17:43:06,Amir Hamzah,mantap
playstore,telkomsel,2026-05-22 17:42:56,Ilham Zukti,mahal dong jaringan lemot
playstore,telkomsel,2026-05-22 17:42:36,Rahmadini Nur Syamsiah,jaringan jelek
playstore,telkomsel,2026-05-22 17:41:12,Miftahul Rizky Al Amin,"Gila makin parah sinyal nya,makin jelek bukannya makin bagus. tinggal dikota tapi sinyal parah sekali yaa"
playstore,telkomsel,2026-05-22 17:40:26,Valeri Brielle todingrara,iya
playstore,telkomsel,2026-05-22 17:36:18,Iman Lazuardi,sinyal jelek banget astagfirullah bikin naik pitam
playstore,telkomsel,2026-05-22 17:31:01,Rendra mahmuda,sinyal kek t4i
playstore,telkomsel,2026-05-22 17:30:34,Komarudin Komarudin,lemot
playstore,telkomsel,2026-05-22 17:29:12,bang muss,mohon diperbaiki sinyal jaringannya
playstore,telkomsel,2026-05-22 17:28:07,Doel Rahman,tidak ramah
playstore,telkomsel,2026-05-22 17:25:22,Ferdian Yd,Di antara kalian pernah gak dapat hadiah dari tsel poin.dan tau gak kapan di undi.
playstore,telkomsel,2026-05-22 17:24:04,Chris Saulus,"BELAKANGAN INI KONEKSINYA LELET, TOLONG SEGERA DI PERBAIKI. MASA DI JABODETABEK LEMOOTTTTTT!!!!!"
playstore,telkomsel,2026-05-22 17:19:24,Bhawie Doank,good job
playstore,telkomsel,2026-05-22 17:17:22,Lambok Mabor,"sinyalnya jelek buruk ngga bagus kadang kadang satu garis lah kalau mau telponan atau video call""an.. tolong lah sinyalnya di perbaikin biar Lancar biar ngga buruk amat"
playstore,telkomsel,2026-05-22 17:16:57,Noak alom Noach,terima kasih ya my Telkomsel 😊🙏
playstore,telkomsel,2026-05-22 17:16:23,Indri Nur fitriansyah,"gmn ini sinyal telkomsel gak biasanya jelek seperti ini , sampe saya harus hospot buat kasih ulasan,, tolong perbaiki"
playstore,telkomsel,2026-05-22 17:13:29,Rayhan Radinka,bagus
playstore,telkomsel,2026-05-22 17:08:56,Jaelani Bahari,sering hilang sinyal antara cikarang & cibitung
playstore,telkomsel,2026-05-22 17:07:16,Hamzah Rahmadhani,ok
playstore,telkomsel,2026-05-22 17:06:03,Miliarder,beli mahal mahal tau nya internet lag Mulu kalo baru diisi. gg
playstore,telkomsel,2026-05-22 16:58:04,zaimul umam,"aplikasi jelek banget sumpah bikin emosi, mau beli paket pas mau bayar selalu gagal padahal sinyal bagus."
playstore,telkomsel,2026-05-22 16:57:24,Dani Seftiyan,parah .... udah mahal jaringan jelek banget gak di jakarta gak di bogor sama aja b0500kkkkkk
playstore,telkomsel,2026-05-22 16:56:11,Hartanti Hani,HILANGKAN SMS YANG MENGHABISKAN BATERAI
playstore,telkomsel,2026-05-22 16:53:54,orang aring,"kualitas jaringan makin menurun,,, padahal tinggal di tengah"" kota malah justru susah signal,,, pengaduan ke vero di apk telkomsel pun ga ada guna nyaa,, sudah coba mode pesawat bahkan sampe reboot hp tetep saja susah sih signal,, harga tetap mahal tapi kualitas jaringan makin menurun..... sungguh kecewa ,, mau buat pengaduan masalah lewat apk telkomsel pun gabisa dikirim cuma muter"" signal aja...."
playstore,telkomsel,2026-05-22 16:52:08,Mygthsico Matahelumual,good
playstore,telkomsel,2026-05-22 16:50:05,Edhy Ali,kacau jaringan nya
playstore,telkomsel,2026-05-22 16:49:08,Ardi tobing,"paketan doang mahal , jaringan kek taiiiiii"
playstore,telkomsel,2026-05-22 16:47:46,Hasanah Fauhziah,koq skrg msuk k my telkomsel d mta verifikasi lg... ?
playstore,telkomsel,2026-05-22 16:46:37,tressa alfarisi,makin update makin error
playstore,telkomsel,2026-05-22 16:43:56,Putra,Aplikasi my telkomsel nya sih bagus tapi jaringan internet telkomsel sangat buruk
playstore,telkomsel,2026-05-22 16:40:41,Sayup Dante,bagus
playstore,telkomsel,2026-05-22 16:40:20,Jumardin Ampupu,terimakasih
playstore,telkomsel,2026-05-22 16:38:50,Tatang Decoration,sangat berguna...mantap
playstore,telkomsel,2026-05-22 16:36:10,Muhammad Salfan Ramadhan,apaaalaah jaringan suka eror
playstore,telkomsel,2026-05-22 16:36:04,Cenks Dimyati,hebat
playstore,telkomsel,2026-05-22 16:35:17,Sandiaga Suluh,gimana mau beli paket kalo misal gabisa kalo tanpa internet
playstore,telkomsel,2026-05-22 16:28:30,Widiarta Nengah,top
playstore,telkomsel,2026-05-22 16:26:43,Maulinda Apriani,ngak menerima kode
playstore,telkomsel,2026-05-22 16:26:18,Pras Edgar,makin parah aja jaringan nya
playstore,telkomsel,2026-05-22 16:23:08,Anjay Mabar,suka nge bug
playstore,telkomsel,2026-05-22 16:19:49,Hordi Karlos,y sangat baik
playstore,telkomsel,2026-05-22 16:18:35,Adnankeanu adifti,bagus
playstore,telkomsel,2026-05-22 16:12:26,Hardy徐,"ASLI TELKOMSEL MAKIN TOLOL, JARINGAN MAKIN TOLOL, CUMA MAHAL DOANG"
playstore,telkomsel,2026-05-22 16:09:37,Arkan DZ,agak lag
playstore,telkomsel,2026-05-22 16:01:46,Mus'ab Rachim,"roaming Telkomsel untuk daerah negara Uni Emirat Arab sudah sangat mahal . . padahal, sebelum nya Masi 610.000ribu sudah dapat 150 GB. sekarang . 700.000 ribu . cuman dapat 30gb. tolong lahh . . perbaiki buat kami yang selalu pake roaming Telkomsel"
playstore,telkomsel,2026-05-22 16:00:03,Firisky Pratama,"harga paket mahal, kuota sedikit"
playstore,telkomsel,2026-05-22 15:59:48,thomas alan,"sinyal kaya bajai, kouta jadi 28 hari, harga tambah mahal, 100%"
playstore,telkomsel,2026-05-22 15:54:48,viliannwups,"setiap isi pulsa selalu kesedot 5 ribu... baru beberapa saat,hilang lagi seribu demi seribu,padahal udah jaga pulsa.."
playstore,telkomsel,2026-05-22 15:54:09,Marsa Ilmawan Anam,seberat apasih apk ini tiap buka lama amat device 8/128
playstore,telkomsel,2026-05-22 15:51:26,Novan Prasetyo,sinyal tiba2x suka hilang
playstore,telkomsel,2026-05-22 15:49:17,Ahmad,burik beli pket mahal sinyal lemot
playstore,telkomsel,2026-05-22 15:43:53,Yogi Mawon,suka
playstore,telkomsel,2026-05-22 15:37:07,Honda Gank,"tiba tiba internet sakti hilang lagi heemmm, kecewa sama Telkomsel."
playstore,telkomsel,2026-05-22 15:32:48,ahmad hamonangan,nmnya aja yg besar krn saya alami sendiri pulsa saya hilang 1200 perhari padahal gk dipake asal ditanya gk pernah ada jawaban sampe sekarang
playstore,telkomsel,2026-05-22 15:17:49,Produk Kami Selalu Di Depan,ga habis pikir pulsa ke sedot padahal udah ada fitur jaga pulsa tetep aja ke sedot terus kuota gw lu sedot gblk emang di korup terus
playstore,telkomsel,2026-05-22 15:17:16,Sintong Immanuel S,"Aplikasi nya selalu error dan untuk fitur keluhan laporan tidak pernah ada jalan solusi yang dapat diberikan CS nya, gak berguna... dan kuota tidak pernah di akumulasi walau banyak sisa. mending beralih ke operator lain."
playstore,telkomsel,2026-05-22 15:15:13,imamprastiyo adinugroho,dengan harga yg sama tp ko kualitas beda banget sama kompetitor sebelah udah murah sinyal lancar pelanggan kecewa
playstore,telkomsel,2026-05-22 15:01:59,Andi Waisul Karani (AWK),aplikasi lemot. parah
playstore,telkomsel,2026-05-22 15:01:45,Fadlan Mokodompit,sangat aman dan terpercaya 👍🏻
playstore,telkomsel,2026-05-22 14:59:15,Dafa Zzz,bagus
playstore,telkomsel,2026-05-22 14:57:08,rizky fad04,"kartu mahal"" tapi jaringannya busuk"
playstore,telkomsel,2026-05-22 14:49:49,Nurazizah,aplikasinya suka lemot kadang- kadang
playstore,telkomsel,2026-05-22 14:45:11,Mg Rali,sangat puas
playstore,telkomsel,2026-05-22 14:41:56,Syifa Adilla,mantap
playstore,telkomsel,2026-05-22 14:39:55,MuhaMmad Ciput,Makin kesini jaringan semakin kayak taiiikkkkkkkkk...............
playstore,telkomsel,2026-05-22 14:27:42,Pengen Tobat,masa mau beli kuota di mytelkomsel pas mau proses bayar memeuat terus pake wifi ga bisa!!!
playstore,telkomsel,2026-05-22 14:26:52,Ketut Widiadi,"Bagus, harga kuota agar tetap lebih murah dari yang lain!."
playstore,telkomsel,2026-05-22 14:21:26,Abil Soleh,baik
playstore,telkomsel,2026-05-22 14:18:45,mhmd zkri,"kenapa di hp saya setiap buka myTelkomsel suka loading,padahal jaringan bagus"
playstore,telkomsel,2026-05-22 14:18:27,Dimas Aditya,aplikasi sampah... sinyal ilang trus gak ber mutu sama sekali
playstore,telkomsel,2026-05-22 14:12:39,NQZ OFFICIAL,"aplikasi tololnya minta ampun, layanan gak sebanding harga paketnya"
playstore,telkomsel,2026-05-22 14:12:14,Tegar Junaidi,"Maaf operator, mohon perbaiki kualitas jaringan yang tidak stabil dan harga paket yang terlampau tinggi."
playstore,telkomsel,2026-05-22 14:09:31,Jerens Lai,"percuma bayar mahal mahal lewat pengalaman hanya main game udh lag,jaringan sering tidak stabil dan suka jumping"
playstore,telkomsel,2026-05-22 14:09:29,Wahid Rizki,perusahaan kikir seenak jidat ngilangin dan rubah harga paket
playstore,telkomsel,2026-05-22 14:08:26,Andri Sanjaya,good
playstore,telkomsel,2026-05-22 14:03:33,Sarifudin Arif,"jaringan sinyal jelek,loading terus🤦‍♂️"
playstore,telkomsel,2026-05-22 13:57:53,RendyNih Genk,buat admin/owner Telkomsel please banyakin promo Kouta internet biar kita makin cinta sama kartu nya dan jangan mahal mahalin massa kita mau ngisi internet Kouta nya malah bertambah tambah Mulu harganya kan ga sesuai dan juga Adain fitur akumulasi buat Kouta promo biar enak ga hangus saat diperpanjang okee min?
playstore,telkomsel,2026-05-22 13:57:40,yanto laing,saat puasa bagi Saya
playstore,telkomsel,2026-05-22 13:53:19,Norliana Sembilan,baik
playstore,telkomsel,2026-05-22 13:48:36,Murtijo Karen20,bagus sekali
playstore,telkomsel,2026-05-22 13:46:44,Channel Embuh,cuma buat cek kuota dan beli paket lemotnya minta ampun
playstore,telkomsel,2026-05-22 13:44:51,Tondi fahrizal,makin di update makin ngeleg
playstore,telkomsel,2026-05-22 13:43:39,Yosinta Lewerang,good
playstore,telkomsel,2026-05-22 13:43:01,Ali Mustofa,Jaringan internet di Kalimantan hilang terus masa tiap 1 jam hilang mulu di daerah seruyan sutet area pks perdana Mill
playstore,telkomsel,2026-05-22 13:34:09,Putri Neni,bagus
playstore,telkomsel,2026-05-22 13:26:43,Ahmad Sahdullah,paket internet nya sekarang mahal semua yang asalnya 14 hari ckrg jadi 7 hari dan harganya naik pula tambah puyeng
playstore,telkomsel,2026-05-22 13:20:58,Khoirur Khoirur,ngeleg pollll dibuat beli paket ngelegg
playstore,telkomsel,2026-05-22 13:17:17,Al Mahdan,bagus
playstore,telkomsel,2026-05-22 13:09:16,vino alfarezi,lemot loadingnyaa suka bikin emosi
playstore,telkomsel,2026-05-22 13:00:32,Aadinda SYafi'i04,"ketika membeli internet yang banyak maka akan bermasalah di jaringan apa apa an,,,"
playstore,telkomsel,2026-05-22 13:00:20,Anton Sidik,baik
playstore,telkomsel,2026-05-22 13:00:18,Albin Halis,lemot
playstore,telkomsel,2026-05-22 13:00:03,Nur Intan,"pulsanya suka tiba tiba kurang, ga bagus"
playstore,telkomsel,2026-05-22 12:57:00,Felex Goo,sangat bagus
playstore,telkomsel,2026-05-22 12:53:00,Maulidiyani Saputera,semakin buruk jaringan 4g rasa 2g
playstore,telkomsel,2026-05-22 12:49:54,Runi Saputra,sangat baik
playstore,telkomsel,2026-05-22 12:47:28,Eben Pratama,👍
playstore,telkomsel,2026-05-22 12:42:27,Lintang regan Agra zaneta,Bagus
playstore,telkomsel,2026-05-22 12:42:23,Amelia Azaa,mempermudah pengguna
playstore,telkomsel,2026-05-22 12:39:17,Wiwin Wiwin,mahal banget
playstore,telkomsel,2026-05-22 12:35:13,Ade Bagus,makin kesini gak jelas susah akses nya
playstore,telkomsel,2026-05-22 12:34:22,Ahmad Irfan,sangat praktis dan mudah buat beli paket sangat bagus
playstore,telkomsel,2026-05-22 12:32:33,Alvie Badak,mantap
playstore,telkomsel,2026-05-22 12:22:04,Trai Music,"sumpah anjir telkomsel gw janji ini terahir kli gw beli kuota lo. gw dikota tapi serasa hidup dihutan make telkomsel, pdhl cuaca baik² aja, gk mendung gk hujan. lo cm naikin harga, nurunin masa paket tpi kualitas lo makin buruk dr hari kehari. kuota lo cepet habis. tutup aja sono. lo jg dihujat sana sini kok. bye"
playstore,telkomsel,2026-05-22 12:20:19,TrinityLaw Office,👌
playstore,telkomsel,2026-05-22 12:15:12,Vinna yusuf,ookk mantap
playstore,telkomsel,2026-05-22 12:09:54,Cepot Google,"makin kesini konten yang ditampilkan di halaman depan jadi terlalu banyak ya, jadi makin berat aplikasi nya, sering force close di smartphone Infinix gt 30 5g, kayak udah sama dengan aplikasi game resource yang dibutuhkan"
playstore,telkomsel,2026-05-22 12:08:57,Dodi Sumbawa,sangat memuaskan
playstore,telkomsel,2026-05-22 12:07:54,haimdpa,"SINYAL BUSUK, BUTUT mau 4g,5g sama aja busukkkkkk!!!!, kirain udh keluh gini dperbaiki taunya masih busuk sinyalnya, tutbututbutut sinyal sulit!!!"
playstore,telkomsel,2026-05-22 12:07:06,Rifky Ketib,sangat baik
playstore,telkomsel,2026-05-22 11:51:30,arya dewangga,"mohon diperbaiki bug dan paket makin mahal sebelumnya loading lancar setelah update veri terbaru makin lemot dan sering error keluar sendri mau ketik paket dan stamp stick sering habis juga point tidak bisa ditukar paket harus beli di outlite yg tidak ada dikota kami jadi sering hangus,mhn pelanggan setia tidak lari ke operator lain,kami yakin Telkomsel sel bisa membenahi seperti semula lagi ,terima kasih saya kasih bintang lima buat diperhatikan keluhan kami ini"
playstore,telkomsel,2026-05-22 11:49:22,yudi sanjaya,TELKOMSEL KENAPA SIH? SETIAP MAIN GAME ONLINE JARINGANNYA TIBA2 BERUBAH E. APA MEMANG JARINGANNYA GAK KUAT UNTUK MAIN GAME? PADAHAL DI SINI SUDAH 5G BAYANGKAN TURUNNYA DARI 5G KE E
playstore,telkomsel,2026-05-22 11:47:22,Lou Ayy Alzamakhsyari,"Aplikasi yang tidak user friendly dalam hal autentikasi pengguna saat terintegrasi dengan layanan Indihome. Pengguna harus selalu menekan tautan dari SMS atau Email. Sistem autentikasi yang buruk tidak terjadi sinkronisasi database email atau mobile number yang sudah terdaftar di ID indihome membuat pengguna bingung. Lakukan QA dengan baik sebelum aplikasi di deploy, lakukan secara bertahap migrasinya."
playstore,telkomsel,2026-05-22 11:45:55,Haris Adhan,update aplikasi ttp lemot dan mengganggu kenyamanan
playstore,telkomsel,2026-05-22 11:44:23,Ihsan Kamal,terbaik
playstore,telkomsel,2026-05-22 11:36:33,muhammad zaini,baik jaringan diperkuat lagi biar lebih baik
playstore,telkomsel,2026-05-22 11:31:53,Martin,"kuota aja yg mahal, sinyal masih naik turun, buat nge'game aja parah lag"
playstore,telkomsel,2026-05-22 11:22:58,WASROHIM 23,promo paket nya kurang bagus..
playstore,telkomsel,2026-05-22 11:21:35,Masa Depan,"lag banget woi, naik 12 RB lagi"
playstore,telkomsel,2026-05-22 11:15:30,Dhani Ekwanto,terima kasih ya selalu sabar denganku
playstore,telkomsel,2026-05-22 11:09:17,Muhammad Daniyal Mugits,telkom banyak gangguan
playstore,telkomsel,2026-05-22 11:08:36,Kiano Atharayhan,the best
playstore,telkomsel,2026-05-22 11:03:32,Muhamad Sulaeman,Jaringan weuy
playstore,telkomsel,2026-05-22 10:51:05,Anies Madani,"semakin jelek pelayannya, paket darurat tiba tiba aktif tanpa konfirmasi sangat merugikan pengguna"
playstore,telkomsel,2026-05-22 10:50:23,Zahra,"aplikasi kikir, apaan makin lama pulsa makin mahal pelit bgt, internet jg delay, minimal diperbaiki lg aplikasi nya lah, keliatan bgt gamau rugi. KECEWA."
playstore,telkomsel,2026-05-22 10:43:52,Andini Anahida,"jaringan internet parah, padahal sudah bayar mahal untuk beli kuota internet"
playstore,telkomsel,2026-05-22 10:42:51,YANTI MENDROFA,👍👍👍👍👍
playstore,telkomsel,2026-05-22 10:42:27,Sky Line,"cara hitungan kuota menipu konsumen katanya 24 jam baru 12 jam kuota dah habis masa aktifnya, saya tidak akan memaafkan anda. saya tuntut didunia dan akhirat, klw tidak bisa. saya sumpahin harta anda pindah ke saya, dan semua kesialan saya anda yg dapat, amin kan. teman2🙏"
playstore,telkomsel,2026-05-22 10:42:19,Muhammad Faiz As-sholih,paketan kuotanya mahal²
playstore,telkomsel,2026-05-22 10:41:06,Erdi Londo,bnyakin promo paket yg 30 hari n banyakin hadiah nya
playstore,telkomsel,2026-05-22 10:40:59,M Ibnu Hambali,Semakin Busuk Aja Loh Ya.. bukan semakin di depan
playstore,telkomsel,2026-05-22 10:40:02,Abdul Muin,sangat membantu sekali
playstore,telkomsel,2026-05-22 10:37:14,iyut pkm,haega paket mahal
playstore,telkomsel,2026-05-22 10:36:42,Imam Maliki,ok jos
playstore,telkomsel,2026-05-22 10:32:31,Irza Mawardi,"Ini bukan lagi bahas aplikasi ya! kualitas jaringan dari provider ini yang katanya terbesar se Indonesia dan BUMN malah jauh dari kata layak! bagaimana bisa koneksi jaringan di daerah saya sangat buruk (internet), itu terasa sekali ketika sedang meeting online, sedangkan di daerah desa tetangga saya malah aman saja, kayak tidak ada niat dari petugas pelayanannya untuk melakukan pengecekan ke lokasi, minimal hargai konsumen yang sudah tetap mau memakan layanan ini!"
playstore,telkomsel,2026-05-22 10:24:56,Husen Dinata,sangat bagus👍
playstore,telkomsel,2026-05-22 10:22:27,Oghiie Yahya,harus dibuka pake wifi
playstore,telkomsel,2026-05-22 10:21:02,Ahmad Hidayat,sayang ditempat saya kurang bagus signal nya
playstore,telkomsel,2026-05-22 10:13:23,Gunawan Rizki,"mohon aplikasi segera di perbaiki,sekarang terlalu banyak gejala dan masalah, beli paket ajaa susah kali"
playstore,telkomsel,2026-05-22 10:10:59,Bentama Sabdi,loginnya lama kek k0nn..
playstore,telkomsel,2026-05-22 10:04:46,Indra Kaparang,"jrgan udah dekat dgn kantor Telkom TPI jrgan d sni, nonton aja susah.. recom data apa yg bgus soalnya dekat kantor telkom"
playstore,telkomsel,2026-05-22 10:03:39,Thytin JC,untuk saat in masih oke lah
playstore,telkomsel,2026-05-22 10:02:38,salwa asira hidayat,JARINGAN NYA SANGAT JELEK BURUK KENAPA BEGITU
playstore,telkomsel,2026-05-22 09:59:01,sumarlin rifki,"pembelian paket data di Telkomsel semakin mahal, jaringan kurang bagus. terima kasih.."
playstore,telkomsel,2026-05-22 09:57:15,Hasil Kapuas,keren
playstore,telkomsel,2026-05-22 09:46:55,Trisutrisna1234,bagus
playstore,telkomsel,2026-05-22 09:45:12,Aradea Saputra,ok
playstore,telkomsel,2026-05-22 09:39:47,Ibrahimbram bram,memberi kemudahan buat pelanggan telkomsel
playstore,telkomsel,2026-05-22 09:34:09,Febrian Mey,"saran gw jangan beli kartu ini, udah Maruk, kuota mahal tapi jaringannya g bagus sama sekali... buat main game aja ga bisa tenang karena lag😡 mending beli Axis sekalian bgsat"
playstore,telkomsel,2026-05-22 09:31:56,Bang jex jex,bagus
playstore,telkomsel,2026-05-22 09:28:21,Sukma Wati,setiap mau beli paket Flash Sale selalu gak bisa bayar alasan koneksilah. Ku kira lelet karena aplikasi gak di update ternyata setelah update pun gak bisa beli paketnya.
playstore,telkomsel,2026-05-22 09:27:37,Nur Yati,sangat dimudahkan untuk pembelian paket maupun pulsa
playstore,telkomsel,2026-05-22 09:23:12,Tsuriya Premium,luarbiasa
playstore,telkomsel,2026-05-22 09:16:15,Icha 146,bagus banget 😄
playstore,telkomsel,2026-05-22 09:07:15,Rieya Warouw,Sangat membantu untuk membeli paket internet sesuai budget.
playstore,telkomsel,2026-05-22 09:04:58,Yanti Bohay,👍
playstore,telkomsel,2026-05-22 08:56:06,Ai Saadah,"bagus si tapi saya tadi kan mau isi kuota tadi kan ada yang 45 k 11 GB tapi pas dilihat kembali ga ada itu si keluhannya ,tapi bagus si"
playstore,telkomsel,2026-05-22 08:55:55,Rafel Putra,aplikasi nya berat bgt banyak bug nya
playstore,telkomsel,2026-05-22 08:53:59,herma yulis yulis,baik
playstore,telkomsel,2026-05-22 08:53:55,Ijad,"bagaimana ini sinyal Telkomsel sekarang sering banget lag sinyal GK ada,sedang kan temen saya pake kartu lain GK lag sama sekali,walau pun tempat kita main hape nya sama,dari dulu semenjak tahun 2025 pertengahan sinyal ini jadi GK stabil GK jelas gampang lah,jadi mohon untuk di perbaiki lagi sinyal nya agar tidak lag"
playstore,telkomsel,2026-05-22 08:47:45,Ahmadmugoni,paketnya di permurah dong
playstore,telkomsel,2026-05-22 08:42:09,Misrawati wati,mantap
playstore,telkomsel,2026-05-22 08:36:23,Alam Sana,ok
playstore,telkomsel,2026-05-22 08:35:52,ノゾミ,"aplikasi aneh,delay trs padahal sinyal bagus mana mahal² lagi,minimal klo mahal jaringan bagus bos,ini udh mahal jaringan ga gawe buang² duit gua aja lu sial"
playstore,telkomsel,2026-05-22 08:26:31,Latief Pranoto,trimakasih Telkomsel
playstore,telkomsel,2026-05-22 08:21:57,yan yan,𝑠𝑎𝑛𝑔𝑎𝑡 𝑏𝑎𝑔𝑢𝑠?
playstore,telkomsel,2026-05-22 08:20:50,Pwk Yoga,"Aplikasi lemot susah dibuka.!! katanya operator no.1 di Indonesia tapi apa aplikasi busuk susah login, sinyal pun busuk harga mahal lagi. perbaiki woy Telkomsel dengerin ni masukan orang.!!"
playstore,telkomsel,2026-05-22 08:17:41,mhmmd faqih,"ni apk kebanyakan lag padahal wifi lancar buat beli paketan aja susah bener, setidaknya kasih tau klo lgi gangguan itu mh gada gangguan tpi lag lag trus mau beli pulsa/data buat darurat malah gabisa, apk ga rekomended udah gah mahal mahal semua stresss"
playstore,telkomsel,2026-05-22 08:06:03,almarhuuum,sering eror saat pembelian paket
playstore,telkomsel,2026-05-22 08:01:41,Anggita Charainsya,best
playstore,telkomsel,2026-05-22 08:00:44,Aini Makhmuda,"no komen, bintang 1 aja. kecewa banget sama Telkomsel padahal aku termasuk pengguna lama."
playstore,telkomsel,2026-05-22 07:58:59,Billy Wiranda,terbaik
playstore,telkomsel,2026-05-22 07:54:34,Ahmad Faizir,sangat bermanfaat
playstore,telkomsel,2026-05-22 07:47:50,One Jo,kebayakan iklan bikin apk ngak lancar padahal ngak paham apa yg d iklankan 👎👎👎👎
playstore,telkomsel,2026-05-22 07:47:12,Lena Marlena,"berat dan lama sekali saat di buka, lainnya bagus"
playstore,telkomsel,2026-05-22 07:43:55,AHMAD ZUHARDI KEDIRI,"semoga makin banyak pengguna starlink di Indonesia, agar punya daya saing perang tarif dengan Yang lagi jual mahal,"
playstore,telkomsel,2026-05-22 07:43:48,Yandi Yandi,sangat cocok
playstore,telkomsel,2026-05-22 07:31:31,Ida bagus martha Widyana,"Bagaimana bisa pulsa berkurang terus2an dgn alasan terpakai utk akses internet, padahal sudah beli paket data, dan di rumahpun pake wifi!!!???"
playstore,telkomsel,2026-05-22 07:30:25,Minin Mininmanan,aku ingin beli yang gratis
playstore,telkomsel,2026-05-22 07:23:04,Raymond Ludji,"Ini jaringan Telkomsel macam Ta'i sekali.. paket mahal, jaringan sulit.. main game, serasa lagi di tengah hutan.. merugikan sekali.. masa main game ping naik sampe 200.. operator aneh.. jual paket elit, jaringan sulit"
playstore,telkomsel,2026-05-22 07:17:04,Syurur Taufiq,"apk berat, paket mahal, lol"
playstore,telkomsel,2026-05-22 07:16:36,Ahmat Noref,My Telkomsel sangat membantu sekali
playstore,telkomsel,2026-05-22 07:15:06,Oh Madina,"pelanggan minta 28 hari itu pelanggan yg mana ya? kalo orang kerja pasti maunya 30 hari, rugi banget ya Allah pake telkomsel, udah gtu hangus smua lagi kuotanya"
playstore,telkomsel,2026-05-22 07:09:09,Endar Wati,jaringan tidak lelet
playstore,telkomsel,2026-05-22 07:09:04,Agung Sastika,"my Telkomsel skrg tmbh ribet mau beli paket aja ..tolong dong dibikin mudah mau beli paket lg yg kita pakai..tiap diklik berkali"" maaf ada kesalahan sistem melulu 😭😭😭😭"
playstore,telkomsel,2026-05-22 07:08:53,Ridel Sumampow,paket internet sangat mahal jaringan buruk
playstore,telkomsel,2026-05-22 07:00:38,Eha Julaeha,jaringan nya kurang baik
playstore,telkomsel,2026-05-22 06:59:48,Heni Karyani,jaringan kurang stabil dan paketan harus di bawah. 100
playstore,telkomsel,2026-05-22 06:59:38,Imroatul Hasanah,baik
playstore,telkomsel,2026-05-22 06:52:32,M. Hafizd Assajid,lambat
playstore,telkomsel,2026-05-22 06:50:36,Putra Sanjaya,Baik
playstore,telkomsel,2026-05-22 06:50:09,Lidya Talanila,kenapa saya tidak bisa membuka aplikasi mytelkomsel
playstore,telkomsel,2026-05-22 06:49:04,Fernando Sinaga,bagis
playstore,telkomsel,2026-05-22 06:47:11,Andhika Dwi,"aplikasi bobrok, nyedot pulsa pelanggan, isi kuota di bikin susah, pas udah isi lewat aplikasi kuota nya ga masuk, tolol"
playstore,telkomsel,2026-05-22 06:46:18,Mia Sunny,"jaringan bagus aplikasi cepat n responsif,semoga selalu di mudahkan dalam aplks ini mksh"
playstore,telkomsel,2026-05-22 06:42:57,Zimie Setiawan,semoga paket nya sering banyak promo
playstore,telkomsel,2026-05-22 06:35:54,Sumariadi,Paket combo saktinya koq sudah mahal sekarang ya.
playstore,telkomsel,2026-05-22 06:34:53,Rudiyanto,luamayan murahin lagi ya
playstore,telkomsel,2026-05-22 06:31:54,Rinal Lubiz,GILAA PAKET MAKIN MAHAL / KUOTA MAKIN KECIL / MASA AKTIF MAKIN KURANG !! GILAA KIKIRR BANGET BOSS MENDING PINDAH PROVIDER SEBELAH CUIH !!
playstore,telkomsel,2026-05-22 06:30:29,henzz 12,sangat bagus
playstore,telkomsel,2026-05-22 06:29:36,hendrick 182,"aplikasi lemot dan berat sekali padahal aplikasi penyedia jaringan, tp malah paling lemot dibanding aplikasi lain"
playstore,telkomsel,2026-05-22 06:29:26,Hermin Hermin,good
playstore,telkomsel,2026-05-22 06:23:59,Ahmad Jam'an,"isi paket data beli di *363# pulsa terpotong, paket data tidak masuk. payaah"
playstore,telkomsel,2026-05-22 06:23:57,NaNi Sayoethy,"Paket kuota semakin mahal, terus sekarang sudah gak bisa beli paket combo sakti max lagi, bulan kemarin masih bisa"
playstore,telkomsel,2026-05-22 05:55:15,Rizki Maulana,Bagus
playstore,telkomsel,2026-05-22 05:52:46,Bagaskara Ramadhan,keren
playstore,telkomsel,2026-05-22 05:48:16,yogipalopo Jek,ok
playstore,telkomsel,2026-05-22 05:47:57,Dwi Mahardika,"aplikasi kikir najis, sebelumnya padahal udah sering transaksi internet sakti 12gb 25k, tapi sekarang paketnya malah hilang diganti sama spesial 12gb harganya 33k , apaan coba padahal sama² 12gb"
playstore,telkomsel,2026-05-22 05:44:08,AdiT Ya,mantap
playstore,telkomsel,2026-05-22 05:35:11,Dwi Yanto,"signal buruk, paket tambah mahal"
playstore,telkomsel,2026-05-22 05:34:29,Yusril Ihza prasetiya,jos
playstore,telkomsel,2026-05-22 05:11:24,sukron Hadi,👍
playstore,telkomsel,2026-05-22 04:44:27,16_X TJKT 3_ Moch Nagib al Faqih,apk ampas
playstore,telkomsel,2026-05-22 04:39:49,Pengguna Google,saya mau tanya kenapa mytelkomsel saya tidak bisa terbuka....
playstore,telkomsel,2026-05-22 03:59:39,Fi Fikar,telkomsel anjjng
playstore,telkomsel,2026-05-22 03:26:07,Adung Adung,sangat puas terimakasih
playstore,telkomsel,2026-05-22 03:22:12,mardani dani,Telkomsel mantap
playstore,telkomsel,2026-05-22 03:19:06,Andi Lahay,nice
playstore,telkomsel,2026-05-22 03:15:07,Rajab Btm16,ok
playstore,telkomsel,2026-05-22 03:08:17,Samsul aris,kuota makin naik Mulu. lama-lama gw pake WiFi nih!!
playstore,telkomsel,2026-05-22 02:58:50,Eddy Sucipto,makin hari makin gak ngotak Telkomsel harga kuota naik terus padalah sering diprotes.
playstore,telkomsel,2026-05-22 02:53:46,Ochank Jojoli,Paket mahal.. jaringan sudah lemot.. makanya aku pindah paket data di operator lain.. Telkomsel sudah parah
playstore,telkomsel,2026-05-22 02:18:54,Opo jukry Merantau,baguss
playstore,telkomsel,2026-05-22 02:08:56,Hendy Taufik,paketan mahal
playstore,telkomsel,2026-05-22 01:53:46,Budi Tarmana,mantap
playstore,telkomsel,2026-05-22 01:44:42,Tio Rockdut,sisa paket masih saja hangus...
playstore,telkomsel,2026-05-22 01:44:28,annn 02,harga kuota makin hari makin ga ngotak udah mah sinyal kek MONYETT
playstore,telkomsel,2026-05-22 01:30:07,Andi Kribo,Pelayanannya Sangat Bagus dan Cepat Tanggal
playstore,telkomsel,2026-05-22 01:27:07,Ahmad Dhafir,sangat baik
playstore,telkomsel,2026-05-22 01:17:28,Sri Devi,my Telkomsel semua fitur bisa di akses tapi kenapa Telkomsel smartpay belum bisa di akses padahal Sudah 4th saya pengguna my Telkomsel
playstore,telkomsel,2026-05-22 01:13:51,Muhammad Mahlil,"sudah dua hari dua malam sinyal nya tidak stabil, sinyal hilang² sinyal dapat E, sudah coba hubungi cs di my telkomsel tapi tidak ada perubahan. khusus di areal aceh utara kec nibong."
playstore,telkomsel,2026-05-22 01:12:53,syifa Vivo,"ini gimana udah kepotong saldo,tapi kouta ga ada,,di akun virtual ya udah transaksi selasai saldo kepotong, kouta ga ada,,kalau gagal napa keabil saldo ya,,"
playstore,telkomsel,2026-05-22 01:11:40,egy ratina,"parah error,paket Masi sisa 2gb masa aktif Masi 4 hari,tidak taunya apk error sampai sedot pulsa 50rb"
playstore,telkomsel,2026-05-22 01:00:36,Abdull Rohman,sinyalnya di perkuat lagi
playstore,telkomsel,2026-05-22 00:55:51,"Fia R, Pian",jaringan gak terlalu lancar.
playstore,telkomsel,2026-05-22 00:50:38,Zuriandi Roni,jaringan masih sering lelet di area saya
playstore,telkomsel,2026-05-22 00:46:52,Fahri FFxML,min ini kenapa yaa setiap saya nuker redward selalu gagal? mohon di jawab yaa
playstore,telkomsel,2026-05-22 00:44:05,guntur adjie,"percuma kasih stamp voucer ini itu seperti gopay dana shopee, pas urutan untuk klaim selalu 0 atau kadaluarsa."
playstore,telkomsel,2026-05-22 00:32:48,Shocha Teyo,PAKET INTERNET MAHAL. PAKET TIAP BULAN NAIK. KUALITAS 0 ALIAS LEMOT SEPANJANG MASA. PANTAS MENDAPAT PENGHARGAAN SEBAGAI PROVIDER PALING SERAKAH. ADMIN NGGAK USAH BALES KARENA PASTI JAWABANMU TERLIHAT JELAS KEDUNGUANMU MEMBELA PROVIDER BURUK.
playstore,telkomsel,2026-05-22 00:29:52,Arie Adityo,good aplikasi
playstore,telkomsel,2026-05-22 00:29:03,Elis Sawardani,aplikasih yang unik dan menguntungkan☺️🤗
playstore,telkomsel,2026-05-22 00:28:30,Jumardi Mardi,ok boss ku
playstore,telkomsel,2026-05-22 00:21:44,Agung wijaya,apk lemot hahaha kek kntl
playstore,telkomsel,2026-05-22 00:13:11,Alviicha rode,saya pindah ulasan saya warga yang kurang berkecupan karna internet sakti sudah tidak ada no Telkomsel saya ganti ke jaringan lain. makasih sudah banyak membantu. salam hormat
playstore,telkomsel,2026-05-22 00:09:14,Putra Lase,ok
playstore,telkomsel,2026-05-22 00:04:07,Perdana Konstruksi,paketan masih banyak . sinyal full tapi macet².. kayaknya telkimsel mulai buruk di pelayanan jaringan
playstore,telkomsel,2026-05-22 00:02:41,Reydo Game,"Mohon sebelum nya, saya adalah pengguna Telkomsel dr tahun 2006, tapi kenapa sekarang menjadi semakin berubah, bulan lalu isi paket flessel 150k=150gb sekarang 150k hanya dapat 100gb terlalu jauh perbedaan nya, mohon pihak Telkomsel dapat memberikan toleransi, Terima kasih."
playstore,telkomsel,2026-05-22 00:01:31,Novarianto Co,"signal makin hari makin lemot, tailah hrga paketnya aja makin mahal, pantasan bnyk pindah ke yang lain."
playstore,telkomsel,2026-05-21 23:58:25,norma manulang,"1. sinyal buruk 2. tidak bisa menyelesaikan permasalahan pelanggan 3. mahal 4. kebanyakan drama saran dari saya sebelum kalian menyesal , lebih baik kalian semuanya tinggal kan kartu Telkomsel anda , sebelum anda menyesal di kemudian hari... karena tidak bisa menangani permasalahan pelanggan dan kebanyakan drama.... terimakasih"
playstore,telkomsel,2026-05-21 23:49:34,Ahmad Ardi siregar,kenapa pilihan membeli add on saya tidak bisa di klik
playstore,telkomsel,2026-05-21 23:46:58,Napi 1988,oke
playstore,telkomsel,2026-05-21 23:46:46,Usri,baik
playstore,telkomsel,2026-05-21 23:42:22,GZN Will,"kenapa aku kasih bintang 1? karena pas awal beli kartu simpati itu jaringan normal normal aja tapi pas udah sebulan tiba tiba jaringan yg normal jadi kehilangan jaringan (ada huruf E / G) dan itu bukan hanya sekali tapi pada kartu simpati yg sebelumnya juga mengalami yg sama, mohon nih Telkomsel aku baru aja beli kuota seharga 300 ribu tapi udah mengalami masalah? yg bener aja dong, tolong dong berikan bantuan atau apapun biar jaringan gw balik lagi (gw kirim rating ini pakai wifi)"
playstore,telkomsel,2026-05-21 23:41:46,Fahrizal Rohman,jaringan bobrok paket mahal sinyal jelek!
playstore,telkomsel,2026-05-21 23:31:38,KALIMARAU TELUKBAYUR,kakak saya minta tolong kualitas sinyalnya di tinkatkan di daerah kecamatan teluk bayur kabupaten berau jln kandang muntik di sini kaulitas sinyal nya tidak setabil
playstore,telkomsel,2026-05-21 23:27:07,Tasya Rahayu,my Telkomsel jos pokoknya kenceng nga lemot
playstore,telkomsel,2026-05-21 23:26:58,Refan agus Turenggo,sangat memuaskan mytelkom
playstore,telkomsel,2026-05-21 23:25:35,Kholil Studio,"sinyal sering ilang, kuota harganya mahal gk nyampe 30 hari lagi, sinyal paling gk jelassssss"
playstore,telkomsel,2026-05-21 23:25:34,Dindin Kusdinar,Excellent👏
playstore,telkomsel,2026-05-21 23:18:52,Ferry Nugroho,"terserah pt tolol kalian sajalah mau bawa kemana ini sinyal gw. capek gw dengan pt sampah macam telkomsel. sinyal dan jaringan super cacat!!! pt telekomunikasi super cacat. gak usah ada lagi kalau perlu sinyal ataupun jaringan pt busuk kalian di sim card gw!! gak berguna. menjijikan dan memuakkan!!! Sinyal gak niat banget yah nih telkomsel. Kalau perlu sekalian saja gak perlu ada lagi sinyal maupun jaringan pt busuk kalian di sim card saya, saya ikhlaskan semua itu!! pt gak guna ada di indonesia"
playstore,telkomsel,2026-05-21 23:12:49,Oppo a51pro,"sangat menyenangkan,,,"
playstore,telkomsel,2026-05-21 23:00:48,Dadan Nurjaman,"tolollllll sinyal ilang² mulu tidak ada layanan 24jam+++! csnya cmn ai yang cmn bisa bales ""mhon tunggu sedang d smbungkan ke customer service"" tololll seharian ngapain aja beg. o oo. kecewa sekecewanya baru seminggu pake telkomsel udh giniii,"
playstore,telkomsel,2026-05-21 22:49:29,Hengky Ardiansyah,"paket mahal, sinyal susah kmpang"
playstore,telkomsel,2026-05-21 22:44:05,Endi Pesik,"jaringan nya busuk. kasih bintang 1 biar beralih pakai kartu lain . Telkomsel biar gak di pakai lagi paket hilang tiba"" gak benar Lo Emang gak ada notifikasi paket habis tiba"""
playstore,telkomsel,2026-05-21 22:43:07,Arul King,paketan elit sinyal sulit
playstore,telkomsel,2026-05-21 22:42:00,Irfan Abdussami,"harga paket internet naik terus, kalo harga nya mahal tapi jaringan nya bagus sih masih oke. Lah ini? jaringan jelek, harga nya mahal pula!!!!"
playstore,telkomsel,2026-05-21 22:39:01,Rahmelia Putri_ FP,udh beli paket di aplikasi menggunakan pembayaran qris tapi paket ga masuk!
playstore,telkomsel,2026-05-21 22:37:34,Sofyan Hadi,"paket mingguan di hilangkan, harga kuota makin mahal, jaringan masih sering lag, balikin paket mingguan woii, saya sering beli paket mingguan malah di hilangkan gmna sih!!, tlol bener"
playstore,telkomsel,2026-05-21 22:32:26,hajar condro purnomo,kenapa ya kok jd lemot?? kalo ada promo kok jd susah belinya?? kadang malah gak bis
playstore,telkomsel,2026-05-21 22:29:55,Rumah Hanphone,mantap
playstore,telkomsel,2026-05-21 22:24:50,Andree Linecker,"sering gangguan , slow respon"
playstore,telkomsel,2026-05-21 22:16:34,Andre Kurniawan,"UI sekarang terasa sangat berat dan sering terjadi freeze atau error tidak jelas, padahal UI sebelumnya sudah bagus dan isinya benar-benar sesuai dengan kebutuhan pengguna. Sekarang justru menambah terlalu banyak fitur tidak jelas yang sama sekali tidak banyak diminati dan faktanya malah membuat aplikasi ini berjalan lebih lambat dan terasa lebih berat. Mungkin para youtuber review HP harus menggunakan aplikasi My Telkomsel ini sebagai salah satu tolak ukur apakah HP itu kencang atau tidak."
playstore,telkomsel,2026-05-21 22:14:52,Dhit Zyy,kartu kgk jelas apk berat paket pada mahal sinyal spek rimba apa apaan
playstore,telkomsel,2026-05-21 22:14:08,Eko Oke,"tingkatkan pelayanan konsumen kelas menengah nya gaaaeess,setelah di update malah lolaaaa🙏💪👍"
playstore,telkomsel,2026-05-21 22:12:24,Sasmito Agus,ok
playstore,telkomsel,2026-05-21 22:11:17,Mudin,mantap
playstore,telkomsel,2026-05-21 22:09:34,Muhammad Mad,sangat cocok
playstore,telkomsel,2026-05-21 22:05:47,wahab abdi putra,godd
playstore,telkomsel,2026-05-21 22:05:06,Akram Suja nasuha,"kenapa paket internet SERU 40GB 40K di ganti ke 20GB 40K itu tidak adil, bukankah itu termasuk perampokan saya seperti rugi untuk membeli lagi dan ada rasa kecewa juga"
playstore,telkomsel,2026-05-21 22:02:34,Defri Gombong,jaringan buruk
playstore,telkomsel,2026-05-21 21:58:43,Tuanmuda Abee,goog
playstore,telkomsel,2026-05-21 21:56:42,Ignasius Arnold Janssen Utama Sempo,jaringan kurang bagus padahal saya sudah restart HP tapi jaringan nya tetap jelek 👎👎👎
playstore,telkomsel,2026-05-21 21:52:47,Watini Watini,bagus
playstore,telkomsel,2026-05-21 21:48:53,Zigma Bro,mantap tapi boong
playstore,telkomsel,2026-05-21 21:48:29,Fatan Okta,"udah ah capek, percuma juga kalau beri ulasan dan ini udah sekian kalinya ganti ulasan,udah berapa kali ganti ulasan tentang jaringan nya, jawabannya selalu sama yaitu restart hp, memang berhasil Tapi nggak selalu, jadi percuma memberi tahu bahwa jaringan Nye ngelek parah jawabannya tetap bakalan sama, kadang di satu rumah,kos atau di kontrakan jaringannya ngelek parah tapi pas disebelah Malah bagus"
playstore,telkomsel,2026-05-21 21:47:24,Yupitra Yupi,Telkomsel mantap. tapi tolong kalau bisa jangan terlalu mahal harga paket nya
playstore,telkomsel,2026-05-21 21:47:07,Yulie Indrawati,My Telkomsel makin oke
playstore,telkomsel,2026-05-21 21:44:48,Jony Huck,bagus👍
playstore,telkomsel,2026-05-21 21:42:47,Gun Bzirr,apasi anjg udah mahal sinyal ga ada
playstore,telkomsel,2026-05-21 21:39:17,Arie Denis,"aplikasi si paling SUSAH SI BUKA , MAU NGECEK KUOTA AJA KUDU BERKALI2 REFRESH . APK KOCAK . KARYAWANNYA MAKAN GAJI BUTA AJA GAK ADA KEMAJUAN"
playstore,telkomsel,2026-05-21 21:37:57,Pendi AIUEO,"aplikasi terlalu berat & harga paket juga semakin mahal dan sekarang sangat buruk /sering terjadi error,tidak sesuai dengan yang di iklankan"
playstore,telkomsel,2026-05-21 21:35:01,Creator fandhi,jelek bnget
playstore,telkomsel,2026-05-21 21:34:03,Rusdi Awan,jangan pke telkomsel jaringannya lemot.
playstore,telkomsel,2026-05-21 21:22:14,Rendi Anggara,asli untuk sekrang lemot parah Telkomsel. malas beli lagi. mahal mahal lemot
playstore,telkomsel,2026-05-21 21:20:10,Ismail Sahputra,"sori di kurangin bintang nya karna makin bulan makin gak jelas paket selalu berubah""dan selalu mahal"
playstore,telkomsel,2026-05-21 21:15:08,Rully Prasetya,"KONEKSI INTERNET ANDA ITU SANGAT LAMBAT..... dengan jaringan terluas se-Indonesia tapi koneksi internet 4G seperti 2G Bahkan masih lebih bagus merk lain walaupun hanya di tempat2 tertentu.... sedang kan Telkomsel hanya kencang di waktu2 tertentu.,..klo perlu naikkan lagi harganya tapi benahi kualitas......note: Telkomsel jaringan terluas se-Indonesia tapi internet mahal doang kenceng kagak. tambah parah beli paket mahal kecepatan hanya 0,16mbps lawak sekali... upload jga 0,15mbps. paket promo"
playstore,telkomsel,2026-05-21 21:14:16,Riswan Ciwank,kouta internet mahal woeee beli kouta harusnya satu bulan 30 hari malah 28 hari sakit Telkomsel ini makin aneh aneh aja.
playstore,telkomsel,2026-05-21 21:12:27,NUR MISTERIUS,5Gnya masih blm dijangkau 5G masih 4G+
playstore,telkomsel,2026-05-21 21:10:30,dery hernadi,"harga paket makin mahal , tapi jariangan makin sulit ."
playstore,telkomsel,2026-05-21 21:08:55,Yopie Ar,ok
playstore,telkomsel,2026-05-21 21:08:37,Andre Tia kurniawan,mantap
playstore,telkomsel,2026-05-21 21:06:50,Ahmad Awaluddin,jaringan apalahh Telkomsel ini lagg bangattt harga tidak sesuai dengan kelancaran jaringannya
playstore,telkomsel,2026-05-21 21:05:34,Mia Oktafiyani,GILA. MAKIN LAMA MAKIN MAHAL BANGET TELKOMSEL
playstore,telkomsel,2026-05-21 21:03:30,dholkez Caknole,"apa nya nih MyTelkomsel, mau beli paket tiba mau pembayaran loading nya lama sekali"
playstore,telkomsel,2026-05-21 21:01:51,Eka Novita Sari,sangat baik dalam my telkomsel ya
playstore,telkomsel,2026-05-21 21:00:54,Jim Jimbiri,sangat puas beli pulsa di My Telkomsel
playstore,telkomsel,2026-05-21 20:54:34,Rizal mes,sangat memuaskan
playstore,telkomsel,2026-05-21 20:53:19,Syahrul Rifa'i,udah mahal lelet pulakkk
playstore,telkomsel,2026-05-21 20:52:05,Icha Maidina,paket makin mhall hargaanyaa
playstore,telkomsel,2026-05-21 20:50:35,Dwi hartanto,tekomsel sangat buruk gk ad jaringan
playstore,telkomsel,2026-05-21 20:50:24,Serma Tam,mantapkan
playstore,telkomsel,2026-05-21 20:47:27,Nazhira Shifa Hermawan,"keren ya sampe lag trs, gk ada kemajuan dgn harga GK NGOTAK"
playstore,telkomsel,2026-05-21 20:46:46,Dvn Trhn,"cuih, najisin. lagi baca berita bahasa Inggris ga bisa di terjemahin ke indo grgr jaringan, padahal tulisan 5G. nyesel bnget lah beli pulsa atau kuota di Telkomsel ini. jaringan sering ngelg banget, kalo isi pulsa suka kepotong sendiri padahal ga aktifkan data seluler, harga makin mahal tapi ga ada perubahan dari dulu."
playstore,telkomsel,2026-05-21 20:46:11,Muhlis Muhlis,mantap
playstore,telkomsel,2026-05-21 20:43:37,Patrycia Mimi,mantap
playstore,telkomsel,2026-05-21 20:41:27,roro aditya,"lemoooooot bangeeeeeeed, mahaaaaaaaaaaal bangeeeeeeed, pny AI cuma sibuk ngomongin kenyamanan...kenyamanan gundulmu"
playstore,telkomsel,2026-05-21 20:38:33,Han Sany,"payah sinyal putus2 ,harga aja mahal tapi jaringan tdk sesuai"
playstore,telkomsel,2026-05-21 20:37:56,Siti Devi,"PARAH BANGET, Harga makin mahal tapi jaringan makin buruk... tolonglah dibenahi kualitas jaringannya, dulu pake Telkomsel karna jaringan paling bagus, tapi sekarang jaringan Telkomsel paling buruk."
playstore,telkomsel,2026-05-21 20:37:52,Sidiq,ok
playstore,telkomsel,2026-05-21 20:36:15,Nurlita Dewi,"jual pulsanya pake sistim riba, main hangusin pulsa sudah sah dibeli"
playstore,telkomsel,2026-05-21 20:33:19,Abdul Syukur,aplikasi ini membosankan tidak ada bagi bagi Kouta lagi
playstore,telkomsel,2026-05-21 20:29:19,Muhammad PRAYOGA,"makin lama makin mahal, makin ngeleg juga nyesel mending pilih kartu lain"
playstore,telkomsel,2026-05-21 20:23:44,Ryu,"jaringan gak jelas, suka ilang ilangan. menang mahal nya doang"
playstore,telkomsel,2026-05-21 20:23:22,ahmad feri,gua beli paket 100k tapi jaringan kayak💩
playstore,telkomsel,2026-05-21 20:21:18,Muh Kah,lumayan lah
playstore,telkomsel,2026-05-21 20:19:11,Dina Christina,"jaringan internet paling buruk, tidak rekomendasi untuk yang suka main game online"
playstore,telkomsel,2026-05-21 20:18:52,Mnazriel ilham Ilham,"lama kelamaan malah lemot jaringan,kaya kurang gizi"
playstore,telkomsel,2026-05-21 20:18:36,kosmas,"kembali ke indosat,"
playstore,telkomsel,2026-05-21 20:14:45,Fikri anak Baik,signal jelek tidak bagus untuk kalian signal nya sangat jelek tidak di rekomendasikan dan jangan di beli signal nya kurang cocok
playstore,telkomsel,2026-05-21 20:12:59,kingmyu,tempek neng deso i kek Ono sinyal su jembut maen ml ngeleg ae bosok paketan mu su su bajingan rugi tuku paketanmu blog mikir ngo uteq
playstore,telkomsel,2026-05-21 20:07:33,Aldiyanwar Firmansyah,my telkomsel parah. saya gabisa beli kuota roaming. gangguan terus
playstore,telkomsel,2026-05-21 19:55:52,Yusuf Febrian,"provider sampah, sinyal nya jelek banget gak sesuai harga nya yang overprice"
playstore,telkomsel,2026-05-21 19:53:51,Hirdan,harga kuota makin mahal kinerja makin tololll jaringan busuk kikir taekkk
playstore,telkomsel,2026-05-21 19:51:00,Akbar Abustang,sering banget berurusan sama CS nya dan proses penyelesaian nya lama. cuma ganti paket kok bisa berhari hari
playstore,telkomsel,2026-05-21 19:50:19,Leo_ Chandra,harga pket semakin sering di beli semakin mahal
playstore,telkomsel,2026-05-21 19:46:17,Stefanus Budiman,percuma ada fitur jaga pulsa. tetap aja motong pulsa pada saat kuota habis. gk ky sebelah pulsa aman saat kuota habis.
playstore,telkomsel,2026-05-21 19:44:30,nur said,jaringan terburuk
playstore,telkomsel,2026-05-21 19:41:58,Dedi Apriandi,"Paket internet makin mahal, kualitas makin jelek, sebulan 28 hari, memang rentenir telkomselll.. kesimpulannya BURUK..JELEK..memang ga ngotak provider punya pemerintah.."
playstore,telkomsel,2026-05-21 19:41:50,Satria New,mahal doang jaringan sampah
playstore,telkomsel,2026-05-21 19:36:46,Suji Aryanto,kuota mahal. waktu kuota cuma 28 Hari yaelah
playstore,telkomsel,2026-05-21 19:35:48,ASP,"harga paket makin mahal, paket internetnya malah makin sedikit"
playstore,telkomsel,2026-05-21 19:35:00,Rio Pradipta,"Harga kuota mahal kualitas tak sepadan, NAJIS. Kalau bisa 0 bintang ku kasih 0 lah, provider busuk👎👎. Ada aja otak maling akal2 provider sampah ini, ada 2 tipe kuota masa yg di sedot terus2an kuota yg baru beli? sisa kuota lama ga berkurang samsek sampai mau habis masa aktifnya? banyak bug juga ni tim ITnya TOLOL apa EMANG DIBIKIN SISTEM MALING GINI? NAJIS BGT NI PROVIDER SAMPAH"
playstore,telkomsel,2026-05-21 19:33:42,Santri Kalong,"harga paket makin mahal , masa aktif semakin pendek, jaringan internet semakin lelet , masih pake karna terpaksa , mobile banking dan aplikasi lain banyak yang tersambung dengan nomer ini"
playstore,telkomsel,2026-05-21 19:31:40,Awal Sawal,lumayan
playstore,telkomsel,2026-05-21 19:28:05,Syauqi Mardhatillah,"ini kenapa aplikasi waktu masuk metode pembayaran loading nya lama banget dan selalu error, diperbaiki dong udah 2 bulan lebih gini terus"
playstore,telkomsel,2026-05-21 19:20:56,Kuy Cikalsomeah,lumayan
playstore,telkomsel,2026-05-21 19:20:10,Ci Popo,apaan ni apk setelah update malah suka eror sendiri.update bukannya bikin bagus malah bikin jelek.layanan buruk bikin pelanggan jengkel.
playstore,telkomsel,2026-05-21 19:20:06,Mochamad Djumar,"fitur nya lengkap, sayang nya kuotanya mahal mahal dan apk nya sangat lelet bikin kesal menurut saya mnding gausah ada apk nya,padahal waktu login saya memakai wifi terbaik,1 lagi sayang bgt untuk point nya tdk bisa di tukar sma kuota, melainkan hanya bisa di tukar sama potongan belanja di outlet dan wilayah tertentu saja, Anw saya dari Papua,dan ga mungkin saya belanja di jakarta,sebab itu saya bilang pointnya gaberlaku"
playstore,telkomsel,2026-05-21 19:19:23,Fauzi Reza,tidak bisa di bukak buat beli paket data
playstore,telkomsel,2026-05-21 19:18:48,Nazaruddin Nazar,mantap
playstore,telkomsel,2026-05-21 19:12:30,armada armadapribadi,terkadang kuota saya 5 GB sebentar kurang 2 Gb
playstore,telkomsel,2026-05-21 19:11:43,Muhammad Dani,kami kecwa gak jelas mau beli kouta tapi gak bisa katanya harus coba lagi kok gak bisa bisa
playstore,telkomsel,2026-05-21 19:11:16,Chayas Roland,"tlg lbh di tingkatkan lagi tuk msh jaringan,, kadang jaringan tidak stabil,,..."
playstore,telkomsel,2026-05-21 19:11:04,Vii Pai,sampah. jaringan ngeleh terus ngak stabil di tempat ku. ag
playstore,telkomsel,2026-05-21 19:10:40,Aku GAME,promo saya sering hilang
playstore,telkomsel,2026-05-21 19:09:57,SITI UMANI,ko punya saya ya bisa beli paket
playstore,telkomsel,2026-05-21 19:07:15,Elki retang,"terakhir sya beli paketan di telkomsel. beli paketan nya tak ada guna sma sekli. pokokonya jaringan paling jelek di indonesia itu adalah .TELKOMSEL BABI dan paling anehnya lagi ..gk siang gk malam,jaringan tetap aja jelek.smapai 2026 jaringnmu masih kyak babi."
playstore,telkomsel,2026-05-21 19:00:22,Dexa Devil,ga guna -_- ada paket promo mau di beli ga bisa masuk di pembayaran giliran yang ga promo gampang banget. ngapain ngadain promo kalo emang ga bisaa tolol
playstore,telkomsel,2026-05-21 19:00:07,Ferdhy New armada,mantap
playstore,telkomsel,2026-05-21 18:59:43,bagus tiyo,"paketan mahal,aplikasi sering ganguan"
playstore,telkomsel,2026-05-21 18:56:43,Rizky Ahmad,"bagus tapi kuotanya mahal mahal , yang bikin aku pakek Telkomsel ini karena kuota nya gak di bagi bagi, gak kayak xl"
playstore,telkomsel,2026-05-21 18:54:37,Sarfan Pangi,sangat bagus
playstore,telkomsel,2026-05-21 18:48:50,Waroeng Damai,jaringan ngelag
playstore,telkomsel,2026-05-21 18:48:01,Rasyid Ode2,👍👍❤
playstore,telkomsel,2026-05-21 18:47:50,DYANZ COLL BET,"Nyesel beli ni kartu anj sinyal jelekk hargaa paket mahal mikir jaringan lu lemott , benerin dulu tuh jaringan baru paket lu mahalin"
playstore,telkomsel,2026-05-21 18:47:23,Willy Silaen,bagus
playstore,telkomsel,2026-05-21 18:45:57,Aldyah Aldy,jaringan Telkomsel makin lama makin buruk data makin mahal gak rekomen Untuk main game
playstore,telkomsel,2026-05-21 18:44:53,Putra Syarif,pemaksaan untuk bayar
playstore,telkomsel,2026-05-21 18:43:19,Muhammad Luthfi Saputra,"aplikasi makin berat, Kouta nga seberapa mahal nya nga ngotak"
playstore,telkomsel,2026-05-21 18:41:11,Kusnan Nan,lebih cepat dan murah 👍👍
playstore,telkomsel,2026-05-21 18:40:33,Made Tours,SMS dari Telkomsel kurang jelas
playstore,telkomsel,2026-05-21 18:36:34,El-hidayah Vlog edukasi,"sekarang pake telkomsel udah males, harga kuotanya pada mahl², mana di bagi bagi kuotanya"
playstore,telkomsel,2026-05-21 18:32:25,jamaah Sholeh,rekomendasi
playstore,telkomsel,2026-05-21 18:31:18,Riski,gem
playstore,telkomsel,2026-05-21 18:30:40,Andre Jlumi,sangat baik
playstore,telkomsel,2026-05-21 18:30:17,Sandost Nugroho,sangat memuaskan
playstore,telkomsel,2026-05-21 18:29:27,Anggiat Sinaga,harga paket data nya naik gk masuk akal
playstore,telkomsel,2026-05-21 18:28:28,ncok Kosongblong,maer
playstore,telkomsel,2026-05-21 18:28:16,Ajat Sudrajat,"sering dapat SMS dari Telkomsel yang isinya gak jelas. cek dulu sebelum kirim pesan. mengganggu kalau sering, paham.."
playstore,telkomsel,2026-05-21 18:24:31,Asep Supriatna,banyak diskon
playstore,telkomsel,2026-05-21 18:23:39,REVALDE NUR ALIF MAULANA,kalo bisa bjntang nol gua kasih dah
playstore,telkomsel,2026-05-21 18:21:28,Nounha. zoya,sulit masuk
playstore,telkomsel,2026-05-21 18:13:16,Defimawar Laia,paket internet sangat-sangat mahal
playstore,telkomsel,2026-05-21 18:11:20,Rlinn Rlin,"makin ribet my telkomsel dulumah enak tinggal geser kalau mau liat kuota kartu satunya plus rinciannya. lah ini bisa liat tapi rinciannya kagak bisa. mana kalau stiap buka my telkomsel hp org, smua data my telkomsel di hp kita langsung ke hp tuh org ... mana nggak tau hpusnya lagi."
playstore,telkomsel,2026-05-21 18:10:55,Ara Muhamad,sangat bagus dan membantu untuk inpormasi dan tujuan yg baik
playstore,telkomsel,2026-05-21 18:10:36,Limtik Bu,buruk. makin diupdate makin susah log in
playstore,telkomsel,2026-05-21 18:08:19,Ridwan maulana,"aneh banget di pake video call ni kartu jelek banget padahal gua tinggal di Cibubur tepat nya Deket plaza Cibubur, Bukan di pegunungan tpi buat vc susah nya minta ampun"
playstore,telkomsel,2026-05-21 18:05:44,Rusli Rasyid31010@gmail.com Rasyid,kurang bagus jaringan
playstore,telkomsel,2026-05-21 18:05:18,Pina,"Biasanya 100 ribu bisa sebulan, ini belum sebulan sudah habis paket internetnya. Cepat kali ngalirnya kayak air."
playstore,telkomsel,2026-05-21 18:03:10,Otho Faidiban,mantapp
playstore,telkomsel,2026-05-21 17:59:04,Masuntung Arjunoireng,aplikasi klo di buka lelet harga paket pun naik terus
playstore,telkomsel,2026-05-21 17:58:21,Hendy Nurfrianto,gak bisa beli di app add on indihome
playstore,telkomsel,2026-05-21 17:58:02,aqielidgaf 09,jaringan nya ga stabil dan ketika menggunakan nya selalu di angka 0-10 KBS(sudah 2 bulan) note: jaringan di kota gw di beberapa kartu internet lain ga pernah ngalamin hal yg seburuk itu
playstore,telkomsel,2026-05-21 17:57:29,Rofii Damar,"tolong di benerin dong, sinyal nya ngeleg bener buat main ml, dah mana kouta nya nambah mahal lagi.. buat telkom tolong di perbaiki secepat nyaa"
playstore,telkomsel,2026-05-21 17:57:23,Ade Sembiring,nice
playstore,telkomsel,2026-05-21 17:55:11,Sampeu Tutung,josss
playstore,telkomsel,2026-05-21 17:54:47,Nur Kholis,sinyal lo ky tal
playstore,telkomsel,2026-05-21 17:50:29,Utuh Kajung hothot,sangat bagus sangr bagus untuk tdk digunakan harga mahal jaringan paling lemot nggak guna memang ni kartu wkwkwk kikir nya tuh kikir banget
playstore,telkomsel,2026-05-21 17:41:22,Tri Anugrah,"Banyak bug ,sering error , lambat"
playstore,telkomsel,2026-05-21 17:40:30,Merlin Hulu,"sudah melakukan pembayaran kuota, saldo kepotong tapi kuota tidak masuk sama sekali. ga wort it"
playstore,telkomsel,2026-05-21 17:35:56,Anggie astiawan,love🥰
playstore,telkomsel,2026-05-21 17:34:16,Drak Sistem,bagus
playstore,telkomsel,2026-05-21 17:33:01,Syamsul,bagus dan muda digunakan aplikasinya
playstore,telkomsel,2026-05-21 17:30:27,MEGA CARPENTER,sekelas BUMN aplikasinya busuk gini
playstore,telkomsel,2026-05-21 17:29:39,HERMAN FELANI,error Mulu kalau bisa perbaikan sistem di Adain tengah malam atau pergantian hari pagi selesai pengguna jadi nya ga terganggu jangan di siang hari yg aktif orang menggunakan data internet nya terimakasih 🙏 mohon maaf sebelumnya 🙏
playstore,telkomsel,2026-05-21 17:24:52,Nabila Nopember Nabila noph,baik
playstore,telkomsel,2026-05-21 17:24:05,Aslam Udin,combo saktinya ilang njir
playstore,telkomsel,2026-05-21 17:21:54,Katenus Wanimbo,terima kasih
playstore,telkomsel,2026-05-21 17:18:29,Fallah Nurdiawan,"min kok sinyalnya makin kureng aja sih, masa dibanding 3 masih bagusan dia sinyalnya."
playstore,telkomsel,2026-05-21 17:17:30,Moch Ridho,paketan lelet banget
playstore,telkomsel,2026-05-21 17:14:57,Agga Bekti,Cukup bagus..tp terkadang sinyal suka hilang dan pulsapun ikut hilang baru isi..
playstore,telkomsel,2026-05-21 17:14:25,Rizal Irman setiawan,sangat bagus
playstore,telkomsel,2026-05-21 17:01:13,Egi Saputra,"makin hari makin mahal, sudah beli paket mahal sekedar benerin aplikasi aja gak bisa, aplikasi terlalu berat.. hp flagship pun dibikin ngelag sanking beratnya, gblk"
playstore,telkomsel,2026-05-21 16:58:14,Titi Mannan,aplikasinya lemot.
playstore,telkomsel,2026-05-21 16:58:06,Ratu ml,Indihome di daerah paku haji Tangerang banten. setoran bulanan pengen lancar... tetapi KLO ada eror pengerjaannya lambat sudah 2 hari eror idup cuma beberapa jam mati lagi. harusnya teknisi harus kerja cepat jangan lambat. jangan pengen bulanannya aja lancar. tolong lah agar cepat kelar jangan bertele tele
playstore,telkomsel,2026-05-21 16:54:14,Grab Ihsan Kamil,jaringan nya kacau
playstore,telkomsel,2026-05-21 16:40:10,muhamad usman,good
playstore,telkomsel,2026-05-21 16:36:32,Syahril Al Fiqri,mantab bos
playstore,telkomsel,2026-05-21 16:28:36,Rina Jayusman,di kritik dan dikomentar user aja tidak berbenah! tidak kompeten sekali perusahaannya! kualitas jaringan di kecamatan saya sangat buruk!
playstore,telkomsel,2026-05-21 16:25:59,Dimas Yudhistira,apk binatang
playstore,telkomsel,2026-05-21 16:24:25,Anugerah Giovanni,trimakasih My Telkomsel. semoga bisa dapat data gratis
playstore,telkomsel,2026-05-21 16:23:50,Tri Yanto,oke cepat prosesnya
playstore,telkomsel,2026-05-21 16:21:18,Ferdy Bagas,"Banyak banget notif yang ga perlu, entah kenapa selalu force close, entah keberatan UI atau gimana, niatnya jadi serba bisa malah jadi serba gabisa"
playstore,telkomsel,2026-05-21 16:00:03,Obet Wae,apa lagi gangguan apk nya? ko gak bisa verifikasi wajah.mohon di bantu
playstore,telkomsel,2026-05-21 15:56:54,Dika Alfarizi,bagus membantu
playstore,telkomsel,2026-05-21 15:50:38,Tedi Sampurna,lancar
playstore,telkomsel,2026-05-21 15:45:04,Tri Adi,"padahal butuhnya kuota internet saja,Wtv,dll tidak berguna,harga kuota internet semakin mahal"
playstore,telkomsel,2026-05-21 15:43:29,Ami Kurniawati,pulsa lebih hangus
playstore,telkomsel,2026-05-21 15:42:32,Kilzarzam KKK,baik
playstore,telkomsel,2026-05-21 15:38:51,Tomy Tomy,sangat baik
playstore,telkomsel,2026-05-21 15:38:14,Habibah Idrus,bagus
playstore,telkomsel,2026-05-21 15:34:19,Dwi Parameswari,"katanya limit TSmartpay bisa dipakai, terus cara daftarnya mudah, ini kok susah sekali daftarnya"
playstore,telkomsel,2026-05-21 15:31:35,Abdullah Dullah,tidak ribet
playstore,telkomsel,2026-05-21 15:31:29,Natasha Carolina,"kenapa klo beli kuota dii aplikasi selalu dibiat susahh, apalagi keadaan genting tiba2 aplikasi nyaa lemott nggak bisa dibukaa error. Terkadang sayaa mau beli lagii tiba² akun saya keluar sendiri terpaksa masukin akun lagi padahal ituu lagi pengen beli kuota cepat malah dibikin lambat karenaa banyak kendalaa."
playstore,telkomsel,2026-05-21 15:28:22,Yeni Nurlela,"super buruk, mau beli paket aja lamaaa lemot parah"
playstore,telkomsel,2026-05-21 15:26:54,Kuszairi,aplikasi kurang responsive.
playstore,telkomsel,2026-05-21 15:24:56,ellimy artwork,"harga paket mahal kualitas jaringan sampah, kalah jauh sama XL"
playstore,telkomsel,2026-05-21 15:23:05,Bayu Saputra,kemudahan penggunaan
playstore,telkomsel,2026-05-21 15:13:14,ahmadi nor,sinyal sulit
playstore,telkomsel,2026-05-21 15:07:58,Azril Maulana,"karna respon ya cukup baik Terima kasih,tapi sebagai user Telkomsel dari lama kadang masih ada penurunan kestabilan jaringan pada waktu waktu tertentu terutama malam,mohon lebih di tingkatkan lagi.terima kasih sudah merespon komen ku tadi 🙏🙏,di samping itu sudah bagus dan jaringannya tersedia hampir di semua daerah 🙏"
playstore,telkomsel,2026-05-21 15:07:38,kopi gelas plastik,"ini mau beli paket dari tadi ga bisa² muter² aja di halaman ""metode pembayaran"" kacau banget aplikasi nya"
playstore,telkomsel,2026-05-21 15:01:58,Anto Rexi,baik baik
playstore,telkomsel,2026-05-21 14:58:00,Fajjar Eddy,"lemot parahhh tolong di perbaiki, jaringan aneh"
playstore,telkomsel,2026-05-21 14:54:07,khuriyyah,sekarang mahal mahal gk recommended
playstore,telkomsel,2026-05-21 14:49:31,soetriawan,ok
playstore,telkomsel,2026-05-21 14:45:22,Tahun 2024,"beli pulsa utk memperpanjang masa aktif nomor aja, belum ada dipake, dasel mati cuman nyalain WiFi. kesedot, ada SMS nya dari Telkomsel, miskin amat sih Telkomsel."
playstore,telkomsel,2026-05-21 14:39:32,Anita Chin,"Udah paket mahal,jaringan jelek. Ga bisa di pake padahal paket masih banyak. Mau buka apk indomaret selalu ga bisa error mulu. Kalah sama sebelah. Lama² malas pake telkomsel."
playstore,telkomsel,2026-05-21 14:29:27,Baru IPHONE15,sangat baik
playstore,telkomsel,2026-05-21 14:24:11,good question,"ini call senter gimana sih? agen terhubungkan tapi pesannya di lock?!!! gimana mau ngetik keluhan kalo pesannya di lock? udah nunggu agennya lama, gak bisa ngetik pula hadehhh"
playstore,telkomsel,2026-05-21 14:23:06,Riky Rinaldi,oke
playstore,telkomsel,2026-05-21 14:16:42,Ryand Tanja97,app kurang bagus lemot banget
playstore,telkomsel,2026-05-21 14:15:04,Padalarang 2020,terlalu banyak paket membingungkan
playstore,telkomsel,2026-05-21 14:08:07,uday sidaria,makin kesininya susah di gunakan
playstore,telkomsel,2026-05-21 14:04:11,Dewi Aisyah,KENAPA SIH NIH APK KAPASITASNYA MAKIN BERAT?
playstore,telkomsel,2026-05-21 14:03:51,Servicerp A31,sangat membantu apk nya
playstore,telkomsel,2026-05-21 14:01:45,Irma Oktarina,"gak user friendly, gak bisa di klik, freeze sendiri, mau logout aja susah, promo juga gak menarik, gak ngerti apa benefitnya dibandingkan gak pakai mytelkomsel 😅 cuma dipakai untuk cek kuota dan pulsa itupun suka freeze dan ngelag. smoga diperbaiki lagi"
playstore,telkomsel,2026-05-21 13:55:16,Ary Antony,penipuan
playstore,telkomsel,2026-05-21 13:55:00,Julian Putra,bagus
playstore,telkomsel,2026-05-21 13:46:14,Devia 1990,ko dsruh coba ulang trus sh knp ini telkomsel LG gangguan ya
playstore,telkomsel,2026-05-21 13:45:51,MAMAN 056,perbaiki jaringan nya jangan lemot
playstore,telkomsel,2026-05-21 13:44:22,Ahmad Nawawi,Sangat membantu
playstore,telkomsel,2026-05-21 13:44:13,Oki Sanjaya800,Telkomsel is the best signal and provider dari dulu meskipun harga paket internetnya mahal
playstore,telkomsel,2026-05-21 13:42:53,Muhammad Firman Anbiya,anj habis di update malah gak bisa dibuka badjingan
playstore,telkomsel,2026-05-21 13:40:10,sport epic,"Telkomsel sekarang sinyal nya parah susah internet nya macet"""
playstore,telkomsel,2026-05-21 13:39:50,aditya ramdani,"kebanyakan iklan kebanyakan gimik beli paket ribet mending lewat*888# cepet. udah mahal sinyal jelek grimis dikit sinyal ilang,komen apa belesnya apa gaje"
playstore,telkomsel,2026-05-21 13:38:06,Ferry Adja,siap
playstore,telkomsel,2026-05-21 13:37:54,Beto Burhan,mantap
playstore,telkomsel,2026-05-21 13:36:19,Daha Lia,promo lebih banyak
playstore,telkomsel,2026-05-21 13:30:47,Muhamad Riski,harga dan kualitas beda jauh jangan download mending pake tree atau Smartfren ku tambah lagi aplikasi ini sering eror gak muncul muncul gambarnya
playstore,telkomsel,2026-05-21 13:24:54,Moh saleh Djamil,"mahal doang, jaringan jelek"
playstore,telkomsel,2026-05-21 13:17:50,Ismail Fisma17,sangat bagus
playstore,telkomsel,2026-05-21 13:14:35,Tegar Kurniawan,kuota internet makin mahal tapi kualitas sinyal makin jelek kadang ilang tiba² minimal klo harga kuota naik kualitas sinyal di perbaiki juga
playstore,telkomsel,2026-05-21 13:08:30,Risky Hidayat,Telkomsel penipu pemerasan kuota makin di pake makin mahal tdk konsisten harganya. dan list² paket penuh jebakan di tulisnya kuota apk ku kira bisa di pake di YouTube Instagram dsb nyatanya cuma maxstream jangan tulis apk tulis lah kuota maxstream doang ajg lu yaah menjebak masyarakat.. semoga eramu habis dan di gantikan oleh suasta asing yg lebih ramah dan konsisten... semoga ada orang paham hukum menggugat triliunan Telkomsel atas nama rakyat... tunggu lah bila masuk provider suasta ku buanglu
playstore,telkomsel,2026-05-21 12:49:57,Cahyo 13,good
playstore,telkomsel,2026-05-21 12:49:55,maghfirah maulani,ok
playstore,telkomsel,2026-05-21 12:48:41,Arif Saiful,udah harga paket makin mahal.. ehhhh makin kesini makin buruk jaringan pdahal juga tinggal di kota gua masa sekelas di surabaya sinyal Telkomsel bapuk.. user lama bukannya pket promo nya D tambah lha ini malah d naikin trus harga nya kan babi
playstore,telkomsel,2026-05-21 12:47:53,Chanif Chanif,bagus dan kalo mau aktif kan nomor yg sudah kadaluarsa selama 1-2 Minggu pun mudah gak perlu nik sama KK ( itu sih pengalaman ku yg masih umur 13 THN)
playstore,telkomsel,2026-05-21 12:46:20,Buyungse Buyungse,ok
playstore,telkomsel,2026-05-21 12:44:48,Aswan Ndraha,beri bintang 1 so'alnya harga paket makin tak terjangkau
playstore,telkomsel,2026-05-21 12:44:09,Esih s,mau bli kuota aja susah eror
playstore,telkomsel,2026-05-21 12:41:42,jinho diaz,"sekelas Telkomsel bisa2 nya aplikasi sangat lemot dan sering Heng, aplikasi sampah"
playstore,telkomsel,2026-05-21 12:36:33,M. Iqbal jey,berat bangeeett.. app lu!!!
playstore,telkomsel,2026-05-21 12:32:06,Wahyudi T Prayitno,Mesti ganti kartu aja kali yaa...tiap sore sampe mlm jaringannya Ampuuuuun.padahal di jabodetabek.di kasih solusi cuma restart hp nya.percuma klo sistemnya ga di perbaiki ga bakalan kelar problemnya....
playstore,telkomsel,2026-05-21 12:31:39,Wihelmus Christiant,baik
playstore,telkomsel,2026-05-21 12:26:05,Ngatimin 02,"kenapa saat buka aplikasi sering keluar sendiri, dan ngeleg parah"
playstore,telkomsel,2026-05-21 12:22:39,Tri Yoko,ok
playstore,telkomsel,2026-05-21 12:14:29,Bunda Rafif,mantap
playstore,telkomsel,2026-05-21 12:08:43,Hermawan,"Gak sinyalnya gak aplikasinya sama-sama nge-lag, gak jelas!"
playstore,telkomsel,2026-05-21 12:06:20,Moto Rolag57,masalah jaringan sudah lapor cs dan ngobrol sampe 8menit katanya tower dalam perbaikan tapi sampe 2 hari gak normal2 liat video biasa aja buffering apa2 loading gimana ini penanganannya agak lambat setelah nulis ini ternyata langsung pulih nah gini kan enak mantap Telkomsel atas pelayanannya
playstore,telkomsel,2026-05-21 12:03:09,Zema game,kenapa ya masih ngelag padahal dah beli paketan khusus game dan itu juga 10gb+ jaringan bisa tembus 300
playstore,telkomsel,2026-05-21 12:01:00,Ucon Alvaro,poin saya hilang tanpa pemberitahuan apa² dan kouta saya habis tinggal 0 saya bingung kemana kuota saya yg masih 120Gb
playstore,telkomsel,2026-05-21 11:57:43,Deadea _0123,sangat bagus
playstore,telkomsel,2026-05-21 11:57:05,Randhy Shopping,aplikasi tercacat yg pernah aku temui
playstore,telkomsel,2026-05-21 11:55:50,Rudy Darma,Aplikasi sampah apa ini. Untuk beli paket atau beli pulsa aja ngga bisa2. Tolonglah dipermudah beli Kuota / Pulsa. Buatlah apk yg RINGAN KHUSUS BELI KUOTA/ PULSA dan INFO SISA KUOTA TELPON DAN INTERNET AJA jangan gabung dengan INFO NGGA PENTING / IKLAN. Ini cuman muter2 eh halaman kosong (ulangi beberapa saat lagi). Sudah 3 hari habis kuota. Kalau signal lelet kayanya Batam internetnya tercepat se Indonesia. Pakai Wifi fiber optik juga sama aja
playstore,telkomsel,2026-05-21 11:55:33,Erningsih 8202,mantap
playstore,telkomsel,2026-05-21 11:46:47,ris wanto,mantap
playstore,telkomsel,2026-05-21 11:33:16,CORTISOL,"JARINGAN LEMOT, HARGA GA NGOTAK, POKOKNYA GAK USAH BELI INI, TAPI WIFI NYA ANJ BANGET LEMOT, LAG PARAH, GAK USAH PASANG WIFI KONTL INDIHOME GAK GUNA LEMOT PARAH GUA KASIH RATING 1 KARENA EMANG PARAH"
playstore,telkomsel,2026-05-21 11:30:07,Anjas Pangga,mntp apk nya
playstore,telkomsel,2026-05-21 11:29:26,Rahma khoerunisa Nurahman,in the best tekomsel thanks
playstore,telkomsel,2026-05-21 11:29:21,Yufi Ana,Bagus
playstore,telkomsel,2026-05-21 11:27:57,Maybewegotmaried Butwhoknows,SINYAL NYA JELEK MULUUU SEBEL percuma harga mahal tapi GA ADA kualitas.
playstore,telkomsel,2026-05-21 11:23:16,Nika Herawati,"aplikasinya sangat lambat, setiap ke metode pembayaran selalu loading lama bahkan gak bisa, untuk menampilkan sisa kuota dll sangat sangat lemot, harus di upgrade lagi!"
playstore,telkomsel,2026-05-21 11:21:17,kaab mukhlis,"beli paket aja loading nya lama minta ampunn,"
playstore,telkomsel,2026-05-21 11:15:29,M. Arman Wijaya,"APPLIKASI TERBURUK, LELET, SENGAJA KETIKA QUOTA KITA TINGGAL SEDIKIT DAN MELAKUKAN PEMBELIAN QUOTA DI APP, SELALU GAK BISA AKSES AGAR PULSA KITA TERPOTONG."
playstore,telkomsel,2026-05-21 11:14:12,Novianto Appangallo,bagus
playstore,telkomsel,2026-05-21 11:08:59,Mar Mode,untuk Telkomsel yg terhormat saya ingin menyampaikan kalau harga Kouta nya udah mahal minimal itu jaringan nya di perbaiki lah jangan setiap mau dinpake jaringan nya malah ngeleg ******
playstore,telkomsel,2026-05-21 11:06:07,M Rohmat supriatna,menarik
playstore,telkomsel,2026-05-21 11:02:49,Bitbit,"Mohon maaf sebelumnya tapi gue gatau kenapa ini pake Telkomsel jaringannya ngelag Mulu, gak worth it rasanya dengan harga paket semahal itu"
playstore,telkomsel,2026-05-21 10:48:33,Haji Saeda,"TT 77gytt ada ga g6 y y76y y7y ada y y76y y7y y g y, y76y yg yy yg g f fff 7272''''r$🧮🧮🧮🎐☔""ada'4""""di 4&&**, g f x ga ada 🥰🥰☺️😁 Y6 di dunia 🥹666☺️6☺️🥹💪☘️🌼 77gytt g VVT-i g 🌼 ☔🌼🌷🌼🌼🌼666🍂🌻🤱👯‍♀️🧑‍🍼👩‍❤️‍💋‍👩👩‍❤️‍💋‍👩_🤱🌺👩‍❤️‍💋‍👩🌷👩‍❤️‍💋‍👩👩‍❤️‍💋‍👩🤱👩‍❤️‍💋‍👩🤱t,☺️&_&36__4__335__34__""""33__5"" di di & 5 5d adunia da 3'& di 566&5&&&6-""bisa di download 6f6ya g""ada di 7'_5&3& ada & untuk -& ada&& 666& di dalam ada yang && di & ada _""""ada ada 5_& di 564&ada yang"
playstore,telkomsel,2026-05-21 10:47:12,Ratna Juwita,"tolong, telkomsel ini kenapa, udah mahal tapi sinyal lemottt bgt heran, pas buka aplikasi my telkomsel selalu eror, masa harus pindah ke kartu kesebelah cuma karna lemotnya minta ampun. tolong min perbaiki kelemotan ini"
playstore,telkomsel,2026-05-21 10:44:54,Reno,"Jaringan sudah bagus, cuma kadang di area tertentu tidak bisa berjalan sama sekali"
playstore,telkomsel,2026-05-21 10:43:10,yuniar rhamadhani,sekarang sering merah nih kalo mbanking.....bikin deg2an meski udah di refresh&di restar tetep aja.....sementara kalo pake wifi skitar kan bahaya kalo untuk transaksi. tolong perbaiki
playstore,telkomsel,2026-05-21 10:39:42,Bogeng Badai,pokok semakin tingkat kan
playstore,telkomsel,2026-05-21 10:38:42,Febrianu Suastian,ngelag anjinf
playstore,telkomsel,2026-05-21 10:35:11,rina ina,sangat menyenangkan...
playstore,telkomsel,2026-05-21 10:32:13,Pasir Wongbae,ok
playstore,telkomsel,2026-05-21 10:23:00,C Ponsel,tidak dpt geratis kouta
playstore,telkomsel,2026-05-21 10:21:43,Hardi Chaniago,mantap
playstore,telkomsel,2026-05-21 10:20:50,Manis Cantik,bagus banget
playstore,telkomsel,2026-05-21 10:20:19,Iis Leniawati,baik terbantu
playstore,telkomsel,2026-05-21 10:11:01,Help Desk,bikin aplikasinya lebih ringan di jalankan
playstore,telkomsel,2026-05-21 10:00:53,Uni Liunesi,terima ksh banyak atas kepercayaan my Telkomsel
playstore,telkomsel,2026-05-21 09:50:08,Abdul Hadi,god job
playstore,telkomsel,2026-05-21 09:49:11,Alfaidah,"ini jelek, kouta yang mau kadaluarsa hari ini nggak terpakai, malah kouta yang masih panjang masa aktifnya yang terpakai. mana aplikasinya biasa error, pulsa hilanglah, poin otomatis jadi nol (padahal saya buka aplikasi udah pagi, jam 9 WITA, tapi error?)"
playstore,telkomsel,2026-05-21 09:48:56,Ilham Nur,lemot kelamaan losding
playstore,telkomsel,2026-05-21 09:44:55,Vina Azizah,sudah install ulang tapi tetap tidak bisa log in
playstore,telkomsel,2026-05-21 09:40:49,Arfa Aziz,mantaf
playstore,telkomsel,2026-05-21 09:37:24,Della Dwi,"banyak ngelagnya, nguras pulsa padahal ada kuotanya. kayak gak niat buat aplikasi. minimal ada rasa malu ya sat udh mahal, korupsi, ngelunjak pula lama-lama, kurangi harganya! apa-apaan mahal bgt heran, mati² mulu sinyalnya kocak, ada sms dikit masuk lgsg ilang pulsa lgsg tekuras taik sialan. SINYALNYA BURUK NJISSS NIAT GKSI BUAT JARINGAN!? MATI MULU ANJIR HERAN DAH ngelag mulu jir"
playstore,telkomsel,2026-05-21 09:36:31,dina,aplikasinya disederhanain lagi dong tambah lama tambah berat nih aplikasinya sering lag. apa lagi di hp lama
playstore,telkomsel,2026-05-21 09:29:44,muhamad farel,"gk sesuai harga, mahal doang tapi sinyal nya agak lag"
playstore,telkomsel,2026-05-21 09:24:42,FebriLia,woi paket yg biasa kubeli tiap bulan hilang kemana?!!
playstore,telkomsel,2026-05-21 09:23:13,Muhammad ali Ali,ok
playstore,telkomsel,2026-05-21 09:23:07,Galang Andana,Makin lama makin buruk aplikasinya. .
playstore,telkomsel,2026-05-21 09:15:33,Bangkit Setiawan,"apk gak guna, nyesel download."
playstore,telkomsel,2026-05-21 09:12:58,Muhammad Hidir,nice
playstore,telkomsel,2026-05-21 09:12:16,Fakrulrazi,perusahaan lindah darat
playstore,telkomsel,2026-05-21 09:01:51,Bang Andi,bagus
playstore,telkomsel,2026-05-21 09:00:07,XZchou Cz,"udah worth it untuk main game di tengah malam, harga juga sangat bersahabat 100 ribu 2GB saja, Promo Tapi Kayak pemerasan, Masalahnya di Sinyal Dan Harga Yang membuat Telkomsel Jaringan Yang Paling burik"
playstore,telkomsel,2026-05-21 08:58:07,Nusyir Wan,Aplikasi taik di update bukan makin bagus malah mau isi pulsa aja gak bisa masuk ke metode pembayaran
playstore,telkomsel,2026-05-21 08:58:06,Joniruswanto,joss jhiss
playstore,telkomsel,2026-05-21 08:56:08,Anni christin Worabai,"aplikasi yang sangat bagus, betul-betul berguna dan saya selalu mendapatkan harga yang murah dalam pembelian pulsa"
playstore,telkomsel,2026-05-21 08:50:18,fahmi rbj,mahal doang sinyal ampas.. lokasi Jateng Jepara Kalinyamatan..
playstore,telkomsel,2026-05-21 08:49:01,Ziyan Miko,"masa isi pulsa 5000 masuknya cuma 4700 , dasar KORUPTOR.!"
playstore,telkomsel,2026-05-21 08:46:04,Dika Maulanapra,mantap
playstore,telkomsel,2026-05-21 08:43:29,Dias Fatoer,hanya masa aktif tinggal bebeeapa hari jaringan jd lemot.
playstore,telkomsel,2026-05-21 08:43:23,Pupu IMoAA,error trus
playstore,telkomsel,2026-05-21 08:35:46,Renggina Anamunamita,"tagihan indihome terlalu mahal dibanding kompetitor.. serta customer service layanan survey yang tidak ramah (langsung memotong dan mematikan panggilan).. padahal dia yang minta waktu buat disurvey.. jujur saya ga mau survey karna akan banyak keluhan dari saya, tapi karna anda yang meminta dan anda tidak ramah, mohon maaf rating 1"
playstore,telkomsel,2026-05-21 08:33:41,Andy Andy,saya Uda beli paket data Uda transfer tiba2 rekening nya ganti ini gimana
playstore,telkomsel,2026-05-21 08:26:14,Hauptmann Herdian,"makin hari makin diperas, saya selalu beli paket combo sakti max, dari yang 30 hari 4 gb 14.000 sekarang jadi 28 hari 22.000, padahal kemarin masih 18.000, fix harus beralih operator"
playstore,telkomsel,2026-05-21 08:23:07,Andhika Reyfaldi,"aplikasi apaan, lemot gak guna"
playstore,telkomsel,2026-05-21 08:23:05,Orang Asing,"Paket yang biasa sering dibeli perlahan malah dimahalin, yang tadinya 7GB 20rb naik menjadi 25rb, lalu sekarang naik lagi 35rb."
playstore,telkomsel,2026-05-21 08:23:04,Ali Habib,quuuiouiiiiiiiiiiiiuuiuu😘😘🥰🥰🥰🥰🥰 qww
playstore,telkomsel,2026-05-21 08:20:57,Moh Zainuddin,"telkomsel seminggu ini kenapa sih, rssek banget jaringannya ayolah perbaiki kayak sebelum2nya"
playstore,telkomsel,2026-05-21 08:14:13,Rahmad Widodo,good
playstore,telkomsel,2026-05-21 08:02:29,REHAN,mantap
playstore,telkomsel,2026-05-21 08:00:44,Azis Muslim Fauzi,sekarang ini telkomsel sinyal susah untuk area kota metro. sangat lambat sekali.
playstore,telkomsel,2026-05-21 08:00:28,roso,aplikasi sangat membantu
playstore,telkomsel,2026-05-21 07:59:30,Loren Amelia,g bsa isi paketan
playstore,telkomsel,2026-05-21 07:57:42,Bachtiar Rambe,Dari Dulu Aplikasi My Telkomsel ini GK pernah beress. gk pernah okee. sudah jaringan nya lelet apk nya juga tidak bagus. apa yang di harapkan dari Telkomsel ini.
playstore,telkomsel,2026-05-21 07:50:45,Nirma Seun,bagus
playstore,telkomsel,2026-05-21 07:49:00,Khirey cantik,habis update kenapa poin 6000 gw ilang dancokk
playstore,telkomsel,2026-05-21 07:48:13,zaki Azka,proses cepat
playstore,telkomsel,2026-05-21 07:47:59,Andin Dian,APLIKASI SANGAT LAMBAT
playstore,telkomsel,2026-05-21 07:46:18,Hikmah Fitri yono,aplikasi jelek banget 🤬
playstore,telkomsel,2026-05-21 07:35:18,JustB,"Ngebug mlu dari semalam, lagi buka app lain tiba"" dpt notif mytelkom error padahal lagi gk dibuka. pas mau ngecek gk bisa, keluar mlu, gk ngerespon. ini udh uninstall trs mau install ulang tapi gk bisa juga, katanya gk bisa diunduh. UPDATE. MAKIN RUSAK JINK, ERROR MULU. MAU KLAIM BONUS KUOTA TAMBAHAN GK BISA MULU. NGAPAIN NGASIH KLO GK BISA DIKLAIM?! UPDATE (lagi) abis update makin parah, poin ribuan hilang semua, 4 akun semua poinnya tiba"" hilang pdhl blm habis masanya, emg apk ama jaringan ajg"
playstore,telkomsel,2026-05-21 07:30:42,Armin Tanjung,makin kesini kuotanya makin mhal aja
playstore,telkomsel,2026-05-21 07:27:54,Shodiq Fauzi,aplikasi berat melebihi buka game!!! paketanmu lho.. tambah suwe tambah larang alias Mahal!!!!!
playstore,telkomsel,2026-05-21 07:24:39,Rafid Ihtia,"untuk paket tidak sesuai dengan apa yang diberikan di aplikasi, kalo kagak mau bikin promo jangan dimunculin la promonya. padahal kalian kikir, untuk teman"" jangan make kartu ini dah / tidak recomended. saya pakai jaringan ini karena terpaksa aja soalnya saya tinggal dipelosok. kalo ada jaringan lain mah saya pakai jaringan yang lain. promo itu jangan yang hoax di tampilin, kikir"
playstore,telkomsel,2026-05-21 07:21:34,Asta Pratama,"lambat, jika mau cek qris ulang yg belum dibayar susah cari dimana"
playstore,telkomsel,2026-05-21 07:16:47,Fatimia Mia,terbaik
playstore,telkomsel,2026-05-21 07:16:24,ika muflikhah,"paket Data boros banget masa 50GB cuma 5 hari mana mahal , Parah telkomsel kalo paket data nya sisa masa aktifnyaa habiz pkatenya ikut ilang , Ini provaider Ter korupsi !!!!! mau ganti semuaa akses didesa2 sinyalnya adanya telkomsel bangke"
playstore,telkomsel,2026-05-21 07:14:11,Putra Damar,"makin hari makin bobrok, bahasa planet dipakai, disini itu bahasa nasional, ferivikasi saja susah apa lagi sinyalnya bobrok"
playstore,telkomsel,2026-05-21 07:12:42,ferry yudian,slow responsif
playstore,telkomsel,2026-05-21 07:11:02,erwin kurniawan,paket naik terusss
playstore,telkomsel,2026-05-21 07:09:12,Sakkap Tobing,"aplikasi aneh.,.. kebanyakan minta maafnya😬😬😬 Tadi mau beli lagi paket pembelian terakhir malah minta maaf, kesalahan sistem. kalau memang nggak boleh dibeli jangan ditongolin ya. ini ditongolin malah pakai question mark... cari paket data?😬😬😬 asu"
playstore,telkomsel,2026-05-21 07:08:34,Maulana Almatiz,tolol
playstore,telkomsel,2026-05-21 06:52:03,johan sukrisna,"ini aplikasi selalu update terus. Namun gak pernah ada perbaikan dari sisi kecepatan, selalu lemot dibanding aplikasi operator lain. Bener2 g ada perbaikan. updatenya juga hampir 100mb. Coba dibikin simpel aplikasinya."
playstore,telkomsel,2026-05-21 06:46:17,Adit Meisya,sekarang my telkomsel agak susah bukanya
playstore,telkomsel,2026-05-21 06:43:50,Drakq,pembayaran suka bermasalah
playstore,telkomsel,2026-05-21 06:37:04,Rizz 167,"Untuk Pihak Telkomsel mohon maaf banget saya kasih rating bintang 1 untuk aplikasi ini. Karna saya udah 2 kali kehilangan kuota gara gara habis masa aktifnya mau diperpanjang juga gak bisa. pertama:saya beli paket super seru 60GB,saya kira lama masa aktifnya ternyata cuma 28 hari sedangkan waktu itu kuota saya masih ada 18GB.Setelah sampai masa aktif,kuota saya hilang gitu aja,kan rasanya rugi kalo gak sampai habis apalagi itu masih banyak. kedua:sayabeli30GB sisa 13Gb kemarin tapi abis juga🤦"
playstore,telkomsel,2026-05-21 06:35:43,Makassar City,"sy kecewa sekali dengan aplikasi ini, sy beli pulsa via my telkomsel, saldo sy sudah terpotong tp kuota sy tidak masuk, lebih buruknya lagi di my telkomsel di tulis gagal padahal jelas jelas saldo di rek sy terpotonh, sy sangat sedih dan kecewa, selain itu pelayanannya lama sekali padahal seharusnya kalau perusahaan besar cepat tertangani"
playstore,telkomsel,2026-05-21 06:34:21,rizal aditiya,bagus
playstore,telkomsel,2026-05-21 06:30:52,Hizkia Persulessy,idiott
playstore,telkomsel,2026-05-21 06:30:03,Regie Sismawan,suka forclose
playstore,telkomsel,2026-05-21 06:24:50,galang mahmudin susanto,gamehub loading terooos
playstore,telkomsel,2026-05-21 06:18:55,kilurun fdl,"mohon agar tarifnya bisa lebih terjangkau, dan hitungan masa berlaku 1 bulan nya bkn 28 hari, tapi 30 hari. dan usul selanjutnya di akhir bulan sisa kuota jadi milik pelanggan, jangan dihanguskan, kan sudah dibeli."
playstore,telkomsel,2026-05-21 06:13:40,Herdi Yansah,oke
playstore,telkomsel,2026-05-21 06:13:26,andi irawan,"kuotanya sekarang mahal2,, gak ada promo yg enak"
playstore,telkomsel,2026-05-21 06:00:25,FIRMAN RAMADHAN,loading lama banget antri bansos apaa
playstore,telkomsel,2026-05-21 05:58:16,Taufik DS,mantul
playstore,telkomsel,2026-05-21 05:54:23,Nur Rahman,Ok
playstore,telkomsel,2026-05-21 05:49:23,Jainal Ktt,perbanyak bonus ketua
playstore,telkomsel,2026-05-21 05:40:40,Yulius Prihambudi,semoga jaringan tambah bagus
playstore,telkomsel,2026-05-21 05:32:34,aji enginer,aplikasinya sekarang nggak jelas... nggak bisa diakses sama sekali padahal sinyal lancar...
playstore,telkomsel,2026-05-21 05:30:28,Rizky Rifaliano,harga berubah-ubah disamping itu kwalitas koneksi internet semakin buruk
playstore,telkomsel,2026-05-21 05:19:35,Irfan Hari,semakin lama harga nya semakin mahal
playstore,telkomsel,2026-05-21 05:17:06,Farhan Louis Khan Jaya,mantap!
playstore,telkomsel,2026-05-21 05:16:11,Ratu Gisyani,loading masih lama
playstore,telkomsel,2026-05-21 05:13:37,Rian irwansaputra Rian,saya mau beli kouta tapi ga bisa di bilangnya jaringan ga bagus padahal bagus bagus aja tu tapi masih aja ga bisa beli udah di tunggu 2 hari tapi tetap sama aja tolong di perbaiki ini saya mau beli jadi ga bisa😮‍💨
playstore,telkomsel,2026-05-21 05:11:55,achmad triwinardi,semakin sering beli paket bukanya nambah murah malah makin mahal
playstore,telkomsel,2026-05-21 05:07:58,Yogi Bdn,"makin ke sini makin ga jelas, banyak iklan, menghalangi layanan utaman yaitu ke informasi layanan, pernah ke jadian masuk ke link dikira masih layanan akhirnya kepotong pulsa. buat hal yang tidak jelas. fokus saja me layanan, informasi terkait produknya daripada iklan ga jelas"
playstore,telkomsel,2026-05-21 05:02:40,Yepri Herobi,"telkomsel sekarang aneh. harga paket berubah rubah, aplikasi telkomsel nomor yang sudah login ternyata di keluarkan jadi saya mau chek paket tidak bisa, setelah saya login kembali masukan nomor hp di suruh mensetujui kebijakan privasi terlebih dahulu entah untuk apa. tapi ysng jelas telkomsrl memparmainkan pelanggan, soalnya paket saya masih banyak sudah hangus sebelum 1 bulan penuh misalkan saya beli tanggall 04 bulan 01 namun tanggal 27 bulan 05 sudah habis padahal kuota masih banyak,"
playstore,telkomsel,2026-05-21 04:51:22,Kacung Cupang,"Sudah bagus sih cuma fitur top up nya tambahin Minecraft dong, supaya bisa top up server atau minecoins"
playstore,telkomsel,2026-05-21 04:47:03,Quarty setie Florencia,aplikasi my telkomsel sangat bagus
playstore,telkomsel,2026-05-21 04:30:52,irvan prima aldy,kemarin beli paket telpon di aplikasi ini pembayaran QR. sdh bayar paket tidak masuk sampe sekarang. entah dia jual apa
playstore,telkomsel,2026-05-21 04:19:24,Rini Uppi,baik
playstore,telkomsel,2026-05-21 04:09:29,Muhamad Wildan Jamilaniko,sibp
playstore,telkomsel,2026-05-21 04:08:49,Arjan A. Muhsan,Buat admin mohon kiranya setiap kali mau update tolong dikurangi dong konsumsi RAM nya agar supaya aplikasi ini bisa menjadi daya tarik tersendiri bagi para pemula dan pengguna lama nya selebihnya terimakasih banyak yah atas pembuatan aplikasi ini. Salam dari saya 🙏🙏🙏
playstore,telkomsel,2026-05-21 03:53:42,Rezzaa 158,PROVIDER GA JELAS UDAH KLAIM PAKET EXTRA GEMBIRA MALAH GA MASUK PADAHAL TULISAN DI MENUNYA SUDAH DIKLAIM!!
playstore,telkomsel,2026-05-21 03:50:23,Arya Nirvansyah,"untuk aplikasinya tolong ya di perbaiki ada paket data yg 20 ribu 7gb trus pas saya sudah ngisi pulsa malah ngilang, dan tolong untuk jaringan di perluas kami yg bekerja di hutan untuk buat laporan kepada atasan sangat susah mengakses jaringan bukan karena apa jaringan yg lain nya tidak bisa di akses yg bisa cuma telkomkir mana ngeleg lagi tolong di sesuaikan harga dengan kualitas kalian yaaa bujang inam"
playstore,telkomsel,2026-05-21 03:48:25,Brian,Telkomsel sekarang sinyalnya tambah gak jelas.
playstore,telkomsel,2026-05-21 03:44:09,Khrisna Tama,"Telkomsel niat gak sih kasih promo atau memang gak ada? kalo gak ada itu jangan di paksa. udah satu hari mau di beli gak bisa. bilangan nya ""maaf, kesalahan sistem"". kalo kayak gini bikin pelanggan kecewa."
playstore,telkomsel,2026-05-21 03:43:03,Radit Astrianda,sangat baik dan berguna
playstore,telkomsel,2026-05-21 03:40:28,Bayu Andhana,"wifi terhubung,kuota terpotong pulsa di sedot.KEREN SEKALI"
playstore,telkomsel,2026-05-21 03:32:50,Dedi Sugara,bagus
playstore,telkomsel,2026-05-21 03:11:27,Ferdinandus Soni,ok
playstore,telkomsel,2026-05-21 02:54:11,Mohamad Arif Ardiansyah,"aplikasi gk guna, beli kuota gameMax tapi gk bisa digunakan tolol emng, kalau gk bisa digunakan gk usah di bikin"
playstore,telkomsel,2026-05-21 02:42:36,joko suprianto,lelet akhir2 ini
playstore,telkomsel,2026-05-21 02:37:57,Hasan nani,siiip
playstore,telkomsel,2026-05-21 02:19:40,Kamal Cholid,stuck di metode pembayaran terus tiap mau beli kuota
playstore,telkomsel,2026-05-21 02:11:55,Romin Scooby,mantap
playstore,telkomsel,2026-05-21 01:59:18,Andhika putra Pratama,"udah mahal, sinyal rusak, parah telkomsel"
playstore,telkomsel,2026-05-21 01:50:10,Bismillah Amin,Telkomsel kek ajg jaringan ilang mulu klo masuk jam 1 mlm di daerah musi Banyuasin.tolol smua pegawai nya
playstore,telkomsel,2026-05-21 01:48:26,Eyii Rii,"ngeselin banget sii.. always dipersulit kalau mau beli kuota. mana harganya makin naik, gila banget heran"
playstore,telkomsel,2026-05-21 01:48:20,Anto Tony,"dari tahun 2013 jadi pelanggang simerah , pengen muntah darah List paket makin Mahal semua Telkomsel paling mahal internet nya !! kasih rating busuk aja !!"
playstore,telkomsel,2026-05-21 01:47:33,Adhen Hazzard,baguss
playstore,telkomsel,2026-05-21 01:47:27,Adit Pay,bagaus
playstore,telkomsel,2026-05-21 01:29:34,Eman Kepala,sangat memuaskan dgn pelayanan operator nya singkat tepat akurat dan terpercaya 💪💪💪💪💪
playstore,telkomsel,2026-05-21 01:25:58,Reza Agista,sangat bagus
playstore,telkomsel,2026-05-21 01:19:24,Rya,lemot poll gak jelas
playstore,telkomsel,2026-05-21 01:15:54,Raden walangsungsang,"KEREN TANGGAPAN VERONICA , GUE NGELUH SOAL JARINGAN GAK STABIL UDH 2 MINGGU LEBIH MALAH DI TAWARIN PAKET LAGI, GUE PKE PROVIDER INI UDH HAMPIR 10THUN LEBIH , NGELUH CUMA JARINGAN MALAH SURUH NGIRI FORM NANYAIN ALAMAT DESA KECAMATAN, DIEM DI PINGGIRAN KOTA BESAR JARINGAN SERAASA DIEM DI GOA, PARAHH KELUHAN COSTUMER SETIA SENDIRI DI SEPELEIN 😡"
playstore,telkomsel,2026-05-21 01:10:06,Ananda Ferdinando,"ini kenapa sinyal 4G tapi jaringanya 2G anjeng, mahal doang jaringan busuk taik!"
playstore,telkomsel,2026-05-21 01:07:03,Ucu Ucu,Oke
playstore,telkomsel,2026-05-21 01:01:49,M Reza,"aplikasi sering error, pelayanan payah, produk yang ditawarkan tidak bisa diakses. kalau masih belum maksimal, tidak usah menawarkan produk!"
playstore,telkomsel,2026-05-21 00:50:32,Nadya Hartini,"di aku dulu masalahnya aplikasi berat, terus ganti ke basic malahan 2x nemu kuota langganan malah HILANG dua duanya, kayak HARUS banget beli yang lain, gimana kalo emang PAS dan NYAMAN sama paket itu huhuu tolong balikinnnnnnn😭 in this economy udah kesulitan bgt please"
playstore,telkomsel,2026-05-21 00:44:12,Rezkyzzaz Resky,sangat puas
playstore,telkomsel,2026-05-21 00:43:43,Risky riyanto pratama Risky,sinyal putus putus knp lagi apa hujan trus ya kota palembang itu klo banjir
playstore,telkomsel,2026-05-21 00:38:19,Nandi Fuji Elfadel,kebanyakan aplikasi berhenti
playstore,telkomsel,2026-05-21 00:37:57,Adi maladi Elangaut251,good like
playstore,telkomsel,2026-05-21 00:30:13,Muh. Sirajul Azman,"setiap selesai melakukan pembayaran kuotanya gk masuk, tapi saldonya udah kepotong"
playstore,telkomsel,2026-05-21 00:29:59,Sendy Baihaqi,nyesel banget beli telkomsel sinyalnya ilang2an jembud
playstore,telkomsel,2026-05-21 00:28:00,Joko Susilo,Harga paket tambah mahal dan waktunya(masa aktif) dikurangi 2 hari.
playstore,telkomsel,2026-05-21 00:24:04,Matini Mar,jaringan lelet
playstore,telkomsel,2026-05-21 00:22:56,Fach Utomo,sinyal terpercayq
playstore,telkomsel,2026-05-21 00:18:03,angelina julie,"tgl 20 Mei 2026 2x melakukan pembelian paket telepon, dan 2x pembelian berhasil krn pulsa sudah terpotong dan telkomsel jg ada SMS klo pembelian berhasil dan paket sudah aktif. Tp ternyata apa? ZONK!!! PAKET TELEPON SAYA 1 PUN TIDAK ADA TERTERA DI APP MY TELKOMSEL!! Chat Vero ber kali² dan selalu dijwb akan dibantu pengecekan. Sampai akhirnya batas waktu paket tersebut habis, hasil pengecekan jg ZONK/TDK ADA KEJELASAN! INI TERMASUK TRIK ATAU APA YA????👎👎👎😡😡😡😡"
playstore,telkomsel,2026-05-21 00:16:28,Tomi rangga Setiawan,apk lelet
playstore,telkomsel,2026-05-21 00:16:04,April Liana,keren dan praktis
playstore,telkomsel,2026-05-21 00:11:53,jcha loa,bengkak tolol
playstore,telkomsel,2026-05-21 00:11:24,Tailor kita,"aplikasi paling buruk, lelet dan mahal paket internetnya, terima kasih"
playstore,telkomsel,2026-05-21 00:09:18,Mome 25,"Overall sih bagus ya, cuma kadang pada bagian rekomendasi pembelian paket data terdapat ""system error"" dan paket data yang dituju tidak bisa dibuka/dibeli"
playstore,telkomsel,2026-05-21 00:08:48,albarra 2025,"telkomsel setan , kenapa menu paket suka suka kalian aja hilangkan, kalau paket ngak bisa seterusnya di beli jangan kalian tampilkan di menu , sudah lah harga makin lama makin mahal kalian buat , sekarang mau beli paket nya tapi saat di beli ngak bisa, alasan kesalahan sistem, kalau bobrok sistem kalian ,tutup aja prusahan nya , jaringan terbasar tapi sistime bobrok , lemah, kalian pikir kami isi pulsa buat bikin paket itu ngak pakai duit ha, kalian pikir tinggal usap2 layar pulsa masuk sendiri,"
playstore,telkomsel,2026-05-21 00:05:21,Ani dhea 1981,"Telkomsel.., memang oke 👍"
playstore,telkomsel,2026-05-20 23:59:58,supri yanto,Bagus di awal doang...dan harga paketanya mahal2. kalau sudah mendekati habis masa aktif mulai lemot banget internet nya...kan asu itu namanya...
playstore,telkomsel,2026-05-20 23:59:14,amel muaya,bgusss
playstore,telkomsel,2026-05-20 23:52:46,Yusuf Maulana,mantap
playstore,telkomsel,2026-05-20 23:51:22,Febri Saputra,Mantaaab djiwa
playstore,telkomsel,2026-05-20 23:50:58,Rio Ganteng,setiap PLN padam selalu hilang jaringan
playstore,telkomsel,2026-05-20 23:39:10,Sarip Ibrahim,"saya baru beli tanggal 20 mei 2026, paket sakti 60 gb & langganan prime video mobile, disana disebutkan aktif selama 30 hari, tetapi yg saya dapatkan berlaku s/d tgl 18/06/2026. tolong lah jangan korupsi bagi saya ini sangat rugi besar!!!"
playstore,telkomsel,2026-05-20 23:38:07,Joko Anggara,ok baik
playstore,telkomsel,2026-05-20 23:34:01,Nur Khanifah,apl terlalu banyak iming iming... gak sekalian menawarkan sayur terong kangkung dll..buat penukaran poin..apl babi.. makin memalakun..TELKOMSEL. PERUSAHAAN BESAR INDONESIA .. RECEAN..CUIIIHHH..
playstore,telkomsel,2026-05-20 23:27:57,Sutupo,tolong di tambah lagi dong jaringan di tempat kami susah jaringan
playstore,telkomsel,2026-05-20 23:27:40,Lendra Riady,"paket masih sisa 147gb, karna paket aplikasi hbs, buka aplikasi ig dll gk bsa, dipaksa harus beli paket darurat 35k untuk 3 hari baru bsa aktif lg.. damn!!"
playstore,telkomsel,2026-05-20 23:22:10,anjar rawakalong,mantab cepat sekali reaksinya
playstore,telkomsel,2026-05-20 23:22:08,Meiman Tafonao,baik sekali
playstore,telkomsel,2026-05-20 23:22:04,nevilia devri,"seharusnya naik limit ada di aplikasi agar bisa secaea mandiri di aplikasi,,gak nyangka aja menu naik limit belum tersedia diaplikasi mytelkomsel sehingga pengguna setia Telkomsel khususnya KartuHalo jadi sangat kesulitan karena tidak bisa naik limit secara mandiri di aplikasi, rata rata keluhan pengguna halo adalah mengenau naik limit, tidak seperti provider yg lain yg menunya tersedia dan lebih gampang naik limit."
playstore,telkomsel,2026-05-20 23:17:42,aussen rist,"aplikasi kooontol, malah ngebug gada jaringan mulu, memuat terus, d klik gabisa bisa"
playstore,telkomsel,2026-05-20 23:13:45,Hendra saputra,mantap
playstore,telkomsel,2026-05-20 23:10:01,Abe Kurniawan,"beli paket lewat aplikasi MyTelkomsel gak bisa, kenapa bisa begitu?"
playstore,telkomsel,2026-05-20 23:03:00,Sri Utami,"Makin kesini makin jelek aja.. jaringan lemot, gerimis dikit aja langsung ilang total jaringannya.. gak bagus. Siap"" ganti provider. tahun 26 parah banget ini jaringan"
playstore,telkomsel,2026-05-20 23:02:21,M Ahmad,ko lag pas lagi maen gem tiba² lag banget
playstore,telkomsel,2026-05-20 23:01:20,maulana 501,semakin di upgrade gk malah bagus promo mahal .kurang responsif aplikasi jadi lelet
playstore,telkomsel,2026-05-20 23:00:56,Atila .D,heran buka ni apk delayy nya minta ampun padahal buka game lancar² aja nih hp gua buka genshin impact aja lancar tolong di perbaiki
playstore,telkomsel,2026-05-20 22:50:58,Andi era Sultifasira,"sering error,kadang beli paket eh gak masuk masuk,harus di ulang beberapa kali baru bisa"
playstore,telkomsel,2026-05-20 22:23:36,Chyynn Limm,"haloha! sy ingin complaint sj bahwasannya sinyal telkomsel makin hari makin buruk, sangat mengecewakan. sy sbnrnya sdh ckp sabar dri hri hri sblmnya, tetapi sy udh mencapai batas nih. mohon di perbaiki lagi ya, sangat tdk enk jika melakukan aktivitas dngn jaringan jelek. mohon di terima masukan saya. maaf jika sedikit kasar."
playstore,telkomsel,2026-05-20 22:20:00,Kang. Jumena Bin sarwan,sangat membantu dan bagus pelayan nya.
playstore,telkomsel,2026-05-20 22:18:24,Janualdi Munthe,pelanggan lama TPI paket ny GK ngotak jing
playstore,telkomsel,2026-05-20 22:16:14,Geral Aprilio04,ok
playstore,telkomsel,2026-05-20 22:15:08,wandi sng,"Jaringan makin lama makin ngelag, bukannya makin lama perbaikan jaringan semakin cepat, tpai makin lama jaringan semakin ngelag, paket mahal jaringan sulit"
playstore,telkomsel,2026-05-20 22:14:09,finsensiustse ginseng tse,mudah dan cepat
playstore,telkomsel,2026-05-20 22:13:32,Adry Ary,selalu lebih baik
playstore,telkomsel,2026-05-20 22:12:48,PLOIT ID,pelayanan buruk
playstore,telkomsel,2026-05-20 22:10:23,Xyroo,"katanya kartu Telkomsel paling ""lancar"" didaerah manapun, didaerah dataran tinggipun buat main game ngelagnya WOW bgt, gak ada bedanya sama kartu tetangga."
playstore,telkomsel,2026-05-20 22:08:43,Habib Akbar,jaringan nya kenapa lambat
playstore,telkomsel,2026-05-20 22:07:21,Chille Bengall92,Banyak promo👍👍👍
playstore,telkomsel,2026-05-20 22:05:47,Arya,"sinyal jelek mahal,anehnya harga makin mahal sinyal makin jelek,ga ngaruh blog restart hp signal Tod jelek"
playstore,telkomsel,2026-05-20 22:04:21,Rys Rebel,"setiap akan digunakan selalu error. tidak bisa memuat ulang lah, ini, itu. banyak sekali kendala. harus log in, ketika udah log in eh error lagi. harga paket yg sering ganti. tapi utamanya itu yg tadi sih selalu error. masa setiap mau beli paket atau sekedar cek harus install/uninstall terus?"
playstore,telkomsel,2026-05-20 22:02:19,Azmi Joestar,apa lah dah harga nya mahal jaringan nya jlk pula
playstore,telkomsel,2026-05-20 21:48:51,Diyan Noorahmad,sinyal andan jeles sekali disini
playstore,telkomsel,2026-05-20 21:44:50,Yafa ndruru,mantap
playstore,telkomsel,2026-05-20 21:41:55,Bonefasius Oni,terbaik
playstore,telkomsel,2026-05-20 21:30:10,ELVACIA SIRAIT,bagus
playstore,telkomsel,2026-05-20 21:29:07,Ahmad Misbah,"maksudnya gimana dah? kartu gw hangus?di apk aktifnya sampe 22 aprl 2027,kok di ig mau komplain malah dibilang hangus? mau dibungkam kah pelanggannya? kek pemerintah aje"
playstore,telkomsel,2026-05-20 21:23:05,Hudatyz354,"udah mahal tapi jaringan ngelag, serasa make Axis premium"
playstore,telkomsel,2026-05-20 21:22:34,ADAM GUSTI LANDEK,mantap
playstore,telkomsel,2026-05-20 21:22:00,Nummal Nummalumar,paket murah tersedia tapi nggak bisa dibeli
playstore,telkomsel,2026-05-20 21:17:06,saint tekad,kenapa data pengguna sampai 4 gb? bukan cache ya
playstore,telkomsel,2026-05-20 21:13:49,Akun pribadi,saat saya mau top up lodingnya lama sampai 30 menit
playstore,telkomsel,2026-05-20 21:10:04,Patma Sari92,sangat membantu
playstore,telkomsel,2026-05-20 21:08:37,Erpan Mahesa,lebih ditingkatkan
playstore,telkomsel,2026-05-20 21:01:45,Arla Maulana,tolong di improve lagi sinyalnya
playstore,telkomsel,2026-05-20 21:01:25,Du Rahman,sekarang sinyal nya jelek ga kaya duku
playstore,telkomsel,2026-05-20 20:59:30,Muhamad Rifai,telkomsel top baget
playstore,telkomsel,2026-05-20 20:56:25,Yoss Yo Joss,mau downgrade indihome lewat aplikasi tidak ada respon sama sekali pelayanan kurang bagus dan lemot
playstore,telkomsel,2026-05-20 20:55:20,Nabila Najwa,ribet
playstore,telkomsel,2026-05-20 20:54:11,F Crp,top
playstore,telkomsel,2026-05-20 20:50:17,Nanang Al-Pemalangi,tolong mohon diperbaiki masalah loading ketika membeli paket internet
playstore,telkomsel,2026-05-20 20:48:58,Arinda,sangat bagussss
playstore,telkomsel,2026-05-20 20:48:07,carlo,"bug nya tolong dibenerin, saya cek di tampilan 1 kuota sisa 1 hari, saya sudah terlanjur beli, saya cek lagi ternyata habisnya masih lama😒"
playstore,telkomsel,2026-05-20 20:47:43,Sutiana Sari,promo dong
playstore,telkomsel,2026-05-20 20:47:36,Leo Kong keren,mahal kuaotanya
playstore,telkomsel,2026-05-20 20:46:46,Raden Galuh Kawali,good
playstore,telkomsel,2026-05-20 20:46:16,KUCRIT CHANNEL,lemah..
playstore,telkomsel,2026-05-20 20:46:08,Raju Kesuma,mantap
playstore,telkomsel,2026-05-20 20:45:56,Zidane Agil,"ga bisa masuk ke pembayaran, aneh di web juga ga bisa dibuka"
playstore,telkomsel,2026-05-20 20:45:15,Asep Sunarya,"baru ngisi kuota padahal, langsung total tidak ada jaringan sama sekali, hadeeh tolong segera perbaiki."
playstore,telkomsel,2026-05-20 20:39:26,Bahran,baik
playstore,telkomsel,2026-05-20 20:34:46,Sari Damsah,signal buat tlpn jelek bgt lama2... asatagaa
playstore,telkomsel,2026-05-20 20:34:35,Kamil Insanul,lambat
playstore,telkomsel,2026-05-20 20:34:07,Sutarjo,ok
playstore,telkomsel,2026-05-20 20:33:40,m.ilyasnm ilyasnabilul,baik
playstore,telkomsel,2026-05-20 20:31:49,SamuelL RizalL,ok good
playstore,telkomsel,2026-05-20 20:31:18,Piter Fransiskus Valerianus,"jaringan jelekkkk sekali menyesal seumur hidup pakai ini kartu serius kenapa saya kasih bintang 5? supaya ulasan saya di atas dan kalian bisa membaca nya saya beritahukan yang lain agar tidak menggunakan kartu Telkomsel paketnyaa mahall dari kartu yang lain,jaringan? jangan di tanya jelek sekali"
playstore,telkomsel,2026-05-20 20:30:57,Nur Azizah,gak ada promo paket nya mahal² kali
playstore,telkomsel,2026-05-20 20:27:10,Mboey Stsn,"Akhirnya hrs nyoba ganti selain telkomsel. Alhamdulillah jaringan stabil Gak kebanyakan muter2 Padahal udah lama jadi pelanggan, tapi dibuat kecewa 1000%"
playstore,telkomsel,2026-05-20 20:26:52,Andi Yf,"paket internet telkomsel palak, di beli malah salah sistem katanya"
playstore,telkomsel,2026-05-20 20:24:30,Kamid Kamid,mantap
playstore,telkomsel,2026-05-20 20:24:16,Martez Brady,"setiap mau login harus nungu lama itupun belum tentu bisa login yang ada malah nungu sampai setengah jam juga GK masuk"""
playstore,telkomsel,2026-05-20 20:18:55,Enl A,telkimsel sekarang lelet padahal sdh mmebeli pket kenapa selalu muncui di notif apl ig.fb atw lain lain manawarkan langganan .....aneh buruk .... mahal tapi pelayanan buruk
playstore,telkomsel,2026-05-20 20:16:52,Galang Galang,Sangat membantu saya
playstore,telkomsel,2026-05-20 20:12:11,fauzi fau,kurang maurah paket nya
playstore,telkomsel,2026-05-20 20:07:27,Mel Beauty,lemotttt
playstore,telkomsel,2026-05-20 20:04:07,Marthin garris Marthin,makasih ya kaka udah buat apilaini dengan sangat baik
playstore,telkomsel,2026-05-20 20:02:01,Si Songka,"Harga naik, kouta tetap. Harga tetap, kouta di pangkas."
playstore,telkomsel,2026-05-20 19:59:14,Max Hardra,terlalu lemot jangan di pakai lagi kartu Telkomsel
playstore,telkomsel,2026-05-20 19:56:02,Mustari Dg gassing,bagus
playstore,telkomsel,2026-05-20 19:52:55,Rama Dani,mantap
playstore,telkomsel,2026-05-20 19:48:05,Ahmad falah Al mu'min,kenapa sih di sini apk+sinyal lemot bgt sekarang telomsel
playstore,telkomsel,2026-05-20 19:43:20,Deden Barden,applikasi edan eror melulu
playstore,telkomsel,2026-05-20 19:42:56,Julpikar Roni,"karna daerah ku harus pake Telkomsel, jadi harus sabar menghadapi dari segi ribet aplikasi nya dan sangat mahal harga paketnya, kalau ada kartu yg lain selain Telkomsel ya sudah ku campakan ini Telkomsel"
playstore,telkomsel,2026-05-20 19:41:20,Fanza Arya Jatra,"sering eror, gabisa top up paket data mohon di perbaiki aplikasinya"
playstore,telkomsel,2026-05-20 19:35:38,jonni Bulbul,apa apaan main game lag banget
playstore,telkomsel,2026-05-20 19:33:19,Muhamad Gunawan,"Edit lagi, Jaringan jelek malah disuruh restart HP. Template banget jawabannya kayak menangapi kalau wifi Indihome lemot suruh restart modem. fix sudah ganti kartu internetnya pakai provider lain. Padahal udah hampir 10 tahunan pakai Telkomsel baru kali ini jaringan internet harus di reset terus pakai mode pesawat."
playstore,telkomsel,2026-05-20 19:31:19,Suhardi,mantap bangat
playstore,telkomsel,2026-05-20 19:24:59,Kifli Black07,sangat puas menggunakan aplikasi my Telkomsel
playstore,telkomsel,2026-05-20 19:16:48,Komar Udin,"kuota saya buat ojek online tolong buat stabilkan jaringannya,terputus Mulu sambungannya ke aplikasi grab,jngan mentang2 karna belom bayar kuota darurat di buat eror terus jaringannya"
playstore,telkomsel,2026-05-20 19:16:05,NauraHasna 27,"ngelek, elek, bosok"
playstore,telkomsel,2026-05-20 19:12:59,Sukorejo Plg,my telkomsel klo kita buka slalu utk muat ulang alasan ga ad koneksi
playstore,telkomsel,2026-05-20 19:11:17,Wahyu Feriyanto,gak jelas pulsa belum habis 1 hari kuota dibuat 0 pulsa lasung dipotong sampai 0rupiah.
playstore,telkomsel,2026-05-20 19:10:32,TA family,sinyal kurang baik ketika ditransportasi umum
playstore,telkomsel,2026-05-20 19:09:36,Muhammad Agung,"busuk, kalau gak support pake wifi yah paket data nol di support dong mau beli paket di app gak pernah selesai2 loading trus mentok eror"
playstore,telkomsel,2026-05-20 19:08:37,Fitri Rahmawati,keren
playstore,telkomsel,2026-05-20 19:06:38,Honey,kikirrrrr betul
playstore,telkomsel,2026-05-20 19:01:50,Key Key,"klw buat apk itu tolong di lihat ,cek lagi untuk jaringan nya masak saya pake wifi dan jaringan saya normal,tapi di bilang cobak cek jaringan anda,kan gak masuk akal,masak iya seberat ini untuk pemakaian jaringan nya,mau kecepatan berapa mb lagi supaya saya bisa login ke apa my telkomsel.tolong untuk deplover segera di perbaiki.trimakasih,jika sudah ringan untuk login ke apk my Telkomsel saya kasih bintang full 5 ⭐"
playstore,telkomsel,2026-05-20 19:01:35,Samsul Muarif,lemut aplikasinya
playstore,telkomsel,2026-05-20 19:01:23,Sinta Arianti,Telkomsel the best 🥰
playstore,telkomsel,2026-05-20 18:55:25,Muhammad Syafi'i,aplikasinya jelek
playstore,telkomsel,2026-05-20 18:54:00,Aku Bakolll,mantap
playstore,telkomsel,2026-05-20 18:53:43,ferdy,sampah
playstore,telkomsel,2026-05-20 18:51:19,Reza Suhendra,kenapa ni lg aplikasinya kamu sakit telkom???? gabisa di buka atau masukan no hp
playstore,telkomsel,2026-05-20 18:48:21,Krista Sulastri Channel,ada paket tersedia tapi tidak dapat dibeli...aneh
playstore,telkomsel,2026-05-20 18:47:16,bagonk 212,makin bulan makin mahal kuotanya.. hadeh
playstore,telkomsel,2026-05-20 18:46:09,DidongDarmadi,ini kenapa sering lag jaringan udah sering paket bulanan masa jaringan 50 gb sering lag tolong perbaikin jaringannya. untuk menggunakan jaringan telkomsel jangan bikin kecewa menggunakan telkomsel
playstore,telkomsel,2026-05-20 18:39:06,Pak sadri,cepat bagus banyak promo murah
playstore,telkomsel,2026-05-20 18:37:37,Ros TIKA,"saya mau daftarin pulsa ke paket susah bgt ya.gk bisa "" trs . tulisannya.ada kesalahan sistem . wiffi saya lancar"" aja .tapi susah bgt ya"
playstore,telkomsel,2026-05-20 18:37:22,adi yusran,sangat baik
playstore,telkomsel,2026-05-20 18:37:16,Masdar Dari,ok
playstore,telkomsel,2026-05-20 18:36:33,Sino Setiawan,jos
playstore,telkomsel,2026-05-20 18:33:08,Wilky Satriawan,makin berat tidak bisa login terus aneh lama lama
playstore,telkomsel,2026-05-20 18:32:14,Vivo Y12s,my Telkomsel bermanfaat banget
playstore,telkomsel,2026-05-20 18:31:50,Sri Apriyani,gila baru isi paketan 14gb langsung habis aja dlm 30 menit.padahal cuma di pakai buat main game doang
playstore,telkomsel,2026-05-20 18:31:46,jamur kayu,ngangguan terus
playstore,telkomsel,2026-05-20 18:31:10,Ekokodok Kodok,bagus sekali
playstore,telkomsel,2026-05-20 18:30:22,Arul 10,mau beli paket aja di aplikasi MyTelkomsel lola banget respon aplikasi nya
playstore,telkomsel,2026-05-20 18:30:03,Maulana Mansyur,"paket mingguan nya jd gak ada, yg 10 2,5 juga gak ada , makin jelek ini mah"
playstore,telkomsel,2026-05-20 18:28:58,Dandy 212,agak kurang blom yg bagus2banget
playstore,telkomsel,2026-05-20 18:22:23,Suri Lestari,"aplikasi t*i, minta update trus, giliran akun di pakai daftar leletnya minta ampun!!!!!"
playstore,telkomsel,2026-05-20 18:19:07,Ibeng Bang,ok siip
playstore,telkomsel,2026-05-20 18:17:58,ahmad ramadani,"telkomsel ampas, udah isi pulsa dari brimo, saldo kepotong, ada notif isi pulsa, pas di cek pulsa gak masuk, perbaikilah kekurangan kalian"
playstore,telkomsel,2026-05-20 18:15:17,Gege Gigi,tidak bisa login
playstore,telkomsel,2026-05-20 18:14:50,Abas Sulaeman,kren
playstore,telkomsel,2026-05-20 18:12:52,Zut Tt,"sebelum isi ulang pulsanya saya bisa buka buat beli paket combo sakti nya,, tapi pas saya isi pulsa pas, tiba tiba eror combo sakti nya gabisa dibuka, maksudnya gimana, niat ngasi combo apa kgk sii?? gajelas Telkomsel,"
playstore,telkomsel,2026-05-20 18:11:03,Sukses jaya Abadi,licik
playstore,telkomsel,2026-05-20 18:10:18,Chabilla Chusnal Fajar,"kenapa pulsa ku disedot woiii cuma install ulang karna buffering, gitu aja nyedot pulsa.... padahal mau buat beli kuota....makin rusak ni lama² blok"
playstore,telkomsel,2026-05-20 18:10:06,Dimasanton900@gmail.com Setyawan,pelayanan bagus
playstore,telkomsel,2026-05-20 18:05:08,Vicha Hikaru,dulu bagus sekarang jadi jelek... saya punya paket telfon all operator selama sebulan dan masih aktif sampai tanggal 9 juni 2026 tapi ketika saya melakukan panggilan telfon kenapa masih bayar? padahal ketika sukses daftar paket telfon tertera tulisan PAKET TELFON ALL OPERATOR ANDA SUDAH AKTIF
playstore,telkomsel,2026-05-20 18:00:40,Aldi Sasue,baik
playstore,telkomsel,2026-05-20 17:58:18,Evan Sinaga,mantap
playstore,telkomsel,2026-05-20 17:51:35,Imam Syah,bagus
playstore,telkomsel,2026-05-20 17:51:08,erny hutagalung,sangat ok
playstore,telkomsel,2026-05-20 17:50:57,Amel Sie Usil,woi bayar wifi mahal mahal gak bisa dipakek. giliran telat diputus. 1 jam aja gangguan kami rugi besar. gak Wifinya gak Telkomselnya sama aja. login Indihome gak bisa. keknya sengaja biar gak kena komplain.
playstore,telkomsel,2026-05-20 17:50:33,Irfan Saputra,oke aku sangat puas i love you telkomsel
playstore,telkomsel,2026-05-20 17:47:32,ZA ZAN GAGAH,cara ngatasin mogok gimana y
playstore,telkomsel,2026-05-20 17:47:17,Pejuang Recehan,👍👍👍
playstore,telkomsel,2026-05-20 17:44:29,Ebit Prianto,bagus
playstore,telkomsel,2026-05-20 17:34:24,Heri Kaligua,lemot
playstore,telkomsel,2026-05-20 17:24:58,Fajri Alkhuzari,👍👍👍👍👍
playstore,telkomsel,2026-05-20 17:22:48,Gizel_ 989,"Telkomsel sekarang ko jaringannya jadi lemot yah?, terus paket datanya pada mahal tolong dong perbaiki lagi demi kenyamanan pelanggan."
playstore,telkomsel,2026-05-20 17:20:46,Githa,mantap
playstore,telkomsel,2026-05-20 17:18:46,Nellsen Anthony,keren
playstore,telkomsel,2026-05-20 17:16:01,Haiden 1909,"pelayanan pelanggan sangat bagus, namun kualitas jaringan kurang tapi saya maklumi dengan adanya lokasi atau alamat saya🙏👍"
playstore,telkomsel,2026-05-20 17:13:29,Wadiri,"aplikasi ga jelas, lemot, mau beli paket ngga bisa-bisa"
playstore,telkomsel,2026-05-20 17:08:27,Erza Mahdafikya,baik
playstore,telkomsel,2026-05-20 16:59:25,Solihin Saefuloh,mantep tapi boros
playstore,telkomsel,2026-05-20 16:57:33,Rivai Akbar,"ini knp sih aapknya ngeleg mulu pas mau isi pulsa buat paketan,mana kekuras trus"
playstore,telkomsel,2026-05-20 16:55:23,Abner Aris,aplikasi sangat membantu.
playstore,telkomsel,2026-05-20 16:50:21,sharing content,lemot banyak iklan gak jelas
playstore,telkomsel,2026-05-20 16:49:23,Pribadi,jaringan bagus harga juga murah🤩
playstore,telkomsel,2026-05-20 16:46:04,Aira Fitri Rahmawati,"bagus, tapi mahal"
playstore,telkomsel,2026-05-20 16:46:03,Populist Burger,"makin lama makin mahal ,jaringan pun gak bagus"" kali nya , jangan mahal mahal kali kalau kualitas jaringan pun masih kadang lemot"
playstore,telkomsel,2026-05-20 16:40:52,Kurniadi Buana,sinyal nya jelek
playstore,telkomsel,2026-05-20 16:38:37,BERLIAN EAGLE,EDODIANSYAH? BAGUS!
playstore,telkomsel,2026-05-20 16:37:17,Theresia Raioan,good
playstore,telkomsel,2026-05-20 16:36:05,Acong Aja,ok bagus
playstore,telkomsel,2026-05-20 16:33:49,Novry Supit,pelayanan buruk
playstore,telkomsel,2026-05-20 16:33:38,Darwono,Sangat bermanfaat dan berguna memudahkan dalam segala hal keperluan informasi..
playstore,telkomsel,2026-05-20 16:31:31,Dayundra Erlang,"tolong diatasi kelemotanya, lebih baik makan lebih banyak data tapi lancar daripada lemot sangat tidak nyaman."
playstore,telkomsel,2026-05-20 16:28:43,Ibnu ymn,paket mahal sinyal jelek korupsi banyak
playstore,telkomsel,2026-05-20 16:27:35,DiANUS wonda,provinter tambahan pulsa internet *363#
playstore,telkomsel,2026-05-20 16:26:09,Wibi b,udah di-update tapi pemakaian fup indihome masih tidak bisa ditampilkan - update terbaru lg pemakaian data indihome masih tidak bisa ditampilkan
playstore,telkomsel,2026-05-20 16:24:33,vilia mrtn,"BURUK BANGET NIH KARTU, SEKELAS TELKOM UDAH PAKETAN MAHAL JARINGAN SUSAH. ASTAGHFIRULLAH PADAHAL RUANGAN TERBUKA"
playstore,telkomsel,2026-05-20 16:23:56,Karnotoyahya Ismail,yoi
playstore,telkomsel,2026-05-20 16:20:43,Jie Raiya,makin lama jaringan dan harga paket data makin hancur. mending bangkrut aja saja
playstore,telkomsel,2026-05-20 16:15:43,Tezo “Om-Q” Sumarno,top
playstore,telkomsel,2026-05-20 16:10:42,xhobby,"Beli paket 10gb gak bisa dipakai sampe masa aktif berakhir, kode dial gak nyambung mulu, provider busuk mending tutup aja lah. otw ganti XL semua"
playstore,telkomsel,2026-05-20 16:06:31,Ahmad Zainulloh,tampilan bagus. cuma sering agak ngelag gitu pas mau aktivasi paket.
playstore,telkomsel,2026-05-20 16:03:36,m fahrul,terima kasih
playstore,telkomsel,2026-05-20 16:02:55,Luthfi Nurpratama,Sudah beli paket aktivasi belum tapi belum dikirimkan linknya via sms
playstore,telkomsel,2026-05-20 15:55:39,DEDE IRFAN,jaringan di ransiki manokwari selatan rusak padahal rumah sebelah tower tapi kirim wa saja susah sekali
playstore,telkomsel,2026-05-20 15:48:16,RIVALDO,sudah mulai membaik nggak seperti tahun yang lalu bismillah kedepannya selalu baik
playstore,telkomsel,2026-05-20 15:42:12,Ayu Ayleen,sangat puas sekali
playstore,telkomsel,2026-05-20 15:27:16,Daniel Jbi,"sangat bagus, saya terbantu dengan aplikasi ini, pertahankan"
playstore,telkomsel,2026-05-20 15:25:41,Feli Sandra,kren
playstore,telkomsel,2026-05-20 15:07:15,Sapto Nugroho,paket mahal + sinyal buruk
playstore,telkomsel,2026-05-20 15:05:20,Rio Tambun,Kenapa koneksi sekarang makin memprihatinkan yah? dan kenapa selalu muncul kuota habis dan selalu disuruh membeli kuota darurat padahal kuota masih banyak? dan juga kenapa harga paket data melonjak sangat drastis?kenapa ini?
playstore,telkomsel,2026-05-20 15:02:48,Cici Ersih,"Baru isi paket data yang 8gb, tau habisnya ja, pdhl HP dalam keadaan tidak di pke."
playstore,telkomsel,2026-05-20 15:01:30,Darman,Paling top didalam hidupku
playstore,telkomsel,2026-05-20 14:49:46,Alvaro,"APLIKASI LEMOT, HARGA ELIT KUALITAS SULIT, GUA MAU BELI PAKET KUOTA LEWAT NIH APK TAPI GABISA, ERROR, NGELEG BGT, TULISANNYA CUMA ""MIIF IDI KISILIHIN SISTIM"" NYINYINYINYI MIMIMIMIMI"
playstore,telkomsel,2026-05-20 14:46:47,Johan Wahyudi,"JARINGAN MAKIN BUSUK AJA PERBAIKI KNPA , SESUAI KAN DENGAN HARGA PALETAN NYA LAH UDAH MAHAL JARINGAN BUSUK MULU"
playstore,telkomsel,2026-05-20 14:43:03,Yulianti Panjaitan,"sekarang kalo mau beli kuota yang sama kayak transaksi terakhir kali malah selalu gagal, sistem sedang bermasalah, padahal itu yang sesuai kebutuhkan"
playstore,telkomsel,2026-05-20 14:41:00,Leo Group Transportasi,terbaik
playstore,telkomsel,2026-05-20 14:38:52,Irawan KenNantan77,sudah exsis kembali
playstore,telkomsel,2026-05-20 14:38:36,Brem Nulangi,sangat membantu
playstore,telkomsel,2026-05-20 14:30:43,Doni Sundaya,"mau beli paket aja banyak error,repot"
playstore,telkomsel,2026-05-20 14:27:55,erna dewi,"naik semua harga paket datanya, tidak ada internet sakti. sangat mengecewakan"
playstore,telkomsel,2026-05-20 13:59:31,King Ranu,"Memang pantas dapat *1, masak pulsa ada ketika kirim pulsa langsung nol.Telkomsel sudah beda, sekarang bnyak erornya, dan signal juga jelek, kalah sama indosat. Trus aplikasinya juga sering eror dalam pembelian. Jujur saya sangat kecewa"
playstore,telkomsel,2026-05-20 13:58:52,madsawir 650,"maaf kalo boleh jujur sangat kecewa,Telkomsel paket bulanan 34 GB,30 GB harga 65rb,75rb harga yang terjangkau hilang gak ada, sisa kuwota setiap kali kita perpanjang bukan nya bertambah malah hilang terimakasih."
playstore,telkomsel,2026-05-20 13:51:59,Kolis Kolins koten,bagus
playstore,telkomsel,2026-05-20 13:49:24,Lam channel,makin ruwet. dibuka keluar mulu
playstore,telkomsel,2026-05-20 13:48:12,Ros Woyo,"nipu nich telkom, bilang nya paketan udah include prime sama we tv. tp di klik link nya masa sudah aktif, tapi ga bisa login. alasan nmr yg di daftarkan tidak terdaftar. nipuu makan duit haram."
playstore,telkomsel,2026-05-20 13:35:46,Agus jnk saradan,"SEMUANYA HATI2 JANGAN INSTAL APLIKASI SAMPAH INI,,,,,APLIKASI BIKIN EMOSI"
playstore,telkomsel,2026-05-20 13:24:31,Vicky Risqi Amanda,"klo ingin uji kesabaran pakailah telkomsel, 15 tahun dari masih skolah baru kali ini sinyal apk menguji kesabatan, apk lemot muter terus gaada data yg ditampilin mentok muat ulang gini berharap betah, provider besar tambah gini wkwkwkk"
playstore,telkomsel,2026-05-20 13:24:04,Andy Akbar,bagus
playstore,telkomsel,2026-05-20 13:20:07,Andin Komarudin,makin kesini sinyal makin jelek .... lebih parah dari yg dulu.... mahalnya doang tapi sinyal ga ada bagusnya... gw di kota jakarta bukan di papua
playstore,telkomsel,2026-05-20 13:17:28,Reza Primandani,"makin kesini makin parah khususnya di luar negri sinyal tambah lemot ,harga naik drastis terus kuotanya di kurangin dari sebelumnya 250GB terus jadi 150GB dan sekarang 40GB 400rb terlalu di jadiin kesempatan telkomsel ini kecewa sih"
playstore,telkomsel,2026-05-20 13:15:49,itang suhirman,teu Mun Kuta Aya sok hangus lamun Waktu beak
playstore,telkomsel,2026-05-20 13:14:11,Jean Vorce,"Telkomsel Tolong lah, masa kamu kasi paket 50k = 16GB doang.. ini gw pengguna 15th lebih, paket super seru spesial gw gak bisa gw beli bro.. masa tega bener sih, ini kalo org kawin 15th itu udah punya 3 anak bro.. 3 anak udah lari2"
playstore,telkomsel,2026-05-20 13:09:39,Jenal Alfianta,"orbit udah bagus2 aplikasinya malah dimerge sama mytelkomsel.. di orbit enak ada gambarnya, jadi mudah ngecek device mana yang harus dibeli kuotanya. aplikaisnya burik, berat lagi."
playstore,telkomsel,2026-05-20 13:08:43,Zainal Abidin,saya tidak bisa masuk aplikasi telkomsel...
playstore,telkomsel,2026-05-20 13:04:24,Aze Raiden,"opsi tukar pointnya tidak berguna... ini provider untuk akses jaringan bukan jualan makanan, tiket nonton, arisan kendaraan, dll... buat opsi tukar poinnya yg sesuailah... dari orbit kalian sudah tiadakan penukaran kouta dengan point alhasil poin sudah tidak berguna, malah disini penukarannya lebih ngawur... kita ini beli paket pakai uang balas penukaran pointnya juga yg masuk akal seharusnya pointnya bisa ditukar dengan kouta bukan ditukar di luar jangkauan itu..."
playstore,telkomsel,2026-05-20 13:03:41,Wirman Man,"tower telkomsel makin banyak dimalalak,jaringan lelet"
playstore,telkomsel,2026-05-20 12:56:46,potret kehidupan,"jika hari ini anda mengisi pulsa mulai dari minimal RP 20000 maka akan langsung dapat bonus internet 1 GB.. pulsa sudah di isi lebih dari RP 20000 tapi bonus internetnya tidak ada.. marketing sih marketing tapi jangan rakyat yg klean tipu.. milik swasta sja tdk mau menipu rakyat, eh ini Telkomsel milik BUMN cara marketingnya kok menipu ya? sungguh menjijikkan,🤮🤮"
playstore,telkomsel,2026-05-20 12:50:56,Aris Satria,"min, signal simpati troble kah? solusi dong, signal di jakarta selatan parah banget"
playstore,telkomsel,2026-05-20 12:46:48,Yatman Nuryana,good
playstore,telkomsel,2026-05-20 12:45:23,Tuan Takur,mantap
playstore,telkomsel,2026-05-20 12:38:44,sugianto anto,kenapa tidak bisa klaim hadiah check in padahal pulsa masih ada
playstore,telkomsel,2026-05-20 12:35:40,Andri Hrmwn88,kikir
playstore,telkomsel,2026-05-20 12:34:36,Ngakan Putu,harga paling mahal kwalitas becanda
playstore,telkomsel,2026-05-20 12:33:18,Miatimo 1523,makin kesini makin eror Mulu ngisi kuota idih
playstore,telkomsel,2026-05-20 12:29:38,IBr4kadAbr4,"setiap bulan menu paket data selalu berubah² dengan harga yang selalu naik, terlalu mahal..."
playstore,telkomsel,2026-05-20 12:24:26,danis sakha,lag tolol
playstore,telkomsel,2026-05-20 12:22:02,Dani Ntd,"lambat sekali kayak siput jaringan, update pulsa data tdk sinkron tau"" pulsa data sdh hbs👎👎👎"
playstore,telkomsel,2026-05-20 12:20:30,Hary Bkj,keren pokoknya
playstore,telkomsel,2026-05-20 12:17:20,R VIKI,"saya pesan kartu halo online di grapari DUMAI. sudah saya coba aktivasi melalui email yang ter tera,namun setelah ditunggu 1x24 jam ket. gagal. sekarang saya bingung,tak ada bantuan dan tak ada yang dapat saya hubungi,mohon bantuan untuk aktivasi nya"
playstore,telkomsel,2026-05-20 12:13:58,NICKY DWI FASHA TM23A,"apk nya suka eror gajelas, tiba tiba ke logout disuruh login lagi malah terjadi kesalahan. udah berulang kali kaya gini dari tahun kemarin ada terus update tapi hal kaya gini dibiarin, sebenernya update apa? buat apa? kalo kaya gini terus percuma update update"
playstore,telkomsel,2026-05-20 12:13:31,Fachmi Pollo,baik
playstore,telkomsel,2026-05-20 12:11:02,Rudi Bandaso,bagus dan murah
playstore,telkomsel,2026-05-20 12:10:57,Dede Apriyanto,"kenapa dah ini Telkomsel, makin kesini makan ancur signalnya note : terimakasih tanggapannya. sudah direstart berulang tetap aja, makanya bikin ulasan bintang 2"
playstore,telkomsel,2026-05-20 12:02:51,Wahyu Cyril,jaringan buruk
playstore,telkomsel,2026-05-20 12:01:04,zulfikar utomo,"turunkan harga paketan ,🤣"
playstore,telkomsel,2026-05-20 11:56:53,Kepoloh Kepoloh,sangat baikk
playstore,telkomsel,2026-05-20 11:53:43,Dafa Ajah,aplikasi banyak bug nya ini harus segera di hapus dari ps
playstore,telkomsel,2026-05-20 11:53:07,Rafa,bagus sekali aplikasinya
playstore,telkomsel,2026-05-20 11:52:56,Hamka Jamal,sangat memuaskan
playstore,telkomsel,2026-05-20 11:48:13,Brian Setiaji,"udah 3 hari ini eror sya mau beli pketan tapi tidak bisa/memuatt terus di bagian mau pembayaran pdhl pake Wifi-nya sinyalnya bagus,,gimana sih!!!!tolong di perbaiki"
playstore,telkomsel,2026-05-20 11:40:46,Irwan Syah,min yok Mabar ep ep🗿
playstore,telkomsel,2026-05-20 11:38:11,Rudi Ferdi,ok
playstore,telkomsel,2026-05-20 11:32:46,korneles gacor,bagus
playstore,telkomsel,2026-05-20 11:26:24,Sandy Sulistya22,baik
playstore,telkomsel,2026-05-20 11:24:32,Ujang Ahmad n,mantavvv abiszzz mudah dan sangat senang
playstore,telkomsel,2026-05-20 11:19:11,Dani Dani,teruk lah masak buka apikasi ya pakai data kok kena ambil pulsaya.. kok separah ini..
playstore,telkomsel,2026-05-20 11:19:06,nerviyani,"min, telkom saya kenapa sih, orang kuota sekarat malah gabisa beli, saya mau ujian kenaikan kelas min, tolong lah min jangan di persulit💔"
playstore,telkomsel,2026-05-20 11:18:02,Remita,"jaringan buruk, paket tiba-tiba hilang"
playstore,telkomsel,2026-05-20 11:15:49,Calvin Indra,sinyal skrg sangat lelet
playstore,telkomsel,2026-05-20 11:10:35,M Irfan,Lemot banget ... mau byr tagihan aja gk bsa2 smpe jengkel... .. coba d per ringan app nya biar nyaman pke my telkomsel..
playstore,telkomsel,2026-05-20 11:10:24,Nurul Nurul,saya sangat puas dan aplikasi ini sangat membantu
playstore,telkomsel,2026-05-20 11:08:41,Rais Akbar,"jaringan luas,keluhan cepat ditanggapi&semoga ada lebih banyak lagi progam²menarik buat pelanggan.terima kasih"
playstore,telkomsel,2026-05-20 11:05:22,Afripal Zaindia,Saya menyesal menyetujui kartu perdana saya ke kartu halo. merasa di bodohi telkomsel. dulu 145k dengan kuota 125gb. lama lama berjalan beberapa bulan pembayaran naik ke 160k dengan kuota hanya 80k. akal akalan telkomsel. mau ganti kartu sayangg. kartunya kartu dari sama smp
playstore,telkomsel,2026-05-20 11:03:14,mIvan Aulia,sinyal lemot
playstore,telkomsel,2026-05-20 11:03:08,Imam Putra,"Kuotanya sangat mahal sekali, tidak seperti Indosat, saya mau ganti ke Indosat aja teman teman"
playstore,telkomsel,2026-05-20 10:58:20,Rio Juliyansyah,busuk
playstore,telkomsel,2026-05-20 10:56:24,Chaerul Anam,"makin kesini telkomsel makin buruk,harga makin melambung kualitas sinyal makin menurun,buat apa diupgrade kalo kualitas makin buruk?!!!!"
playstore,telkomsel,2026-05-20 10:50:05,Yuli Yolanda,"bagus , promo nya donk"
playstore,telkomsel,2026-05-20 10:49:21,Panji Saputra,BAGUSS
playstore,telkomsel,2026-05-20 10:45:29,Putu Ayu gayatri,saya udah dapat kode verifikasi dari my Telkomsel tapi tidak bisa di masukan mohon di perbaiki agar kotak ketik kode verifikasi nya kelihatan
playstore,telkomsel,2026-05-20 10:18:20,Roy Morgan,sering sering paket promo internet dan kadang sinyal lemot
playstore,telkomsel,2026-05-20 10:16:40,Wahid Hidjie,eror trs ga bisa login
playstore,telkomsel,2026-05-20 09:56:16,Power Rangers,sudah mahal lemot lagi. hhmm...
playstore,telkomsel,2026-05-20 09:54:03,May Hana,selalu eror pas beli aneh
playstore,telkomsel,2026-05-20 09:54:00,Bambang rudoutomo,sangat bagus
playstore,telkomsel,2026-05-20 09:51:35,Batak Bersatu,Aplikasi nyanyok.!! Dalam SEBULAN Lebih DARI 10KALI Minta UPDATE.!!!
playstore,telkomsel,2026-05-20 09:49:44,AHMAD HUSAIN,pulsa 10rb hilang gajelas padahal gada utang paket darurat nda kasih menyala data apk stress
playstore,telkomsel,2026-05-20 09:48:12,Fajar Gumelar,"jaringan bapuk, apalagi ketika mati lampu. Mahal tdk menjamin"
playstore,telkomsel,2026-05-20 09:44:18,ruslan zaenudin,beli data saja dipersulit.... pelayanan semakin buruk masa aktif semakin sedikit harga semakin mahal jika seperti ini terus apa manfaat Telkomsel bagi Rakyat Indonesia?
playstore,telkomsel,2026-05-20 09:33:15,Fajri Fata,"kenapa gk di buat ringan saja, loading paling lambat dari aplikasi yg lain, metode pembayaran loading gk bisa berfungsi"
playstore,telkomsel,2026-05-20 09:26:35,fx dony,dah ga ketolong ni. dapat secuil.
playstore,telkomsel,2026-05-20 09:21:23,dwi putra purba,sumpah ini aplikasi kapitalis
playstore,telkomsel,2026-05-20 09:08:04,6D_Muhammad Wafa Khoirurroziqin,ngeleg
playstore,telkomsel,2026-05-20 09:03:22,jalak kapas,"BERAT , LEMOT"
playstore,telkomsel,2026-05-20 09:01:10,Hendra Properti,"app tidak bisa dibuka, setelah upgrade"
playstore,telkomsel,2026-05-20 08:59:39,PAWIRA JENAR,"aplikasi kikir, harga mahal kualitas gaada, jaringan busuk tidak intelek, punya satelit ga fungsi harga nya terlalu mahal"
playstore,telkomsel,2026-05-20 08:54:47,Dedi eryanto,apk nya berguna+banyak promo
playstore,telkomsel,2026-05-20 08:53:01,Arnus,mudah dan sangat membantu
playstore,telkomsel,2026-05-20 08:52:22,fais amir,lambattttttttt
playstore,telkomsel,2026-05-20 08:51:17,Arul Arul,ngeleg memenangkan cacat perbaiki tower lu
playstore,telkomsel,2026-05-20 08:43:03,Puspa Regina,oke
playstore,telkomsel,2026-05-20 08:42:25,Pengguna Google,"Harga mahal jaringan jelek, lambat, ngelag"
playstore,telkomsel,2026-05-20 08:39:51,Rafka Madleding,lumayan
playstore,telkomsel,2026-05-20 08:33:45,Widianto Wasis purnomo,tingkatkan promonya lagi
playstore,telkomsel,2026-05-20 08:32:39,siddiq Ashari,"jaringan Telkomsel saya buruk di tempat saya, server ditempat saya sering dimatikan dari server pusat, contoh jam 7 pagi sampai jam 9 pagi signal bagus lancar saat main game, setelah itu signal buruk, sudah reset lewat aplikasi tetap aja buruk, nanti jam 3 sore lancar lagi sampai jam 4 sore, terus signal jelek lagi, sudah 5 G kayak gitu? beda dengan didaerah komersil seperti SCBD jaksel jaksel selalu lancar tiap hari!! , saya sudah tes setiap tempat., intinya bukan signalnya.."
playstore,telkomsel,2026-05-20 08:31:09,Rama Doni,makin kesini jaringan nya lemot.....gak stabil....tiap bulan minta login baru.... ribetnya gak sepadan dgn pelayanan....cuma menang nama aja sih di banding vendor lain
playstore,telkomsel,2026-05-20 08:26:53,Dede Trisno,ok
playstore,telkomsel,2026-05-20 08:24:43,Afrizal Efendi,aplikasinya berat dan suka susah di buka...
playstore,telkomsel,2026-05-20 08:22:47,Doyok Adam,setelah di update malah gak bisa di buka
playstore,telkomsel,2026-05-20 08:21:40,Sitipatimah Patimah,bagus biarpun mati lampu trlkomsel slu ada singnal
playstore,telkomsel,2026-05-20 08:20:13,Muh Kholil,kacau
playstore,telkomsel,2026-05-20 08:16:00,Agil Konco,"apk gk bisa d buka, lol"
playstore,telkomsel,2026-05-20 08:11:00,Matang MTG,aman
playstore,telkomsel,2026-05-20 08:08:47,Habib WR,biasa aja
playstore,telkomsel,2026-05-20 08:07:20,Novellis Novellis,ok mantap
playstore,telkomsel,2026-05-20 08:03:26,M Iqbal,gila bener ini Telkomsel cek harga paket 24 jam di malam dan siang hari beda jauh harganya 85k 45gb 24jam saat malam ada siang cek lagi sudah berubah jadi 100k 45gb 24jam kualitas sinyal busuk banget lagi
playstore,telkomsel,2026-05-20 07:57:18,Muso Wir,sangat puas
playstore,telkomsel,2026-05-20 07:56:39,Amir Arif,Makin berat n lambat buka aplikasi.. Perbanyak kuota promo..
playstore,telkomsel,2026-05-20 07:50:39,Alo Naisoko,baik
playstore,telkomsel,2026-05-20 07:37:46,Mimey Suhaiza,sangat baik
playstore,telkomsel,2026-05-20 07:28:28,Yusrah Idrus,"Aplikasinya sering keluar sendiri. aplikasinya bikin tingkat kesabaran meningkat, loadingnya saaaaanggggaaat lama 😏"
playstore,telkomsel,2026-05-20 07:28:27,Musauopmabin Mabin,🔥
playstore,telkomsel,2026-05-20 07:25:38,Jerry Jeson,"paket data cepat sekali habis,boros jaringan lelet layanan kian jeblok.."
playstore,telkomsel,2026-05-20 07:24:19,Dedi Iskandar,mantap
playstore,telkomsel,2026-05-20 07:24:02,ifah latifah,sangat membantu
playstore,telkomsel,2026-05-20 07:20:48,Laurentius Ludvi Arviyanto,ini aplikasi kenapa sih ga bs beli paket dr kemarin.. muter muter terus tp motong pulsa 2000-5000
playstore,telkomsel,2026-05-20 07:19:46,Mohkhoirulanam amrulloh,baik
playstore,telkomsel,2026-05-20 07:14:02,Inggrid Glory Lubis,"apkny jelek, saya gk bisa beli paket data udh coba dw dan masuk malah jd gk bisa²"
playstore,telkomsel,2026-05-20 07:07:52,Ubaydillah Nabil,makin lemot saya beli paket giliran masuk metode pembayaran eror
playstore,telkomsel,2026-05-20 07:06:34,Blue Bells,"Untuk pembeli paket kuota, bisa enggak, sih, jangan digabung sama WeTV VIP atau akses Video lainnya yang belum tentu setiap pelanggan butuhin. Kalau enggak digabung gitu mungkin harga paketnya bisa lebih rendah, toh, akses WeTV, Vision, Prime, gak semua orang butuh itu."
playstore,telkomsel,2026-05-20 06:59:28,Wildan Nur Arif,"selalu memiliki solusi , thx my telkomsel"
playstore,telkomsel,2026-05-20 06:58:06,Novy Afandi,"pelayanan indihome sekarang buruk sekali, wifi tdk bisa di gunakan sdh laporan cuma suruh nunggu sampai 1hari penuh ,di follow up lagi juga gak ngaruh tetap gak ada kelanjutan. bayar telat sejam internet langsung di off tp kalau ada masalah gini lama sekali penanganannya."
playstore,telkomsel,2026-05-20 06:56:45,Satria Tama,"gila mahal kali ngasih harga yang ngotak mas, dan juga poin yang tukar ke Kouta ga bisa di tukar katanya untuk pelanggan tertentu tapi enggak ada penjelasannya ga jelas kali"
playstore,telkomsel,2026-05-20 06:53:04,odhe official,harga paket data makin ngeri cuy l... ampir tiap bulan naik... pepek
playstore,telkomsel,2026-05-20 06:51:50,Saprija 2023,"harga Kuota Mahal"" signalnya sering gangguan"
playstore,telkomsel,2026-05-20 06:49:43,Maslan Lan,bagus sekali
playstore,telkomsel,2026-05-20 06:49:01,PDKB KLATEN,fix memang jelek sinyalnya
playstore,telkomsel,2026-05-20 06:47:25,Galih Wp,Harga paket mahal jaringan ripuh
playstore,telkomsel,2026-05-20 06:42:47,Regina,bagussss
playstore,telkomsel,2026-05-20 06:39:35,Adeline Pricilla,"Tolong perbaikin aplikasinya, masa ga bisa bayar paket kalau tersambung wifi, malah loading lama. Trus aku close aplikasinya, malah kepotong 2rb pulsaku"
playstore,telkomsel,2026-05-20 06:19:38,Harmagus karismawan,kenapa kuota saya ilang padahal kuota masih ada sampai tanggal 9 juni masa senggang masih ada sampai 11 Juni knp ilang min
playstore,telkomsel,2026-05-20 06:15:50,Dimas Dimas,aplikasinya patah patah jir 😂🥀
playstore,telkomsel,2026-05-20 06:03:50,AROZANOLO GEA,sangat keren banget dan juga membantu
playstore,telkomsel,2026-05-20 05:55:15,Abdul Rajab,bagus
playstore,telkomsel,2026-05-20 05:48:59,Sugeng Ibing,"harganya mahal tp jaringannya jelek apalagi klau hujan,mendung"
playstore,telkomsel,2026-05-20 05:26:31,Ragil Virgo,"kenapa ga semua paket bisa bayar pake ewallet ? hanya sebagian yg bisa bayar pake gopay, males klo harus isi pulsa dulu, susa beli paket pasti lenyap hitungan detik"
playstore,telkomsel,2026-05-20 05:25:19,Maryuna Maryuna,top
playstore,telkomsel,2026-05-20 05:16:43,Budi Sentosa (Budi),the best
playstore,telkomsel,2026-05-20 04:56:06,Gabriel Al fatih,baik
playstore,telkomsel,2026-05-20 04:55:28,Setiawan Nugroho,paket nya mahal mahal semua padah kartu yang saya pakai udah lama
playstore,telkomsel,2026-05-20 04:51:26,Rahayu Lv,semakin lama semakin mahal
playstore,telkomsel,2026-05-20 04:35:27,Trisinah 1985,bagus
playstore,telkomsel,2026-05-20 04:26:26,Rama Sinta,👌👌👌👌
playstore,telkomsel,2026-05-20 04:05:46,Agus Hasannusi,terbaik
playstore,telkomsel,2026-05-20 03:55:57,Yasin Noer,aplikasi berat.. di handphone notif indikasi kerusakan aplikasi.. wkkwkw
playstore,telkomsel,2026-05-20 03:50:50,Oki Ardiansyah,dah ah tambah buruk. coba tanya di layanan Vero lalu chat sama agen tetap gak ada solusi dan jawaban yg jelas
playstore,telkomsel,2026-05-20 02:58:45,syam saja,cuma di telkomsel poin ga guna sama sekali
playstore,telkomsel,2026-05-20 02:43:43,Rendi Rendi,"legnya parah bgt, udh harga paket datanya mahal amat lagi"
playstore,telkomsel,2026-05-20 02:40:35,Daptu Tasuib,mantap
playstore,telkomsel,2026-05-20 02:28:40,Muslimin 05,ok sih
playstore,telkomsel,2026-05-20 02:23:27,Pengguna Google,"saya sudah pakai kartu ini hampir 11 tahun,sudah beberapa hari ini pulsa saya d potong sekitar 1000sekian rupiah tanpa tahu saya langganan apa,ga bisa tau juga lewat aplikasi ini saya berlangganan apa,ga jelas !!!!"
playstore,telkomsel,2026-05-20 02:15:53,Abay Jelek,aplikasi tolol gak bisa masuk
playstore,telkomsel,2026-05-20 01:54:35,Amrizal Febri,kenapa pulsa saya sering ilang2 sendiri...
playstore,telkomsel,2026-05-20 01:39:19,Trie Dracho23,tahun 2026.. akhirnya cek kuota harus dari *888#... luar biasa..
playstore,telkomsel,2026-05-20 01:38:32,Sultan Muhammad.r,sinyal sering hilang tiba tiba
playstore,telkomsel,2026-05-20 01:35:29,Agus Setiawan,kenapa saya tidak bisa login ya ada apa dengan my Telkomsel
playstore,telkomsel,2026-05-20 01:33:45,Aldo Andhrean1,baik
playstore,telkomsel,2026-05-20 01:31:56,Subiyandono Subiyandono,Suka
playstore,telkomsel,2026-05-20 01:31:37,Ali Norman,good
playstore,telkomsel,2026-05-20 00:57:48,Alfian Abang,sudah paling mahal tapi paling lemot di antara provider lain masa kalah sama Indosat dan XL.
playstore,telkomsel,2026-05-20 00:53:23,Rain Vivo,Sudah 1 bulan saya mengeluhkan sinyal nya bermasalah tetapi tidak ada perbaikan sama sekali sebagai pengguna kartu Telkomsel sangat menyesal dengan situasi inj
playstore,telkomsel,2026-05-20 00:49:07,DarkFlame Master,naikin terus harga nya
playstore,telkomsel,2026-05-20 00:43:27,Sri Miati,ok
playstore,telkomsel,2026-05-20 00:39:41,Khairul Amri,"paket mahal, SIGNAL ABAL- ABAL!!!!!!"
playstore,telkomsel,2026-05-20 00:37:35,muhammad febrianda,"Paket sebelum yang ramah dikantong"" tidak ada kembali lagi dan harga paket internet makin gak ngotak sama kuota internet gb nya kecil serta tingkatkan kualitas jaringan nya masa harga paket lu naikin tapi kualitas jaringan internet lu itu itu saja, lu juga mau nipu untuk raih keuntungan lebih hah tapi jaringan lu kek gini trus tidak mau respon dan tanggapi komentar orang"" yang resah karna perbuatan lu hah, minimal butuh tindakan bukan balasan doang"
playstore,telkomsel,2026-05-20 00:37:19,Sahat panjaitan,mahal doang layanan ga jelas. 👎🏻
playstore,telkomsel,2026-05-20 00:26:46,yulianto budi,"aplikasi makin berat, paket data mahal"
playstore,telkomsel,2026-05-20 00:20:13,Kaltri Wijayati,"Baru jatuh tempo kartu halo besok tp sehari sebelumnya sudah sengaja dibuat jaringan jelek banget, sampe mau buka my Telkomsel utk bayar aja lemot banget bikin emosi. Gmn nih kok pelayanan nya makin kurang baik, lebih baik beralih ke yg lain aja deh..."
playstore,telkomsel,2026-05-20 00:16:48,Budiman,ok sekali
playstore,telkomsel,2026-05-20 00:14:43,Sugito gemstone,paketan mahal tidak sesuai....telkomsel sangat buruk tidak bisa kasih terbaik buat customer.tolong perbaiki layanan biar pelanggan tidak kabur
playstore,telkomsel,2026-05-20 00:14:16,Julio Aulia,nice
playstore,telkomsel,2026-05-20 00:13:24,alaways adib,"dulu saya bangga""kan tp sekrang jangan lagi pakek Telkomsel... jaringan di kota surabaya saja busuk... parah banget,sama harga paket internetnya gak ngotak.."
playstore,telkomsel,2026-05-20 00:11:28,Adhonk Ghepenk27,ok
playstore,telkomsel,2026-05-20 00:10:14,Sandi Sopian,bagus
playstore,telkomsel,2026-05-20 00:02:00,Daeng,singkat saja kualitas menurun paket data mahal
playstore,telkomsel,2026-05-19 23:58:50,Adit Zie,"update aja trus aplikasi, update juga tentang kualitas sinyal internet nya dong, ada hujan dikit sinyal kek kerupuk langsung loyo, paraah, cuaca cerah aja sinyal nya, malesin."
playstore,telkomsel,2026-05-19 23:44:06,Aan Wisanggeni,"Kenapa paketan roamingnya kini kuotanya smkn sedkit (berkurang 50% lebih) dan smkn mahal. ??? tolong kembalikan spt semula, mengingat kami disini juga punya kbutuhan buat kluarga saya menggunakan Telkomsel SDH LBH dari 10 thn.... harusnya ada apresiasi buat pelanggan setianya... mohon perhatian nya buat admin"
playstore,telkomsel,2026-05-19 23:42:39,Adam Doang121,oke
playstore,telkomsel,2026-05-19 23:39:09,Bayu Saputra,apk gajelas beli kuota aja di persulit sinyal jugaaa aneh hadehhhhh
playstore,telkomsel,2026-05-19 23:36:33,Malik Aziz,"apaan update Skrang gak jelas bnget, masa harga paket roaming Qatar turun drastis, pindah provider aja lah gak jelass"
playstore,telkomsel,2026-05-19 23:36:01,Aditya Pratama,"aplikasi scam, telkomsel dr dulu emang suka scam pelangganya, saya mau beli paket internet yg saya mau malah gabisa dan suruh coba lagi, tapi di arahkan untuk membeli paket internet yg mahal dan terlalu banyak gbnya (saya menyesal, beli kuota banyak tapi berakhir hangus, makanya beli sedikit) sebaik nya telkomsel memperbaiki dan TAU DIRI BLOK, punya customer itu di pelihara bukan malah di scam terus. kemungkinan tahun ini saya STOP berlangganan telkomsel,"
playstore,telkomsel,2026-05-19 23:33:21,Zicho Artama,JEEK JELEK JELEK
playstore,telkomsel,2026-05-19 23:19:38,Andre Ajalah,sangat membantu
playstore,telkomsel,2026-05-19 23:15:15,Rivaldo Sodefa,luar biasa
playstore,telkomsel,2026-05-19 23:03:57,Lek Sidem,makin kesini kok berat ea solusinya MIMIN
playstore,telkomsel,2026-05-19 23:02:21,Armi Adi,bagus
playstore,telkomsel,2026-05-19 23:01:34,adhityas prahasto,telkomsel makin kesini makin kesana hmm
playstore,telkomsel,2026-05-19 22:54:44,izal lazi,"Anda telah memakai pulsa Rp5.000 utk akses internet non-paket. Segera beli paket di MyTelkomsel tsel.id/shop ini apaan dah tau² pulsa dipotongin sendiri pake alesan ga jelas??!! internet gw konek terus woyyy.. punya wifi gua !!! klo pun harus beli gua udah ogah pake Telkomsel lagi, harga doang mahal kualitas sinyal jeleknya nauzubillah"
playstore,telkomsel,2026-05-19 22:54:33,Z E X N O,sampah
playstore,telkomsel,2026-05-19 22:49:00,Ahmad faisal,sangat membantu dan bermanfaat mudah di pahami bagi semua kalangan
playstore,telkomsel,2026-05-19 22:41:59,Sogun Bkl,sangat bagus
playstore,telkomsel,2026-05-19 22:40:14,デ・エAdamZz,Aplikasi nya lemottttt bangettttttttttt
playstore,telkomsel,2026-05-19 22:29:47,AFFAN,"udah bagus paketan nya, gg"
playstore,telkomsel,2026-05-19 22:27:11,Al Fian,"sinyalnya kaya siput,rating -100, produk dalam negeri kok gini , mana bisa mau bersaing sama produk luar"
playstore,telkomsel,2026-05-19 22:25:27,Robi Maulana,seinyal nya susah hilang hilangan ....saya cukup kecewa sih apah lagi mobilitas saya di outdoor bogor kota besar loh masa sinyal amblas heran sayab..
playstore,telkomsel,2026-05-19 22:25:19,Tama revano,"semakin hari paket data roaming country Qatar semakin sedikit dan harga semakin mahal, kalau paket data masih bertahan 150 gb harga naik yang semula 380 ke 400 ribu rupiah its okayy, tapi kalo harga semakin naik tapi paket datanya di kurangi jadi 40 gb dalam sebulan, gak wajarr dong tolong lahhh telkom apa apaan ini jangan lah di kurangin banyak²"
playstore,telkomsel,2026-05-19 22:20:31,Ardi bongkie,"mahal doang jaringan bapuk berbulan bulan ga prnh dibenerin apa ya, mkin hari mkin bapuk"
playstore,telkomsel,2026-05-19 22:17:34,shine warriors,kuota internet nya boros banget
playstore,telkomsel,2026-05-19 22:17:23,Dwi Syafitri,"Jujur telkom apk lumayan berat, dan lemot.. mungkin karena terlalu banyak isinya, seringkali ketika mau melakukan pembayaran di apk lemott sekali harus diulang berkali2 dan keluar masuk apk berkali2 dulu, itupun belum tentu berhasil.. semoga kedepannya ada perbaikan yaa"
playstore,telkomsel,2026-05-19 22:15:35,Musrifin Sami'an,"Pengalaman selama menggunakan mytelkomsel, aplikasi terasa berat dan sering loading lama setiap buka halaman. seharusnya aplikasi ini terjadi ringan dan cepat, karena aplikasi ini di sediakan oleh jaringan Telkomsel sendiri. mau beli paket aja susah. padahal beli di ""tokonya sendiri"". semoga bisa jadi masukan untuk mytelkomsel"
playstore,telkomsel,2026-05-19 22:15:03,Rohim Ismat,sangat bagus
playstore,telkomsel,2026-05-19 22:14:58,Ook Strong,aplikasi kartu perdana terlemot karena kebanyakan neko2 dalem aplikasi nya☺☺☺
playstore,telkomsel,2026-05-19 22:10:48,jajang Sahal,signal nya buruk sekali
playstore,telkomsel,2026-05-19 22:09:05,SRG gunawan SRG,apk mantap bos ku
playstore,telkomsel,2026-05-19 22:06:12,Putri Putri,puas
playstore,telkomsel,2026-05-19 22:02:38,Wrytangsi,sangat membantu terimakasih my Telkomsel
playstore,telkomsel,2026-05-19 22:00:15,Ghazoer coneu,sangat bagus
playstore,telkomsel,2026-05-19 22:00:01,Lutfian Aji,apl lemot
playstore,telkomsel,2026-05-19 21:59:05,Ahmad Dudin,loading nya lelet banget
playstore,telkomsel,2026-05-19 21:58:00,yanti a,"gua tinggal di kota, tapi sinyal gk ada. harga mahal masa sinyal 10kb/dtk Telkomsel gk jelas, yang bener napa"
playstore,telkomsel,2026-05-19 21:57:56,Petepa Genit,mengecewakan...kuota mau hangus ga ada solusi
playstore,telkomsel,2026-05-19 21:57:52,ROMI PURNADI IRAWAN,beli mahal kuaota pasti dibsuruh beli yg mahal lagi
playstore,telkomsel,2026-05-19 21:56:00,rosy Fandeross,knp sih Telkomsel sinyal nya kayak taik lek mlu
playstore,telkomsel,2026-05-19 21:55:37,Eka Prastika,"akhir2 ini kekuatan sinyalnya jelek bgt 😭😭😭 ngebid jadi ke ganggu,tiba2 sinyal suka hilang. semoga d dengar dn d perbaiki lagi 😇😇 Mei 2026"
playstore,telkomsel,2026-05-19 21:51:00,Risi Hulu,bagus
playstore,telkomsel,2026-05-19 21:47:18,masiro pratama,sangat respon
playstore,telkomsel,2026-05-19 21:43:09,Osa rizki Iskandar,apk gembel reload lama banget malah gagal
playstore,telkomsel,2026-05-19 21:40:00,Diky Maryanto,"jaringan buruk mahal doang tapi kualitas paling jelek, main game aja udh 999+ suka hilang jaringan klo hilang arah masih mending bisa di balikin lagi."
playstore,telkomsel,2026-05-19 21:35:46,Sianturi Idn,buat yg punya perusahaan mohon jaringannya di perbaikinya saya selalu mengalami leg
playstore,telkomsel,2026-05-19 21:34:20,Arumi Salsabila Primandanu,mau beli kuota harus beli pulsa dulu. ga bisa pake yg lain
playstore,telkomsel,2026-05-19 21:32:52,Budi Yanto,simpati no 1
playstore,telkomsel,2026-05-19 21:30:40,Ric_Jordan,"Saya mengambil ekstra kuota gembira pas saya cek udh Diklaim tapi dinotifikasinya hanya dapat diklaim oleh pelanggan tertentu saja , tapi di Telkomselnya ada bacaan diklaim bagaimana ini , udhlh buka aplikasinya loading Mulu lagi"
playstore,telkomsel,2026-05-19 21:28:15,Saya Rafli Nur Hidayatullah,sinyal nya jelek kuota nya mahal
playstore,telkomsel,2026-05-19 21:25:06,Tedi Uchia,oh Telkomsel kenpa sinyal mu sekrang busuk sekali
playstore,telkomsel,2026-05-19 21:19:18,Cukurukuk Patir,"ngelag parah sumpah parah banget segini gw di bagian kota loh udh beli paket mahal kok kyk gini yak dari kudu gk pernah berubah udh sampe gunta ganti tempat msih ngelag aja tolong di perbaiki yah jadi kesel kalo ngelag mana banyak kerjaan lagi tolong kitabayar bukan buat lemot lemotan gini:""suara pengguna telkomsel"""
playstore,telkomsel,2026-05-19 21:17:09,Ai Kyu Bi Ei El,kacau makin mahal
playstore,telkomsel,2026-05-19 21:15:44,delisusanti maha,"kecewa , jangan download ini berat . dan jaringan buruk"
playstore,telkomsel,2026-05-19 21:15:22,Bintang Ramadhan,itu di perbaiki lagi dong ngeleg banget co lagi main patah apalah
playstore,telkomsel,2026-05-19 21:14:33,ida Isbandyah massage online,pulsa kepotong gajelas
playstore,telkomsel,2026-05-19 21:12:51,Gas Lon231,susah di orbit ke my telkomsel selalu gagal
playstore,telkomsel,2026-05-19 21:10:24,Andry Setiawan,myTelkomsel jaringan simpati nya Jelek......gua harus ganti kartu percuma gua berlanggan data yang 80GB kalau jariangnya jelek...bikin emosi.....uangnya banya di kurup......sampah
playstore,telkomsel,2026-05-19 21:05:23,Misno,"Busett pilihan paketnya semakin mahal, mending Kalau sinyalnya bagus dan stabil"
playstore,telkomsel,2026-05-19 21:01:27,Lazuardi Irham Karaman,ngelagggg
playstore,telkomsel,2026-05-19 21:01:03,Juli Ani,terbaik
playstore,telkomsel,2026-05-19 21:00:34,ARES GROWONG,"Pengguna telkomsel udh puluhan tahun,. Bukanya makin kesini makin bagus malah makin lemod kaya keong payaah,. Lamat laun telkomsel ilang karena jaringan susah,. Pada ganti xl dn yg lain yg lebih bagus"
playstore,telkomsel,2026-05-19 21:00:11,HAMURA •KAI,"sangat sangat kecewa dengan kualitas jaringan, yang di bandrol dengan harga tinggi namun tidak sesuai dengan kualitas, mending ke Axis kalo gini terus payah Telkom telkom"
playstore,telkomsel,2026-05-19 20:45:46,Dwi Adi Pramono,Aplikasi lemot . sinyal juga jelek buat game. bapuk amat si mahal doang
playstore,telkomsel,2026-05-19 20:43:35,Super Saiyan,"kalo buka aplikasi Telkomsel itu berasa balik lagi ke tahun 2011 internet nya lemot, padahal tinggal di kota Tangerang, saya beli kuota itu pake uang yah bukan ngutang sama bapak kau, jadi tolong perbaiki lagi kinerjamu dari semua aspek, karna saya pelanggan yg bayar."
playstore,telkomsel,2026-05-19 20:42:01,Lizama Qisthi,"jelek, pdhl sinyalnya gak bagus"" amat, masih suka naik turun ping nya waktu main game padahal di kota. harganya makin lama makin gak ngotak."
playstore,telkomsel,2026-05-19 20:39:41,Hajiwkwk Wa,app bapuk
playstore,telkomsel,2026-05-19 20:39:02,Naga Momareng,aneh bin nyata. saya biasa nya bisa beli paket combo sakti 90 35 GB. sekarang tidak bisa lagi. karena ada penawaran dari 188 untuk suruh saya pindah ke kartu prabaya atau pasca bayar. pokok nya seperti itu lah. 100 ribu pembelian paket dapat 70 GB. karena saya penguna paket kombo sakti 35 GB 90 ribu.itu pun saya ada uang.nah sekarang saya di tawari 100 pembayaran nya saat pengisian paket 2.aneh saya di suruh utang. otak tidak ada. itu pun saya beli paket kombo sakti karena saya ada uang. 👎👎👎
playstore,telkomsel,2026-05-19 20:37:42,panjul,"jaringannya jelek. masa aktif satu bulan kadang tidak sampe 30 hari. harga kuotanya mahal. makin lama makin mahal. harusnya pelanggan tetap dikasih diskon, ini malah ngelunjak. nyesal pake Telkomsel"
playstore,telkomsel,2026-05-19 20:37:28,Jufry Yanto Jufry,ok
playstore,telkomsel,2026-05-19 20:29:46,Haportibi Nst,Bagus
playstore,telkomsel,2026-05-19 20:22:36,Peter Kowalski,SINYAL TA1 JUMPING JUMPING KEBANYAKAN KORUPSI
playstore,telkomsel,2026-05-19 20:22:28,Gugun,terimakasih Telkomsel
playstore,telkomsel,2026-05-19 20:22:11,Djeffry Prasetya,kenapa untuk sekarang harga makin mahal tapi makin lemot jaringan nya
playstore,telkomsel,2026-05-19 20:20:06,dian rahma,"aplikasi lelet, paketan mahal, 1 bulan cuma 28 hari tapi sinyalnya jelek"
playstore,telkomsel,2026-05-19 20:11:41,Vicky Septian,kualitas jaringan yang katanya terbesar Masir sering susah
playstore,telkomsel,2026-05-19 20:10:45,Jannah26 B,"jaringan kayak taik malah promo buka aplikasi my Telkomsel. Gilak yah, gimana mau buka aplikasi klau meloading nyaaa lama. baru nanti data langsung hangus macam mana mau habis kalau jaringan jelek. Telkomsel kayak nih menipu penggunaan kuota. masa anak saya cuma pakai nonton YouTube itu Apun tidak seharian karena ku batasi main gadget nya. tapi pemakaian data minimal 5 GB bahkan pernah 10 GB perhari. mana mahal. mungkin pelan2 akan berganti ke kartu by.u cuma ini nmr lama jadi butuh waktu"
playstore,telkomsel,2026-05-19 20:09:57,Suparman,sangat membantu
playstore,telkomsel,2026-05-19 20:09:55,Yusuf Hidayat,Very Good
playstore,telkomsel,2026-05-19 20:09:54,Rujianta Ginting,"apakah gak ada cara lain untuk meningkatkan kualitas jaringan anda,,karna kami pelanggan telkomsel sudah sangat kecewa dengan jaringan ini,,kami di daerah Karo,,tepatnya di desa Kuta buluh simole,,kecamatan Kuta buluh simole,,jaringan anda sangat tidak terpakai...tolong di cek kondisi sinyalnya,,sudah lama jaringan anda buruk...!!!"
playstore,telkomsel,2026-05-19 20:06:38,Hardian Refsandy,"udah paket mahal, jaringan super lelet, pulsa gak terpakai pun di makan, memang provider bermasalah dan korup Telkomsel ni, kapok pake telkomsel"
playstore,telkomsel,2026-05-19 20:00:21,Cici Sandriani,lemot bgt astagaaa
playstore,telkomsel,2026-05-19 20:00:16,Ari Yandi,"kenapa si Telkomsel ngelag bgt Minggu"" ini, beli kuota nya gabisa dibilng murah loh, makin hari makin aneh aja ni Telkomsel, JUJUR AJA SAYA PAKE TELKOMSEL BUKAN 4/5 TAHUN, jdi pgn beralih dri Telkomsel dan pgn berkata"" kasar, tolong di perbaiki sistem nya, cuihh"
playstore,telkomsel,2026-05-19 19:59:37,Ramzy Maturbong's,"NGOTAK DONG KALO NGASIH HARGA PAKET KUOTA, KITA BERLANGGANAN SEMAKIN DIBELI SEMAKIN DIMAHALIN KUOTANYA, SAYA GAK MINTA HARGANYA TURUNIN, MINIMAL PERTAHANKAN HARGA KUOTANYA YANG UDAH KITA BELI SEBELUMNYA, LU NAIKIN HARGANYA OKELAH TAPI JANGAN DUA KALI LIPAT JUGA NAIKNYA..!!!"
playstore,telkomsel,2026-05-19 19:53:28,rahma hafizah,giliran mau beli loading lma bngt
playstore,telkomsel,2026-05-19 19:52:18,Rohayati,internet nya mahal sekarang dan kwalitas jaringan sering leg..
playstore,telkomsel,2026-05-19 19:51:27,syembi Setiawan,"simpati lama2 gila ya,gangguan terus,ga beres nh,musti ganti kartu lain"
playstore,telkomsel,2026-05-19 19:50:59,Berto Panjaitan,udah mahal tau lancar jaringan ny apa la ini hapus aja lebih bai AXIS daripada Telkomsel
playstore,telkomsel,2026-05-19 19:45:49,beke malikjuana,buruk sangat buruk
playstore,telkomsel,2026-05-19 19:44:44,Jeri Goni,"maaf ku kasih bintang satu , harga paket data sekarang ngeri banget semakin mahal, sudah 10 tahun pake Telkomsel, harga paket datanya bukan di kasih diskon malah harganya makin naik, beli 50rb cuman dapat belasan GB per bulan,,mungkin saatnya pindah seluler lain"
playstore,telkomsel,2026-05-19 19:40:36,Cyaannn,"beli paket aja susah bego"""
playstore,telkomsel,2026-05-19 19:40:08,Hann Cemma,mantap
playstore,telkomsel,2026-05-19 19:39:57,Rina Ambarsari,respon utk keluhan dilayani dgn sangat baik tp blm utk respon aplikasinya erornya lama
playstore,telkomsel,2026-05-19 19:39:25,Taz Mania,ok
playstore,telkomsel,2026-05-19 19:38:53,Jii Aftn,cuma kalo buka aplikasi telkomsel..agak lelet
playstore,telkomsel,2026-05-19 19:27:01,Stefan Logho,jaringan buruk tidak sama kaya layanan lain ini pake Telkomsel dikit² jaringan ngelag pdhl full kotaknya tidak memuaskan pelanggan tidak sesuai kriteria
playstore,telkomsel,2026-05-19 19:26:43,Raffael Rangkas,good
playstore,telkomsel,2026-05-19 19:25:02,Davi. Moh,My Telkomsel ok👍
playstore,telkomsel,2026-05-19 19:25:01,Novita Dwi yanti,PLIS INI KENAPA SELALU GA ADA JAARINGAN NELFON SUSAHH TELKOMSEL SKRNG JELEEK BAANGEET
playstore,telkomsel,2026-05-19 19:24:05,Tegar Triasmo,belum juga 2 bulan udah 3 kali kendala mending pindah ke sebelah aja
playstore,telkomsel,2026-05-19 19:22:17,Ivan Junianto,makin diupdate makin lama loadingnya🗿
playstore,telkomsel,2026-05-19 19:20:21,Ardy Bae,"Telkomsel sekarang tambah parah,kadang ga bisa di pake sama sekali padahal kuota masih banyak, kadang kadang juga pas main game lag lag sendiri mana berkali kali lagi dalam 1 game"
playstore,telkomsel,2026-05-19 19:20:09,Dewi Vashawnta,"emang sialan telkomsel ni. masa aktif kuota uda abis, karena dirumah aja, aku ga perpanjang, pake wifi. data seluler aku matikan, tp pulsa ku kesedot trs donk. jangan2 uda ga tau dari kapan pulsa g abis ga jelas, g kira emang kepake. tp ini baru isi pulsa semalam, sekarang uda berkurang banyak. telkomsel taik"
playstore,telkomsel,2026-05-19 19:20:06,Ariya Derex,"ini aplikasi knpa ya ko nyedot datanya ga kira kira, sampai 4 gb hilang bgtu saja,bikin kapok ini mah paraaah bnget ini telkomsel"
playstore,telkomsel,2026-05-19 19:18:32,Joko Iskanto,"Baguslah, cuman kadang ngelag"
playstore,telkomsel,2026-05-19 19:18:30,Vi Zhang,"aplikasi my Telkomsel nya mendadak gak bisa di masukin asik kluar terus sndri,udah di uninstall & install pagi pun tetap sama,di coba di android Redmi Xiaomi A3 & Oppo A17k jg gt sama.itu kenapa ya?"
playstore,telkomsel,2026-05-19 19:17:25,Wahyu Harjanto,promo oke
playstore,telkomsel,2026-05-19 19:16:01,Reliza Ervina,"aplikasi bermasalah, paket internet mahal, gk aktif data seluler tiba² main potong pulsa. pake juga mau gk mau."
playstore,telkomsel,2026-05-19 19:15:40,Ahmed Fariz Fazri,sudah lebih baik
playstore,telkomsel,2026-05-19 19:08:20,Rudianto Anto,Top
playstore,telkomsel,2026-05-19 19:06:01,Rahmad Syahputra,jaringan babi udah 2 tahun saya make gak berubah
playstore,telkomsel,2026-05-19 19:05:56,Denis Okachi,mantapppppp seruuu banget
playstore,telkomsel,2026-05-19 19:03:51,saipul asri,sampai sekarang tidak bisa dibuka dgn jaringan lain
playstore,telkomsel,2026-05-19 19:02:27,R. Hidayat,untuk buka aplikasi my telkomsel sendiri aja kadang lemotnya minta ampun....
playstore,telkomsel,2026-05-19 19:01:52,Muhammad Hanum Sansabila,"SAYA TINGGAL DI JAWA TENGAH & DIY, PAKETAN DENGAN HARGA YANG MELAMBUNG TINGGI TETAPI TIDAK DIIMBANGI DENGAN KUALITAS SINYAL YANG BAIK ! SERING HILANG! DAN BISA DIBILANG SINYAL SANGAT BURUUK !!!!!"
playstore,telkomsel,2026-05-19 18:58:34,Rahma Reinhard,luar biasa
playstore,telkomsel,2026-05-19 18:56:14,Ahdan Musyafa,"jaringanya lag banget daerah sukaraja udah seminggu, lagnya siang sampe sore baru lancar"
playstore,telkomsel,2026-05-19 18:54:33,adi winarko,secara umum bagus tp kelihatannya kuota agak mahal ya dr itungan penggunaannya
playstore,telkomsel,2026-05-19 18:54:12,Hendrianus Paran,👍
playstore,telkomsel,2026-05-19 18:50:49,Yuliyana Vera,"selalu terpotong pulsa saya,dari dulu sampai sekarang,tidak ada kejelasan dari pihak Telkomsel,ada apa.."
playstore,telkomsel,2026-05-19 18:50:18,raja Kaya,bagus
playstore,telkomsel,2026-05-19 18:50:13,Fachrudin Al amin,telkomsel sinyal bobrok... 😡
playstore,telkomsel,2026-05-19 18:47:33,Dina Ardi,ok
playstore,telkomsel,2026-05-19 18:46:31,Samsudin Azza,jaringan OK
playstore,telkomsel,2026-05-19 18:44:56,Riski Alatif,sangan puas
playstore,telkomsel,2026-05-19 18:43:26,Ceko Riserlangga,makin lama harga pake makin mahal aja
playstore,telkomsel,2026-05-19 18:40:17,Yanox Telkomsel,sangat bagus
playstore,telkomsel,2026-05-19 18:40:16,agung ari sandika,bagus
playstore,telkomsel,2026-05-19 18:36:20,Nono Sutrisno,siip
playstore,telkomsel,2026-05-19 18:35:56,Henda hya,bagus
playstore,telkomsel,2026-05-19 18:34:49,Arch Enemy,Busuk.. pulsa kepotong sendiri. maksa harus beli quota.. sampah
playstore,telkomsel,2026-05-19 18:34:42,story epep,"Telkomsel kok jdi gini dh kualitas makin buruk harga makin naik, GK sesuai sama yg namanya ""ada harga ada kualitas"" ini mah namanya ""ada harga gada kualitas"". Jaringan makin buruk, harga makin naik, kombo bulanan dri harga 35 10gb/bulan jadi 45 10gb/bulan, hdh pdhl tdi baru beli pulsa 35 buat beli paket kombo bulanan eh harganya malah naik aplikasi kikir kntI"
playstore,telkomsel,2026-05-19 18:33:35,hanzii 0736,keren
playstore,telkomsel,2026-05-19 18:33:22,Khatulistiwa Bjb,"sinyal internet buruk skali. padahal kuota sudah mahal banget , tp sinyal buruk , pdhl ini di kota bos. terlalu emang yaa"
playstore,telkomsel,2026-05-19 18:33:16,Bagus Prasetya,Aplikasinya berat
playstore,telkomsel,2026-05-19 18:28:54,87 Kisvel,baik
playstore,telkomsel,2026-05-19 18:26:15,Gilang Gua,🫶🫶
playstore,telkomsel,2026-05-19 18:26:12,Zulia Butet,semangkin banyak peminat Telkomsel semakin jelek layanan dan jaringan internet nya seluruh Indonesia. aku turunkan Bintang 5 ke bintang 🌟⭐ 2
playstore,telkomsel,2026-05-19 18:25:13,ayan yan,lumayannnnnnnnn
playstore,telkomsel,2026-05-19 18:22:48,Ikram Dzulfikar,mantap
playstore,telkomsel,2026-05-19 18:20:38,Cina,aplikasi jelek kebanyakan bug
playstore,telkomsel,2026-05-19 18:11:03,Koedo Waruwu,mantap promo nya
playstore,telkomsel,2026-05-19 18:09:59,Aby Gioe,Terbaik
playstore,telkomsel,2026-05-19 18:09:42,Kang Zaloe,aplikasi ga bisa di pake sekarang gangguan trs ga bisa log in
playstore,telkomsel,2026-05-19 17:57:45,Ahmat Jayawaruwu,mantap
playstore,telkomsel,2026-05-19 17:51:08,FUGUR YOGOSAM,pulsa internet 5 GB
playstore,telkomsel,2026-05-19 17:40:33,loex service,terkadang lemot
playstore,telkomsel,2026-05-19 17:30:48,Alifahtuzahra 05,kenapa eror trus si???
playstore,telkomsel,2026-05-19 17:30:27,Taufiqurrahman Qurrahman,sampah jaringan nya
playstore,telkomsel,2026-05-19 17:24:40,Bethy Duka,Sangat baik..jaingannya ada dimana mana..akses internetnya lebih mudah
playstore,telkomsel,2026-05-19 17:21:05,granger primegg,telkomsel gak adil kuota aja pada mahal sinyal jelek operator nya gimana sih
playstore,telkomsel,2026-05-19 17:18:18,Hasanudin,mantap cho
playstore,telkomsel,2026-05-19 17:16:41,Rita Nurmailisa,memuasan.
playstore,telkomsel,2026-05-19 17:15:41,reynaldi chanel,lemot
playstore,telkomsel,2026-05-19 17:14:42,Yulius Lalu Panda,sangat mebantu buat cari paket
playstore,telkomsel,2026-05-19 17:09:38,Dina marliana,paket data termahal tapi jaringan sering hilang.. bikin miskin dan emosi pake kartu Telkomsel
playstore,telkomsel,2026-05-19 17:07:19,Billy Abk,bagusss
playstore,telkomsel,2026-05-19 17:07:08,Tuan Sriwijaya,"Saya pengguna Telkomsel sudah lama dan ikut rolly juga aplikasi Telkomsel, sekarang ini. bonus rolly tidak bisa di gunakan dan saya hapus aplikasinya parahnya aplikasi Telkomsel saya beli quota pakai pulsa dan stamp juga tidak bisa ambil bonus, apakah perlu aplikasi Telkomsel saya hapus juga di HP saya"
playstore,telkomsel,2026-05-19 17:04:13,Rawarmael Rawarmael,sangat Bagus👍😊😊
playstore,telkomsel,2026-05-19 16:55:43,Tirta Wijaya,"tolong perbaiki jaringannya, padahal awalnya lancar lancar aja tapi dipertengahan langsung ngelag beberapa detik, habis itu lancar lagi dan itu sangat mengganggu sekali."
playstore,telkomsel,2026-05-19 16:42:15,Rino Jemaru,good
playstore,telkomsel,2026-05-19 16:32:24,Andi Lily,sangat membantu
playstore,telkomsel,2026-05-19 16:31:42,Kamil,"lemot bgt, lama refresh"
playstore,telkomsel,2026-05-19 16:25:55,Muhammad nurul Huda,sinyal lu belakangan ini jelek sekali padahal kuota baru beli dan masih banyak
playstore,telkomsel,2026-05-19 16:15:29,riyanrizqi 19,aplikasi tersampah di dunia burik
playstore,telkomsel,2026-05-19 16:13:03,Listy Og,Makin lama paket internet makin melangit mahal pooolll trs Aplikasi nya TDK Bekerja dengan baik tiap habis isi pulsa tidak langsung masuk ke aplikasi Tambah lama tambah parahh
playstore,telkomsel,2026-05-19 16:08:09,Bendri Uzi,Telkomsel semakin top
playstore,telkomsel,2026-05-19 15:56:29,Linggar Prihatin,tidak bisa di harapkan
playstore,telkomsel,2026-05-19 15:42:56,Ari Ashari,oke
playstore,telkomsel,2026-05-19 15:22:52,Enda Saputra,"aplikasi sampah, kebanyakan nge bug. silahkan periksa koneksi internet anda dan ulangi setelah 1 menit, dan hasil tetap sama. CS tidak memberikan solusi"
playstore,telkomsel,2026-05-19 15:19:26,Gilang Ramadan,"BOT semua pelayanannya, dan Pengaduan semua jawaban kurang relevan dan penanganan lambat. Terutama Migrasi SimCard ke eSIM malah jadi tidak ada layanan."
playstore,telkomsel,2026-05-19 15:07:49,sofyan sadli,lambat
playstore,telkomsel,2026-05-19 14:56:38,Fitri Yulianti,bagus
playstore,telkomsel,2026-05-19 14:55:36,Qyiotte,"jelek bgt , rugi gw masa beli 4 gb habis dalam 2 jam 39 menit karna alasan auto update aplikasi kata salesnya padahal ga pernah aktivkan auto update"
playstore,telkomsel,2026-05-19 14:54:54,Eko Hadianto,yess good
playstore,telkomsel,2026-05-19 14:28:58,Ayu Diah Kumala,"ini kenapa ya sinyal jelek sekali, udah lebih 2 bulan ga jelas sekali sinyal, buka tiktok tiba"" ilang ga ada sinyal, padahal biasanya koneksinya aman-aman aja, main game juga ga bisa karena ga ada sinyal. kuota mahal tapi koneksi ga bisa teratur."
playstore,telkomsel,2026-05-19 14:28:02,Amadai. Adi.,hai telkomse..
playstore,telkomsel,2026-05-19 14:27:55,Hendri GUNAWAN,"Kuota mahal, sinyal susah"
playstore,telkomsel,2026-05-19 14:25:26,Leni Untari,"telkomsel lama lama gak semakin baik malah semakin buruk, provider termahal tapi signal paling susah. malu malu in aja mau ganti no tp udah belasan tahun pakeknya, ngeselin banget. signal 1 aja kek antara hidup mati"
playstore,telkomsel,2026-05-19 14:16:29,Adi Kalit,Telkomsel di daera saya makin parah gak kayak dulu.
playstore,telkomsel,2026-05-19 14:12:27,Entin Ok,👍👍👍
playstore,telkomsel,2026-05-19 14:10:55,Rizqi Qiqi,kenapa sisa paket bersifat hangus. itu kan milik kita.
playstore,telkomsel,2026-05-19 14:09:31,Ari Nanda Laso,good
playstore,telkomsel,2026-05-19 14:08:44,Asep Rahmat Hidayat,"Bagus kalau banyak promonya, apalagi kalau harganya dimurahin."
playstore,telkomsel,2026-05-19 14:06:51,Firman Syah,"Paket internet terlalu mahal, jaringan tidak stabil"
playstore,telkomsel,2026-05-19 14:01:33,juanda juanda,sangat membantu
playstore,telkomsel,2026-05-19 13:52:41,Rsilindung Hutagalung,"Sangat buruk/tidak bagus jaringan,dan satu hal lagi paling aneh dari Telkomsel yaitu memaksa masuk haru menggunakan hallo padahal tidak ada saya kasih ijin supaya kartu saya beralih ke hallo,maksud dan tujuan Telkomsel ya apa coba"
playstore,telkomsel,2026-05-19 13:52:41,Robiah adawiyah,"makin kesini makin parah, harga doang mahal, kualitas nol, sering banget lemotttttttl, tiba tiba nge lag parah sampe hilang sinyal, lagi sibuk dan butuh²nya internet malah gabisa dipake, trouble lah apalah, sekali lemot lemot smua"
playstore,telkomsel,2026-05-19 13:47:06,lipan kecil,good👏🏻
playstore,telkomsel,2026-05-19 13:41:01,Muhammad Subchi,"mau masuk aplikasi kok bolak balik gak bisa... dan terjadi lagi....sinyal lemot, harga paketan mahal, gak lagi-lagi pake telkomsel untk paket data"
playstore,telkomsel,2026-05-19 13:36:52,sofia mufrodi,👍
playstore,telkomsel,2026-05-19 13:34:44,Arseven 75,"halo Admin tolong di perbaiki Masalah pada saat nonton story Wa , download gambar, lihat video FB , agak lemot muter "" padahal jaringan bagus ""TOLONG DI PERBAIKI "" SEKELAS TELKOMSEL LO INI.."
playstore,telkomsel,2026-05-19 13:28:54,Zulfikar Ijoel,jaringannya di daerah bekasi masih lemot min
playstore,telkomsel,2026-05-19 13:28:33,Kopi Pahit,sangat berguna
playstore,telkomsel,2026-05-19 13:24:49,4my plus,"pembayaran pakai link aja masih ribet, tidak seperti pembayaran pakai saldo pulsa yang mudah dan gampang! moga ke depanya bisa di mudahan untuk pembayaran dengan menggunakan apl link aja."
playstore,telkomsel,2026-05-19 13:22:06,Deva Nasti,lelet
playstore,telkomsel,2026-05-19 13:21:33,argayuda sianipar,pokok nya Telkom memang the best
playstore,telkomsel,2026-05-19 13:21:21,A2 Adriansyah Juliandi,tolong paket nya naik terus udah harga segitu aja jadi miskin saya
playstore,telkomsel,2026-05-19 13:19:18,Jalial Delfi,"paket combo sakti saya kenapa ngk bsa d Beli,😡"
playstore,telkomsel,2026-05-19 13:15:47,Ai Nani,kenapa pas beli kauta tiba tiba jadi kauta darurat padah beli yg 25rb di aplikasi tolong di perbaiki
playstore,telkomsel,2026-05-19 13:12:04,R . C RAHMAT CHANNEL,sangat puas
playstore,telkomsel,2026-05-19 13:03:43,Hardi,"gak tau akhir² ini Telkomsel gak bisa di pakai main game, lag terus bikin ranting menurun, kalok masih seperti ini gw yg udah pelanggan Telkomsel dari lama pindah aja"
playstore,telkomsel,2026-05-19 13:00:14,Maresa Oktalani,harga mahal jaringan jelek
playstore,telkomsel,2026-05-19 13:00:12,M. Alpindi,"tolong dong diperbaiki jaringannya lelet banget capek tiap hari bikin laporan,lagi enak nonton malah ngelag"
playstore,telkomsel,2026-05-19 12:51:10,Naj Affiliate,"telkomsel jaringan terlemot pantesan kuota tiap bulan ga habis2... padahal sudah 5G tapi lemotnya parah !!! lokasi, Cimahi !!!"
playstore,telkomsel,2026-05-19 12:50:23,ABD.RAHMAN R.,"aplikasi aneh orang mau beli paket ga bisa terus, lemot lah gangguan lah"
playstore,telkomsel,2026-05-19 12:50:13,Desi Apriani,masa aktif nya cepet bgt abis
playstore,telkomsel,2026-05-19 12:47:42,Addin Muhammad,"isi nomor yang mana yg terisi yg mana kalau bikin aplikasi yang benar, sudah bener tampilan aplikasi yg tahun lalu dirubah2 malah jadi error susah buat cek satu2"
playstore,telkomsel,2026-05-19 12:42:27,Toni Putra,baik
playstore,telkomsel,2026-05-19 12:39:17,asep sukiman,"Aplikasi nya berat banget, data internet murah, dupake game nge lag. ampun makin lama keyakinan saya akan terbukti rating kalian akan semakin jatuh dan suatu saat akan di tinggalkan pelanggan setia. karena kalian peras dan manfaatkan pelanggan setia bukannya memanjakan dengan paket yg bikin mereka betah"
playstore,telkomsel,2026-05-19 12:39:13,Muhammad Rizqi,"bukan nya membaik malah memburuk, ni jaringan ilang 1 harian, kaga ada kompensasi gitu? gila dah beli paket mahal, masa aktif dah gak 30 hari, di ilang ilangin lagi jaringan nya, kekikiran"
playstore,telkomsel,2026-05-19 12:37:38,Akhmad Rahim,ok
playstore,telkomsel,2026-05-19 12:34:37,Hendra Furkon,aplikasi busuk sampah
playstore,telkomsel,2026-05-19 12:23:09,Nadi Mawon,"buat beli paket data sulit sekali.. munyer"" terus"
playstore,telkomsel,2026-05-19 12:18:57,Afdan Afdan033,gak bisa masuk
playstore,telkomsel,2026-05-19 12:17:10,Siti Rahmah AS,sangat bagus
playstore,telkomsel,2026-05-19 12:11:34,Parman Efendiye,makin kesini makin mahel aja...dulu 100k udah dapet paling ga 80 gb...skrg harganya mahel bgt.make dari namanya masih kartu as skrg jd simpati tp ttp aja mahel bgt.
playstore,telkomsel,2026-05-19 12:09:45,gita anggraini,sampai kena runtime exception saking lambatnya
playstore,telkomsel,2026-05-19 12:08:04,A I Phone,sip ok
playstore,telkomsel,2026-05-19 12:05:48,Alexidion Sagala,kuota semakin mahal
playstore,telkomsel,2026-05-19 12:03:44,Wibi Gansss,"indihome penanganan lambatt, katanya maksimal 1x 36jam sudah bisa dipake lagi,ternyata ngga"
playstore,telkomsel,2026-05-19 12:01:25,Sri Murni,"aplikasi burik, mau beli paket malah loading terus"
playstore,telkomsel,2026-05-19 11:52:02,Nanda Vita Erianti,"Provider Paling Kocak.. Sinyal Putus"" sekalipun di tengah kota apalagi di hutan.. kalo VC wajib restart sinyal(On/Off mode pesawat) tiap -+10 menit sekali kalo gk gitu Hilang sinyalnya.. Lo ngengame? ya kelar sering Reconnect pas lagi asik"" ngegame.. paket mahal.. TOP MARKOTOP! SIP Lanjutkan!"
playstore,telkomsel,2026-05-19 11:50:30,Ahmad Syarifudin,Kasih bintang 1 Paling males pakai Telkomsel seperti ini jaringan doang bagus 4g sinyal Lemot riset 10x sama saja kualitas kurang baik
playstore,telkomsel,2026-05-19 11:46:48,AFISRMX,"sinyal penuh tapi jaringan tidak ada, kacau"
playstore,telkomsel,2026-05-19 11:46:20,Amin Suseno,simpati makin lemot sekarang
playstore,telkomsel,2026-05-19 11:45:45,Dwili Rofi Hidayanto,MyTelkomsel gak bisa dibuka ya kenapa?
playstore,telkomsel,2026-05-19 11:37:42,Yuda Nursalim,agak nge lag kalo masuk aplikasi nya
playstore,telkomsel,2026-05-19 11:36:56,Fahri Nabila,aplikasi apaan ini? nunggu dari pagi ampe siang aplikasi ngeleg mulu ga bisa isi kuota mana aplikasi berat lagi pas ngeleg mau pake wufi atau hotspot pas masuk ke aplikasi langsung ngeleg
playstore,telkomsel,2026-05-19 11:35:41,Nova Nugraha,gabgguan apa gimana ya? ga bisa di akses. tolong jawaban nya
playstore,telkomsel,2026-05-19 11:34:09,rizky natio,beli paket mahal2 jaringan lelet banget.
playstore,telkomsel,2026-05-19 11:33:56,aria adi atma,mempermudah pembelian kuota
playstore,telkomsel,2026-05-19 11:28:38,Kacui Stg,baikk dan terjamin murah
playstore,telkomsel,2026-05-19 11:27:40,Fahmi Imam,"selalu gagal pas mau beli paket selalu ada tulisan "" mohon maaf saat ini tidak dapat memproses, Product not eligible due to subscribe minimum balance """
playstore,telkomsel,2026-05-19 11:23:50,izul zuple,"mau isi paket via pulsa saat masuk Mu metode pembayaran malah gak bisa, nanya ke CS gak ada kejelasan sama sekali, sampai saat saya cuma bisa ngisi paket via voucher"
playstore,telkomsel,2026-05-19 11:23:35,Arii Irawan,Tidak bisa membeli paket . asalan cek internet anda kembali . padahal udah pake wifi . makin kesini makin kesana telkomsel 🗿
playstore,telkomsel,2026-05-19 11:14:46,Samsir 45,Telkomsel sangat Luas jaringan nya banyak bonus nya
playstore,telkomsel,2026-05-19 11:13:53,Aris .aris0909,kuota mahal tapi jaringan jelek😡
playstore,telkomsel,2026-05-19 11:07:36,Hadi Arifin,hari ini lagi lag atau apa Cok benerin wok jaringan nya
playstore,telkomsel,2026-05-19 11:07:14,Abah Ganteng,mantep
playstore,telkomsel,2026-05-19 11:02:02,LucyAng Korolara,Makin kesini makin lemot jaringannya🥹🥹🥹🥹 Saya pakai kartu Telkomsel dari THN 2009 tapi akhir² ini quota makin mahal & jaringannya lemot sekali
playstore,telkomsel,2026-05-19 11:00:42,Rendy Sinambela,𝚜𝚊𝚗𝚐𝚊𝚝 𝚖𝚊𝚗𝚝𝚊𝚙 𝚜𝚎𝚔𝚊𝚕𝚒 𝟷𝟶𝟶%
playstore,telkomsel,2026-05-19 10:57:44,Malang Malang75,baik
playstore,telkomsel,2026-05-19 10:56:02,Yani,sangat baik
playstore,telkomsel,2026-05-19 10:53:31,popip,"cok deh,,, Lemotnya kayak siput mati"
playstore,telkomsel,2026-05-19 10:44:30,Aan Nurin,sangat baik
playstore,telkomsel,2026-05-19 10:40:40,Bagas Hasbillah,larang lemot
playstore,telkomsel,2026-05-19 10:39:04,Levi Ackerman,"sinyal jadi lambat, hubungin CS LAMA! terus aja bot dan bot gada perubahan. kuota mahal tapi sinyal lama ampas bangett! CS AGEN ga guna sama sekali"
playstore,telkomsel,2026-05-19 10:31:45,Rudi Hartono,terlalu berat
playstore,telkomsel,2026-05-19 10:23:11,Kessy Wiyana,ini kenapa PAKET makin mahal banget siiih!!!! masa sebelum isi ulang ada paket 35rb.. nambah pulsa krna kurang 4rb terus yg paket 35rb ilang!!! masa penawaran berubah jadi 40rb+ !!! 🤬
playstore,telkomsel,2026-05-19 10:22:29,Suparman KM,untuk login tidak bisa ini kenapa ya? tolong admin kasi solusi
playstore,telkomsel,2026-05-19 10:22:24,Muhammad Faisal,"seringg banget nge buggg, susaaah banget login parah"
playstore,telkomsel,2026-05-19 10:21:40,latihan fisik,kalau bisa 30 hari
playstore,telkomsel,2026-05-19 10:20:58,Maulana Hasanudin,"Mau tanya kenapa di App saya Ada indihome, padahal saya gak pernah daftar dan ada tagihan lagi.. gimna ini tanggung jawabnya dari pihak telkomsel"
playstore,telkomsel,2026-05-19 10:20:02,TOMI ANGGARA,Klo bisa promonya lebih murah
playstore,telkomsel,2026-05-19 10:18:34,Infinix Note,oke
playstore,telkomsel,2026-05-19 10:17:08,Sofyan 001,oke
playstore,telkomsel,2026-05-19 10:15:04,kiaa,"ini knpa sih apk nya ngebag apa gimna sih rusak engk bisa di pake yah.?. aku selama ini pake apk yg lain aman"" ajh. aneh bikin sebel ajh"
playstore,telkomsel,2026-05-19 10:14:46,Endah Setyawati,apk ada tulisan reaktivasi akun di klik halaman tidak ditemukan...buka blokir juga sama aja...jadi apa gunanya...
playstore,telkomsel,2026-05-19 10:08:01,Iqvie Vlog,kenapa suka susah Klo beli pake wifi
playstore,telkomsel,2026-05-19 10:05:03,Puput Kumala Dewi,"Telkomsel, udah mah paket internet nya mahal...jaringan nya lelet suka tiba tiba ilang padahal bukan di tempat terpencil. nanti kalo kita ngeluh jaringan lelet, jawaban nya nyuruh kita cari tempat yg jaringan nya lebih bagus. padahal itu kan urusan nya dia sebagai penyedia layanan"
playstore,telkomsel,2026-05-19 10:01:38,Bagok Sa,saya mau beli Kouta malah error Mulu padahal jaringan lagi bagus
playstore,telkomsel,2026-05-19 10:01:18,Zainal.kottahatuhaha Enal,ok
playstore,telkomsel,2026-05-19 10:00:57,Akbar Mabrur,banyak bgt eror nya
playstore,telkomsel,2026-05-19 09:57:27,Mayang Diwana,bagus
playstore,telkomsel,2026-05-19 09:56:50,Harun Saputra,"bagusss cuman agak mines di Koutanya klo kita pindah"" daerah dari yang kota trus kita pindah ke kampung misal kita dari pulau lombok trus harganya 50k itu yang semulanya 24gb pas pindah ke pulau Sumbawa harganya ttp sama 50k tpi Koutanya menurun jadi 16gb klo bisa di kembalikan dari yang 16gb itu jadi 24gb kembali"
playstore,telkomsel,2026-05-19 09:48:26,Rahayu harike Harike,suka
playstore,telkomsel,2026-05-19 09:38:57,Yustinus Kanyot,"tolonglah perbaiki aplikasinya karena notifikasi ""anda tidak terhubung ke internet"" sering muncul terus dan sangat mengganggu sekali, apk ini sering muncul notifikasi muat ulang padahal data internet sudah nyala, tolong perbaiki"
playstore,telkomsel,2026-05-19 09:37:54,Novi Novitasari,paket murah meriah
playstore,telkomsel,2026-05-19 09:21:51,Muhammad Rizal Aria Wijaya,tadi aku beli paket data trouble terus Lalu tiba- tiba pulsa ku kepotong 5 ribu padahal saldonya tadi cukup buat beli paket datanya tapi pas mau proses tiba tiba gagal lagi akhirnya kepotong lg terus akhirnya Jadi gak bisa beli tolong jangan kek gini dong Telkomsel benahin itu aplikasinya jangan sampe ngerugiin konsumen. kalau gini terus jadi males pake provider telkom.
playstore,telkomsel,2026-05-19 09:21:18,Jefri Antoni,"telkomsel makin lama makin jelek aja,,,dah paket mahal jaringan nya tambah jelek"
playstore,telkomsel,2026-05-19 09:19:17,Aldo Khairun bakti,okee
playstore,telkomsel,2026-05-19 09:17:23,Muhammad Fadhil S,interesting
playstore,telkomsel,2026-05-19 09:15:36,Si Rio,Ok
playstore,telkomsel,2026-05-19 09:12:50,Alif Nasrian,"amplikasinya susah , login gk bisa masuk, eror mulu,"
playstore,telkomsel,2026-05-19 09:12:08,Pintu Belakang,terbaik lahh
playstore,telkomsel,2026-05-19 09:04:44,ewin kewen,super
playstore,telkomsel,2026-05-19 08:59:44,Sukirman Sunarwi,puas banget
playstore,telkomsel,2026-05-19 08:57:14,Rinny Amijaya,byr kartu halo di BNI gk bagus kelamaan loadingnya
playstore,telkomsel,2026-05-19 08:56:13,Ian Juliansyah,"puas banget sama admin"" nya, gercep membantu masalah"" di apk my telkomsel, di bantu dari 0-100, de best❤"
playstore,telkomsel,2026-05-19 08:49:54,Winda Handaya,"Ini app maunya apa sih!? udahlah skrg makin kikir, tapi app-nya masih sering bikin emosi. Heran ngga ada berbenahnya sedikitpun! dasar provider kikir!"
playstore,telkomsel,2026-05-19 08:44:45,Jackie AS,"Paket udah mahal jaringan jelek, bahkan jadi E , Harga tidak sesuai sama apa yg pelanggan dapatkan, HARUSNYA JIKA DI SUATU ZONA TERJADI HILANG JARINGAN, KALIAN ITU HARUS MEMBERIKAN KOMPENSASI ATAU MENGGANTI KERUGIAN DARI KUOTA YANG HANGUS KARNA TIDAK BISA DIPAKAI, KALAU BEGINI ORANG DIRUGIKAN KALIKAN SAJA BERAPA ORANG YANG TERDAMPAK ? PALING NANTI JUGA DI BALALS PARA CS DENGAN KATA ""MAAF BLABLA"" JAWABAN COPAS KALIAN YANG TIDAK BERGUNA"
playstore,telkomsel,2026-05-19 08:42:17,Syam Saja,Semakin hari semakin buruk
playstore,telkomsel,2026-05-19 08:38:33,Muna Waroh,sangat baik dan membantu sekali
playstore,telkomsel,2026-05-19 08:37:33,Denap Wedok,signal jelekk
playstore,telkomsel,2026-05-19 08:36:27,Ican Gagah,suka
playstore,telkomsel,2026-05-19 08:32:31,HADI PRAYITNO,layanan sangat lemot perbaiki kinerja mitra yg gk sopan
playstore,telkomsel,2026-05-19 08:18:07,Dwijo Admojo,"Tlg aplikasinya dibenerin min, saat kita buka aplikasinya loadingnya lama banget padahal internet nggak ada masalah"
playstore,telkomsel,2026-05-19 08:13:53,bisatya ikhsan,data pulsa sebelum nya hilang
playstore,telkomsel,2026-05-19 08:08:03,Hepi hepi,"saya beli kuota yang harga 100 ribu 45 GB tapi kepakai cuman 3 hari dan itu pun enggak 24 jam, jaringannya langsung jelek ❌ giliran masa aktifnya udah habis baru ada jaringannya korupsi"
playstore,telkomsel,2026-05-19 08:06:51,Askar r,"makin hari makin ngeleg aja hp di restart berapa kali pun tetep ngeleg suka hilang tiba"" main game bikin emosi kok tibatiba hilang gitu kalo gini muluh saya akan putuskan SAYA AKAN LAWANNNNNB!!!!!"
playstore,telkomsel,2026-05-19 08:05:45,Ari Majayana,"tolong adakan paket internet besar harga rakyat 30 hri, makin hari makin mahal 😭"
playstore,telkomsel,2026-05-19 07:59:52,Maswid Aj,"susah untk membukanya pdhl zinyal full..bnyk muter""nya"
playstore,telkomsel,2026-05-19 07:59:48,Risky Anugerah,mengapa memuat nya lama sekali? saya ingin membayar kenapa memuat nya sangat lama
playstore,telkomsel,2026-05-19 07:57:18,Rahmadi Salu,baik
playstore,telkomsel,2026-05-19 07:56:09,Udjang Rasid,good👍
playstore,telkomsel,2026-05-19 07:54:25,Ananda Sathria,"makin kesini aplikasi jadi tidak berguna sesederhana cek kuota dan beli pulsa dan kuota aja jadi lemot gara2 kebanyakan fitur gak penting, anda ini mau jual layanan internet atau gak sih optimasi in aplikasi anda jangan kebanyakan fitur gak penting"
playstore,telkomsel,2026-05-19 07:49:36,Suwarsa Thea,makin parah aja signal nya makin lemot gak kaya dulu
playstore,telkomsel,2026-05-19 07:46:49,REY Tampan,Jaringan simpati LEMOT !!!
playstore,telkomsel,2026-05-19 07:34:48,muhlis alisi,bagus
playstore,telkomsel,2026-05-19 07:34:03,Aril Sasimi,mantap tapi makin kesini makin pada mahal aja ini paket internet
playstore,telkomsel,2026-05-19 07:32:26,CRA MES,menunya berselemak. kebanting menu utamanya
playstore,telkomsel,2026-05-19 07:28:08,Putra 127,baguss apk nya sangat membantu cocok sekali
playstore,telkomsel,2026-05-19 07:17:21,Riki Kristian,mantaf
playstore,telkomsel,2026-05-19 07:12:38,Fathoni Berlimpah,paketnya mahal dan banyak pilihan membingungkan
playstore,telkomsel,2026-05-19 07:12:08,Lulu Laila,harganya pada naik semua Telkomsel
playstore,telkomsel,2026-05-19 07:08:34,Indo Karsim,"KESALAHAN SISTEM TERUS, TIDAK BISA DI MUAT ULANG. DICOBA LAGI, KESALAHAN SISTEM LAGI. KALIAN INI KERJA APA YA? APLIKASI BOTOL BEGINI DI RILIS KE PUBLIK."
playstore,telkomsel,2026-05-19 06:59:15,sups leXiZz,"aplikasi sampah, gua dari SMA sampe sekarang kerja itu pake telkomsel terus ga pernah tuh dari aplikasi ada notifikasi kalau kuota mau habis, jadi percuma dong ada aplikasi MYTELKOMSEL Sampah ini ? sayang banget kan kalau ada sisa pulsa terus kesedot mana paket mahal mahal lagi ga ngotak"
playstore,telkomsel,2026-05-19 06:54:59,Noey andreana,telkomsel memang bagus
playstore,telkomsel,2026-05-19 06:54:58,Eric Dorman,GX pernah jelas padahal paling mahal
playstore,telkomsel,2026-05-19 06:54:14,Alfiq,"kuota gamesmax dikorupsi, berbicara dengan costumer servis malah disuruh beli paket lagi, alasannya kuota gamesmax tidak dapat digunakan untuk login MLBB, saat sudah login menggunakan kuota INDOSAT bisa dan diganti ke kuota gamesmax Telkomsel malah loding dan tidak dapat melakukan aktivitas apapun di MLBB harga kuota hanya Rp.5000 tetapi hanya terpakai 20mb sangat tidak masuk akal"
playstore,telkomsel,2026-05-19 06:51:03,Johan Ananta,server sering down
playstore,telkomsel,2026-05-19 06:46:58,Ulfhatun Widiastuti,"sangat buruk, mau beli paket loading nya lama sekali. dan tidak user friendly"
playstore,telkomsel,2026-05-19 06:42:57,Genetri Sukses,sering error
playstore,telkomsel,2026-05-19 06:36:48,Edi Rosyadi,"payah ,gangguan terus , isi saldo gak masuk2,"
playstore,telkomsel,2026-05-19 06:35:44,lubuak lumpank,mantaaappp
playstore,telkomsel,2026-05-19 06:30:55,Sulis Sankiss,"Alhamdulillah Semoga tambah maju dan amanah, dari dulu sampai sekarang masih setia dengan Telkomsel."
playstore,telkomsel,2026-05-19 06:26:54,Kiki Alamsyah,Cs ya kurang responsip
playstore,telkomsel,2026-05-19 06:11:43,Murdionopakdina,susah untuk login pertama x
playstore,telkomsel,2026-05-19 06:07:19,AzrielWaAlli,luar biasa
playstore,telkomsel,2026-05-19 05:59:17,Agustin 3391,sangat puas
playstore,telkomsel,2026-05-19 05:58:31,Sulaiman_Iman iman,jaringan kurang memuaskan
playstore,telkomsel,2026-05-19 05:50:57,darius ati,baik sekali
playstore,telkomsel,2026-05-19 05:39:45,Dhanuja,iklan nggak sesuai harga...
playstore,telkomsel,2026-05-19 05:34:30,Welemfurqon Furqon,"Telkomsel selular paling ternama indonesia , tp knp giliran PLN mati listrik jaringan juga ikut mati. modal energi donk jangan ngandelin PLN"
playstore,telkomsel,2026-05-19 05:31:25,Sadah Farhanah,"di SMS terus suruh bayar Telkomsel prasca bayar, tapi mau di bayar ga bisa terus , error lah, ini lah, itu lah. suruh nunggu terus beberapa saat, tetep gak bisa"
playstore,telkomsel,2026-05-19 05:25:38,Nanda Aprilia,ok lah
playstore,telkomsel,2026-05-19 05:22:02,Moms Yasmindilan,sangat baik
playstore,telkomsel,2026-05-19 05:06:41,Tri Agustina,kenapa ya lemot sekali app nya
playstore,telkomsel,2026-05-19 05:03:11,Lintang Asmoro,Kalender kalian sekarang mentok di 28 hari saja ya?
playstore,telkomsel,2026-05-19 04:32:55,Moses 2151,kemahalan paket pakenya waktu habis pake juga hangus bisa di perbaiki untuk masyarakat banyak
playstore,telkomsel,2026-05-19 04:18:15,selvia dwi hasta,good
playstore,telkomsel,2026-05-19 04:00:54,Yanto Pongoliu,Makin lama Kartu Makin Mahal Paketnya
playstore,telkomsel,2026-05-19 03:33:17,Andaru Apta,sangat membantu
playstore,telkomsel,2026-05-19 02:42:42,OM SYAM,nanti saya update bintangnya klo paketnya sudah murah..
playstore,telkomsel,2026-05-19 02:36:43,Wildan Wildan12,"pelayanan terlamban dan terjelek ,nomer terblokir dan sudah di reg kembali dan berhasil reg tapi tetap ke blokir nge hubungi cs malah berbelat belit ga ada solusi 👎👎👎👎"
playstore,telkomsel,2026-05-19 02:31:52,Calvian adp,"makin hari makin mahal aja paketan lu, baru beli kemaren besoknya dah ilang. mana ga ada yang terjangkau pula harganya. pilihan macam apa itu, rugi dong!"
playstore,telkomsel,2026-05-19 02:30:19,Muhammad Arif,"kualitas tempe, jaringan di kota macam di hutan👎🏿"
playstore,telkomsel,2026-05-19 02:13:43,Rahmat Rinaldi,"mahal ente,benerin sinyal ente ,telkomsel"
playstore,telkomsel,2026-05-19 01:59:36,Charles Tarigan,super bagus
playstore,telkomsel,2026-05-19 01:43:13,Angga Sulaiman,ok
playstore,telkomsel,2026-05-19 01:35:48,Khoirull Anw,"Paketan mahal , Sinyal Hmmm.. Parahh pdhl dah 5G -_-"
playstore,telkomsel,2026-05-19 01:25:00,yanto,semakin lama semakin parah telkomsel jaringan semakin buruk.
playstore,telkomsel,2026-05-19 01:21:51,Zahrul Fuadi,"jelek banyak ribet nya kaya apk abal"" jelek pokok nya banya error"
playstore,telkomsel,2026-05-19 01:21:17,Zulham Zulham,ok
playstore,telkomsel,2026-05-19 01:06:18,Vinz CS,"Paket makin mahal terus, sisa kuota malah angus, kualitas jaringan masih sering gangguan"
playstore,telkomsel,2026-05-19 01:03:41,Risky Ikie,sangat puas saya
playstore,telkomsel,2026-05-19 01:03:31,Wili Harefa,"apa jaringan emng gak bisa bagus lagi yah tuan admin capek nungguin terus loading nya lama banget harga paket makin hoki, giliran jaringan malah lowbat alias lelet di usahakan lah jaringan nya di bagusin pada kecewa nih kek Nya pecinta Telkomsel"
playstore,telkomsel,2026-05-19 00:47:14,yayan Sopyan,sangat membantu dan kalau bisa lebih murah paketan nya apalagi seorang pelajar seperti saya
playstore,telkomsel,2026-05-19 00:43:53,Lestari Tari,ok
playstore,telkomsel,2026-05-19 00:43:43,MUHAMMAD RIDWAN,sangat menyesal pake operator telkomsel...sekarang paket semakin mahal..tapi jaringan semakin lemot...dari dulu telkomsel paketnya paling mahal tapi jaringanya setabil...sekarang paling lelet dam mahal
playstore,telkomsel,2026-05-19 00:39:28,rohman udin,kenapa gk bisa login dah kocak bet
playstore,telkomsel,2026-05-19 00:19:33,- Apiss -,"beli paketan mahal, tapi kualitas murah tutup aja. mending pakai indosat"
playstore,telkomsel,2026-05-19 00:12:59,Kartini Iin,"mau tukar poin untuk dapat kuota gratis tapi malah dibilang poin nya kurang, padahal butuh 3000 poin sementara poin saya ada 9.000 lebih , saat diulang malah tidak bisa diproses, jadi sekarang selain harga kuota yang makin nggak masuk akal ikutan nipu pelanggan juga yah, makin bobrok aja"
playstore,telkomsel,2026-05-19 00:12:46,Dede Fadli Nst,"poin telkomsel yang saya tukarkan ke salah satu program Ekstra Gembira di aplikasi dinyatakan sudah diklaim tapi hadiah penukaran tidak masuk dan di sms 777 menyatakan saya bukan pelanggan yang memenuhi syarat namun di aplikasi menyatakan saya memenuhi syarat, bukan masalah nominal dan hadiahnya tapi saya sudah lapor CS namun hasilnya nihil dan saya dibawa ke link yang rusak"
playstore,telkomsel,2026-05-19 00:11:59,Joyo,bgus
playstore,telkomsel,2026-05-19 00:06:28,Roy Raisi,udah beli kuota mahal mahal tapi gak masuk apaan bahkan CS nya di hubungi malah Ngilang bales lah chat costumer udah bayar malah kuotanya gak masuk
playstore,telkomsel,2026-05-19 00:01:53,Yuda Yuda,jaringan lelet banget
playstore,telkomsel,2026-05-19 00:01:16,Edii Suciptoo,sangat puas sayangnya jaringan ditempat saya yg susah
playstore,telkomsel,2026-05-19 00:00:10,Yoga / Lt3.creation,Aplikasinya lemot banget😭
playstore,telkomsel,2026-05-18 23:48:41,Rafael Ethan,jelek
playstore,telkomsel,2026-05-18 23:46:49,Ucu Dhani,kenapa Telkomsel sering ganguan jaringan padahal dari semua kartu paket internet Telkomsel paling mahal aku pelanggan setia Telkomsel selalu mendapatkan jaringan buruk padahal.. ayo kembalikan jaringan Telkomsel 10 tahun yang lalu yang selalu no 1 jaringan paling bagus.. tolong perhatikan perawatan towernya..
playstore,telkomsel,2026-05-18 23:40:16,abde chameed,sering NGELAG jaringan lelet
playstore,telkomsel,2026-05-18 23:39:04,Jaka Jakar,bagus
playstore,telkomsel,2026-05-18 23:38:24,Kirsudin 97,"Buka my Telkomsel pake sinyal wifi lemot apk sekelas jaringan terbesar masih bobrok ,, setidaknya buka apk semua jaringan bisa jgan di sting harus pake tetring atau data Telkomsel gua buka apk ya mau beli pake data ribet lemot apk enggak layak!!!"
playstore,telkomsel,2026-05-18 23:30:25,Servicepoint Semolo,"Maaf sy pelanggan Telkomsel lumayan lama, kenapa akhir"" ini jaringan tidak stabil & semakin lama semakin lemot. sy sebagai pelanggan setia cukup kecewa, mahal kualitas jaringan buruk"
playstore,telkomsel,2026-05-18 23:27:30,Ff Aimbot,"Sumpah dari kemaren kemaren belum ada tanggapan tentang sinyal matot nya.perbaikin lah, masa signal full tapi lag nya minta ampun"
playstore,telkomsel,2026-05-18 23:27:13,Musdalifah Iphe,jelek
playstore,telkomsel,2026-05-18 23:25:58,Newtube Wanderer,"data dari minggu kemari ga bisa di pake, gimana si ini pusat nya"
playstore,telkomsel,2026-05-18 23:25:01,Adi Firmansyah,mantap pak aplikasi nya
playstore,telkomsel,2026-05-18 23:24:16,BEMBENK,"aplikasinya sakit butuh ke dokter,, asli loading serasa masih dijaman batu 👎🏻👎🏻👎🏻 indihome lemothome"
playstore,telkomsel,2026-05-18 23:11:59,Indra Sukma,"buffering parah min, jaringan 5g masih tetep buffering"
playstore,telkomsel,2026-05-18 23:05:31,Aan Aseng,jaringan secepat kilat
playstore,telkomsel,2026-05-18 23:02:55,Wisnu Andika,woi knp sih skrg jaringan nya makin jelek paket mahal2 jaringan jelek gimana solusinya ini makin ngga puas make Telkomsel
playstore,telkomsel,2026-05-18 22:42:08,Ariel Ghorby,"Semakin lama saya makin kecewa dengan Telkomsel. Dulu pelayanannya menurut saya bagus, tapi kenapa sekarang banyak paket internet yang hilang? Harga paket juga makin naik. Memang masih ada yang murah, tapi masa aktifnya hanya beberapa hari saja. Paket yang sering saya gunakan seperti Internet Sakti sekarang malah sudah tidak tersedia. Padahal paket itu cukup membantu dan cocok dipakai dalam jangka lama. Sebenarnya apa alasan paket-paket seperti itu dihilangkan? Semoga bisa dipertimbangkan kembal"
playstore,telkomsel,2026-05-18 22:36:38,Ahsanul Ayaad,"kalo hoki, jaringan bisa bagus seharian, kalo gak hoki, 2-3 hari jaringan jelekkk"
playstore,telkomsel,2026-05-18 22:36:07,Dede Priyanto,"jujur ya kami sudah penguna Telkomsel sdah 8 tahun lebih,,sangat kecewa dengan jaringan Telkomsel skrg ., sering lemot & hilang2 terus jaringan nya internet lambat & buruk . katanya Telkomsel internet nomor 1 di dunia . tolong buat staff manager Telkomsel terhormat perbaiki sistem kedepannya lebih baik dari sebelumnya.. terimakasih !!!!"
playstore,telkomsel,2026-05-18 22:34:46,Chanyeol Daeli,"tolong banget ya buat Telkomsel, itu jaringannya nge lag parah. tolong dibenerin"
playstore,telkomsel,2026-05-18 22:32:07,ODHING OFFICIAL,"provider Telkomsel ini ,sinyal internet nya apa ada gangguan ya , sering sekali lemot , kasihan pengguna provider Telkomsel kalau sinyal internet nya tidak stabil dan sering lemot ,kuota beli tapi sinyal internet mengecewakan ,mohon di perbaiki."
playstore,telkomsel,2026-05-18 22:31:51,US MAN,Sundala nne Telkomsel
playstore,telkomsel,2026-05-18 22:30:15,Abdulloh Abdul,terbaik
playstore,telkomsel,2026-05-18 22:28:10,Dika Saputra,ini bagus siih tapi tolong dong poin nya bisa di tukarin ke kuota tapi intinya ini the beast
playstore,telkomsel,2026-05-18 22:28:09,RORYANSYAH Ansyah,makek udah lama gak ada perubahan sinyal jelek harga paket mahal
playstore,telkomsel,2026-05-18 22:25:15,Deden Munawar,telkomsel jaringan nya jelek amat kouta padahal masih banyak apalagi di kasih hujan malah ga bisa muter buka vidio juga
playstore,telkomsel,2026-05-18 22:21:38,Toni Hermanto,buruk sekali csnyaa
playstore,telkomsel,2026-05-18 22:21:04,Erna Irsyadiyah,tambah mahal yak😔😔
playstore,telkomsel,2026-05-18 22:16:23,Shara Glory,aplikasi nya bagus
playstore,telkomsel,2026-05-18 22:12:17,hamzah fanzuri,"semakim sini semakin mahal, jaringan ga stabil, lemot di daerah kab. tangerang. mohon diperbaiki"
playstore,telkomsel,2026-05-18 22:10:28,bagus irawan,sinyal gak jelas tapi kuota harga mahal
playstore,telkomsel,2026-05-18 22:04:41,Ilham Harianda,ok
playstore,telkomsel,2026-05-18 22:01:59,Pendi Sopandi,"semakin kesini.. semakin gajelas, udah masuk nya sekarang harus pakai internet, suka keluar"" sendiri, terus jaringan full tapi lambatkecewa saya"
playstore,telkomsel,2026-05-18 21:59:16,Rizal Ilul,minta paket geratis
playstore,telkomsel,2026-05-18 21:57:52,Embah so Embah so,mantul mantab betul dan terpercaya apk Telkomsel ini 👍
playstore,telkomsel,2026-05-18 21:56:20,Sona Abdullah,kartu ampas
playstore,telkomsel,2026-05-18 21:55:52,Theo Green,"aplikasinya lemot, sama kaya singal nya, paket mahal2 coba diperbaiki kualitasnya."
playstore,telkomsel,2026-05-18 21:52:23,Esti Mumpuni,"Mahal tapi signal jelek sekali , Customer service tidak ada solusi"
playstore,telkomsel,2026-05-18 21:50:26,Adsa Prianto Bunga,Paling banyak korupsi paket. kita sudah beli masih banyak sisa qwota malah habis krna masa berlaku. ampasss
playstore,telkomsel,2026-05-18 21:50:12,Ok Ok,jaringan sering lemot boss
playstore,telkomsel,2026-05-18 21:48:56,babeh zainal,hadeh
playstore,telkomsel,2026-05-18 21:46:15,Jesse Duncan,"layanan pada halaman utama jelek, bagusan yang lama"
playstore,telkomsel,2026-05-18 21:45:45,Dodi Nugraha,mau masuk aplikasi dan cek kuota aja sekarang susah
playstore,telkomsel,2026-05-18 21:45:38,Sa Ya,bagus
playstore,telkomsel,2026-05-18 21:45:02,Ml Andra,mantap
playstore,telkomsel,2026-05-18 21:44:39,Galaxy Ong,"aplikasi busuk, lemot, bikin hp berat, harga paket makin mahal"
playstore,telkomsel,2026-05-18 21:42:21,Khusnan Mochammad,menu ke bagian Indihome nya kenapa lemot banget
playstore,telkomsel,2026-05-18 21:40:13,Nurcaya,pelayanan 👍
playstore,telkomsel,2026-05-18 21:31:28,Hendra Sibeh,jaringan kontoll
playstore,telkomsel,2026-05-18 21:28:53,zaza pujo,semoga info selalu falid
playstore,telkomsel,2026-05-18 21:27:24,Putra Syahputra,ok
playstore,telkomsel,2026-05-18 21:24:20,Muhammad Fawaid,oke
playstore,telkomsel,2026-05-18 21:22:06,Dendy Dendy,"solusi bodohh jaringan jelek harus restart hp nya ,, provider lu nya aja kualitas nya jelekkkk"
playstore,telkomsel,2026-05-18 21:20:16,Bachtiar Mms,bagus
playstore,telkomsel,2026-05-18 21:17:38,febian 26,pengguna Telkomsel sudah 5thn Telkomsel kenapa makin kesini makin busuk ya paket internet makin mahal bukannya makin bagus ini malahan makin busuk. klo kaya gini mending ganti provider parah parah
playstore,telkomsel,2026-05-18 21:16:23,Miona Raquel,"CS nya AI pas diminta ke manusia nunggunya kayak nunggu kiamat. Itu juga belum tentu direspon. Beli kuota rasa ga beli apa-apa. Kuota mahal tapi loadingnya parahnya minta ampun. Si veronika nyuruh refresh mulu, mah se refresh apa lagi coba???? Kan ga iya setiap 40 menit sekali di refresh, jadi tujuan orang beli kuota cuma untuk refresh gitu? saya komen disini karena dari app ny susah dihubungi, hanya sj vero mulu yang jawab!"
playstore,telkomsel,2026-05-18 21:15:42,Samrel Pwk,sinyal jelek mulu dah heran
playstore,telkomsel,2026-05-18 21:13:31,Gabriel Omar Alputila,lemot sekali setiap dibuka aplikasinya
playstore,telkomsel,2026-05-18 21:10:14,efootball 24,kuota mahal sinyal burik..
playstore,telkomsel,2026-05-18 21:07:37,OPNAME KLINIK SERVICE HP JOGJA,sungguh luar biasa simpati Telkomsel sampai saat ini slalu dihati
playstore,telkomsel,2026-05-18 21:03:48,eman CellA,Mantap
playstore,telkomsel,2026-05-18 21:01:27,Nugs Roho,"APLIKASI BUOSOK, ISINYA DIKIT TAPI NGELAG NYA LAMA BANGET, Loading terus, minimal upgrade sistem, cuman bikin kecewa pengguna aja cuih"
playstore,telkomsel,2026-05-18 21:01:00,Danu Saputra,keren
playstore,telkomsel,2026-05-18 21:00:27,Dessya Rizky,"apknya nge lag, pdhal jaringan ,hp bagus, loadingnya lama bgt jir, kadang juga di pencet tulisannya eror trus"
playstore,telkomsel,2026-05-18 20:58:50,GINANJAR IKBALM,"memang pantas dapat bintang 1, sinyal nya kadang mudah kadang sulit"
playstore,telkomsel,2026-05-18 20:57:33,Mitro Tro,sangat bagus👍
playstore,telkomsel,2026-05-18 20:56:18,Yosi Yanto,"kenapa pulsaku tersedot tanpa pemakaian jelas.1110 terpakai tanpa kejelasan..korup,sinyal jelek..tidak lagi pakai telkomsel lagi..habis data langsung buang..maling pulsa.fiturmu jelek semua,film gak mutu..tempatku telkomsel sinyal 2..gak usah sombong jaringan kuat padahal super lemot.."
playstore,telkomsel,2026-05-18 20:53:39,Hafidz Hanafi,bagus banget jaringan nya tidak ngelag sama sekali dan bikin saya puas sama murah meriah
playstore,telkomsel,2026-05-18 20:49:19,Novenri Ambarita,"paketan makin mahal, masa aktifnya dikurangi, sinyal pun makin jelek, makin hari makin ga jelas ini Telkomsel"
playstore,telkomsel,2026-05-18 20:48:16,Wira Doank,mau beli pulsa aja di persulit buat login
playstore,telkomsel,2026-05-18 20:47:31,realme c11,"ampun ini jaringan makin hari makin lemot, kerjaan jadi telat sumpah kesel banget"
playstore,telkomsel,2026-05-18 20:46:36,Gregoriushugo Cahyono,Telkomsel oot jaringan satelit di hutan kali dikit dikit nge lag
playstore,xl,2026-05-23 21:34:29,nobe lity,ilang ilang heh
playstore,xl,2026-05-23 21:23:12,maidy Muza,ini xl ada apa sih lelet banget. pindah kartu lain ajah ah yg lebih lancar jaringannya
playstore,xl,2026-05-23 21:08:49,Andi Priyatna,"WOYY XL PERBAIKI SINYALLL LUU, XL PRIORITAS TAPI SINYAL AMPASSSS"
playstore,xl,2026-05-23 21:07:58,REGA YONDA,"mahal semua, jaringan putus², beli paket yg 14 gb malah di kasih 9gb."
playstore,xl,2026-05-23 21:04:27,Kelik Subardiman,"Paket 5G Quota masih banyak dan masih aktif,kenapa tidak ada sinyal sambungan internetnya?nggak ada pemberitahuan juga?"
playstore,xl,2026-05-23 21:02:33,aji Widodo,"apalah Kartu XL ini sinyal kadang ilang² sendiri, skrg update juga malah kuota makin mahal dan nge lag nya lebih parah pas main game gabisa gerak , kecewa"
playstore,xl,2026-05-23 20:59:35,Jamal Jamalludin,butut
playstore,xl,2026-05-23 20:59:18,Uwais Al-qorny,bagus
playstore,xl,2026-05-23 20:49:21,Syaif al-anam,"Aplikasi KOPLAK, LEMMMMMMMMOT... sayang TIDAK ADA bintang 1/4 itu nilai yg PAS, XL BELKOT, MAKIN PARAH KAU, nunggu paket habis, setelah itu by.. by.. by XL"
playstore,xl,2026-05-23 20:49:12,M Rafky,gimana sih XL padahal pake prioritas masih aja sinyal hilang timbul saat mati lampu tapi sinyal kayak Telkomsel dll gak mati tolong di perbaiki please
playstore,xl,2026-05-23 20:47:49,Cahaya Ilahi,mantap GK ribet.sangat memuaskan
playstore,xl,2026-05-23 20:46:32,Tata “Tata” Nazreil,"dah 2 minggu aku gx pke data seluler my xl kirain udh stabil taunya klo di jam 19:00 sampe jm 21:00 itu sering lemot muter"" mulu,,saya di jakbar"
playstore,xl,2026-05-23 20:44:05,Arby Lg,sinyal nya susah kenapa iniii
playstore,xl,2026-05-23 20:41:58,Rozi Sastrawan,XL sinyal kentut
playstore,xl,2026-05-23 20:41:30,Muhammad Febri,sinyal telat telatan aja sangat buruk
playstore,xl,2026-05-23 20:36:36,Muhamad usman,tidak bisa beli paket yang ada di menu sangat mengecewakan tolong segera di perbaiki
playstore,xl,2026-05-23 20:32:37,Ocol ocol,beli paketan mahal jaringan susah
playstore,xl,2026-05-23 20:24:01,924doel,"signal jelek, gak stabil rugi kuota"
playstore,xl,2026-05-23 20:22:24,šěrizawă Tamao,"ko jaringannya jadi jelek gini sih min, parah makin hari makin jadi, tolong perbaiki jaringannya nanti saya kasih bintang 5"
playstore,xl,2026-05-23 20:12:00,ghofar ismail,"call center gak berfungsi sama sekali... waktu jadi firstmedia layanan bagus.. semenjak jadi xl turun drastis.... aslii, dpt aplikasinya di call center gak bisa.. bikin aduan pas waktu cetak tiket jd troubleshoot.... payah bangett... kalo ada bintang minus 5 tak pilih... dah berbulan2 kayak gini"
playstore,xl,2026-05-23 20:10:57,Zaenal Arifin,najisssss sinyal nya jelek parah.bulan besok gw ganti pake simpati.xl najiss
playstore,xl,2026-05-23 19:54:43,Muhammad Daud Dzulfikar,"provider jelek, hari hari ilang jaringan"
playstore,xl,2026-05-23 19:45:35,Juan,"Ini kenapa Bonus kuota XL circle ku gak bisa diambil katanya error mulu,udah 2 kali kejadian kayak gini lagi masa gak di perbaiki ,rugi banget ini mah gak bisa ngambil, pasti ada aja error nya ini apk ,udah susah susah menuhin XL circle nya biar dapet bonus 5GB malah gak bisa diambil , tolong dong segera di perbaiki masa pengguna nya di buat rugi mulu , tolong perhatian nya Terimakasih🙏🙏"
playstore,xl,2026-05-23 19:45:02,alisa Pis,najis apknya mau bka apk nya malh muter trus geleh. sinyal ilang ilangn trus gmau pke kartu ini lgi
playstore,xl,2026-05-23 19:35:57,On Print,sangat buruk saya isi paket beberapa kali pulsa hangus paket data tidak masuk
playstore,xl,2026-05-23 19:32:01,Akbar Maulana,"ini makin lama dibiarin makin rusak, beli pulsa dengan harga 20 rb aja gak bisa dibeli, padahal pulsa udah 20 rb,udah nunggu beberapa hari masih aja gak bisa dibeli, dan juga ada kuota yang harga beli 3rb padahal pulsa ada, kok gak bisa dibeli, katanya ganguan, error alah tolollll"
playstore,xl,2026-05-23 19:25:35,AHMAD FAHRI RAMADHAN,jaringan jelek.
playstore,xl,2026-05-23 19:23:05,Muhamad Usman,saya tidak bisa membeli kuota di aplikasi
playstore,xl,2026-05-23 19:17:58,Edy,sinyal buruk
playstore,xl,2026-05-23 19:16:22,Aidan Ali,"kartu bermasalah,ga beda jauh sama tri👎👎 setiap 30-60 detik harus nyala matiin mode pesawat biar sinyal lancar,udh dikasih rating segini bukannya dibenerin malah di diemin,ga worth banget nih kartu,sinyal ny klo lagi jelek ga ada tuh yng otomatis cari sinyal terbagus daerah sini,gendeng gblk"
playstore,xl,2026-05-23 19:14:39,Faiys76,"aplikasinya sudah Bagus tapi tolong di benarkan saat membeli kuota error dan tulisannya ""terjadi gangguan saat memuat halaman ini"". terimakasih."
playstore,xl,2026-05-23 19:13:27,TV Majlis Sholawat & Nasyid,"XL 5G merata, cuma kurangi harga paketnya dan masa juga di perpanjang"
playstore,xl,2026-05-23 19:12:41,Hada Fathulloh,"operator tukang tipu.... jaringan XL bapet kyk keong. asu,bedul"
playstore,xl,2026-05-23 18:56:52,sogik artawan,mohon maaf. kenapa signal xl sekarang parah rusaknya ya? untuk daerah ubud sampai tampak siring. gianyar. bali
playstore,xl,2026-05-23 18:53:05,Muh Subandi,ini XL makin lama sinyalnya makin susah banget jaringannya suka ilang2an
playstore,xl,2026-05-23 18:47:07,Langzz,lemot banget pelayanan gajelas
playstore,xl,2026-05-23 18:41:26,Pangger Aji Sanjaya,"makin kesini,,,,makin buruk sinyal nya... apa Lg disaat cuaca hujan... lag parah...."
playstore,xl,2026-05-23 18:20:16,Darren Moreno,sinyal ngentod
playstore,xl,2026-05-23 18:14:50,Arif Setio Adi,sinyal makin lama makin jelek ga da perubahan ilang2 trus sinyal
playstore,xl,2026-05-23 18:13:26,Luthfi Fadhlillah,"tidak membantu sama sekali, SAMPAH"
playstore,xl,2026-05-23 18:13:06,Alby Lutfan,"Gimana xl ini langganan bertahun tahun sekarang makin lemot kecewa,diperbaiki lagi"
playstore,xl,2026-05-23 18:11:06,Diana 82,mengecewakan
playstore,xl,2026-05-23 18:06:56,Ridwan Darmaputra,"sinyal busuk, k harga kuota mahal"
playstore,xl,2026-05-23 17:57:31,Abio Zaki,"jaringan nya knp sekarang ngelag kali, setiap ada masalah pasti ngelag minta ampun tolong diperbaikin lagi lah"
playstore,xl,2026-05-23 17:53:01,M J,"Maya BERGUNA EMANG??!! TIAP KITA CHAT TUH BOT, BAKAL BENERAN DI TANGGEPIN AMA ORANG BENERANNYA? Stok voucher habis di bonus 5gb circle itu apaan mangsutnya??? Bisa gitu ya, aplikasi kaga jelas apaan tau jadinya"
playstore,xl,2026-05-23 17:51:10,Adit Asahan,kartu taik sinyal parah
playstore,xl,2026-05-23 17:48:16,Jimi Arta,sangat bagus
playstore,xl,2026-05-23 17:45:49,Anto Nurdianto,"sinyal lu makin busuk aja parah , masa kalah sama kartu murahan , parah amat , perbaiki tuh sinyal internet , ganggu pekerjaan"
playstore,xl,2026-05-23 17:44:45,MARANNU RANU,terimakasih XL
playstore,xl,2026-05-23 17:37:49,Take Profit,"layanan call center (xlsatu) sungguh mengecewakan mau kontak call center suruh update tapi di playstore ga ada update terbaru , di WA juga jawab nya ampe bikin pegel nungguin siap siap putus langanan padahal udah dari tahun 2018 mendingan firstmedia call centernya lebih bermutu"
playstore,xl,2026-05-23 17:30:34,Heru,suka ngilang sendiri jaringan sinyalnya. sering gangguan pas mau beli paket internet
playstore,xl,2026-05-23 17:22:40,Bur Nadin,tolong tambahin fitur dark mode gelap
playstore,xl,2026-05-23 17:15:02,kurnia rahmath,sy isi pulsa malah di potong g jelas
playstore,xl,2026-05-23 17:14:22,Ahmad Haris,"tolong sinyal kenapa jadi sering ngilang sii, minta tolong di perbaiki segera"
playstore,xl,2026-05-23 17:13:17,Doni Irawan,XL prioritas kontollllllllll merugikan saja . mau di ubah ke XL prabayar gak bisah karna Al center nya dapat uang banyak klo kita pke XL prioritas kontollllllllll
playstore,xl,2026-05-23 17:09:02,Nur Aini,sejak diupdate apknya makin lemotttt
playstore,xl,2026-05-23 17:04:13,Irfan Maspan,"jujur sih ya awalnya emang baguss tapii akhir akhir inii beli voucher fisik trus di aktivasi ga pernah dapet bonus kuota biasanya juga dapet jadi kaya aneh aja,trus kuota bebas puas yang biasanya bisa di kurangin jumlah masa aktif nya sekarang gabisa jadi kalo punya uang mepet suka bingung beli yang apa.udah update juga tapi ya gitu keseringan ga dapet bonus kuota dari voucher fisik sih,jadi suka bingung kalo ga ada kuota+ ga ada pegangan,kalo pun ada xl poin juga yaa gitu deh"
playstore,xl,2026-05-23 16:53:53,"Ferdian, S.Kom.i.",5 device untuk buka aplikasi milik sendiri pakai jaringan sendiri ngga bisa lawak
playstore,xl,2026-05-23 16:34:29,Elang hitam Hitam,kesalahan jaringan mulu padahal gak ada yang salah
playstore,xl,2026-05-23 15:47:13,Alin Vivo,"tidak berguna, setelah di update eh.. gk bisa di buka"
playstore,xl,2026-05-23 15:44:34,Farr,"Kouta makin mahal,bonus ngisi voucher lewat apk di hilangkan,total transaksi XL circle sudah lebih dari 100 ribu tapi gak dapat bonus Kouta 5 GB.minimal kalau harga makin mahal apk nya jangan banyak bug, nyusahin pengguna doang"
playstore,xl,2026-05-23 15:34:19,Ony Andesta,tolong dong di perbaiki lagi sistem nya massa barusan saya beli voucher pas mau di masukin malah eror emang sering si saya kaya gini tapi kali ini udh berapa kali coba masukin ga bisa-bisa juga gimana ni pihak xl tolong dong di perbaiki lagi saat mau memasukan voucher XL nya
playstore,xl,2026-05-23 15:26:24,Nizar Zulmi,"jaringan taii,,,jamkot Mulu anjjing"
playstore,xl,2026-05-23 15:22:39,Sanzz !!,"scam anj sinyalnya cok, bar nya sih full tapi ngeleg banget anj, tolol anj operator xl sumpah"
playstore,xl,2026-05-23 15:10:16,Ahcmad Jamil,Semakin Lama Semakin Mahal Aja Beli Kuota didalam Aplikasi seharusnya sering ada promo/ kuota agak lebih murah jadi pengguna itu puas selalu beli paket data didalam Aplikasi
playstore,xl,2026-05-23 15:00:24,Andi Rizul,"harga paket mahal, jaringan naik turun pula provider nggak jelas"
playstore,xl,2026-05-23 14:57:46,m nizar Eka,"ini gara gara FIRST MEDIA GABUNG XL SATU ....layananya jadi BUSUK, LEMOT,KOMPLAIN TIDAK DI RESPON . saya sudha byar tagihan, tp internet tetep gak bisa. chat di My XL - diarahkan ke WA setelah di WA malah no respon sudah chat CS - NO RESPON sudah email CS - NO RESPON KAMI BINGUNG KOMPLAIN KEMANA. masih mudah ketika masih FIRST MEDIA DULU, aplikasinya ok,,,CS regional surabaya juga fast respon. makin benci xl satu"
playstore,xl,2026-05-23 14:53:13,Teman Kampung,sebenarnya ini XL bagus tetapi saat saya beli qouta 5g lag parah njir
playstore,xl,2026-05-23 14:39:08,Fawwaz Azka,pulsalaternya kok cuma dapet 4rb aja dikit banget
playstore,xl,2026-05-23 14:37:52,tarigan ginting,"main game ml jd putus"" koneksinya di hospot dr hp lain pke kartu merah lancar jaya, gw kirain server dr ml nya rupanya dr xlnya yg lemot"
playstore,xl,2026-05-23 14:16:36,Elton Mode singgel,kartu gak guna baik Telkom dari pada lu kalo mau apa apa lag terus sinyal nya tapi pas gw gak ada kuota dia lancar apa masalah kalian sama gw
playstore,xl,2026-05-23 14:16:36,Adi Setiyawan,kenapa xl jaringannya makin lemot daerah penggilingan
playstore,xl,2026-05-23 13:57:38,MUHAMMAD NIZAR EKA BAKTI,"layanan call centernya internet masih lbh mudah di akses ketika masih menjadi FIRST MEDIA... dulu ketika masih FM, ada trouble, tinggal call/by aplikasi, tehnisi langsung datang. skrg sudah di akusisi XL Satu,,,eh call centernya makin nyungsep... di wa jarang respon, ada kendala tidak fast respon. ampun dah xl satu"
playstore,xl,2026-05-23 13:50:21,Ryan?,fitur pulsa later bantu bngt pas gk punya uang
playstore,xl,2026-05-23 13:36:11,Febry elfata,"Apk gak jelas, sering eror masa mau beli paket selalu mental mulu"
playstore,xl,2026-05-23 13:33:28,Dark ness,"sinyal paling lelet dari semua operator, nyesel gua pkek kartu XL"
playstore,xl,2026-05-23 13:26:29,yosua wijaya,"pelayanan jelek, bales nya lama"
playstore,xl,2026-05-23 13:24:17,Muraliza Za,"Tolong Tambahkan WIDGET untuk menampilkan sisa Kuota & Pulsa, karna myxl sering maintenance, jadi adanya Widget tentu sangat membantu🙏"
playstore,xl,2026-05-23 13:07:25,Udah Bingung,"kalo mau bangkrut, bangkrut aja si. di kampung ngeleg, di kota ngeleg, pagi ngeleg, siang ngeleg, sore ngeleg, malem ngeleg, subuh, ngeleg, 2 tahun ini XL lancarnya ga full 1 hari/ 1minggu , paling 2x main ML abis itu udah lag lagi. tiap bulan selalu rugi. beli paket bulanan 100gb lebih. kepake ga ada 10 gb mentok 3gb itu juga lancar cuma whatsapp buka vidio gambar, mudah mudahan bangkrut cepet"
playstore,xl,2026-05-23 12:57:20,Resa Rara12,"Manis di awal doang ,bnyak bnget gangguan nya ,Skrang aja gangguan gak bisa login game ."
playstore,xl,2026-05-23 12:51:52,Wahid Noers22,"beli kuota paki duit nyari jerih payah kok malah gak bisa dipakai cuma tulisan aja kuota berhasil tolong ,pengalaman buruk itu semoga tidak kalian rasakan"
playstore,xl,2026-05-23 12:43:17,zidan ikhwani,makin lemot aja ya jaringannya
playstore,xl,2026-05-23 12:12:18,Rizal S,wa care ga dijawab2
playstore,xl,2026-05-23 11:59:24,Sum Irah,buat main ml aja ngeleg nya gk ngotak mikir baru beli lo padahal
playstore,xl,2026-05-23 11:55:35,Fadli Zainurrofik,Kualitas jaringan XL 90 persen buruk mending ganti ke Telkomsel atau Mtri di sana jauh lebih bagus ayo ganti ke kartu selain XL dijamin puas!
playstore,xl,2026-05-23 11:48:08,Daniel Panambunan,kontoll gj
playstore,xl,2026-05-23 11:46:47,Suryan Askara,sudah 4 hari mulai tgl 19 mei-23 mei sinyal down
playstore,xl,2026-05-23 11:26:11,Eman Sulaeman,"sinyal makin jelek aja,,katanya 5G tercepat....sangat buruk,,,buruk sekali..!!!!"
playstore,xl,2026-05-23 11:03:26,Myzone PLATH,"internet lambat, tolong di perbaiki"
playstore,xl,2026-05-23 11:02:47,Chandra Santoso,sekarang buat beli paket data di app sering gangguan kadang juga kepotong pulsanya bikin susah sekarang pakek app
playstore,xl,2026-05-23 10:50:56,Junsen,mantap
playstore,xl,2026-05-23 10:49:26,Didit Pramono,sinyalnya ko makin jelek ya.... udah lama pake XL tapi makin ke sini makin jelek banget sinyalnya.... mudah mudahan cepat d perbaiki
playstore,xl,2026-05-23 10:42:35,Ade Puspitasari,"Saya kecewa dengan xl, katanya kalau mau komplain bisa lewat aplikasi/pakai Facebook nyatanya ga jelas responnya dan yang di aplikasi ga bisa, belum lagi harga paket semakin ga masuk akal, tiba2 bekurang tidak sesuai dengan yang tertera, level cepet banget turun, bonus juga tidak sesuai tulisannya misal dapat 1,5 gb ternyata 500 GB, di evaluasi berulang kali ga ada perubahan. HADEH !!!"
playstore,xl,2026-05-23 10:41:27,Wahyu Setia,"apa penting nya ini update kalo masalah di pembelian paket selalu gagal dan eror terus, dari semalam nungguin sampe sekarang pagi selalu eror"
playstore,xl,2026-05-23 10:29:20,Atmi Yanti,"Ya Allah knpa ya Skrg XL sinyal nya parah bngt, ngak ada sma skli"
playstore,xl,2026-05-23 10:23:15,Nomer Loro,"benerin jaringannya min gw mau buka yt gabisa, itaiyo itaiyo😭😭😭😭 tumben tumben nan banget jaringannya, apa emang belakangan ini lagi down min? moga cepet benerin min"
playstore,xl,2026-05-23 10:20:51,pedagang kaki lima,susah sekali cek sisa kuota mau pake myxl atau manual
playstore,xl,2026-05-23 09:55:31,Yale Flynn,aplikasi nya bagus tapi masih banyak bug mohon utuk di perbaiki soalnya ini sangat mengganggu contohnya saya mau mengambil paket sircel pasti terjadi eror mohon untuk di perbaiki
playstore,xl,2026-05-23 09:25:57,Nayla Tafifatu,"masa mau beli kuota di aplikasi malah di suruh update dulu, padahal udah di update, makin lama makin burik aplikasinya"
playstore,xl,2026-05-23 09:23:27,Keyla Putri,"lelet, error mulu"
playstore,xl,2026-05-23 09:22:03,Harry,sudah 2026 pun jaringan tetap buruk.
playstore,xl,2026-05-23 09:14:21,TUTU SI BERUANG KURUB TOXIC,aplikasi basong. tetu wah
playstore,xl,2026-05-23 09:06:50,alya indi fahrin,"FIRST MEDIA SEMENJAK DIBELI XL, JADI PLENGER ANJ, GAADA BALESAN APAPUN ."
playstore,xl,2026-05-23 08:57:52,Hmm Siapa y,masa paket saya tiba-tiba hangus
playstore,xl,2026-05-23 08:44:34,Nyong Aimar,"makin Lama,, kok penukaran point ga ada yg sesuai dgn kebutuhan... bonus penukaran utk beli kuota utama sengaja di hilangkan.. semua bonusnya ga ada mutu... kita butuh kuota utama biar bisa di pakai di Mana Mana.. memang hidupmu mau pakai beli voucher game aja,, atau voucher dengerin music atau buat beli belanja online aja.. 👉orang Indonesia kebanyakan pekerja Dan butuh internet.. mampuss dah. 👎👎👎"
playstore,xl,2026-05-23 08:44:20,Evan Mulyawan,jelek jaringan ilang ilangan harga mahal
playstore,xl,2026-05-23 08:25:10,Putra Rahmadani,myXl mending GK sah buat kartu
playstore,xl,2026-05-23 08:02:11,Yusuf'zpratama24 Yusufz,"xl makin kacaw,sinyal kurang bagus,trus pas ngundang xl circle udh di undang mau ambil bonus yang 5gb gk bisa di ambil malah eror trus kan aneh 🤦"
playstore,xl,2026-05-23 07:37:27,Ludfi Achmad Fauzi,SAMPAH!!!
playstore,xl,2026-05-23 07:31:56,Slamet Putra76,selalu yang terbaik
playstore,xl,2026-05-23 06:47:12,Zaelani Ahmad,sinyal macam kura kura
playstore,xl,2026-05-23 06:35:55,Mohammad Fatah RIS,BUKA APLIKASI SAJA SUSAH BANGET
playstore,xl,2026-05-23 06:03:57,Hanlin Hadi&lina,intinya bikin sebel kalau beli paket data lewat aplikasi ini
playstore,xl,2026-05-23 05:59:16,Nurfaidah fitriah,kartu dataku yang harus nya masuk di area 4 malah masuk di area 1 secara tiba2 padahal sebelum2nya aman saja
playstore,xl,2026-05-23 05:59:12,Andry Praditha,"kecewa beli paket disini gabisa di pake internet guys, udah coba hub XL center hasil nya sama aja. ngeliat di platform TT banyak yg komplain terkait beli paket tetapi tidak bisa di pake internet"
playstore,xl,2026-05-23 05:48:11,Wildan Zainullah 1,sumpah ini kartu XL gratisan nya aja banyak ini padam dikit ngellek mendung dikit ngellek gak hedehhh
playstore,xl,2026-05-23 05:11:05,Kds'01 Wahyu,"MENGECEWAKAN.. kog bisa ya ketika punya 2 paket internet aktif, data yg dipakai malah dari paket yg dibeli terakhir, padahal data dari paket awal masih ada. ini kan jadi terbuang sia-sia, datanya padahal masih banyak. kmatasi dong kendala seperti ini.. misal kasih opsi on/off paket, jadi bisa nentuin sendiri paket mana yg mau digunakan terlebih dahulu"
playstore,xl,2026-05-23 03:04:26,Sutar yo,"pelayanan sangat buruk,,dan jawabanya dengan sangat ringannya hanya cukup kata maaf,,,padahal saat keluhan sangat berbelit belit dan sangat merugikan konsumen,,tapi hanya jawab dengan kata maaf,,"
playstore,xl,2026-05-23 02:07:38,Adam Hernandez,harga paket kuota nya mahal mahal
playstore,xl,2026-05-23 01:48:46,I Kadek Suandika,"ngang ngong kartu sampah, paketan di beli tapi tidak masuk. aplikasi seluler sampah. rugi 50rb tapi tidak bisa dipakai dengan alasan tidak jelas. sampah jangan pakek xl kena tipu sekali rasanya"
playstore,xl,2026-05-23 01:24:43,Irwan Wan,"jangan beli XL sinyalnya ga ada, ngelag pula, kalah sama telkomsel,Tree, Xl ngelag parah"
playstore,xl,2026-05-23 01:09:12,aruslin banjarnahor,buruk semuanya.
playstore,xl,2026-05-23 00:50:52,Deni Saputra,Tidak jelas kadang kuota baru isi hangus gak jelas
playstore,xl,2026-05-23 00:50:17,Nurul Aini,"kenapa sekarang gak kayak dulu. jujur lebih nyaman yang dulu, lebih banyak pilihan menu, sekarang malah makin sedikit, nggak asik lagi, mana promo udah nggak lagi, harganya mahal-mahal. kenapa aku udah nggak dapat promo harga murah lagii siiih."
playstore,xl,2026-05-22 23:35:18,duastokmail kennstr,"jaringan jelek dan saat mengambil bonus, selalu bermasalah, tidak bisa di pakai"
playstore,xl,2026-05-22 23:29:18,Suhaeli Eli,coba sistem nya dirubah agar tdk merugikan pengguna xl. sudah sering kecewa paket data sering hangus sia sia. kesel dan kecewa.
playstore,xl,2026-05-22 23:18:11,Oppo Tapung,"jaringan sering ghoib, pas awal isi oke banget udah pertengahan bulan jaringan kek taik ngambang timbul tenggelam. ilang jaringan nya 1/2 hari bisa dimaklumi mungkin ada kerusakan tapi ini sampe masa aktif kuota abis ga normal2 jaringan nya sampe 2 mingguan, pelanggan naik tensi nahan emosi dan kecewa. mreka enak ongkang2 kaki duit kita udh di Telen, cepet kalo nelen duit orang tp jaringan lambat. isi kuota ga pernah di bawah 100rb kek ga ada harga nya tuh duit 100 klo pake xl."
playstore,xl,2026-05-22 23:10:23,edis putra nbbn,"parah, semenjak first media diambil alih sama XL sinyal nya lelet banget, udah bayar wifi 340rb perbulan, terpaksa harus beli paket data lagi ,"
playstore,xl,2026-05-22 23:03:13,Eli sabet,"Sinyal XL sekarang bener² ga tertolong, jelek x sekarang XL. Dulu perasaan XL bagus tapi makin kesini kok makin jelek bukannya semakin bagus ahk"
playstore,xl,2026-05-22 22:42:18,Nadhim Arkhani,akhir' ini xl makin jelek sinyalnya kadang sinyal hilang sendiri untuk maen game jadi susah harga juga makin naik tambah lagi pas hujan ngeleg parah tolong segera di perbaiki min
playstore,xl,2026-05-22 22:28:11,xyinji,sinyal aneh
playstore,xl,2026-05-22 22:26:28,Aiman Frizy,sekarang benerin sinyalnya. jangan pengen dikasih bintang 5 aja.
playstore,xl,2026-05-22 22:22:58,Uwais Alqorni,sinyal lemot banget...
playstore,xl,2026-05-22 22:14:38,muhammad sadam,jaringan no 1 Ter ngelag di dunia
playstore,xl,2026-05-22 22:07:15,ardiansyah brahim,best!
playstore,xl,2026-05-22 21:50:55,Mawar Melati,"aplikasi jelek banget, selalu error padahal kuota masih banyak. katanya aja jaringan tercepat, tapi apa apa lelet. tolong lah di perbaiki, ini saya mau ngecek kuota aja susahnya minta ampun astaga. beli kuota selalu error, apa apa selalu error. tolong perbaiki jaringan sama aplikasinya, jelek banget ampun"
playstore,xl,2026-05-22 21:45:27,Ahmad muhsin,aplikasi jelek beli paket lewat aplikasi ini belum bisa masuk tapi pulsa sdah kurang terus aplikasi GK jelas
playstore,xl,2026-05-22 21:45:18,muhammad shiddiq,suka gabisa masuk tanpa alasan
playstore,xl,2026-05-22 21:42:37,Manarul Hidayat,"INI KENAPA AKHIR² INI SINYAL XL SUKA ILANG²AN TERUS ? PAKETAN ADA TAPI SINGAL SULIT BANGET PADAHAL DI KOTA, TOLONG PERBAIKI XL JARINGAN NYA ."
playstore,xl,2026-05-22 21:35:05,Rahmat Hidayat,provider sampah kebanyakan gaada sinyal
playstore,xl,2026-05-22 21:22:41,Iin Setyowati,"signal xl makin jelek, dengan harga naik tapi signal parah"
playstore,xl,2026-05-22 21:17:51,Rezza Dede Saputra,"kartu dengan jaringan paling buruk,"
playstore,xl,2026-05-22 21:15:50,Dika,kuota ultra 5G bisa gak sih di pake di jaringan 4G mau beli takut salah mohon di jawab😮‍💨
playstore,xl,2026-05-22 21:05:40,Nona Afriani,jaringan buruk parah
playstore,xl,2026-05-22 21:02:28,Egi Murdini,"kuota mahal , sinyal makin ga jelas"
playstore,xl,2026-05-22 21:00:57,Wildan Hakim,"makin kesini jaringan nya bukan nya makain bagus malah makin jelek aje, gw beli kuota kaga murah"
playstore,xl,2026-05-22 20:57:58,ibnu khubaidillah,"gimana ini provider udah harga paketnya elit tapi jaringan sulit. kalah sama provider yang lain, bisa beri harga terjangkau tapi jaringan lebih baik"
playstore,xl,2026-05-22 20:40:05,Rahmat Hari,"harga kuota semakin mahal kuota nya semakin sedikit masa berlakunya juga semakin berkurang,, saya pakai XL sudah lebih dari 5 tahun,, tolong kembalikan lagi harga nya seperti dulu, kuota jangan berkurang dan masa berlakunya 30 hari"
playstore,xl,2026-05-22 20:38:33,Muhamad Nizar,"jaringan ngelag anj,udah mah mahal ngelag lagi anj"
playstore,xl,2026-05-22 20:36:33,KENZZ bruh,minimal klo harganya makin tinggi kualitas nya tinggi in juga dong masa harga naek kualitas nurun kan tolol
playstore,xl,2026-05-22 20:36:15,muhammad hasyatillah,nyesel terlanjur pake xl jaringan lemot keterlaluan .. iklanya aja bagus tapi kualitas buruk . .. ingin berkata kasar
playstore,xl,2026-05-22 20:27:03,Agus Saputra,paket makin mahal cuma 28 hari lgi
playstore,xl,2026-05-22 20:25:40,Fahmi Firmansyah,"eh abang axis lu 11/12 yak sama-sama gak bisa optimalin jaringan,capek juga liat apk sampah kayak lu cuma bisa bikin naik darah"
playstore,xl,2026-05-22 20:24:52,Sinar Nasution,ok
playstore,xl,2026-05-22 20:11:58,tole brook,paket akrab kok ngga bisa di ganti anggota lama ke anggota baru
playstore,xl,2026-05-22 20:09:51,uje ato,kualitas sinyal dan jaringan sangat BURUK
playstore,xl,2026-05-22 20:05:11,Jumadi Apink,"aplikasi tidak bagus, loading terus dan layanan call center tidak responsif"
playstore,xl,2026-05-22 20:04:37,Masih Di Lirik,"susah aktivasi voucher, sudah seharian coba terus tapi tetap gabisa"
playstore,xl,2026-05-22 20:02:07,Firdauz Lukmansyah,lemot pol
playstore,xl,2026-05-22 20:00:47,Ceily,kenapa tiba tiba nge lag si gblok ujan ama mati lampu engga tiba tiba bngt ilang asu
playstore,xl,2026-05-22 19:59:26,Abang Wawan,XL tambah parah katanya 5G tapi kok sama kayak masih 2G...superrrrrr lemotttttttt padahal kuota paket data pake 5G..ampunnnn XL sekarang
playstore,xl,2026-05-22 19:56:07,May Sheca kurniawan,KARTU TERBOBROK SINYAL NGELAG BILANG NYA 5G TERKENCANG DI INDONESIA TAPI APA? BUSUKKKKK. KUOTA MAHAL KUALITAS BUSUKKKKK
playstore,xl,2026-05-22 19:48:31,Wayan Meta,"error mulu mau top up game malah terjadi kesalahan trus,coba di menu game lain kek ml bisa giliran yg lain malah ngga bisa, tolong dong saya udah lama make myxl tapi tiap mau di pake error mulu, tolong perbaikannya,jadi menghambat pekerjaan saya kalo kek gini"
playstore,xl,2026-05-22 19:46:08,BimaAnugerah Utama,ngeleg parah buka aplikasi aja susahnya minta ampun padahal jaringan bagus
playstore,xl,2026-05-22 19:45:35,Fauzi Ahmad,"udah jaringannya lemot, mahal lagi, menjngkat ke 5g tapi malahan makin lemot"
playstore,xl,2026-05-22 19:43:14,Alpha Cent,"buka aplikasi doang lama bener nih aplikasi, bikin yg ringan aja napa kntl"
playstore,xl,2026-05-22 19:39:08,Suwardi Acok,kita cek duu kalau xl lancar ......kita lanjut diguna kan
playstore,xl,2026-05-22 19:29:42,Ain Ikin,"eror melulu,sinyal ada tapi login ke myxl muter"" kek tong edan,mana lgi pusing banget ni pala"
playstore,xl,2026-05-22 19:29:09,Ateu Cacun,"sinyal nya makin jelek aja , parah"
playstore,xl,2026-05-22 19:27:17,FIKI _NUGRAHA,"saya ingin membeli paket jaringan namun halaman yg di tuju selalu eror atau terjadi masalah, tolong di bantu 🙏"
playstore,xl,2026-05-22 19:25:41,Asep natamiharja,mantep
playstore,xl,2026-05-22 19:24:00,Amadnur123,"aplikasi sangat buruk, dulu enak di pakai sekarang sering ada kendala, dasar aplikasi gk guna"
playstore,xl,2026-05-22 19:23:52,Yodi Suhendra,Jaringan di xl sekarang kurang bagus
playstore,xl,2026-05-22 19:19:59,Rey Rei,"di sarankan jangan pernah pakai kartu XL soalnya legnya minta ampun,di may XL tertulis 5G tercepat di Indonesia, padahal lelet SE Indonesia"
playstore,xl,2026-05-22 19:18:25,Lia Raniayu,"dari beberapa bulan yg lalu setiap beli kuota padahal baru di isi tapi sering g bisa di pakai, makin mahal dan lemot"
playstore,xl,2026-05-22 19:16:55,Guntur Yudha,akhir akhir ini makin lemot kategori parah. Bukannya diperbaiki malah makin lemot. Kalo kondisi kaya gini menghambat saya kerja!!!! Parah mending Out aja pakai XL!!!!
playstore,xl,2026-05-22 19:11:12,Ab Hannif,aplikasi nya susah login semenjak update ke XL prioritas sudah beberapa minggu gabisa login gatau kuota tinggal berapa masa aktif tinggal berapa hari tambah ribet gini
playstore,xl,2026-05-22 19:09:25,Nur Halimah,aplikasi sumpajjkkhh
playstore,xl,2026-05-22 19:02:10,farid aivan jabar,apk sampah kebanyakan lag nya gw mau beli kuota buat hari ini lag terus benerin lah gw udh pelanggan setia kocak
playstore,xl,2026-05-22 18:57:28,Uchiha Sarada,Tolong ya aplikasi ini diperbaiki lagi soalnya di handphone saya tidak bisa dibuka ini aplikasi nya mohon di perbaiki ya🙏
playstore,xl,2026-05-22 18:54:43,Suryana Komang,XL semakin lemot
playstore,xl,2026-05-22 18:46:29,Adi Alex,biasa saja
playstore,xl,2026-05-22 18:37:52,Yuuta Okkotsu,"bagusin dong jaringannya, perasaan leg Mulu g pernah bagus nih, terus harga paketannya juga mahal tapi jaringan nya lemot, gmna ini baikin dong, dari kemarin ga ada perubahannya sama sekali, harga elit jaringan sulit"
playstore,xl,2026-05-22 18:35:56,Husni Saputra,sinyal jelek ajinggggg
playstore,xl,2026-05-22 18:27:54,Zaki Awaludin,sinyal nya kaga jelas segini di kota apalagi di kampung mungkin lebih parah
playstore,xl,2026-05-22 18:16:18,Agus Khabiburochman4546,karu sering trobel bikin emosi
playstore,xl,2026-05-22 18:09:14,Umbiyeh Halil,sangat mengecewakan
playstore,xl,2026-05-22 17:59:48,Rika Lestari,gw saranin buat yang mau beli Kouta mending jangan XL GK ada improve sejak dlu konsisten ngeleg nya
playstore,xl,2026-05-22 16:38:50,Aldi Kana,sdah lama kartu ini di pakai tapi ngak bisa di gunakan pulsa laternya
playstore,xl,2026-05-22 16:26:49,Xykl ___,"XL anjg harga ama GB nya berubah² tolol,"
playstore,xl,2026-05-22 16:21:26,Pannn Pannn,xl woi ini gw ambil kuota ml XL point tapi g bisa di pake anj ini knp si mana vouchernya mahal bet lagi anj masa 15k cmn 3 hari ngtd ngtd anjg lu kikir monyet
playstore,xl,2026-05-22 16:12:52,Benteng utama Engineering,"semenjak First media di gabungkan dgn XL satu ,, internet suka lemot ...dan sering banguan .....ada apa ini"
playstore,xl,2026-05-22 15:55:54,Aris Priambudi,untuk update saat ini XL udh lumayan semoga ke depan nya di pertahankan sinyal nya biar pelanggan XL jadi nyaman itu aja dri ku sekian dan terima kasih
playstore,xl,2026-05-22 15:52:49,Toto Koil,"mahal doang, jaringan dikit dikit ilang"
playstore,xl,2026-05-22 15:50:28,Fajar,bikin senang
playstore,xl,2026-05-22 15:38:37,Dudi _W,speednya ga sesuai paket yang dibayar udah gitu sering ga stabil. coba tolong pelayanan ditingkatkan lagi
playstore,xl,2026-05-22 15:10:48,Gladys Sase,jujur aja XL semakin ke sini semakin tidak bagus saya udah update tapi Terus disuruh update padahal 3 tahun lebih saya pakai XL cuman mengecewakan oh ya saya beli pulsa kepotong terus menerus Padahal saya mau beli paketan tapi nggak bisa karena kepotong terus Saya harus gimana lagi saya capek
playstore,xl,2026-05-22 15:03:15,Da Yat,sering sekali XL SMS masalah beli kuota pdhl baru beli untuk 3 hari sebentar lagi XL anda tidak bisa d gunakan pdhl masa aktif masih panjang
playstore,xl,2026-05-22 14:44:05,MUHAMMAD RIDWAN,semakin mengecewakan...
playstore,xl,2026-05-22 14:29:57,Sahrul Suhaendi,xl kalo ujan bapukk bjirrr...
playstore,xl,2026-05-22 14:29:47,Michael sabar Sabirin purba,"awal awal jaringan bagus, tapi makin lama makin jelek. semoga ada perbaikan"
playstore,xl,2026-05-22 14:22:29,Eric Yudistira,"udah paketan mahal lemot pula , pdhal di kota lemotnya minta ampun rugi2 beli paket xl"
playstore,xl,2026-05-22 13:52:59,nisa Winata,🤍🤍🤍
playstore,xl,2026-05-22 13:48:49,Jojo's Diary,CS slow respon
playstore,xl,2026-05-22 13:46:15,Andika infinix,hapus aja ni kartu xl kuota mahal mahal jaringan mines
playstore,xl,2026-05-22 13:41:11,nyoman yasa,"makin hari makin buruk signalnya sering gangguan,ap ini namanya xl 5g tercepat di indonesia,lama2 kabur semua pelanggan xl nya,tolong diperbaiki,masak tiap hari gangguan dan pas main ml kadang2 hilang signalnya trus lag parah,aq kasih bintang 1 dlu klo dh bagus baru full bintang"
playstore,xl,2026-05-22 13:35:59,Yudha,sering gagal juga makin mahal
playstore,xl,2026-05-22 13:34:47,46137 4212,minggu kemarin sdh isi pulsa tapi hr ini udah ada notif minggu ini akhir masa aktif kartu. piye toh?
playstore,xl,2026-05-22 13:17:04,Rahmad Rafiki,sinyal internet tidak lancar 3 hari berturut wilayah jl marelan kota medan sumut
playstore,xl,2026-05-22 13:09:49,Ceryl Anggita,kenapa sekarang ini Kouta sinyal ngelag banget aku sampe udah muak gara gara ini Kouta main game ngelag parah jadi ga mood main
playstore,xl,2026-05-22 12:57:16,amanaji ajiku,beli paketan 6 GB.... biasanya digunakan dpat bonus 2gb tik tok Daan dan YouTube...tapii kok sekarang sering gak ada bonus??? xl kok semakin mahall dan nyeleneh????
playstore,xl,2026-05-22 12:55:05,Ratu Salimah,"masih agak lemot, dan paket makin mahal"
playstore,xl,2026-05-22 12:46:31,ngeblues pentatonicc,"Jaringan kurang bagus untuk wilayah Cikarang, paket data ribet terlalu banyak opsi ga jelas , bahkan untuk untuk orang awam pasti keliru dngn paketan yg ada koneksi sangat buruk"
playstore,xl,2026-05-22 12:39:13,Kaisar Marihot,"bingung mau komplain ke mana, di sini aja lah.... internetnya benerin. dari siang hari sampe tengah malam lemoot parah....."
playstore,xl,2026-05-22 12:06:39,Husaeni,knapa skarang jaringan tambah lemot
playstore,xl,2026-05-22 12:02:56,ahmad fauji,kenapa di tahun 2026 xl sinyal nya jelek bngt ya padahal paketan kouta data msih banyak bahkan pulsa juga msih di atas 30k. heran aku kalau gini trus aku ganti kartu aja ya
playstore,xl,2026-05-22 12:01:56,Jan Koluvsky,wifi nya busuk dan sering putus dan cs nya juga respon nya lambat. nunggu 1 jam gak ada respon sampai lupa baru dibalas.kalsy gak bisa ngurus wifi mending gak usah masuk ke bisnis ini tang hanya bust konsumen kecewa berat
playstore,xl,2026-05-22 11:52:38,Samy Dana,"professional lambat, katanya 5g, ini kok masih 4g"
playstore,xl,2026-05-22 11:50:49,Sarifudin Hebat,sinyal parah kartu pascabayar saya tagihan lancar tp kya kuota abis
playstore,xl,2026-05-22 11:36:07,RASYA XD.,"ini kenapa dah makin lama makin aneh jaringannya 😐 dari dulu aku masih sabar eh makin lama makin kesel juga -_- dan keluhannya juga itu itu aja, sampai sekarang masih sama, tolong prioritasin jaringanya ;-; padahal aku pengguna setia XL dari dulu sampai sekarang dan baru sekarang ini mulai agak kecewa 🤧 tolong dong pihak XL dan Mimin Maya (yang jadi CS) mohon untuk kedepannya semoga bisa jauh lebih baik :) maaf aku ga bisa terus kasih bintang 5 sampai masalah ini bisa selesai 😁 sekian trmksh"
playstore,xl,2026-05-22 11:26:01,Mentik Chanel,"sinyal xl parah banget sekarang,, tinggal di japus aja ngga mau jalan sinyal nya"
playstore,xl,2026-05-22 11:23:08,Rizky Habilla Putri,"sekarang tuh kenapa jaringan xl kalo udh masuk jam 11 siang engga ada jaringan samsek padahal paket kouta byk, aku di provinsi sumut medan denai, ngeselin bgt padahal lagi push rank 😮‍💨"
playstore,xl,2026-05-22 11:18:43,Rama Adelio,paketan asu
playstore,xl,2026-05-22 11:12:12,Septian Prahyuda,"Sinyal makin lama bukan makin bagus, malah makin hilang-hilangan. lelet"
playstore,xl,2026-05-22 11:04:29,Agua Sitorus,saya penguna setia XL tapi sekarang agak kecewa karingan internet sering putus tiba padahal paket data banyak
playstore,xl,2026-05-22 11:03:25,Aisatul Mutriah,LAH EROR MULU NAJIS
playstore,xl,2026-05-22 10:59:47,olienz Rz,signal sering ilang parah wah ini xl
playstore,xl,2026-05-22 10:45:50,Tiiand Kitty,"kenapa masa aktifnya nambahnya dari tanggal pembelian pulsa, harusnya nambahnya dari tanggal masa aktifnya dong, kalo kaya gini mah, sama aja boong beli pulsa nambah masa aktifnya sedikit 😭"
playstore,xl,2026-05-22 10:45:22,Weda Usada,"sinyal sering trobel, jaringan semakin lelet untuk buka foto/video susah"
playstore,xl,2026-05-22 10:26:17,Nauvally Firmansyah,Kuota jaringan busuk makin mahal sinyal susah tukar XL poin sukses tapi gabisa dipakai
playstore,xl,2026-05-22 10:05:23,Juli Purnama Surahmat (Juli Purnama),sinyal makin parah percuma beli Kouta banyak kalo sinyal tiba tiba gada trus ada lagi dan itu sering terjadi padahal lokasi mendukung untuk sinyal tidak ada kendala
playstore,xl,2026-05-22 09:44:56,koko aprilia,"buruk sekali layanan utk internetnya, apalagi pelayanan CS XLSatu nilai -5"
playstore,xl,2026-05-22 09:44:01,Abdul Zain,aplikasi ini juga bisa menjadi top up game
playstore,xl,2026-05-22 09:41:39,Sitisafaninazrah Fani,"APLIKASI GAJELAS, WIFI JARINGAN NORMAL SEMUA TAPI PAS MASUK SELALU ""jaringan anda bermasalah"" GA RESPONSIF. GAJELAS BANGET, GIMANA MAU MASUK PAKE KUOTA DATA INTERNET AJA BEGITU. WIFIKU JUGA BAGUS JARINGANNYA GAJELAS GAJELAS. APK LEMOT"
playstore,xl,2026-05-22 09:41:25,Bulan Andira,ERROR MULUU
playstore,xl,2026-05-22 09:15:27,Sucipto Cipto,sinyal terkadang hilang
playstore,xl,2026-05-22 09:15:04,Ananda,mau nanya XL nih kok pas malam selalu ngeleg masalah nya apa anj
playstore,xl,2026-05-22 09:14:09,Nikon Lok,benerin jaringan nya biar gak ngeleg
playstore,xl,2026-05-22 09:10:54,novi angell,setiap beli paket xl circle selalu bermasalah.
playstore,xl,2026-05-22 08:46:03,Neøn Rex,"tiap dibutuhin perbaikan melulu, jarang ada promo yang menggiurkan. semakin kesini makin mahal dan durasi paket berkurang. tadinya 30 hari jadi 28 hari"
playstore,xl,2026-05-22 08:37:28,Bintang Raihan zdaki,kartu terburuk yg pernah saya pakai di indonesia
playstore,xl,2026-05-22 08:36:58,rudi hartawan,semakin Hari semakin laku paket nya semakin boros XL tidak bersahabat!!!! ganti!// paket internet XL semakin borossssssss!!!!/// SANGAT BOROS PAKET MEMBUAT TERPURUK RUK RUK
playstore,xl,2026-05-22 08:32:42,Hamzanisopian,"bintang satu dlu,ga ada kepuasan sama sekali,sinyal lelet,kuota mahal+ga 30 hari,otw ganti pake kartu yg lain aja ,"
playstore,xl,2026-05-22 08:13:37,Bagus Wahyu Pradana,min kenapa aku udah top up ml diamond nya ga masuk id udah user zona juga udah
playstore,xl,2026-05-22 07:49:54,rifqi naufal,perbaiki jaringan nya!!!!!
playstore,xl,2026-05-22 07:35:08,Feni Seran,𝑋𝑙 𝑙𝑜𝑏𝑎𝑛𝑔 𝑝𝑢𝑘𝑖𝑖𝑢
playstore,xl,2026-05-22 07:19:03,wid dodol,sudah bertahun tahun pake XL makin kesini makin lelet bikin kesal makin kesini jaringan terputus lah ilang lah semakin kesini semakin buruk jaringannya kalah sama providers sebalah
playstore,xl,2026-05-22 07:06:28,Mizye,apa gunanya isi paket kalau tidak bisa di gunakan lemot
playstore,xl,2026-05-22 06:20:44,Dian Dwi rayya-haidar-abrisam,"mohon maaf saya dulu pelanggan firstmedia,tp setelah berubah XL satu,tagihan tiba2 berubah tanpa ada info, tlp customer service hnya diteruskan tanpa ada solusi,waktu ake first lapor ke cutomer service sekali langsung ad penanganan entah troble sinyal, router, sampai tagihan pelayanan nya oke"
playstore,xl,2026-05-22 06:04:44,mamzz,"teruntuk pihak xl tolong ya jangan terlalu kikir masa beli pulsa kok gak nambah masa aktif nya, aneh banget.. percuma dong aku beli pulsa tapi masa aktif gak nambah dan sekarang malah gak bisa dibuka xl circle nya aneh banget"
playstore,xl,2026-05-22 05:46:23,firman faisal,sudah tidak bisa di buka.terima kasih sudah normal kembali
playstore,xl,2026-05-22 05:37:20,muhammad aqil dwi putra,"baru masang XL satu seminggu internet nya ngga ada. masa iya pasang, bayar, tapi ngga ada akses internet. jaringan di daerah 3t. HANCUR. kalo ngga bisa ngasih jaringan bagus ngapain nawarin produk. kalian mau maju, tapi produk kalian gagal total. ngga pernah ngalamin pasang wifi tapi seburuk ini."
playstore,xl,2026-05-22 05:31:26,Najwa Khairun Nisa,ga bisa terakumulasi. jelek
playstore,xl,2026-05-22 05:26:32,Muliana Putri,"masa aku beli paket yang 150 gb 150 ribu yang masuk malah 16 gb, udh konfirmasi ke livechat malah ada gangguan trs"
playstore,xl,2026-05-22 05:04:02,Radit Aditia,mohon agar jaringan nya di perbaiki 👌
playstore,xl,2026-05-22 04:54:58,Lisa Lestari,"Perbaikan terus xl ini, bebas puas memakai batas hari, itu bukan bebas puas namanya, bebas tapi terbatas!! combo mini makin menyusut tapi harga tetap, begitupun paketan game cuma ada 1 pilihan harga."
playstore,xl,2026-05-22 04:51:30,Rahmat Anugrah Saputra,muantap 👍👍
playstore,xl,2026-05-22 04:48:14,Syari Awan23,"Aplikasi apa nih harga nya ga ngotak semua bonusan ga enak banget apk ini mau beli kuota pun di sini Lama ga biss login kadang bisa kadang engga aneh Lama"" apk busuk tolong di perbaiki lagi sperti axis jika membuka apk Tampa Harus ada kuota Dan kita bisa membeli offline Dan mendapatkan bonus aja semakin dikit Dan harga Naik semua busuk sampah apk ini"
playstore,xl,2026-05-22 04:04:54,Style Delapan,"jelek, bahkan terjelek dari Indosat, Smartfren, Telkomsel yang pernah saya gunakan..."
playstore,xl,2026-05-22 03:28:47,ansor ansorullah,"beli paket blm masuk2 sudah 1x24 jam lebih, suruh minta banruan ke maya lewat aplikasi myXL tpi aplikasinya susah bgt gak bisa chat dengan maya harus komplen kemna"
playstore,xl,2026-05-22 03:17:11,netra efita,makin hari makin lelet aja jaringan nya... kacau... kalau udah stabil jaringan nya.. aku ganti bintang lima
playstore,xl,2026-05-22 02:45:57,Muhammad Thor,tolong di kencengin jaringan nya udah beli paket mahal²jaringan masih susah sangat kecewa
playstore,xl,2026-05-22 02:37:51,Pria Solo,saya mempunyai kouta 6 giga dan saya membeli paket 10 1hari tapi yang terpakai malah yang 6 giga ini kouta ga fungsi
playstore,xl,2026-05-22 02:34:25,Al fauzi Amajid,aplikasi rusak buat beli kuota lewat qris tapi gak masuk tolol
playstore,xl,2026-05-22 02:29:33,Achmad Arif,"sumpah nih operator sekarang malah aneh, jaringan naik turun kadang ilang, ini kenapa sih xl makin hari makin aneh"
playstore,xl,2026-05-22 02:25:20,Muh. Sabri,saya sudah membeli koute pake kode Qris saldo sudah tepotong tapi koutanya belum masuk
playstore,xl,2026-05-22 01:38:23,Erick Adrian02,"CS lambat sinyal eror gada koneksi internet dari hampir seharian padahal ga pernah telat bayar,,,perbaikan dan pengajuan laporan sama sekali respon buruk cm bot yg balas,,,nyesel langganan dari 2023 firstmedia,,,mending ganti provider CS gercep respon,,KALO GA NIAT BUAT CS MENSING GAUSAH GA KEPAKE ITU CS BOT GA GUNA"
playstore,xl,2026-05-22 01:27:08,Joni Pwt,baru isi pulsa 25k masa aktif gak nambah hhh
playstore,xl,2026-05-22 01:22:48,Dafa Gorengan,"simyalny sering ilang2,untuk beli paket di my XL kadang harus nunggu sampe jam 12 malem baru bisa,apa ga bisa lgsg saja seperti awal2,kurang nyaman aja apalgi kita yg ekonomi lemah yg bisa pake paket yg biasa bukan yg combo yg di atas 50 rb an"
playstore,xl,2026-05-22 00:55:22,Andri Susanto,"sangat tidak puas, saya sudah mencoba berkali kali membeli paket, tidak ada notifikasi gagal atau berhasil, ini aplikasi tolong diperbaiki, saya menunggu cukup lama untuk membeli paket tidak ada keterangan berhasil atau gagal, jadi tidak ada kepastian dalam bertransaksi. saya juga menghubungi live chat tetapi untuk masuk saja selalu gagal, ini niat gak bikin aplikasi?"
playstore,xl,2026-05-22 00:44:35,alvin ariski,update plan gak jelas uda beli kuota lah yang muncul ntah paket mana di cariin gak ada internet jalan emang cuman gak tau sisa kuotanya berapa
playstore,xl,2026-05-22 00:36:47,Zein Syahab12,aneh tulisan 1 hari beli jam 8 malam jam 12 malam udah tidak berlaku padahal Kouta masih banyak aneh banget kalo 1 hari ya jam 8 malem beli ketemu jam 8 malem besoknya baru masa aktif nya gk berlaku lah ini baru aja beberapa jam masuk jam 12 ganti hari habis aneh gak amanah pakai XL korupsi waktu
playstore,xl,2026-05-22 00:23:33,fitri yah,sinyal leggg paraaaahhhh buat main game aja susahhh xl kikirrr
playstore,xl,2026-05-22 00:23:21,Aldo fauziah,lag
playstore,xl,2026-05-22 00:12:16,Rita Febriana,beli kuota masa ga bisa di pake meskipun cuman 15k ya tetep aja rugi
playstore,xl,2026-05-22 00:02:19,Moch Rouf Furohim,"kecepatan 0,00 KB , tolong XL yang sopan ya, pelanggan udah beli . kalo emng jelek jangan dijual belikan"
playstore,xl,2026-05-21 23:53:35,BACOT COT,"Kenapa Yak Udh make xl point mlbb, ga bisa matching ke in game nya, bug kah atau gimana, tolong dong"
playstore,xl,2026-05-21 23:39:15,syifa rahma,jaringan tloo
playstore,xl,2026-05-21 23:27:08,Siddiq Wadas,"saya udh lama pakai xl skrg kecewa gak ada lagi pilihan combo mini yg 28hari sekarang dipaksa pakai combo mini 7hr atau flex mini maks 14 hr,trus gak bisa pula bayar pakai gopay kalau kayak gini terus pasti kabur pelangganmu"
playstore,xl,2026-05-21 23:00:37,roofi mugen,buat widget bisa lihat sisa kuota. supaya gak lupa sebelum beli kuota baru. kayak punya telkomsel
playstore,xl,2026-05-21 23:00:33,Adim kecil5588,XL MINUS KAGA ADA GRATISAN
playstore,xl,2026-05-21 22:59:05,Satriya Sumedang,sinyal bapuk...
playstore,xl,2026-05-21 22:14:29,Indah Yulianti,selalu terkendala saat isi paket dan pulsa gagal terus di aplikasinya
playstore,xl,2026-05-21 22:11:06,feby putri,"saya makai XL bukan 1 bulan atau 2 bulan tapi udah tahunan, belakangan jaringan XL buruk banget padahal sinyal nya bagus, di tengah kota tetap jaringan nya jelek banget apalagi di bawa ke desa ya mungkin bisa jadi silang tu jaringan wkwk, tolong dong perbaiki dan kasi solusi nya gimana."
playstore,xl,2026-05-21 22:06:50,Shadutt Gaming,XL sekarang jelek banget sinyal nya apa lagi kalau pas hujan. saya sudah berpuluh tahun pake XL sekarang ancur sinyal XL jelek banget
playstore,xl,2026-05-21 21:58:37,M LUTHFI MAULANA HAQ,"Sy pelanggan lama First Media dan selama ini tidak pernah mengalami masalah. Setelah layanan dialihkan ke XL, internet tidak bisa digunakan sama sekali. Saya sudah mengikuti instruksi reset modem, Wi-Fi muncul dan bisa connect, namun lampu LOS merah berkedip dan status WAN kosong sehingga tidak ada koneksi internet. Sudah restart modem tetapi blum ada perubahan. Mohon segera kirim teknisi untuk pengecekan jalur fiber atau modem. Sudah 2 hari gangguan terjadi - & blum ada jadwal kunjungan teknisi"
playstore,xl,2026-05-21 21:56:54,riO Wu,Aneh ya...server XL bisa berada di Bank Syariah Indonesia bukan di gedung resmi XL...Di wilayah sekitaran saya tidak ada tower XL berfungsi...malah langsung konek ke server XL yg berada di Bank Syariah Indonesia yg beradanya jauh dari wilayah...Gimana jaringan internet gak lemot...Dulu kencang malah sekarang semakin lemot & ditambah situs & applikasi XL yg selalu pembaharuan tapi tetap lemot...Not Recommend XL sekarang..
playstore,xl,2026-05-21 21:46:17,Segoro Langit,jaringan selalu buruk
playstore,xl,2026-05-21 21:42:45,John Barula,5G lemot
playstore,xl,2026-05-21 21:30:32,Polina Poli,"aplikasi bagus, hari ini ambil bonus dr tukar point , trjd lg hal yg sm tdk ada perubahan, jam 18.00 ambil 3 GB utama 750 point tapi hy bs aktif sampai jam 21.00, apa arti ulasan buat anda , jk begitu trus, 3 GB, hy digunakan bbrapa MB sdh jd 0 , kalo memang tdk mampu ksh bonus lbh bsr dihapus aja ,ga usah gengsi, dipajang trus tapi krg bermutu, thanks."
playstore,xl,2026-05-21 21:30:06,neprison153,jaringan nya kayak pepek
playstore,xl,2026-05-21 21:20:11,homsi gacor,"5 taun pake XL kok baru baru ini ngelegmulu ya kenapa dah, padahal mah dlu lancar lancar aja kenapa setiap lag nya harus ada di jam 6 sampe jam 10 an selebih nya kaga, ko gtu siii jangan kecewain dongg."
playstore,xl,2026-05-21 20:57:45,rzl zulian,"najis udah 2 bulan jaringan ga jelas , tau gini gaakan beli paket yang mahal, atau lebih baik ganti aja kartunya"
playstore,xl,2026-05-21 20:56:08,Muhammad Fahri,hadeh gak ada berkembang ya XL ini dari dulu sinyal ya gak jelas suka ilang tiba tiba ngelag hadehhh kalah saing ya sama Kouta yg lain ?
playstore,xl,2026-05-21 20:53:45,budy ruanda,internet lambat sekali sudah hampir seminggu buat laporan tapi tidak ada perubahan
playstore,xl,2026-05-21 20:39:41,turnamen guild ff,"teruntuk XL tolong dong kalo XL circle udah 100k, tolong langusng di kirim kan bonus nya massa harus nunggu sampe 1-2minggu, atau nunggu awal bulan buat mendapatkan bonus, siapa tau orang membutuhkan bonus XL circle nya"
playstore,xl,2026-05-21 20:34:45,Tri Yono,bertahun tahun pake XL TPI malah sekarang sinyal tambah burik ngelag ters buka aplksi muter2 ga jelas. kuota ada sinyal Abang kuning hijau kaya lampu merah.
playstore,xl,2026-05-21 20:30:26,Saputraa lesmana,ngeleg BANGET pdhl pktan bnyk jaringan bgus pih
playstore,xl,2026-05-21 20:27:25,Luke Lowe,XL makin menggila harga internet nya blocked perusahaan xl
playstore,xl,2026-05-21 20:24:39,Khoirul Majid,sekarang susah buat login padahal dulu gampang loh
playstore,xl,2026-05-21 20:20:16,Afan Purwo,"saya pelanggan lama sampe jadi pelanggan prioritas semakin lama semakin naik harga dan busuk signalnya,mengecewakan. pada akhirnya pakai telkomsel juga buat mencover masalah signal, nomer saya nomer lama uda banyak yang simpan jadi ga mungkin ganti nomer...terjebak"
playstore,xl,2026-05-21 20:19:50,PUTRI SAHIRA W,"Gimana si pihak xl?! Ga bisa isi ulang kuota udah chat agen xl malah bolak balik ga di bales! Jelek banget, jawabnya lama lagi, mending 1-2 menit jawabnya ini berjam2 nunggu cuma bolak balik suruh nunggu antrian, pas bagian antrian ga di bales,dibales pun jawaban copy kan aneh. mending Indosat abis di marahin tapi nyelesaiin masalah,jawabnya pun cepet gila, ini 170GB tapi ga di selesaikan masalahnya, kalau bisa kembali 170GB saya bintang 5, kecewa sama pihak CS yg ga profesional 😌"
playstore,xl,2026-05-21 20:03:20,Susmi Yanti,kecewa banget sama sinyal XL makin kesini sinyal nya jelek
playstore,xl,2026-05-21 20:02:41,Fatih Muflih,apaan coba masak beli paket ml make penukaran poin gak bisa jalan gak jelas banget yg bener napa
playstore,xl,2026-05-21 20:00:47,dede robi,kuota doang mahal jaringan busuk
playstore,xl,2026-05-21 19:47:50,umin xox,"sangat buruk,layanannya.masa pelamngan lama tidak menggunakan pulsa playlater."
playstore,xl,2026-05-21 19:42:48,Baswara Aji,"woi jaringan provider lu benerin gw udah ngis bsnyak"" nge lag banget dah , udah mau bangkrut kah perusahannya benerin lagi jatongannya gausah sok""an ngadain gebrakan 5g kalo ngurus yang 4g aja gabisa"
playstore,xl,2026-05-21 19:41:45,jakematth,aplikasi sampahhhh
playstore,xl,2026-05-21 19:37:15,Fresto Pratama,Fitur live cs lama banget nunggu pelayanan makin buruk yang tadi nya paket bebas puas pembelian minimal 3 .... sekarang malah jadi 6... padahal make XL udh hampir 3 tahun...parah ...perbaiki coba
playstore,xl,2026-05-21 19:35:36,Gelbi Kharisma R,awalnya xl bagus makin kesini makin parah sinyalnya aneh. mengecewakan
playstore,xl,2026-05-21 19:13:27,Mar cemik Cemik,"sangat membantu sekali,semoga pulsalater saya bisa di gunakan."
playstore,xl,2026-05-21 19:12:39,Kelvin Ria,"baru baru ini di tanggal 21/05/2026 saya mengalami gangguan saat mau membeli paket data dengan slide ""Terjadi gangguan saat memuat halaman ini"" walaupun belum terpotong saldo nya saat coba berulang tetap saja tidak bisa dibeli paket, walaupun begitu tetap saja sangat resah dengan hal tersebut semoga bisa di perbaiki lagi biar aku naikin bintang nya"
playstore,xl,2026-05-21 18:52:03,sf_ chanel,parah bener mending dulu jaman frist media jarang trouble ini dari tadi siang trouble pelaporan lewat aplikasi tidak dapat nolaporan dialihkan ke menu via WhatsApp dr WhatsApp nunggu lama ga ada masuk respon males pke XL begini wifi yg dulu aman saja dipegang frist media ini di pegang XL kacau menu pelaporan ada tp ga berguna status wifi tidak update. masa jaringan tidak ada di aplikasi terpantau jaringan tidak ada masalah kan gila. udah cukup sampai disini berlangganan XL wifi.
playstore,xl,2026-05-21 18:50:33,Vin Alexander,tolong perbaiki sinyal nya
playstore,xl,2026-05-21 18:50:19,Kiki Nurul,"awal"" beli kuota biasa ada pilihan bonus, sekarang udh ngga ada. Trs kalo mau scan voucher kuota juga sering gagal."
playstore,xl,2026-05-21 18:42:29,Afif Bahtiar,signal di daerah pamogan taman pancing sulit
playstore,xl,2026-05-21 18:28:04,Dariki V Shan,Terlalu gampang hilang sinyal dan koneksi sangat-sangat buruk. Beli paketan mahal-mahal ternyata ga sebanding dengan harga yang sudah saya keluarkan. Untuk sementara saya kasih bintang 1 dulu. Oii admin tolong segera diperbaiki masalah koneksi yang semakin busuk dan ga jelas. Jangan sampe saya kasih rating 1 terus biar ada kejelasan dari pihak myXL terjelek koneksi internetnya. Aplikasi tolol bapuk. Terimakasih 🙏🏻
playstore,xl,2026-05-21 18:15:34,daniel juniverson,"sinyal sering tiba2 hilang, saat maen game sangat ngeganggu, menyusahkan."
playstore,xl,2026-05-21 18:13:48,Restu Ahmad,"Kenapa setiap satu minggu lebih wajib banget ada informasi kadaluwarsa? dikira orang-orang punya duit apa, minimal sebulan sekali tenggat waktunya, udah gitu kalau beli voucher malah gak ke detect buat perpanjang kartu!"
playstore,xl,2026-05-21 18:13:00,Jun Iriant,"sy dengan pelanggan First media yg skrg di ambil alih oleh XL one, kok ini pelayanan ke pelanggan yg sudah jalan 5 tahun kyk sy ini tetap tdk profesional banget ya.. bisa2 nya koneksi internet di rumah saya udh 3 jam offline tapi notice di aplikasi nya malah bagus2 aja koneksi nya, parah banget yaa"
playstore,xl,2026-05-21 18:10:55,Chrysoberyl,"Sempet ngeluh karena aplikasinya lemot & sering muncul bug, abis update jadi lebih smooth. I appreciate that you guys are actually listening to customer feedbacks. (*ﾟーﾟ)"
playstore,xl,2026-05-21 18:02:33,Imam Bonjol,lag woyy di tempat gua ga bisa dipake gw mau belajar susah woyyyyyyy
playstore,xl,2026-05-21 17:53:45,AYAM GAMING,tolong perbaiki bug banyak sekali bug
playstore,xl,2026-05-21 17:50:27,Syarif Uddin,"wah Bahaya lu my XL bohongin gua, sisa paket gua 6 giga , gua beli lgi paket yg 43 giga seharusnya jadi 49 giga ini knpa cmn 43 giga paket yg baru gua beli , trus kmna paket gua yg sisa 6 giga nya ,wah kebiasaan lu korupsi paket gua lu my XL ,, gua GK bakalan komen begini klo GK lu yg lakuin ke gua bngsat emang ."
playstore,xl,2026-05-21 17:48:10,Pengguna Google,"mahal, ngebang lagi"
playstore,xl,2026-05-21 17:37:19,x-27-sava aryasatya cahyadi,ngntod sinyal busuk
playstore,xl,2026-05-21 17:27:27,12B Fredy_ Nii,"sering gangguan, pl3r"
playstore,xl,2026-05-21 17:26:48,Abdul Jalil,"sinyal lemot,respon pelayanan kureng,cs nya gak on,komplit bnget sih ini👎"
playstore,xl,2026-05-21 17:21:23,Mr. ggolden,sangat cepat dan ramah
playstore,xl,2026-05-21 17:19:24,Hujan Deras,"bosoook, sama sekali gak bisa digunakan pointnya, cuma berkurang dan gak bisa dipakai... GJLS"
playstore,xl,2026-05-21 17:16:02,Eka Zera,"kuota makin mahal, kualitas jaringan minimal"
playstore,xl,2026-05-21 17:02:36,Wuland Pairodihardjo,"Kenapa jaringan XL sekarang saya rasa lebih lambat dari sebelum2nya dan aplikasinya ketika dibuka loadingnya lama plus untuk pembayaran ketika kita sudah beli pulsa di komersial yg lain diarahkan untuk membayar dengan gopay dan tidak ada pilihan yg lain padahal sebelumnya ada pilihan yg lain jadi kan sia2 saya beli pulsa di toko komersial yg lain, tolong diperbaiki lagi dong aplikasinya agar memudahkan pengguna bukan menyulitkan, saya sudah beli pulsa 15rb masih ga bisa telp padahal sesama XL"
playstore,xl,2026-05-21 16:33:50,Anden Luano,aplikasi tiba tiba gebug tolong server Indonesia nya hilang kenapa server inggris emang saya berada di luar daerah apa kurang gerti developer kalo gini cara nya tak kasih B3 kurang memuaskan dulu memuaskan sekarang error aplikasi nya yg make puyeng
playstore,xl,2026-05-21 16:33:29,Sarip Maulana,"terjadi gangguan di myXL saat memuat halaman ini,gituh ajah teruss, tolonglah benerin yang waras."
playstore,xl,2026-05-21 16:30:12,Fasehi Bashar,"pembelian paket internet suka gagal,,koneksi pun suka eror"
playstore,xl,2026-05-21 16:14:52,Muhammad Zulfikar,"sinyal lemot parah,gak bisa gunakan aplikasi apapun"
playstore,xl,2026-05-21 15:50:23,Freddy Siregar,kenapa saya masih punya kuota tapi internet tidak bisa di pakai
playstore,xl,2026-05-21 15:43:37,EvaRiati Aprillia,"PARAAAH SINYAL NYAAA JELEEK YAAMPUUN, SAMPE GBSA NGAPAIN2, awal pemakaian fine2 ajjaa, sekarang cuaca apapun gk ngaruh tetep jelek sinyalnyaaa"
playstore,xl,2026-05-21 15:42:33,Free Fere,"kadang2 beli pakit kuota bebes puas ada bonos ,,, ini baru aja isi ulang kuota bebes puas Rp.15.000 5GB 3 hri masa axtf ya ,,, tapi ga ada bonos ya ,, trus yg masuk hanya 4.5 GB aja ,,, dasar jual vocer ya ga jujur agen myxl,,,"
playstore,xl,2026-05-21 15:34:42,Doni Prasetio,"payah, di kota medan sering mati internet XL nya, bisa 2 jam bermasalahnya. tiap 1-2 bulan pasti ada mati 2 jam. sudah bertahun tahun seperti itu. tidak ada perubahan"
playstore,xl,2026-05-21 15:22:00,Dicky Permana,"skarang jaringannya tambah kalau, apalagi kuotanya juga mahall skarang.. , tambah parah jaringannya,kuota semakin maha alll.."
playstore,xl,2026-05-21 15:09:51,Alok123,apk lu lama lama goblokk mas/mba gua kuota gua masa kga masuk pdhal udh belii anjg
playstore,xl,2026-05-21 15:06:57,Rifaldhy Ramadan,sangat bagus
playstore,xl,2026-05-21 14:33:26,malikoy Oioy,sinyal sering bermasalah
playstore,xl,2026-05-21 14:31:54,Christina Sinaga,guna banget
playstore,xl,2026-05-21 14:20:09,Adi Maulana,XL suara nya jernih sinyal kuat XL ok banget 👍👍
playstore,xl,2026-05-21 14:14:09,Mutiara Gita,"perbaiki lagi perataan jaringannya min,akhir akhir ini ngeleg bnget"
playstore,xl,2026-05-21 14:12:56,mꪖo mꪖo,"hari kamis tgl 21 pukul 14:00 coba sinyal diperbaiki lg ,ini sama sekli gk da akses internet"
playstore,xl,2026-05-21 13:59:54,Noriza Hafni,"RIBEEETT. KALO ADA KERUSAKAN JARINGAN, GATAU GIMANA NGADU NYA. GA DI TANGGAPIN. MAU NGADUIN KERUSAKAN AJA GABISA. SERING RUSAK LAGI JARINGAN. RIBEET LO !!"
playstore,xl,2026-05-21 13:35:23,Galih Nazrullah,gangguan teruss padahal udah masa tenggang
playstore,xl,2026-05-21 13:27:26,Belakang 07,"ini XL kenapa dah 5 hari ini jaringan kayak taii, kuota gua masih 50gb, jaringan gak jalan, ngapa sihh XL mau nya apa dahh, yang bener ngapa, kesel bener gua"
playstore,xl,2026-05-21 13:24:45,Risman Sfc,jos
playstore,xl,2026-05-21 13:22:54,Ellaa,"gilaa lemot BANGEETTTTT, PADAHAL SINYAL 5G, ganti ke 4G sama aja.. 83 rb melayang udh mana cuma 28 hari, hiks"
playstore,xl,2026-05-21 13:17:19,Hendrik,lag banyak bug pembayaran tertunda bikin pulsa hilang
playstore,xl,2026-05-21 13:14:29,Nor Hidayati,"jelek bgt ada kendala pelayannya lama,nunggu antrian lamanya minta ampun pas minta chat agen..pas udah chat dgn agen responnya lama bgt juga muter muter gaada solusi..bulan lalu beli kuota pakai shopepay eh saldo ketarik kuota ga masuk, dichat di XL gaada solusi aku chat shope langsung dibikinin laporan itupun nunggu seminggu baru juga dibalikin saldo ku..sekarang baru bgt beli pulsa mau beli kuota pakai pulsa aja ga pkai saldo eh amalh terjadi masalah pada memuat halaman ini aneh XL jelek bgt"
playstore,xl,2026-05-21 13:11:59,Johny Roy Aries2,mengapa Siknalnya selalu bermasalah. !!!!!
playstore,xl,2026-05-21 13:06:47,Reys Batex,"hi kak,silakan hbg maya via fb,mungkin bisa bantu.itu yg selalu tampil dilayar saat pengaduan masalah jaringan.pesan robot.ada gk direspon yg otak yg terlalu jenius itu?.ada gk diperbaiki!,yg ada paket internetnya semakin mahal,memang kurang ajar semua provider di indonesia.memang manusia² otak bb!"
playstore,xl,2026-05-21 12:54:22,Jerylina Lina,lembek sinyal nya
playstore,xl,2026-05-21 12:51:20,Yusuf Sudarmaji,"pertama tarif XL naik drastis, semakin lama sudah tarif mahal, harga paket mahal, leletnya luar biasa, sekali muncul sinyalnya paket langsung terpotong, sering x hilang timbul sinyalnya, hancur kali XL sekarang ini, apalagi kalau kartu paketnya udah Naik jadi platinum ataupun gold, langsung tu kartu nya jadi bermasalah sering x gk Ada sinyalnya, supaya disuruh ganti kartu/nomor"
playstore,xl,2026-05-21 12:25:11,Acack 16studio,"parahh sinyallnya, nyesel bngt pake xl. selogan doang tercepat se indonrsia. ini malah terlemot se indonesia"
playstore,xl,2026-05-21 12:23:46,lord lord,aplikasi tolol motong pulsa seenak jidat
playstore,xl,2026-05-21 12:11:59,rezky prasetyawan,makin mahal eh bukannya makin cepet malah suka buffer
playstore,xl,2026-05-21 12:08:07,salomedurhaka 4086,"XL BuSuK🔥💩🤮🤮PuLSa iLanG TeruSs🔥👹🔥SanGaTt""🔥 MenGeCeWakAn👹SiinYalLnyA pUn CiSs💩menCReTt🤮🤮"
playstore,xl,2026-05-21 11:53:35,Cantik Sekali,"niat ngga sih buat xl circle , transaksi udah tercapai kuota nya blm di klaim hilang sendiri👎"
playstore,xl,2026-05-21 11:52:40,BANG TAKA TAKA,oy yang punya kartu XL minimal sinyal tu enak tolol gua udh beli paket mahal ratusan sibu tapi sinyal karu XL tolol ini kalo sinyal XL masih kaya gini gua ganti ke kartu lain paham
playstore,xl,2026-05-21 11:49:29,per 1nti5,"ishh jengkel balikin duit gw, dana gw abis tapi koutanya nggak bisa dipake"
playstore,xl,2026-05-21 11:45:29,Wahyu Diva pratama,kecewa sama xl voucher ga bisa di pakai
playstore,xl,2026-05-21 11:12:27,Muhammad Nur Rokhim,"nelpon ke pengguna XL, belum terhubung, pulsa sudah tersedot, sangat jelek sekali"
playstore,xl,2026-05-21 10:23:21,Papa Wira,xl untuk di lingkungan daerah saya sampai saat ini masih mantaap
playstore,xl,2026-05-21 10:23:20,Eri Sukardi,sulit mau laporan gangguan
playstore,xl,2026-05-21 10:18:17,Anon 007,"Kadang puas ama XL ini kdang gak puas kyk skrng. Kartu XL sebentar gk dipake disuruh reactivasi. Login masih bisa, tapi pas reactivasi masukin nomor ICCID gagal mulu di My XL. Padahal jaringan masih terbaca di HP jga. Mau ke XL Center Jauh. Tolong min ini gmna? apa emng gampang hangus? harus beli lagi beli lagi gitu?"
playstore,xl,2026-05-21 10:15:52,arief budiman,apk gajelas keluar keluar ga jelas
playstore,xl,2026-05-21 10:11:42,Rahmah Pratiwi Channel,"sudah 3 hari internet lemot,bahkan tidak bisa lihat status whatsapp... setiap hari coba chat maya cuma disuruh restart hp tapi tidak ada perubahan perbaiki jaringan di area kabupaten bogor segera"
playstore,xl,2026-05-21 10:00:43,Arif M Adam_26,membantu
playstore,xl,2026-05-21 09:55:34,BUYUNG GUNAWAN,"kuota saya sisa 3 GB itupun cuman buka pesan WhatsApp,GK cukup sehari eh langsung kosong parah,sangat jelek"
playstore,xl,2026-05-21 09:37:18,Mas Andre0110,my xl taik buat buka gak pernah bisa apk gak jelas sungguh kecewa
playstore,xl,2026-05-21 09:25:08,tedi setiawan,"apasi gak jelas, sinyal tiba tiba ilang, sinyal ada tiba tiba menghubungkan ulang gak jelas xl padahal kuota ada, makin lama makin gak jelas xl"
playstore,xl,2026-05-21 09:24:20,Sandy Wijaya aji,kecawa pakai XL sinyal jelek paket data gak sesuai
playstore,xl,2026-05-21 09:23:43,1038 Rifky Ardian,kuotanya mahal😭😭
playstore,xl,2026-05-21 09:09:31,Sarjana Cendol,"Hai My XL, Kenapa aplikasinya ini kurang bagus ya. setiap beli paket selalu lama responnya"
playstore,xl,2026-05-21 08:52:42,Maria I Sri Mulyani,kenapa myXL sy ga bs dibuka ? apa hrs ganti hape 5G ?
playstore,xl,2026-05-21 08:18:24,Adi Gunawan,"udh paketan mahal, apk sering eror pula"
playstore,xl,2026-05-21 08:13:54,Fatimah Azzahra,"hmm kok kuotanya di batesin😔😔😔, sinyal nya sering jelek lagi klo dirumah, apalagi klo pas ujan, baru mendung aja udh sendet² sinyal nyh, banyak besabar sampe nunggu ujan lese☺️"
playstore,xl,2026-05-21 08:07:46,Wtnb Hrto,"bisa ga sih ga usah potong pls kta pas perpanjangan msa aktif kuota, gua mslhnya gmau memperpanjangnya, njirr"
playstore,xl,2026-05-21 07:40:03,Acep Sopian,jaringan ilang terus
playstore,xl,2026-05-21 07:38:30,Man Kagenou,sinyal 4g nya sangat buruk buruk buruk sekali
playstore,xl,2026-05-21 07:37:59,fitriyah perdana,"sinyal dull bar. tp kenyataannya chat aja. gambar jam bs 2menit. apalagi buka aplikasi lain, lemot bgt, malah di bilang, periksa koneksi jaringan anda. maunya bgmn sih. jelek bgt sih XL. aku XL prioritas pascabayar lho... padahal operator kuning lebih murah, dan sinyal jg baik2 aja. ini dh mahal, tp kyk dpt rongsokan"
playstore,xl,2026-05-21 06:35:41,Aryasuta Danasura,"aplikasi suka error,, menurut saya harga Kouta terlalu tinggi dan jaringan suka ngelag🙏🏻"
playstore,xl,2026-05-21 06:26:54,Roji Makruf,"kenapa sih kadang kalo beli kuota gak pernah masuk , padahal udah di bayar loh"
playstore,xl,2026-05-21 06:12:04,RINBOW ck,kuota saya tidak bisa diperpanjang lagi padahal dipaket nya tertulis bonus perpanjang ke bulan berikutnya setelah mengisi pulsa malah hilang paket kuotanya hadeehh
playstore,xl,2026-05-21 06:10:06,Khoirul Azam,Karena lumayan mahal untuk paket data nya
playstore,xl,2026-05-21 06:00:25,Voniauoliya Liyaa,cirle nya suka hilang
playstore,xl,2026-05-21 05:25:27,pinoh,"kouta maHAL CEPET BGT NYEDOTNYA ud g punya wifi cpt bgt sedot koutanya, sengaja ya biar kita beli trs???"
playstore,xl,2026-05-21 05:18:27,Shin Aslan,sekarang perpanjang otomatis engga jelas udah di isi tetep engga di perpanjang XL gimana
playstore,xl,2026-05-21 04:45:47,Na Ra,kenapa kuota khusus whatsapp saya kadang gak kepakai malah yang kepakai kuota utama saya? tolong diperbaiki
playstore,xl,2026-05-21 03:15:19,Farren Brue,aplikasi konyol masa beli pulsa aja gak bisa
playstore,xl,2026-05-21 02:31:13,Hery Purwoko,"XL makin kesini makin parah asli,jangan pake XL gua saranin,pak Telkomsel KLO GK simpati bagusss"
playstore,xl,2026-05-21 02:24:55,RAKHMAD RAMADHANI (RAMA),Semoga jaring selalu bisa stabil di semua area
playstore,xl,2026-05-21 00:53:15,Vivo Y03t,kenapa ngga bisa kirim pulsa lhoo aneh banget
playstore,xl,2026-05-21 00:33:36,pratama adrian,gak bener ini xl. setiap mau login my xl selalu ganguan. alhasil. pulsa terpotong gak jelas. gak recomendasi buat ini pulsa. ganti kartu lain aja. brengsek xl
playstore,xl,2026-05-21 00:32:36,Nazwa Qaila,banyak bug sering erorr dan live chat agent sangat lama responnya. mengecewakan
playstore,xl,2026-05-21 00:31:16,Iphi Tuyul,Ok
playstore,xl,2026-05-21 00:14:45,Ikhwan Khoiruddin,WOI GW MAU BAYAR FIRST MEDIA GIMANA INI? KATANYA SURUH PAKE MY XL TAPI GA ADA. ANEH!
playstore,xl,2026-05-20 23:54:36,Alif Maulana Zaki,"jaringan nya makin ngelag, meskipun Uda di kota, tetap ngelag parah, masak nonton film di PineDrama ngelag nya parah,"
playstore,xl,2026-05-20 23:20:57,Santika Rohma Dewi,minnnnn turunin harga paket plzzzz😶😗
playstore,xl,2026-05-20 23:16:05,Farizi abdul Aziz,"Penukaran XL POIN nya SANGAT SANGAT TIDAK MENARIK BAHKAN WAKTU UNTUK MENGAHBISKAN KUOTANYA PELIT AMAT NIH XL,,KAN JADI PERCUMA PUNYA XL POIN BANYAK BANYAK,,,MARKETING UNTUK PROGRAM DAN PROMONYA GAK BISA KERJA,,2026 NIH XL GAS POL Dong Biar tambah Keren..Huft"
playstore,xl,2026-05-20 23:09:34,Aldi Fedora,sinyal jelek sekali padahal di cikarang tolong diperbaiki lagi maaf kasih bintang 1
playstore,xl,2026-05-20 23:01:36,Gugun Adiya,Selamat
playstore,xl,2026-05-20 22:52:01,ANDRO_ID CELL,tiba² saja kenapa tulisannya jadi kecil banget ya. malah bikin susah...
playstore,xl,2026-05-20 22:50:42,Bayu Agung,"njir, berlangganan dengan paket xl satu value stream, dengan booster tertulis catchplay+ aku kira bisa nonton film premium ternyata cuma bisa nonton film gratisan aja. wkwkwkk, sumpah kocak. ada dan gk ada booster catchplay+ sama aja. tau info ini setelah hubungi customer service. mending firstmedia jarang trouble, speed selalu mentok dan yang paling utama, gak pernah bohongin customernya. sampah, aku menggunakan ini karena firstmedia dimerger. jadi sejak awal gak pernah tertarik sama xl."
playstore,xl,2026-05-20 22:45:53,Ahmad Zazuli,sinyal nya sering error
playstore,xl,2026-05-20 22:39:00,Maulana Malik Ibrahim,"klo malem lemot bngt, rugi!!"
playstore,xl,2026-05-20 22:38:04,AMIN KROYA,assalamualaikum warahmatullahi wabarokaatuhu. sinyal SDH bagus dari yg sudah2 dari sebelum nya gak bisa buat on dirumah. SDH bisa buat lihat konten YouTube dan lain2. TPI paket data dan sinyal masih kalah sama sebelah jadi kartu jarang kepake Hany buat cadangan dari kartu tetangga. tks ....
playstore,xl,2026-05-20 22:27:48,Reskyy Hariss12,makin lama pake XL makin gedek sinyal selalu gangguan paket data nya juga setiap hari makin mahal kemarin 100rb 57gb skrng sisa 30an GB makin ngk ngotak XL
playstore,xl,2026-05-20 22:27:19,rina firnanda31,susah dibuka error terus malesin
playstore,xl,2026-05-20 22:26:37,Jodi Hermawan,"jangan pake XL, jaringan jelek banget, nyesel banget pake XL, gw saranin jangan pake XL, nanti kaya di goa susah signal"
playstore,xl,2026-05-20 22:18:42,fatoni karya,orang mau beli paket kuota bayar pake pulsa sendiri di my XL kenapa dipersulit dengan alasan gangguan sinyal tapi di suruh laganggan berbayar pulsa dipotong.makin parah gak jelas XL
playstore,xl,2026-05-20 22:10:59,Rohendi Rohendi,jelek banget jaring lu
playstore,xl,2026-05-20 22:04:25,Good Morning Indonesia,"sinyal seminggu ini jelek bgt😡 saya ini pakai kartu XL, 2 kartu dan semuanya sama biasanya baik2 saja kok sekarang tiba2 ilang sinyal, trus timbul lagi, saya harus sampai matikan pesawat, lalu nyalakan lagi baru timbul lagi. jelas ada masalah jaringan, ini saya udah cek berkali-kali, saya member lama kartu XL ini."
playstore,xl,2026-05-20 22:03:30,Alim Takahiro,sinyal Wifi mulai gak stabil
playstore,xl,2026-05-20 21:57:14,Rifqi Fauji,kalo malam sinyal kaya kentut gak bs jalan sama sekali lokasi jkt utara
playstore,xl,2026-05-20 21:55:12,Oppo Oke,tolong d perbaiki buat. XL. saya daftar. kuota khusus buat game. tapi pas buat main game GK bisa. kalo memang kuota itu GK bisa d gunakan kenapa harus tertera d aplikasi my XL. mending hilangkan saja. memang d kira plsa. kami. dapat mintak. tolong lah.
playstore,xl,2026-05-20 21:52:13,Hapu Hapa,Ok
playstore,xl,2026-05-20 21:46:41,ranggada_4,makin lama makin jelek
playstore,xl,2026-05-20 21:44:20,Asep Ricky Hermawan,Dari dulu pake kartu xl jaringan bagus kenapa sekarang busuk amat ya padahal tower XL Deket
playstore,xl,2026-05-20 21:36:11,Mul Aditya,sangat mengecewakan...jaringan di dalam ruangan aja susahnya minta ampun
playstore,xl,2026-05-20 21:34:48,Diandra Judo Raditya,"kejam rek, pas main kdg pingny tinggi, kl mati lgsg turun pingnya"
playstore,xl,2026-05-20 21:32:24,Putra Cipta,"beli kuota mahal"" signalnya siput..lemoot banget.."
playstore,xl,2026-05-20 21:31:50,Aden Aden,bagian magelang Mertoyudan g ada sinyal terus bagian Mangunan sering bgt g ada sinyal
playstore,xl,2026-05-20 21:27:20,Fitri Cha,"Bertaun taun pakai XL, kok taun ini makin parah sinyalnya. Udah coba ikutin instruksi biar sinyal membaik,malah sama aja jeleknya. Sampai kapan nih sinyal lemot,lelet begini???"
playstore,xl,2026-05-20 21:26:37,Ji Sinping,GARA GARA SINYAL XL RANK JADI ANJLOK. KUALITAS PARAHHH
playstore,xl,2026-05-20 21:23:12,restu bayu,"mau hubungi CC suruh update, bukak ps kagak ada update.. apalah ini... jaringan wifi tiap malam down terus.. cs bot. hubungi agent tidak direapon2"
playstore,xl,2026-05-20 21:22:53,Husen id,sudah platinum sinyal XL makin hancur internet hilang dan sinyal lemot banget buat aplikasi narik
playstore,xl,2026-05-20 21:22:41,ekka aja,kartu bosok
playstore,xl,2026-05-20 21:15:09,ajat ajat,XL LEMOTTTT JARINGAN BAGUS TPI LEMOTT KOUTA MASIH BANYAK TPI LEMOTT JARINGAN NYA
playstore,xl,2026-05-20 21:09:10,Rasya Rafka,nggak recomended untuk pake kartu ini main game
playstore,xl,2026-05-20 21:08:01,Revie Sumara,gak jelas xl makin lama masa main lemot jadinya keluar coba
playstore,xl,2026-05-20 20:54:34,dimas setiawan,burukk
playstore,xl,2026-05-20 20:51:41,Fidiya Julia Ikhsandra,"mahal,lag,gak guna mending beli wifi blok"
playstore,xl,2026-05-20 20:48:27,Lalu Ibad,XL selalu dihati
playstore,xl,2026-05-20 20:48:15,Zhayan Shiba Takeru,not good
playstore,xl,2026-05-20 20:43:26,Yori firdaus,"jaringan sering pending kalo hujan, harga paket mahal dan sudah tidak ada bonus seperti dulu."
playstore,xl,2026-05-20 20:37:19,Aqila Koirunnipa,"udah lama pake XL sekarang malah nambah boros,,paket nya mahal semua,,mengecewakan sinyal nambah lelet"
playstore,xl,2026-05-20 20:35:54,Irgi Bening,"Sinyal XL makin lama makin lelet, jdi gk nyaman pake XL, jengkel bnget"
playstore,xl,2026-05-20 20:35:35,Yusuf Saputra,"jaringan nya mangkin gak jelas, kuota tambah mahal, sinyal lelet"
playstore,xl,2026-05-20 20:29:40,A yli,lemot banget.cek paket harus buka myxl.sudi amat...sampah
playstore,xl,2026-05-20 20:27:13,Ria Veronika Pratama,kapan jaringan stabil nya yg ada gangguan tiap hari
playstore,xl,2026-05-20 20:26:50,Rizki Ananda,ntah knpa sekarang jaringan XL lemot bgt
playstore,xl,2026-05-20 20:24:26,Mimng Sivera,"aplikasi terlalu sering error hampir setiap hari,paket data sekarang pada kemahalan dan tidak ada discound lagi kemudian jaringan lambat sekali beli kouta yang 300gb masih ada 200gb tapi ngelag nya minta ampun nyesal saya beli paket data dan menggunakan xl axiata"
playstore,xl,2026-05-20 20:23:22,Aan Tp,"ampun x lemot nya.. dah di matika hp si restat ulang tetep gk sesuai baru beli paket ampu x bah.. lokasi medan / mandailing natal gk pernah bagus ,, lampu hidup nya gk mati.. kecuali mati hilang jaringan"
playstore,xl,2026-05-20 20:21:01,irene dasilva,live chat lama balasnya. penawaran paket tidak bs terbeli pdhl sudah masuk special for u. ke agent live chat tdk ada solusi dan lama membalasnya🤦🤦
playstore,xl,2026-05-20 20:20:11,Dian Nurgeni,"mulai sekarang aku buang sim xl , jelek bnget, pindah k telkomsel yg lbih bagus sinyal kuat"
playstore,xl,2026-05-20 20:16:56,Mela Apriyani,sering ngelag sinyal nya
playstore,xl,2026-05-20 20:12:10,Yali Alfian,buruk jaringan selalu menghilang. lemot banget.tolong dong tingkatkan lagi jaringanya di jakarta selatan
playstore,xl,2026-05-20 20:06:53,Ilyas Ilyasbae,sangat bagus sinyalnya
playstore,xl,2026-05-20 20:05:52,Tohidin Idin,"pas beralih ke xl prioritas kenapa tidak bisa login lagi di myxl, tulisannya: terjadi gangguang saat memuat halaman ini, gitu terus ga bisa bisa"
playstore,xl,2026-05-20 20:01:57,18. Risqi Nur Diansyah,"Wifi putus putus, tolong di perbaiki lagi.. jangan hanya ngingetin suruh bayar bulanan aja"
playstore,xl,2026-05-20 19:42:51,Yani Rohaeni,"kenapa my xl kok jadi begini saya baru saja beli pulsa sudah main di potong Saja,saya maketin pulsa ke vocer lama terus pulsa nya kesodt terus bagaimana ini myXl dulu gak pernah begini saya ngisi pulsa saja langsung habis 😕🥺"
playstore,xl,2026-05-20 19:27:36,wulan taeh07,"jaringan internet nya tolong diperbaiki, masak hidup mati tiba2, udah bagus padahal kemaren tapi ada kendala lagi, udah seminggu loh jaringan saya hilang2 terus tiba2, harus beli internet 5G dulu baru bagus sinyal nya gitu?"
playstore,xl,2026-05-20 19:18:14,Muhammad Syarif Hidayatulloh,pengelaman
playstore,xl,2026-05-20 19:11:18,IRMAYANI 91,"sudah lumayan lama pakai XL, awal pkai saja murah, lama kelamaan makin Mahal. harga dgn paketan yang di kasih gak ngojek."
playstore,xl,2026-05-20 19:06:59,Andhika Putra Perdana,lemot. respon cs lama. tdk meyelesaikan Masalah.
playstore,xl,2026-05-20 19:05:51,ariyanto o,"XL parahhh..!!! jaringan lemot ky kura² hadehh rugi dah.... padahal udah beli paket 150gb=150rb kirain jaringannya bagus,ternyata lemot nya parah bgt buat buka googling aj muter² .... tau gitu mending beli paket Indosat lg ,... niat mau coba,ternyata kecewa berat.... semoga di respon sama XL nih, biar ada perbaikan jaringan note : lokasi di magun jaya tambun selatan bekasi (sy gak tau wlyh lain mgkn bagus)"
playstore,xl,2026-05-20 18:59:55,Hanif Arifai,sering ilang ilang an napa dah jaringannya ni provider
playstore,xl,2026-05-20 18:52:21,Mifta,"Kecewa berat sama ni xl, aku pengguna lama xl sekarang sinyal jelek banget, beli kuota yang mana aja pun tetap aja ga ngaruh tolong dong di perhatikan, padahal aku tinggal di kota yang pemancar sinyalnya di mana mana, masak harus upgrade jadi xl prioritas baru bisa lancar sinyalnya, padahal juga banyak yang komplain di ulasan tapi tidaj pernah berbenah harus di kasih ulasan jelek dulu kah?"
playstore,xl,2026-05-20 18:29:11,Jiaulhaq Putra zeus,terima kasih atas 7 tahunnya XL saya akan meninggalkan kartu XL saya karena XL sekarang semakin mahal dan pelit gak ada bonus kuota kaya dulu selamat tinggal XL terima kasih atas 7 tahunnya🫣
playstore,xl,2026-05-20 18:23:17,rehan kalis,"niiiii xllll jaringan emang nggak bisaaaa di andalin laaahhhh, main gameeee tipa2 hilang ppk udah gituuu apk iniiii jugaaa sering nggak bisaaaa fi bukak kalau nggak ke peper nggak usah beli paket xl iniii"
playstore,xl,2026-05-20 18:10:53,Zulyadin SPd,"santun, walau ada bonus isi pulsa yang hangus. myxl terbaru oke !🙏🙏🙏"
playstore,xl,2026-05-20 18:01:35,Syam Soel,"jaringan XL jelek banget kalo dari jam setengah 6 sore sampai jam 11 malam, perbaiki lagi lah jaringan nya jangan bikin kecewa pelanggan nya"
playstore,xl,2026-05-20 17:50:07,Syukri Haris,makin lama makin parah aja sinyalnya di pake buat main game aja gak kuat parah sih
playstore,xl,2026-05-20 17:37:43,H.mursidi Sh,"bonus kwotanya sedikit banget,berikan saya discout 90% harga kwota besar bulanan,"
playstore,xl,2026-05-20 17:32:46,yudi agus,ini kenapa jaringan xl kalau buat scroll tiktok dan buka kolom komentar tiktok kok lemot
playstore,xl,2026-05-20 17:23:18,Rifqi Iki,"admin admin malah harganya melambung tinggi, data sering kesedot padahal ga buka aplikasi, gw reting 5 Kana 1 ga bakal keliatan di atas😒"
playstore,xl,2026-05-20 17:23:14,Abie Suna,5g apaan 5g. main COC aja putus nyambat.
playstore,xl,2026-05-20 16:53:33,Dhenkumar Sajat,sangat bagus
playstore,xl,2026-05-20 16:38:30,Syaefull II,"min saya setiap maen game ml ngelag trus knp yah XL sekarng ga kaya dulu lancar2 aja, padahal ram HP saya ram Setengah tera"
playstore,xl,2026-05-20 16:28:53,Dody Setiawan,ini kenapa kuota masih banyak gabisa buat YouTube!
playstore,xl,2026-05-20 16:19:15,HiSiMiYa,sinyal naik turun kontollll
playstore,xl,2026-05-20 16:11:33,Saldy reynal,aplikasi nya sering banget eror dan ngebug dan jaringan nya nge lag bnget cok tolong dong di perbaiki masa hari² nge lag. juga kouta nya makin mahal. wkwk sampe sekarang juga aplikasi nya makin bermasalh sering terjadi gagal pembelian koita gak bisa ini itu sering ngelag sering bug jujur ya kok makin kesini aplikasi sering gini sihh jujur yaa saya sebagai pengguna XL cukup kecewa dengan hal ini apalagi tidak ada solusi yang benar² bisa membantu suruh chat maya mulu tapi sulit solusinya gak ada!
playstore,xl,2026-05-20 15:55:18,Apin Alfarizi,ku kira daerah saya saja xl lemotnya minta ampun
playstore,xl,2026-05-20 15:19:34,Muhammad Ridwan,XL prioritas tidak cocok untuk pengangguran seperti saya
playstore,xl,2026-05-20 15:15:35,Dewe De,tolong perbaiki sinyal nya
playstore,xl,2026-05-20 15:14:31,Justin Haqq,"saya pengguna jaringan 5G dulu awal awal Xl ada 5G jaringan nya bagus dan lancar, bahkan tergolong cepat. tetapi belakangan ini kualitas nya sangat menurun, dan sangat mengganggu aktivitas saya. bahkan terkadang sering berpindah ke 4G yang jaringan nya sangat lambat bahkan seperti tidak ada internet. bahkan untung mengirim rating ini saja ngelag"
playstore,xl,2026-05-20 15:05:22,Keju Juwara,"paket mahal,mau beli paket gagal terosss pulsa kesedotnya gak ngotak,gangguan teros."
playstore,xl,2026-05-20 15:05:11,Dhivia Rifki,isi survei mulu tp ga ada perubahan malah makin buruk aja tuh sinyal ilang ntah kemana
playstore,xl,2026-05-20 15:00:56,MUHAMMAD MIFTAH,tetap pertahankan paketan yang sudah lama berlangganan otomatis
playstore,xl,2026-05-20 14:58:38,Becek Cek,yang slalu ada untukmu
playstore,xl,2026-05-20 14:45:53,Johan Wahyudi,JARINGAN MAKIN BUSUK AJA INI PERBAIKI NAPA HARGA PAKET MAKIN MAHAL PULA
playstore,xl,2026-05-20 14:41:02,Mr. Azmi Mahiri,"buruk, create ticket troubleshoot tidak bisa"
playstore,xl,2026-05-20 14:40:15,Wajit Hitam,Selalu keluar sendiri
playstore,xl,2026-05-20 14:36:42,Nisaaa Muach,"apasii kocakk setiapp isii kuotaa, bonusa kuotaa selaluu ilangg gitu aja padahal belum di ambil"
playstore,xl,2026-05-20 14:17:56,tajudin an nadwi,"mau daftar flexi mini 7 gb 14 hari susahnya minta ampun, padahal saldo dan masa aktif cukup. sekiranya XL belum siap dg promo tersebut jangan di tawarkan dulu ke customer, jujur sangat kecewa"
playstore,xl,2026-05-20 13:50:13,Ina Khaerunisa,"jaringan lelet, terus mau beli paket gangguan Mulu, gimana kalo lagi buru-buru"
playstore,xl,2026-05-20 13:38:30,HADI WIJAYA,",,ayo,,,masih berani buktikan yg terbaik gak,,,perbaiki kualitas konect mu,,,gmn?,,,berani,,,BUKTIKAN,,"
playstore,xl,2026-05-20 13:29:08,jack sparrow,good apk
playstore,xl,2026-05-20 13:25:53,Desi Arum sari Kenes,"saran saya lebih baik ganti provider dari pada darah tinggi naik , ni busuk banget ga ketolong"
playstore,xl,2026-05-20 13:16:25,Jjfka Ojdns,buriq
playstore,xl,2026-05-20 13:04:32,Fahul Arifin,good
playstore,xl,2026-05-20 12:59:56,rudi afwan,"terpaksa saya kasih 3 bintang karena saya kecewa sama myxl nya biasa nya ada bonus nya sekarang sudah TDK lagi percuma saya isi paket data terus ,sekarang XL sudah miskin pelayanan kurang memuas kan"
playstore,xl,2026-05-20 12:56:35,Noldy Mesakh,kenapa aplikasi saya tidak bisa di buka?
playstore,xl,2026-05-20 12:42:34,Rizal Rodriguez,"jaringan buruk sering hilang sinyalnya,harga paket data mahal"
playstore,xl,2026-05-20 12:32:08,wong edan kui bebas,jaringan lemot
playstore,xl,2026-05-20 12:30:18,Mrd Ya,"hallo Tolong di perbaiki ,signal nya Jelek/kurang bagus padahal kouta masih banyak dan gimana ini agar sinyal tetap stabil tolong di perbaiki."
playstore,xl,2026-05-20 12:26:05,02.ATHAYA,kenapa sekarang sinyal y susah padahal dlu g sebusuk ini
playstore,xl,2026-05-20 12:14:38,Umar Akram,aplikasi terlalu susah digunakan
playstore,xl,2026-05-20 11:59:54,Fuad Syaiful,sinyal saya di wilayah cikarang timur kurang stabil trus...gak enal bgt di pake sosmed apa lagi game...tolong dong di perbaiki....sya udh komplen lewat maya di xl cmn gak ada perubahan ..... mudah²an aja cpt di perbaiki
playstore,xl,2026-05-20 11:50:19,FAIRUZ,kureng sekarang agak aneh nih jaringan XL sering legg gak stabil
playstore,xl,2026-05-20 11:20:57,Juhamad,"kuotanya sangat ngelek padahal paket saya masih banyak, dan jaringannya gak ada mulu ngelek banget pokoknya"
playstore,xl,2026-05-20 11:04:44,Valentino Moningka,Ni XL kocak kuota circle kita kan sisa 15rb lagi kan bisa dapet yang gratis 5GB terus pas gua ngisi Data kok malah ke reset Kuota 5GB nya mana woii Makin hari makin gajelas nih XL terus Mati Mulu jaringannya padahal gua udah lama make ni Jaringan Mending gua ganti kartu.
playstore,xl,2026-05-20 10:53:45,Mikhael Jordan,kuota ff gak bisa dipake
playstore,xl,2026-05-20 10:45:09,Asep Wowo,makin parah ganguan nya tiap
playstore,xl,2026-05-20 10:37:29,Adi Irawan,setiap mau maketin kuota di potong 2k njir
playstore,xl,2026-05-20 10:28:21,Piere Brek,saya isi pulsa Rp.100.000 terpotong penggunaan pylsa paylater Rp.44.000 tapi sisah Pulsa saya RP.27.000 seTAI ini kah XL.????
playstore,xl,2026-05-20 10:01:54,ariya gading saputra,"hmm, aneh jaringanya ko ngeleg terus, jd bimbang klo beli paketan internet"
playstore,xl,2026-05-20 09:54:15,Jonathan Linggard,"bayar kuota mahal, buat main buang buang duit ngelag parah jaringan gajelas"
playstore,xl,2026-05-20 09:43:02,yahya kurniawan,jaringan nya eror mulu
playstore,xl,2026-05-20 09:37:00,Sudianto,bagus
playstore,xl,2026-05-20 09:27:52,Latief ariyanto,"wedyaan, paket datanya naik lagi harganyaa"
playstore,xl,2026-05-20 09:20:17,Arie Angsana,"Kuota semakin mahal, katanya akumulasi giliran dibeli paket yang sama namun kuota lebih sedikit malah kuota sebelumnya hangus. tanpa ada info terlebih dahulu.. 🤣🤣 kalo ada bintang 0 saya isi 0 saja.. padahal saya pelanggan lama di XL dan Axis.."
playstore,xl,2026-05-20 08:51:40,Nathan,xl nih ya aku udah komplen 2x ke live agent dan sudah merestart hp tapi masih aja sinyalnya ilang terus secara tiba tiba mana tiap kali internetan di momen penting selalu aja ilang entah kemana.... udah komplen ke csnya malah responnya hanya kasus yang dianggap sepele
playstore,xl,2026-05-20 08:27:19,GAJAHPARA,aplikasi terlemot sinyal buka ini aplikasi lama banget buat check sisa kuota njirrr
playstore,xl,2026-05-20 08:20:21,wildan zakky,woilah min gimana gua beli lagi 5 gb gabisa dipake ini gimana sihh
playstore,xl,2026-05-20 08:18:26,Sigit Pamungkas,jaringan kurang baik
playstore,xl,2026-05-20 08:17:47,Yong Eghe,"beli paket mahal"" sampe 150rb aku kira kecepatan mungkin bisa 7mbps ato lebih, ini malah gak sampai 1mbps sial, kalo mau jual paket itu tulis juga kecepatan internetnya harga segeini kecepatanya juga segini di keterangan, penipu"
playstore,xl,2026-05-20 08:14:53,Yudha Adewah,sumpah lama lama jaringan xl gak bklan laku kalok sinyal kyak gini terus
playstore,xl,2026-05-20 08:08:58,HERY,paket bulannya kalau bisa di turunin harganya
playstore,xl,2026-05-20 07:31:08,Eman Jumansyah,sinyal lebih di tingkan lagi biar jangkauan lebih luas lagi
playstore,xl,2026-05-20 07:14:02,Just Nana,"tolong dibenerin, udah seminggu ini error mulu padahal koneksi internet udah bagus"
playstore,xl,2026-05-20 07:07:28,67 k,sering mati-hidup
playstore,xl,2026-05-20 06:55:05,Fadilah Dilah,udah di-update tapi suruh update lagi..gimana sih ini
playstore,xl,2026-05-20 06:41:02,Bona Manullang,"5g prioritas gimmick doang ngakak XL, saya fix ganti provider!"
playstore,xl,2026-05-20 06:37:18,Sport Shop,saya tidak bisa buka myXL saya mau ganti email..gimana caranya..
playstore,xl,2026-05-20 06:36:12,Aditya Pratama,"aplikasi stupid, customer mau beli paket data internet kok di persulit, ini sengaja ya?"
playstore,xl,2026-05-20 06:31:59,kumpulan story,Kemarin sama hari ini masih gangguan..emang taik nih xl..gak kayak telkomsel..
playstore,xl,2026-05-20 06:04:58,Ibrahim Nazril,kenapa setiap buka aplikasi selalu masuk dari awal lagi.. dan itupun selalu gagal?? moho penjelasannya
playstore,xl,2026-05-20 06:01:32,abdul majid,"SEMOGA DENGAN DIKASIH BINTANG 5 KELUHAN SAYA CEPAT DI BACA, min kok apk my XL saya sekarang² ini kurang jadi kurang bagus ya, padahal baru beli paket, mohon diperbaiki ya aplikasinya"
playstore,xl,2026-05-20 05:36:08,Nurul ihwan,kok gak bisa pake dana lgi sih min tolong di perbaikin dong min
playstore,xl,2026-05-20 04:48:19,Hendra Wirawan,"sinyal bagus, paketx murah juga hadiahx lumayan, klau bisa bonusx d tambah lagi, Trims"
playstore,xl,2026-05-20 04:40:22,Nur Fadhil,Ditempat saya xl sinyalnya bagus. Ayo dong xl adain lagi diskon 60% untuk pembelian Combo Plus nya.. 😊😊😄
playstore,xl,2026-05-20 04:29:53,markeso Kaban iki,baikk sekali
playstore,xl,2026-05-20 03:40:26,Zi seong El Hye joeng,"ane bingung jua kenapa perusahaan axis mengalami likuisasi oleh pihak pershann xl Axiata, namun jika kita beli kuota xl dg pakai apps gojek dan dana, gopay, wallet, kantong jago, dan ovo, kalau hal paket nya sih lancar saja, trgntung berapa gb yg hendak kita beli khusus nya flexi mini, dan kuota akrab, namun masih mengalami kendala pd saat kita memasukkan kode voucher pd kartu gosok, kdng kadang sistem android, sring trjadi maslah tntang keaktifan paketnya,"
playstore,xl,2026-05-20 03:35:30,Riski Ristian,saya penggemar xl
playstore,xl,2026-05-20 03:09:38,andhie diott's,"aku perhatiin beberapa kali setiap kuota habis dan mau beli paket data selalu saja ada perbaikan aplikasi, ujung2nya harus beli lewat *808#, trus pilihan paket yg biasa di beli ga ada, emang gitu ya cara XL cari untung, user lama ini bos, sumpah bikin males pake xl, biasanya beli 61,5 k yg 24gb, ini cuma ada pilihan 5+5 gb, terpaksa bgt belinya, terakhir deh ini, gak akan nyesel aku ganti kartu perdana lain...."
playstore,xl,2026-05-20 03:08:25,ratna liaa,sangat bagus🥰🥰
playstore,xl,2026-05-20 02:32:04,Ah3 Jadi,"Asli sumpah demi Tuhan XL skarang makin parah .. Gw taro oprator lain di SIM 1 data aktif, trus gw taro XL di SIM 2 data ga aktif. Lah ini dlm sminggu pulsa XL sy hilang 8 ribu, sy sering trima sms ""Kamu sedang menikmati internet tarif normal 55/MB"". Padahal data tidak sy aktifin, ko bisa pulsa sy hilang 8 ribu slama sminggu. XL ko skarang diem2 jadinya doyan maling pulsa ya .."
playstore,xl,2026-05-20 02:16:42,Shin Kana,all good
playstore,xl,2026-05-20 02:11:56,Mohd Ridwan,"Aplikasi paling tolol yg pernah terinstall , buka aplikasi hampir 2 jam nunggu gk bisa terbuka buka, aplikasi lelet, banyak gangguan, respon cs di aplilkasi lambat,ini ulasan paling jujur dri saya kritikan sebagai evaluasi sistem myXL"
playstore,xl,2026-05-20 01:56:49,Pengguna Google,sampai jam berapa aplikasi ini gangguan
playstore,xl,2026-05-20 01:56:04,Dodi Hutagalung,"min knp XL selalu ada masalah,jaringan lemot,aplikasi ga bisa dibukak"
playstore,xl,2026-05-20 01:53:10,Tony Daffa fahrianto,"banyak ga bisa ke buka nya terus, kebanyakan di perbaiki terusss"
playstore,xl,2026-05-20 01:52:42,Avx Rimex,sering kali aku kadang buka aplikasi myxl. muncul tulisan seperti ini. kami sedang menyiapkan myxl yang lebih baik. sering kali seperti itu. udah paket habis gak bisa beli paket data di myxl.
playstore,xl,2026-05-20 01:52:32,Elzivilya Agustin,"ni apk kenapa si, dikit' pembaruan mana lama bngt lagi dan ini jls banget ganggu klo lagi mau isi voucher/cek kuota, tolong dong diperbaikin udah sering banget. dan juga sering lag nnti pas diliat kuota nya habis dan pas dicek lagi ternyata kuotanya masih ada."
playstore,xl,2026-05-20 01:49:46,Aldy Rezha,JARINGAN BUSUK kebanyakan update tapi gaada guna
playstore,xl,2026-05-20 01:42:55,Bagus Al Muhajjitin,"sumpah manis di awal loh Kouta dulu banyak yang murah, best price for velue, kikir bngt sekarang😹, sinyal kadang suka ilang, padahal dulu stabil, tapi ya masih cukup bagus lah buat aku, tanks 😹🥀"
playstore,xl,2026-05-20 01:31:35,Dudin Jaenudin,"jaringan semakin gak jelas seharian perbaikan ,, pake XL punya hp serasa gak punya hp"
playstore,xl,2026-05-20 01:28:11,Muhammad Arif,gangguan woi apk kalo malem
playstore,xl,2026-05-20 01:23:18,Jaka Permana,kebanyakan perbaikan/trobel
playstore,xl,2026-05-20 01:19:22,Misna Natasa,"lama banget nunggunya sampai paket saya habis dulu kah baru bisa, apalagi kalau mau isi paket data harus ada kuota dulu baru bisa,puyeng aku pikirin.gimana kalau kuota nya ngga ada langsung ngga bisa masuk ja pake drama hotspot dulu.dari dulu sampe sekarang bagus yang dulu deh kayaknya.soalnya dulu ngga pake drama nunggu,kalau habis kuota juga masih bisa ngisi."
playstore,xl,2026-05-20 01:18:21,sosmed,setiap malam pasti gangguan gak jelas.. bikin kesel mau beli pulsa atau isi ulang paket internet jadi susah.. tolonglah aplikasi jangan sering di utak Atik.. bikin tambah lemot aja
playstore,xl,2026-05-20 01:13:12,Aldi Irdayadin,"aplikasi taik ni, setiap mau melakukan pembelian paket, selalu error, paket yang ada pilih tidak terdeteksi, klw ga terdeteksi ngapain di taro dalam pilihan, ga jelas kali ni Xl, sering kali perbaharui, ga jelas apa yang diperbaharui kayak"
playstore,xl,2026-05-20 01:12:33,Rio Perdana,"gila gila. makin kesini makin mahal, makin jelek juga jaringannya. dahlah makasih buat 4 tahunnya."
playstore,xl,2026-05-20 01:12:15,rizky ananda,sering gangguan
playstore,xl,2026-05-20 01:03:11,Akun Dana,"aplikasi tolol udah paket mahal"" jaringan sering down"
playstore,xl,2026-05-20 01:03:07,Ijlal Salsabil Labibah,"mau buka ke XL mah susah,saya 1 Jam aja nggak masuk masuk"
playstore,xl,2026-05-20 01:03:01,Adhe Inoy,sangat sangat kecewa...... lagi penting malah gangguan lama lagi
playstore,xl,2026-05-20 00:57:42,Sainur Nur,aplikasi rusak gangguan mulu mau bli paket gangguan gak jlas tolong di perbaiki ni aplikasi
playstore,xl,2026-05-20 00:57:38,Ari Alfian,sering tidak bisa dibuka . mohon diperbaiki lagi agar mudah di akses semua orang..
playstore,xl,2026-05-20 00:55:04,Aly topan Aly topan,Alhamdulillah. irit bangat dengan XL
playstore,xl,2026-05-20 00:55:03,Yos Dharmaputra,"Terlanjur make XL ya gimana ya, kuota kadang ngurang sendiri masa berlakunya,bukan mau menjelekkan atau gimana pas mau beli di aplikasi suka close close dan terkadang error terganggu bgt makenya, dahlah kadang mau masuk aplikasinya aja pun buat ngecek kuota susah bgt bgt,XL poinnya juga aneh kuota WhatsApp 1GB kok ga bisa kepake rugi bgt XL poinnya,pengen ganti kartu si tapi males, untuk XL mohon di perbaiki yaps biar makin betah di XL !."
playstore,xl,2026-05-20 00:50:45,Refki Ikki,tolong di perkuat kouta nya cepat banget habis nya notifikasi aja udh ngabisin 100MB kouta gimana kalo kita apk nya 5mnt udh 150mB di kalikan dengan setengah jam wauh mantap sekali jaringan nya jga kurang stabil
playstore,xl,2026-05-20 00:50:17,Martabak Mahal Punya Sultan,mahal doank. quota nya ga sesuai
playstore,xl,2026-05-20 00:49:08,Yosi na,makin lamaa makin buruk
playstore,xl,2026-05-20 00:46:58,Ari yuda Pranata,mantap
playstore,xl,2026-05-20 00:44:03,bedul Dul,sering bug nggak jelas
playstore,xl,2026-05-20 00:42:48,Shamir Jackson,"SEKARANG MALAH SINYAL NYA JELEK BANGET, UDAH BELI 100 GB TETEP AJA GK GUNA SINYAL DIPAKE HILANG SENDIRI LAMA BANGET, DIBUAT MAIN GA LANCAR SEDIKIT PUN, MODE PESAWAT DAN BERBAGAI CARA MASIH AJA SAMA ,AUTO HAPUSS MENDING CARI LAIN"
playstore,xl,2026-05-20 00:38:59,Diniwaria Lawang,on perbaiki sinyal agar stabil pemakaian data saya
playstore,xl,2026-05-20 00:36:44,Alvin Sugianto,Singal jelek banget
playstore,xl,2026-05-20 00:23:17,Magret Mamamia,"Parah,,,,udah beli masa berlaku SIMcard 1 tahun, tetap juga muncul kartu anda akan expayer dan benar-benar tidak bisa login ke aplikasi XL, kecewa banget. gue harus ganti jaringan lainnya."
playstore,xl,2026-05-20 00:20:57,wibi menak,"knpa di jam 12 lewat apk pasti mantance/perbaikan,buat repot orang kalo kuota habis aja"
playstore,xl,2026-05-20 00:19:44,Wisnu Aditia Prabowo,"kuota makin ke sini makin mahal dapat nya makin dikit, hari nya juga makin berkurang. Uda tau tiap mau pergantian hari orang mau perpanjang kuota, ketika itu juga sering maintenance aplikasi di jam itu. bikin kuota yg terkumpul hangus gara2 tak bisa perpanjang"
playstore,xl,2026-05-20 00:15:35,Titid Lodon,ga jls banget kebanyakan perbaikan tapi ga betul betul ini aplikasi
playstore,xl,2026-05-20 00:15:30,Ican Ampas,sekarang kalau buka apk myXl ko banyak banget ganguan nya njir
playstore,xl,2026-05-20 00:15:04,arsyad razy ar'raffan,lag lag tolol
playstore,xl,2026-05-20 00:11:49,Rian Mahendra Indarto,makin kesini makin jelek setelah di update. tiap tengah malem buka aplikasinya selalu gabisa diskon kuota pun makin kesini makin gaada tolong dong naikin lagi kualitasnya
playstore,xl,2026-05-20 00:10:40,Farman Anhy,matap
playstore,xl,2026-05-20 00:10:32,Rafli Se,g jls sering error
playstore,xl,2026-05-20 00:06:13,Wylan Avarianto,kebanyakan maintenance
playstore,xl,2026-05-20 00:06:02,fardanfir,sering gabisa dibuka
playstore,xl,2026-05-20 00:00:34,Muh iqram Saputra,maintenance mulu
playstore,xl,2026-05-20 00:00:23,Ramdan Dani,kebanyakan maintance lol
playstore,xl,2026-05-20 00:00:20,Melani Gustina,"jelek, nyesel,trouble terus"
playstore,xl,2026-05-19 23:59:18,Neng Laras tea,jelek banyak bug
playstore,xl,2026-05-19 23:58:53,Kadma Priyanto,apk idiot maintence trus
playstore,xl,2026-05-19 23:56:57,Zaelani,tolong di perbaiki setiap MLM pasti mantanance
playstore,xl,2026-05-19 23:51:14,Fausyi Alexandre,sanggat baik
playstore,xl,2026-05-19 23:49:31,Supar Man,"Harga Kuota Lebih Mahal,Sinyal Suka Kadang Kadang Hilang Sendiri,Kuota Mahal Bukannya Lebih Cepet Tapi Lebih Lambat,Aplikasi Kebanyakan Maintance/Suka Eror Kadang Gabisa Dibuka,Sehat"" Dah Wkwkwkwk,Klau Kayak Gini Terus Pelanggan Lu Bakalan Banyak Yang Cabut."
playstore,xl,2026-05-19 23:48:26,Abdul Majid,WOY APAAN SI MAINTENANCE MULU JADI KAGA BISA BELI KUOTA. UDAH DI UNINSTALL TRS INSTALL LG SAMA AJA.
playstore,xl,2026-05-19 23:47:43,Muhammad Alfatih,biasanya bintang 5 skrg bintang 1 kr ahir2 ini byk maintence. mau cek kuota berkali kali gsk bisa.
playstore,xl,2026-05-19 23:36:36,MUHAMMAD ASSYUKRI RIADI,"DIKIT"" EROR NIAT GA SI BUAT APLIKASI?"
playstore,xl,2026-05-19 23:30:18,Julia Eka,"lelet, makin sering beli paket makin mahal, kadang ga bisa dibuka apknya"
playstore,xl,2026-05-19 23:29:08,EDO Rantau durian 1 batu jaya,"parah hapus aja my xl klo gak bisa di pakek, sering eror aplikasi tolong lah benerin masak dikit""""eror mana lemot masuk aplikasi myxL"
playstore,xl,2026-05-19 23:21:16,Prian Yusqi22,"apk gajelas, aku udah ngisi ga masuk²"
playstore,xl,2026-05-19 23:20:53,Jeshen Rohim,"apa"" perbaikan, mau daftar in paket kebiasaan mesti perbaikan"
playstore,xl,2026-05-19 23:20:34,Tatan Manggar,"sinyal xl sangat lemot di daerah saya, padahal jarak tower cuman, 500 meter dari rumah,"
playstore,xl,2026-05-19 23:18:43,Ahmad Soleh,mau isi kouta malah ga bisa masuk .. emang jaringan tolol
playstore,xl,2026-05-19 23:16:24,Fahri Adabi Maulana,oke
playstore,xl,2026-05-19 23:13:29,saiq abdillah,mau beli paket aja di persulit
playstore,xl,2026-05-19 22:42:37,Nanang Supriadi,makin kusut aja sinyal nya
playstore,xl,2026-05-19 22:30:48,Fauzi Hidayat,baik
playstore,xl,2026-05-19 22:30:17,darma astawa,bagus
playstore,xl,2026-05-19 22:08:23,Gerry Sagita,"aku sampai pusing hadapi XL sampe sekarang bener"" kebangetan nih XL bukanya makin bagus jaringan malah makin rusak nih XL mudahan"" kedepannya ga ad lagi my XL di playstor krna percuma juga ad di playstor ga guna kendalanya ga di segera di perbaiki mending tutup ajh lah g usah ad lagi XL"
playstore,xl,2026-05-19 22:02:30,Aldifawaid,sangat mudah
playstore,xl,2026-05-19 22:02:05,Talitha Kanaya fida,"kalau udah sore ke malam jaringannya lelet, padahal bayar yang 50mbps tp waktu test cuma 10mbps. buat pengaduan susah. awal2nya oke, makin kesini makin buruk padahal bayar selalu tepat waktu"
playstore,xl,2026-05-19 22:01:19,Onest ghufayra,bagus
playstore,xl,2026-05-19 21:51:13,LISA HIRMAYANI,"Jaringan lemot, pas data hidup sinyal malah hilang dan gong nya lagi paket data internet ngk pernah di hidupin tapi pulsa di potong terus dgn notifikasi paket data telah mencapai.... padahal data ngk hidup, kecewaaaaa"
playstore,xl,2026-05-19 21:49:23,audrey lioe,respon Lama. semenjak diubah dari first media ke XL jaringan setiap hari lemot. kalau begini mending ganti provider lain aja
playstore,xl,2026-05-19 21:43:29,Ilsya Lailatussyarifah,gangguan teruss ahhh jelekkkkk
playstore,xl,2026-05-19 21:41:49,aliya azzahra,"udah lama pake XL, tp makin kesini makin mahal aja .. blm lg kalo cuaca mendung, lgsung ilang tuh jaringan .."
playstore,xl,2026-05-19 21:25:10,Aris Sunandar,sinyal nya jelek banget daerah Jawa Barat Karawang
playstore,xl,2026-05-19 21:23:53,Dinar Abdilah,SIBUR (SINYAL BURUK) LOKASI KABUPATEN BEKASI CIBITUNG. TOLONG DIPERBAIKI YA. TERIMAKASIH
playstore,xl,2026-05-19 21:20:40,Emi Suati,baik sekali
playstore,xl,2026-05-19 21:10:29,Abdoel Aziz 207,sinyal jlek
playstore,xl,2026-05-19 21:10:26,Aurora Berliana,good
playstore,xl,2026-05-19 21:10:14,Adit Setiawan,lelet
playstore,xl,2026-05-19 21:09:23,Balqis Humaira,bagus
playstore,xl,2026-05-19 21:06:29,Nur Aini,"tidak bisa beli paket di my XL,harus di update dulu,tapi GK bisa di update"
playstore,xl,2026-05-19 21:00:43,Rahmat Raisan,"makin lama makin ga jelas aja nih provider satu, udh maakin mahal tambah jaringan pun suka hilang"" ga jelas . kalau pen mau bagus perbaiki dh jaringan nya"
playstore,xl,2026-05-19 20:54:26,Binyok Skeep,bagus
playstore,xl,2026-05-19 20:48:53,Neoo Leopard,"XL MAKIN KESINI MAKIN GA JELAS , SUDAH LEBIH DARI 7HARI SINYAL LAG TERUS , PADAHAL KUOTA BANYAK , TOLONG LAH DIPERBAIKI BIAR MAKIN BAGUS GITU , HAMPIR SEMUA PENGGUNA XL MASALAH NYA SAMA , YAITU SINYAL LAG PARAH , MASUKAN DARI SAYA , PERBAIKI SISTEM DAN SINYAL NYA AGAR PENGGUNA APK XL MAKIN NYAMAN DAN BETAH , TAPI KALO MASIH BEGINI YA MAU GA MAU GW GANTI KARTU , DARIPADA BELI KUOTA BANYAK TAPI SINYAL NYA JELEK DAN CACAT AKHIRNYA GA KEPAKE KAN SIA-SIA DAN RUGI , JANGAN LUPA DIPERBAIKI SINYALNYA 🙏"
playstore,xl,2026-05-19 20:34:25,Rony Elan,"bisa ngga kalo pas lagi ngegame sinyal ngga ilang"" ?😡"
playstore,xl,2026-05-19 20:33:16,dyah wulandari,utk jaringan internet klu MLM selalu TDK ada koneksi
playstore,xl,2026-05-19 20:26:05,Boeng 1922,ini ngapa sih XL ini..barusan saya updet tapi di aplikasi nya katanya blom di updet aneh bner ..mau beli paket via pulsa aja susah
playstore,xl,2026-05-19 20:07:33,Kenza Gibran,buat isi kouta
playstore,xl,2026-05-19 20:07:16,putra jaya,sudah 1 minggu ini signal di rumah saya lemot
playstore,xl,2026-05-19 20:00:31,Yadi Gumelar030,"beli jaringan yg 5G tapi jaringan ampas padahal di kota,makin kesini makin nga jelas,jaringan selalu ampas nga guna"
playstore,xl,2026-05-19 19:55:38,Bambang S.Sugianto,jaringan loading terus
playstore,xl,2026-05-19 19:49:06,Soza halawa,"apaan sih TULISAN SIGNAL 5G PALING CEPAT, TAPI NYATANYA LELET BANGET. NGGAK PUAS BANGET MAKE KUOTA UNTUK NONTON. BELI MAHAL-MAHAL TAPI SIGNAL LELET"
playstore,xl,2026-05-19 19:40:56,Dila Andhara,"lebih diperbaiki lagi, wilayah sby barat kedurus parah"
playstore,xl,2026-05-19 19:38:11,adi ashyari,lemot
playstore,xl,2026-05-19 19:34:00,Hayeon Lee,"Makin hari sinyal XL makin lemot aja,kuota 65GB ga nyampe 28 hari udah habis gra2 sinyal loading . Nonton video youtube aja macet2 melulu,jadi kuota internet cepet abis cuma buat LOADING DOANG 👎"
playstore,xl,2026-05-19 19:26:22,Senja Lestari,apk myxl sering di update terus pulsa sering terpotong
playstore,xl,2026-05-19 19:25:24,dode pur,sangat tidak berguna
playstore,xl,2026-05-19 19:20:22,N QQ,"Jaringan lemot banget, padahal tinggal di Tangerang"
playstore,xl,2026-05-19 19:01:31,Muh Syahrul,kocak banget jaringan nya mending pake Smartfren
playstore,xl,2026-05-19 19:00:21,Junior yogi Handoyo,makin ke masa depan malah makin parah
playstore,xl,2026-05-19 18:57:30,Nopi Trisnaningsih,"kak kenapa akhir² ini xl kuotanya mahal² ya padahal udah langganan lama, sama kadang sinyalnya suka ngilang sendiri😒 ini kenapa lagi ya xl sy beli kuota bulan mei 2026 malah tambah lemot sinyalnya kenapa xl pdhl kuota saya beli 60gb loh kapok saya ga akan isi lagi, maaf bintangnya sy kasih satu krn kecewa"
playstore,xl,2026-05-19 18:48:56,Hary Penyox,"Jaringan data sangat buruk , mohon diperbaiki. Terimakasih"
playstore,xl,2026-05-19 18:45:38,Syichab Abdul,"Apalah makin kesini makin lemot aja sinyal nya, kecewa parah dengan harga paket yg melambung tinggi tapi kualitas jaringan sangat sangat sangat lemot, Tolong lah di perbaiki, saya ngerti kalian menurunkan kualitas jaringan 4G biar pada beralih ke 5G tapi nggak harus menurunkan kualitas jaringan 4G dengan yg sangat buruk juga."
playstore,xl,2026-05-19 18:44:12,Erik Kurniawan,susah tidak bisa beli kuota .....
playstore,xl,2026-05-19 18:43:26,Samsul Hidayat,"XL suka tiba tiba ngelag, Kuota mahal, Kuota penukaran XL poin Kuota Free Fire Lag Gak Bisa Login"
playstore,xl,2026-05-19 18:30:54,Cagar Juanda Subkhi,"tolong dong aplikasi my xl berbenah lagi, masa iya tiap hari sinyal jelek mulu🙏"
playstore,xl,2026-05-19 18:27:27,Pramudhia Ulil Albab,"lawak sinyal ilang Mulu,udh gitu lama kartu gak jelas"
playstore,xl,2026-05-19 18:24:20,Oktora Oktora,aplikasi berat saat digunakan
playstore,xl,2026-05-19 18:23:06,rumi dibyo,paket bundling tidak bisa masuk
playstore,xl,2026-05-19 18:15:08,Toben 1234,tingkat kan lagi ya bosss
playstore,xl,2026-05-19 18:12:53,Elis Susanti,kenapa sih sekarang XL sering gangguan
playstore,xl,2026-05-19 18:05:32,Andri Hidayat,tidak ada notifikasi untuk pembayaran langganan.
playstore,xl,2026-05-19 18:03:36,Dian,harga kuota internet nya terjangkau paket internet nya berkurang
playstore,xl,2026-05-19 18:02:05,Rizky Firmansyah,"makin lama makin mahal woi min,ada yang sama gak?😓"
playstore,xl,2026-05-19 17:56:27,ALekbal Adol777,Bagus
playstore,xl,2026-05-19 17:55:29,rais muhammad,Makin Parahhh!!! Makin Gajelas!!! Beli Paket Mahal2!!! Sinyall Parah Sekali!!!!!!
playstore,xl,2026-05-19 17:48:55,Dwi Idcha Nurlaili,ga bisa diupdate
playstore,xl,2026-05-19 17:43:20,ahmad arif,nyesel bgt pakai ini responnya kurang dan lambat bgt penanganan untuk wifi trouble
playstore,xl,2026-05-19 17:30:06,Androzt Theleck,"jaringan data sering mati, padahal full sinyal"
playstore,xl,2026-05-19 17:22:50,Tantowy andy,harga kuota mahal. jaringan bapuk. terpaksa beli pulsa aja karna sudah masa tenggang kartu sudah lama pakai
playstore,xl,2026-05-19 17:16:40,Edo Doank,mantap
playstore,xl,2026-05-19 17:06:56,Boboyboy,mau beli paket data aja ribet disuruh update tapi gak bisa di update
playstore,xl,2026-05-19 16:53:34,Ghazghaz Ehey,UDAH BEBERAPA HARI INI SINYAL NYA JELEK BANGETTT
playstore,xl,2026-05-19 16:52:26,soneltin zebua,"semenjak pindah ke XL satu, CSnya slow respon,mesti nunggu berjam-jam, itupun hanya janji tinggal janji, penanganan atas kendala jaringan sangat lambat."
playstore,xl,2026-05-19 16:50:29,Galih Yudhiar Romadhon,perbaiki perbaik dan perbaiki
playstore,xl,2026-05-19 16:42:10,Andre Marbun,"beli paket pun error jing, aplikasi apa ini, perusahaan elit perbaiki bug aplikasi sulit"
playstore,xl,2026-05-19 16:30:21,Kevin abra Wahyudi,"apk apaan kaya gini mau beli paket sama pulsa malah suruh update, padahl dah v paling baru"
playstore,xl,2026-05-19 16:27:50,Harlin Caca,kok makin mahal sih
playstore,xl,2026-05-19 16:19:23,Aprilliaira,"jujur lama kelamaan ni xl eror trus, mau top up lewat sini gangguan trus dari kemarin, apalagi setiap buka apknya juga suka mental trus, dan cuma di apk xl doang, yang berarti emang apknya yang bermasalah. 3 bintang buat bonus yang ada tiap bulan dan -2 buat apk eror. diliat liat emang banya yang protes, tapi cuma di tanggapi tanpa ada aksinya."
playstore,xl,2026-05-19 15:53:56,hanyujin,"Please, kenapa setiap tukar xlpoin ada yg ga masuk gitu. Whatsapp 1gb ga pernah masuk udh ditukar bbrp kali. Terus tadi tukar ke viu 2gb. tapi tetep aja gabisa. kenapasih? kalo emg ga mampu ngasih kuota khusus gitu mending dihilangin fiturnya aja dah kata gua mah."
playstore,xl,2026-05-19 15:48:02,Muhammad Aqlan Zakian,"begitu ampas sekali jaringan nya, bentar bentar hilang bentar bentar hilang, bilang nya tercepat ternyata sama 3 dan im3 aja kalah. kuat"
playstore,xl,2026-05-19 15:45:50,Bayu_Ganz,"kenapa xl circle tidak dapat bonus padahal sudah mencapai target, tolong di bantu min"
playstore,xl,2026-05-19 15:40:44,nelvia irayati,"kecewa banget sama jaringan internet xl sekarang udah 5 tahun pakai xl, baru kali ini jaringan xl bikin emosi udah harga paket mahal jaringan sulit, tolong donk buat xl di perbaiki jaringan nya sungguh sangat mengecewakan"
playstore,xl,2026-05-19 15:37:12,Uman Boy,"pelayanan bagus, dan menginspirasi."
playstore,xl,2026-05-19 15:09:22,Pendi Lumbanbatu,sangat kurang dalam hal bonus kuota layanan dan pulsa darurat
playstore,xl,2026-05-19 14:58:36,charys renggoo,tolong lah my XL bebas puas makin naik harganya 2 GB 13.00 ribu padahal dulu cuma 2.500 dulu tolong ya kasi mura dulu bebas puas nya
playstore,xl,2026-05-19 14:57:57,Inyoman Dana,sinyal jelek👎👎👎👎👎
playstore,xl,2026-05-19 14:29:54,wanbetboy 14,"ini kenapa ga bisa login dah, gajelas banget masa harus punya kouta dulu baru bisa masuk, padahal udah pake wifi, gimana mau beli kouta kalo login ke apk nya aja ga bisa aneh bgt"
playstore,xl,2026-05-19 14:12:56,Rio Ari,"XL lag parah 1 Minggu terakhir, buat scroll lag, buat yt lag, buat game lag. beneran separah itu."
playstore,xl,2026-05-19 14:12:00,Jumiah Mia,"XL itu jaringannya menyebalkan padahal di pakai di kota. apa lagi kalo pas mendung, di buat buka apl XL sendiri pun LOLA... lambat sangat... 😡"
playstore,xl,2026-05-19 13:58:44,Norman B,sangat jelek
playstore,xl,2026-05-19 13:50:13,Palimo Bama,"sinyal lelet, paket berubah2, deskripsi paket dibikin rumit,, agar cstmr bingung dan ternyata tidak sesuai ekpetasi,, live chat ga ngasih solusi, chat respon nya lama.."
playstore,xl,2026-05-19 13:20:00,Fayyadh Adz zhorif,Harga kuotanya semakin lama semakin mahal harganya
playstore,xl,2026-05-19 13:14:14,Abdul Hasip,puas
playstore,xl,2026-05-19 13:13:50,Hasibuddin 89,oke banget
playstore,xl,2026-05-19 12:55:40,Revo Suwu,"Beli kuota ada pemberitahuan berhasil,tetapi tidak masuk.Hanya dalam semalam pulsa habis"
playstore,xl,2026-05-19 12:55:13,Rifki Syahlani,minta tolong di perhatikan untuk jaringan 4G yang akhir² ini sering sekali Drop MBPS. semenjak paket 5G ada. jaringan 4G sering bareng drop. mohon di perbaiki kembali sinyal 4G nya karna Masih banyak pengguna yang masih menggunakan Jaringan 4G. terlebih lagi masih banyak 5G di beberapa wilayah yang masih blm merata atau Device yang masih belum Support untuk 5G terlebih lagi saat Bermain Game / Scroll sosmed jadi sering Drop per beberapa menit sekali dan lumayan sering hilang sinyal
playstore,xl,2026-05-19 12:43:14,Edi P,beli pketan harus ipdate terus
playstore,xl,2026-05-19 12:35:28,fery Hardianto,bagus
playstore,xl,2026-05-19 12:30:32,CAT buriq,"daftar kartu kya daftar pinjol,"
playstore,xl,2026-05-19 12:29:44,Sukses Jaya,xL sangat berguna dengan saya
playstore,xl,2026-05-19 12:27:49,Mas Ugi,"XL jaringannya gak jelas banget, harga kuota mahal tapi lelet,lemot bin bekicot, sangat sangat merugikan konsumen. kuota sisa 1 GB jaringan internet lancar tapi setelah isi kuota jaringan internet kembali lelet, sungguh permainan yang sangat merugikan konsumen. XL= eXtra Lemot jaringan internet jelek kok kasih bintang 5 maaf maaf melulu tapi tidak ada solusinya, jaringannya tetap bikin emosi"
playstore,xl,2026-05-19 12:19:45,Andriansyah Ryan,"semenjak kerja sama,sama my xl sekarang first media jadi lemot,layanan service juga lambat g pernah ada respon"
playstore,xl,2026-05-19 12:13:44,ARIFIYANA DWI FEBTRIMAYU,udh update pas mau aktifin paket disuruh update terus
playstore,xl,2026-05-19 11:52:29,Hariyono Ktb,XL sering error jaringan ini sudah sehari semalam tidak ada perbaikan/respon sama sekali dr pihak penyedia layanan jadi kecewa berat padahal baru selesai top up pulsa tidak bisa di gunakan sama sekali 😬😤
playstore,xl,2026-05-19 11:50:32,IRWAN SYAFII,"aplikasi bagus, memudahkan pelanggan XL, tapi kenapa jaringannya skrg buruk ya udah beberapa hari ini 🙏"
playstore,xl,2026-05-19 11:48:50,cipto purwohandoyo,"sinyal XL paling cepat tapi tidak stabil, gak bisa buat dayli yg butuh ke stabilan koneksi."
playstore,xl,2026-05-19 11:45:47,Regil Ardiansyah,sangat prioritas dan banyak yg menggunanya
playstore,xl,2026-05-19 11:26:55,Dadang Durhiman,"dari first media ganti Xl malah jekek, ganti alat katanya gratis pas pembayaran berikut nya jadi harga naik"
playstore,xl,2026-05-19 11:24:47,Simbalada Tatitud,"beli mahal2 ratusan ribu, kuota rollover harusnya dipake dulu. gebleg. baru ntar klo ada sisa masukin lagi ke rollover. korporasi gebleg. speed jam dini hari malah lelet, bangzat"
playstore,xl,2026-05-19 11:20:19,Moch Salim andika,aplikasi yang murah meriah sayang pulsa later belum dapat
playstore,xl,2026-05-19 11:13:46,arya aan,"jujur makin hari makin kesel sama ini xl, udh mah harga nya naik trs, sinyal nya jelek lagi sering bgt nge lag, mending pake telkomsel🤣🤣🤣🤣"
playstore,xl,2026-05-19 11:08:37,Respati Legi,"aplikasi buruk,xl semakin buruk"
playstore,xl,2026-05-19 11:00:48,Kinara Days Channel,"Harga paket mahal, nunggu habis masa aktif biar dapet paketan murah. Pengaturan bahasa tidak jelas, sudah di ganti bahasa Indonesia tapi selalu berubah ketika aplikasi di buka lagi."
playstore,xl,2026-05-19 10:51:49,Yusuf Gunawan,"Paketan masih ada 8 GB, tapi main tiktok aja udh ngelag bgt, udh pindah pindah tempat juga ttp sama aja ngelag nya, padahal sebelumnya gak separah ini loh XL. Jangankan maun tiktok, wa sama google aja masih ngelag, pdhl gk makan banyak kuota ttp aja ngelag. Parah bgt, minimal kalo harga di naikin, kualitas juga ikut meningkat dong. jgn mau untung sendiri aja"
playstore,xl,2026-05-19 10:45:13,Laluteguh AngganeXxV1,ok
playstore,xl,2026-05-19 10:43:02,Roni Nugraha,jaringan lambat
playstore,xl,2026-05-19 10:31:29,Def Marco,"paket cepat banget abis secara tiba-tiba👎 padahal HP tidak digunakan sebelum dimatiin Malam hari dicek ada byk,pagi hari paket tiba2 berkurang dasar permainan tim XL seharusnya jangan suka menipu pengguna XL nanti pada beralih ke yg lain. dan harga paket perminggu sebelum beli dicek kuota besar tiba2 pas isi pulsa mau langganan paket tersebut kouta berkurang dasar XL bakal malas lagi langganan paket bagus Telkomsel 👎saran: mohon jujur jangan suka tim loe mempermainkan paket internet pengguna"
playstore,xl,2026-05-19 10:30:14,Fanisa Salma,apk lemot banget
playstore,xl,2026-05-19 10:11:55,Ifaa Syahda,"udah isi kuota pake kode *817* yg di tlpn itu tapi di aplikasinya kok ga muncul dan masa aktifnya ga berubah, makin aneh aja ni aplikasi"
playstore,xl,2026-05-19 09:54:22,Sofia Amelia,"ayolah perbaiki biar kita enak makainya dan knp sering gangguan , ah gimana ini"
playstore,xl,2026-05-19 09:32:08,Mah minta kiko,aplikasi terus meminta update padahal sudah d update dan tidak bisa bertransaksi harus d update aplikasi jelek
playstore,xl,2026-05-19 09:14:33,Amir Mukhlis,apa ini.? setiap mau beli kuota di my xl sepalu gangguan.. padahal pulsa juga masih ada.. paok emng
playstore,xl,2026-05-19 08:16:53,Sabitul Haris,"Saat pembelian Paket data mingguan tidak sesuai dengan apa yg dijual apalagi bonus kuota area sudah tidak tersedia| mungkin ini untuk yg terakhir kalinya saya memakai XL, saya akan menggunakan Provider lain yg lebih murah... terimakasih."
playstore,xl,2026-05-19 07:25:58,Erlina Dewi Kustiati,"pulsa q 50000 hilang... dapat kiriman pulsa dari kakak pada tgl 15/05/2026 pukul 18,27 wib. kembalikan pulsaku, mau dibuat beli kuota malah hilang duluan.."
playstore,xl,2026-05-19 07:22:13,Dicka Zendriano,kenapa gabisa beli kuota?? a
playstore,xl,2026-05-19 07:21:08,Zafin Okta riyanto,"udah update malah xl circle nya ngebug , gak ada transaksi nya ,sama gak bisa nambah anggota tolong diperbaiki"
playstore,xl,2026-05-19 07:08:02,Putra SentosaJaya,xl kacau sekarang segera perbaiki sebelum terlambat salam 1 SIGNAL RI37
playstore,xl,2026-05-19 06:46:30,Ade Irma,kenapa selalu minta update padahal sudah di update. tolong upgrate uplikasinya
playstore,xl,2026-05-19 06:27:50,Nina Umami,sinyal gk pernah bagus
playstore,xl,2026-05-19 06:26:28,Fardz,"chat costumer service center kendala pulsa kesedot sendiri padahal beli bebas puas cuma 1 hari kalau dalam about nya pun gaada keterangan bisa diperpanjang sendiri, malah berputar putar saat ditanya solusinya"
playstore,xl,2026-05-19 05:49:45,junggle monkey,jos
playstore,xl,2026-05-19 05:41:28,Randikadani Zulkarnain,ini kenapa ya kok gabisa padahal saya ingin mengaktifkan kartu saya kembali
playstore,xl,2026-05-19 05:14:19,Mugni Gunil,baguss
playstore,xl,2026-05-19 04:20:24,Asalim Salim,sangat puas
playstore,xl,2026-05-19 03:51:15,Ana Maisarah,mantap
playstore,xl,2026-05-19 02:32:17,Muhammad yusri habib,KAPAN BENERNYAA NIH DITUNGGUIN DARI MALEM MAU MAKETIN GA KELAR KELAR GANGGUAN APLIKASI
playstore,xl,2026-05-19 01:58:35,Damar galang Abimanyu (damar),Ngelagggg bgt blok
playstore,xl,2026-05-19 01:19:48,Muhammad Fikri Adriansyah,"jaringan terlambat didunia, mikir2 lagi klo mau beli kartu xl guys, kukira makin kesini makin bagus jaringan ternyata makin parah, udah jelek tetep nguras, kerennnn bettt XL"
playstore,xl,2026-05-19 00:59:51,utopia konstatinopel,"bintang 2 masih kebagusan sumpah. aku udah dari lama loh pake xl, makin kesini jaringannya jelek banget. lagi genting tiba2 gabisa. kenapa sih? cape banget sumpah. bisa upgrade ga!!!! udah berulang kali kaya gini loh, tp masih kupake aja karna kudoain bisa jadi lebih baik. tolong lah"
playstore,xl,2026-05-19 00:59:03,allief allief,"boros parah pake XL.. uda sinyalnya gangguan terus.. lemot.. poin bonus dan yg lainnya pelit bangat.. tolong jangan dibagi-bagi kuota, uda kuota utama saja.. jadi gak bermanfaatkan kouta yg lain.. gak kepake.. mubajir saya beli pake duit.. bukan bonus atau gratisan dari xL.."
playstore,xl,2026-05-19 00:26:16,Muhammad Ahdal,perbaikan kembali jaringan nya bintang 1
playstore,xl,2026-05-19 00:02:00,Fuad Hanafi,"jujur kecewa banget ketika main tiba2 sinyal hilang kosong semua batang pun hilang, kecewa bgt ama xl nih, kejadian 23.08 senin 18 mei di purbayan sukoharjo, xl ramutu og"
playstore,xl,2026-05-18 23:39:22,Caezar Ramdhani,sering gangguan
playstore,xl,2026-05-18 23:03:28,Daniel,gasengaja download
playstore,xl,2026-05-18 22:50:30,Saktian Landa Pratama,"mau login aja gk bisa, padahal kartu nya baru beli bilang nya ""nomor anda sudah tidak aktif. Lakukan aktivasi sekarang juga"" pas mau di aktivasi lagi iccid number nya incorrect, padahal udah bener, sampe keluar masukin kartu SIM nya"
playstore,xl,2026-05-18 22:36:45,Aris Aris,"Harga semakin mahal ,kecepatan semakin berkurang. Lebih lelet dari yg lain"
playstore,xl,2026-05-18 22:32:07,Is Mail,koutanya mahal mahal mahal banget
playstore,xl,2026-05-18 22:27:29,Erni Kusuma,jaringannya jelek bnget
playstore,xl,2026-05-18 22:24:48,Nofri anto,awal2 bli kartu bgus. abis tu isi paket agak besar lgsng ilng jringan nya. gk jls xl ni.
playstore,xl,2026-05-18 22:16:58,Suhaib Aromi,mon maap bintang 1 mengecewakan skrg si XL kuota banyak sinyal penuh tp lelet buat main game ping nya tinggi mulu jaringannya makin ampas
playstore,xl,2026-05-18 22:04:03,Satrio ariz Fadhlurrohman,"XL lu udh ga niat yaa, masa sekarang sinyal XL makin g jelas sihh,ngeleg muluu tiap nonton,main game patah² dll kecewa sii KLO g segera di perbaiki,buruan di benerin dh tuh sinyalnyaa"
playstore,xl,2026-05-18 21:59:00,MIQ 199X,"Ya Allah, gua chat cs nya cuma dibaca doang, permasalahan gabisa akses fitur bagi pulsa, padahal udh mengikuti prosedur. pulsa ada, jaringan ada, tapi transfer pulsa gagal terus,"
playstore,xl,2026-05-18 21:52:20,Green Gold,bingung
playstore,xl,2026-05-18 21:49:37,Lia Nimah,"tidak bisa buat beli paket, setiap masuk tidak bisa terus"
playstore,xl,2026-05-18 21:21:03,Ikhsan fadhila Dwi alfarisza,"aneh, sinyal sering hilang sendiri aplikasi juga sering eror kaga jelas dan itu fitur bebas puas kaga ada puas puasnya mending di hapus aja itu fitur bebas puas"
playstore,xl,2026-05-18 21:18:33,Hunter Guthrie,bayar mahal mahal jaringanya busuk banget sama kaya telkom
playstore,xl,2026-05-18 21:16:09,Aufa Nabihan siregar,"Kuota masih ada, sinyal bagus, malah lag bgt, gajelas dah biasanya bagus, malah sering ngelag skrg"
playstore,xl,2026-05-18 21:06:46,gipari 67,sinyalnya lemot jir gua main ml leg bet sumpah leg perbaiki di jambi tower nya
playstore,xl,2026-05-18 20:53:24,Sakil Paddese,jangan hilang timbul
playstore,xl,2026-05-18 20:51:37,LVyn,"padahal pengguna lama, kenapa jaringan nya selalu terganggu??. dan juga tidak lancar sekali pada saat penggunaan pada aplikasi. mohon di perbaikilah masalah jaringan nya"
playstore,xl,2026-05-18 20:47:10,Riyaen Solikhin,Kok gk bisa di udate
playstore,xl,2026-05-18 20:42:52,Phiter chanel,"Tolong perbaiki sinyal XL, Sering Hilang Sendiri, Tidak Stabil dan terkoneksi lama, Pekerjaan Saya Sangat Terganggu."
playstore,xl,2026-05-18 20:41:25,Toni Abdul manap,lancar
playstore,xl,2026-05-18 20:38:31,Muhammad Jani,"kenapa tidak bisa mendaftar ke myxl jika mendaftar pasi ada masalah gangguan serta KLO mau ndaftar paket di suruh update,padahal udah di update, sangat kecewa"
playstore,xl,2026-05-18 20:37:56,kukuh dharmawan,"ini kok suruh update terus tapi gabisa beli paket data sih, kita bukan mau minta. kita beliiii. tulisannya disuruh update tp waktu di cek di playstore ternyata ga ada update an"
playstore,xl,2026-05-18 20:28:18,Rasya Athaya,sangat memuaskan
playstore,xl,2026-05-18 20:24:43,Muhamad azzi Abdulaziz,kenapa sih sinyal XL sekarang sering hilang! apakah lagi di perbaiki atau emng kayak gini sinyal nyah mohon di perbaiki ya
playstore,xl,2026-05-18 20:23:53,rizki purnama,ini saya kenapa mau beli paket malah balik lagi suruh perbaharui aplikasi padahal ga ada apa² muter mulu di situ
playstore,xl,2026-05-18 20:21:57,Jap Hendra Wijaya,"ini mau beli pulsa, mau beli paket gak bisa terus, tampilannya minta diperbaharui aplikasinya, padahal gak ada pembaharuan juga."
playstore,xl,2026-05-18 20:21:57,Sandy Abd. J.,"Mohon perbaiki cara penghitungan kuotanya. Saya rasa lebih boros di XL daripada Telkomsel. Keduanya sama-sama sering saya pakai, bahkan yang Telkomsel lebih sering saya pakai untuk hotspot namun tak mudah habis. Saya harap kedepannya bisa lebih hemat lagi kuotanya."
playstore,xl,2026-05-18 20:19:41,Samijan,trimakasih bos jadi lancar hp nya paki aplikasi myxl
playstore,xl,2026-05-18 20:19:04,Fahriza Ganteng,"gua beli kuota game, tapi gak bisa digunain, buat apa coba, aneh bgt nih XL"
playstore,xl,2026-05-18 20:17:17,SHENDY SUKANDY,saya isi pulsa 50k belum masuk pdahal udah sukses gimna sih min
playstore,xl,2026-05-18 20:10:41,Muthi Azizah,"makin kesini harga makin mahal, tapi kualitasnya makin jelek"
playstore,xl,2026-05-18 20:10:27,andri muhamad arsyad,jaringan nya sekarang jelék banget... padahal jaringan 4.5g 2-3 bulan lalu jaringan bagus banget... nyesel bulan ini beli paket xl
playstore,xl,2026-05-18 20:06:04,Rasdhy Rasdi,jaringan sangat jelek di area Morowali sulteng
playstore,xl,2026-05-18 19:56:13,Riski Kurniawan,jaringan ngelag udah 4 hari di Pelalawan kecamatan kerumutan
playstore,xl,2026-05-18 19:55:23,Gembel Byonic,sinyal burik
playstore,xl,2026-05-18 19:54:17,Maulana ikhsan,"jaringan goblog ga jelas lag banget upgrade dlu jaringan jangan so""an 5G,4G aja masih berkendala mendingan pakai yang lain XL GOBLOG"
playstore,xl,2026-05-18 19:45:35,Hotman Simar,"ini sdh hampir 1 Minggu, lemot terus ... lapor ke Maya, hasilnya 0, kayak telor, nunggu terus... lapor ke teknisinya, lempar tanggungjawab semua ..."
playstore,xl,2026-05-18 19:40:59,Kurnia Wati,"Sangat kecewa berlangganan XL Home. karena sering terjadi gangguan. dan saya merasa di rugikan. saya bayar dibsuruh tepat waktu, sekali bayar malah yang di dapat gangguan terus. di chat gak ada respon. di telpon ke pusat gak di angkat2."
playstore,xl,2026-05-18 19:30:05,argamna72,SINYALNYA NGELEG MULU XL JELEK BANGET MENDING JANGAN PAKE XL GANTI AJA KARTUNYA
playstore,xl,2026-05-18 19:29:05,Andri Giant,tolong dong xL sinyal nya susah amat ya
playstore,xl,2026-05-18 19:26:12,Arvino Athafaizha,udah donwload update2 teros pejohh
playstore,xl,2026-05-18 19:20:34,Furkan,kenapa myxl saya as mau beli kaota dia suruh sa apdep myxl
playstore,xl,2026-05-18 19:17:59,Samsung Kaur,bagus
playstore,xl,2026-05-18 19:14:26,Limit Dun,"untuk semua lumayan,satu salahnya setiap kali melakukan pembelian data ,ketika pembayaran selalu saja di minta i upgrade aplikasi,padahal saya sudah upgrade ,dan ini bukan 1 kali ,tapi setiap kali saya beli kuota."
playstore,xl,2026-05-18 19:07:31,Abdull 31,"sinyal xl buruk dalam rumah periksa koneksi terus buka myxl pun lama bnget pasti suruh periksa koneksi padahl baru beli paket ,,harus nya jgn di kasih bintang ini klw mau bintang 5 ya harus cepat di perbaiki jaringn xl nya ini 1000000% burukk buruk buka internet ajh dalam rumah jlk bnget muter2 apa lg klw hujan hilng sudah di telan bumi tolong di perbaiki sinyal nya tambh tower jaringn nya saya penguna lama semakin kesini makin burukk"
playstore,xl,2026-05-18 19:07:12,Kumey Mio Vhantheglank,"kalu sudah aman untuk paket data , aku kasih bintang 5, klau ada 10 aku kasih 10 nih bintang nya , paket data udah masuk. wlw harus nunggu 3 hari ,, tq , yg penting data aman . info aja. jngn suka banyk gangguan lagi XL klau bisa 😆 , wlw ada trouble juga jngn lama' . 👍"
playstore,xl,2026-05-18 19:06:49,Muhammad Ridwan,sinyal sering hilang!!!!!!
playstore,xl,2026-05-18 18:54:28,Qomar Udin,✌️
playstore,xl,2026-05-18 18:49:29,gagan julkifli,jaringan makin kesni mkin ancur parah bet
playstore,xl,2026-05-18 18:42:54,daniaeliza gaisha,"pulsa sering ilang tiba tiba!!! skarang makin lemot, mahall, ditunggu tunggu update bagi xl point nya ga smpe smpe kuotanya mahall..."
playstore,xl,2026-05-18 18:42:49,S.ali07 0101,"apasih xl kasih bonus vidio platinum tapi tidak bisa di klaim, gak jelas banget nyesel banget pakai xl"
playstore,xl,2026-05-18 18:40:25,Muhammad Asyep,Jelek .. Knpa g bisa ambil bOnus .? Setiap buka login dari awal terus
playstore,xl,2026-05-18 18:34:01,Ai Rustini,"jaringan ko jadi jelek asalnya bagus di daerah ku, tolong di perbaiki"
playstore,xl,2026-05-18 18:33:55,Intan Kamilah,bagus
playstore,xl,2026-05-18 18:17:23,Muh Khairil,pengajuan kartu yang hilng rusak gak dilanjut padahal kartu sudah ditangan karena costumer service nya ngambek... baperan
playstore,xl,2026-05-18 18:13:22,Rendi Pratama,"jaringan jelek banget masa tiap nge game ngelag terus, buka youtube jg lama ganti provider lain aja ngga worth it"
playstore,xl,2026-05-18 18:06:43,Suria Amrizal,mendingan firstmedia.... ini pas gabung ke my xl jd ribet dan susah kalau ada problem... sdh saya rubah itu rantingny dari bintang 1 ke 5 dan tolong dong lebih di prioritaskan lagi untuk complain problem jgn nunggu berhari hari baru solved
playstore,xl,2026-05-18 18:05:48,Sy.pulll86 Sy.pulll86,"udalah mahal malah ngelak lagi jaringan nya, tolong di perbaiki lagi yah"
playstore,xl,2026-05-18 18:02:31,Maswar KUKUH Trihadi,ganti paket xl satu gabisa visa selalu ngikutin tagihannya first media. padahal sudah pindah ke paketannya xl satu
playstore,xl,2026-05-18 18:01:07,Aziz02Gaming g,sengaja gua kasih bintang 5... gua pengguna XL dari 2017 sampe sekarang. udah ada 3hari. mau beli kuota selalu halaman tidak bisa di muat!!! jaringan WiFi gua full Lo padahal. tolong dong
playstore,xl,2026-05-18 17:47:55,jackob,kalo ga bisa perbaiki sinyal robohkan aja tower XL
playstore,xl,2026-05-18 17:47:42,Bumi Gantar (1646),"Sinyal XL wilayah Soropia sangat buruk, beberapa hari terakhir terlihat aktivitas mencurigakan di bts toronipa."
playstore,xl,2026-05-18 17:42:21,Titi Cahaya,SINYAL JELEKKK
playstore,xl,2026-05-18 17:38:09,Yuli Sartika,tolong dong sinyal XL ya di perbaiki
playstore,xl,2026-05-18 17:37:11,rubylah azsahra,BAGUSSS BANGET SUKA LOVE U XL💜💜💜
playstore,xl,2026-05-18 17:34:08,Sunici Suga,jaringan payah kl bisa gak ada bintangnya bikin males berlangganan aja
playstore,xl,2026-05-18 17:31:24,Akun 1,sinyal apaan ilang²an paketan doang mahal
playstore,xl,2026-05-18 17:29:32,raffa juan,apa apa an udah di update tetep ga bisa aneh banget
playstore,xl,2026-05-18 17:29:06,Muhammad Fahruji,maaf sebelum nya ko ini mau beli koata di suruh update aplikasi nya pdhl udh di update tetap aja ga bisa tolong lah myXL udh lama pakai myXL nih
playstore,xl,2026-05-18 17:23:15,Randy Oktavian,"tidak bisa melakukan pembelian paket,,katanya aplikasi blom diperbarui,,padahal di playstore udah saya update versi yg paling baru"
playstore,xl,2026-05-18 17:13:05,Anwar,lumayan
playstore,xl,2026-05-18 16:59:29,Candra Kurniawan,jaringan sampah harga mahal Dan Masa Aktif? gk nyampe sebulan gua saranin wifi bagi yg mampu!!!!
playstore,xl,2026-05-18 16:43:22,Kadek Desi,kok susah sich update nya padahal baru update disuruh perbarui LG gimana sich
playstore,xl,2026-05-18 16:23:28,Jakaria Dakamoli85,"ini aplikasi XL nya gimana ni di apdate ju tdk bisa,masalahnya d mana"
playstore,xl,2026-05-18 16:15:09,Lok Bodin,ok
playstore,xl,2026-05-18 15:49:44,Edi saja,busuk... beli paket booster sudah 4 hari ini ga masuk .. ga ada keterangan... XL prio....sSANGAT MENGECEWAKAN..!!
playstore,xl,2026-05-18 14:52:08,heri prasetya,di update mlah gak bisa buat beli kuota.
playstore,xl,2026-05-18 14:47:26,Ibrahim Shaka,"tidak bisa menggunakan pulsa later, dan sekarang xl manis di awal, waktu itu xl banyak bonus dan harga pada murah sekarang xl semakin tidak bisa di andalkan karna, kuota di potong, yang awal nya saya beli 12 gb jadi 10 gb, dan harga yang melonjak di tinggi, internet jelek gampang ngelag (disconnect)"
playstore,xl,2026-05-18 14:40:42,Keysanur Azahra,mantab
playstore,xl,2026-05-18 14:26:23,akun guset,aplikasi apa ini saya sudah update aplikasi terbaru namun di suruh update lagi berulang ulang kali saya download dan update namun tetap di suruh update pulsa saya sudah mau habis cuman gara² update dan saya tidak jadi beli kuota
playstore,xl,2026-05-18 14:22:26,Dewi kirana Cantik,karena myXL saya sering nggak bisa di update
playstore,xl,2026-05-18 14:07:16,Nabil Cool Nabil,semakin lama semakin lemot🤦
playstore,xl,2026-05-18 14:04:17,Angelina Ave,mau berhenti langganan. call center berbagai saluran susah sekali dihubungi. udah dihubungi gak ada yg respon sy. sy gak akan ubah ratingnya sebelum ada yg reachout sy
playstore,xl,2026-05-18 13:58:20,Andi Difar,jaringan ga jelasss.......
playstore,xl,2026-05-18 13:40:35,Altof Abian wibawa,gabisa beli kuota pake pulsa
playstore,xl,2026-05-18 13:17:30,Raydul Islam,"cukup bahagian dengan XL,Tapi knp ketika buat buka ataupun utk bermain game GK lancar bahkan masuk pun tidak bisa, sedangkan buat Sosmed seperti Ig yt dll itu lancar"" aj. Mohon utk tindak lanjutnya demi kenyamanan customer👍🙌"
playstore,xl,2026-05-18 13:10:42,Cekfakta PSI,orang mau beli pulsa kok disuruh update2 sepanjang hari. kalian ini serius nggak sih melayani pelanggan?
playstore,xl,2026-05-18 13:05:07,Mudakkir Al Ghozali,telalh lemot banget XL gak espek
playstore,xl,2026-05-18 13:04:10,Dwi amalia R Mekuo,"untuk di daerahku, jaringan XL yang terbaikkk, kalau mati lampu, Te*kom*el suka ilang jaringannya, tapi XL tetap bagus jaringannyaa, truss kalau abis pakett, bisaaa tukerr XL POINT jadi paket apapum yg di butuhin, terima kasih XL, sy ga perna review aplikasi, tapi aplikasi ini SANGATTTTT MEMBANTU DAN BERMANFAATTTTT"
playstore,xl,2026-05-18 12:52:55,Bambang Purwo,xl lumayan bagus dan cepat
playstore,xl,2026-05-18 12:50:57,Septian Rezki,"Jaringan nya kalok udah masuk lantai 2 atau 5 mapah ampas , gaya prioritas konsumen jaringan nya aja kayak ciput , mau 5g atau 4g sama aja perbaiki dulu uji coba lagi jaringan nya di kondisi tertentu , soalnya udah agak gk normal xl ku pikir hp ku rupanya xl nya yang masuk angin"
playstore,xl,2026-05-18 12:50:24,ade,"ditemgah kota, sinyal full bar 4g, tp ga konek. lu pikir kita ngemis beli kuota ha?"
playstore,xl,2026-05-18 12:08:17,Muhammad dedi,kenapa setiap saya masuk ke my xl terus disuruh masukkan kode tapi nggak mau ya?
playstore,xl,2026-05-18 11:51:38,wpy,"Sudah hampir 3 tahun pakai kartu dari XL Axiata, tapi makin ke sini jaringan malah makin mengecewakan. Sering banget sinyal merah terus, internet hilang sendiri, padahal lokasi yang biasanya lancar sekarang jadi susah koneksi. Buat main, chat, sampai nonton sering buffering dan bikin kesal. Sebagai pelanggan lama tentu berharap kualitas jaringan makin bagus, bukan malah menurun. Tolong lebih diperhatikan lagi kualitas sinyal dan kestabilan jaringan untuk pelanggan setia."
playstore,xl,2026-05-18 11:48:26,Garuda TM,MAU BELI PAKET DISURUH UPDATE PADAHAL APLIKASI DAH TERBARU...
playstore,xl,2026-05-18 11:40:20,Muhamad Ilham,"performa jaringan sudah lebih baik dibanding operator sebelah, mungkin yg perlu di tingkatkan terkait chat dengan MAYA/live agent yg tidak responsif menangani kendala yg di alami user, tidak ada penjelasan tidak ada solusi, dan juga balasan dari MAYA/live agent yg lama dan bertele-tele. *nunggu 1 jam ± hanya buat di buatin tiket aduan, buang buang waktu! tingkatin lagi dah tuh kualitas pelayanan mengenai aduan/keluhan dari user. buat se efisien mungkin dari mulai awal pengaduan, Sampai akhir."
playstore,xl,2026-05-18 11:30:47,Rosyid Infinix,"XL internet telelet dh yg pernh ku pke, udh 2 hari gk ada jringan gk bisa main kn aku, pdhl 4g sm ful sinyal ny ttp gk bisa main"
playstore,xl,2026-05-18 11:27:38,Khayla Kayyasah,Makin kesini makin mahal harganya makin lemot pula jaringannya ni XL Kapok beli paket kuota xl lagi Mending pindah ke provider yg leb8h lancar jaringannya
playstore,xl,2026-05-18 11:25:15,Halimah,good
playstore,xl,2026-05-18 11:23:04,Imah Tarminah,jaringannya lelet
playstore,xl,2026-05-18 10:58:59,Ahla Humairoh,"aplikasi ini sangat terjangkau tetaapi terkadang""yaa meng updatenya lama sekali sehingga sy lama menunggunya"
playstore,xl,2026-05-18 10:57:35,Bintanglatif Al26,"penghambat rezeki nih kartu, bangkrut aja udh nih lah kartu gak jelas, sinyal jelek banget"
playstore,xl,2026-05-18 10:52:12,Charisa putri mahendra,"hi kak, aplikasi XL ini sangat berguna namun saat saya ingin membeli kuota tidak bisa karena katanya ""belum di update"" namun saya sudah update tetap tidak bisa, ini harus bagaimana ya? mohon bantuan nya"
playstore,xl,2026-05-18 10:36:01,Hu Yu,sangat bagus cuman harga kuotanya murahin dikit aja
playstore,xl,2026-05-18 10:32:38,ki munk,lowrespon
playstore,xl,2026-05-18 10:27:29,Fajardiansyah Hw,sering terjadi bug
playstore,xl,2026-05-18 10:25:06,Sah Ri,bagus
playstore,xl,2026-05-18 10:00:15,Shiddiq Fauzi,udah beli kuota bukannya yg kepake kuota malah nyedot pulsa
playstore,xl,2026-05-18 09:55:02,Pirgo Samuel,bagus
playstore,xl,2026-05-18 09:50:14,Muhammad Angga,"sinyal buruk udah seminggu padahal kuota 14,5 GB. sangat kecewa"
playstore,xl,2026-05-18 09:39:05,Hasnawir,bagus makin cepat
playstore,xl,2026-05-18 09:27:46,4_Bayu Aji Saputra Hasibuan_P_IPS (Aji),"makin mahal coo, sialan lah"
playstore,xl,2026-05-18 09:11:34,Ridho Frenz,jangan beli XL prioritas!!!!!! karena gak bisa beli paketan udah isi pulsa malah tulisan maaf gangguan
playstore,xl,2026-05-18 08:33:50,Yanto Yanto,Joss jisss
playstore,xl,2026-05-18 08:25:36,Rian Rian,"tolong kenapa tidak mau masuk akun XL saya minta di reaktivasi lagi dan sya coba masukkan iccid pada kartu SIM saya Tpi data tidak lengkap dan salah kenapa sih, permasalahanx setelah saya up, makin update apknya makin ribet ngebug😮‍💨🙏"
playstore,xl,2026-05-18 08:20:11,Erna Wati,tidak boros tapi jaringannya suka bermasalah
playstore,xl,2026-05-18 08:05:44,Agus 77,semoga amanah
playstore,xl,2026-05-18 07:44:41,Ariyadi (Ariyadi Kartosetomo),"Argo kuota HP sekeluarga tidak akurat, bahkan di mode pesawat sebulan penuh tetap habis."
playstore,xl,2026-05-18 07:38:09,si juki,"sudah bisa untuk transaksi lagi, terima kasih responnya yg cepat 👍"
playstore,xl,2026-05-18 07:31:25,mochi mochi,"sering tiba2 hilang signal , sering mengalami error & banyak gangguan"
playstore,xl,2026-05-18 07:26:54,gndis,gimana sih menu beli paketannya harus suruh perbarui update padahal udah diupdate bulan lalu
playstore,xl,2026-05-18 07:22:19,Dwi Hermawan,"beli paket bayar aja , susah bener😡😡😡"
playstore,xl,2026-05-18 07:18:18,adi suputra,mantap🐌
playstore,xl,2026-05-18 07:03:45,Eny Nursulistiani,kenapa tiap isi kuota gangguan trs ya akhir2 ini....
playstore,xl,2026-05-18 06:53:33,Chelvin Lucki,beli kuota gak masuk
playstore,xl,2026-05-18 06:46:29,Yunia Sari,"kuota nya gak bisa di gunain sama aja, gak usah download apk XL dan jangan beli kartu xl gak bisa di gunain.."
playstore,xl,2026-05-18 06:30:45,Bahrul Ulum,Perpanjang paket akrab nya gk sesuai jam 12 malam.
playstore,xl,2026-05-18 06:30:04,Ebol Ebol,udah bisa teratasi min makasih
playstore,xl,2026-05-18 06:09:25,Fida Tzy,sangat baik bermanfaat
playstore,xl,2026-05-18 06:04:04,Dody doday,blom sepenuhnya bisa melayani. lemooottttt bgt.
playstore,xl,2026-05-18 05:58:27,Aso Aso,respon lama sering bug
playstore,xl,2026-05-18 05:46:47,Dedi Supiyadi,tidak memberikan solusi saat terjadi masah
playstore,xl,2026-05-18 05:46:25,Seli Lili,aplikasi taiii . error mulu selama seminggu
playstore,xl,2026-05-18 05:45:57,Fitri Ibrahim,apaa ini saya beli paket kouta 100 rbu tertera 55 GB ... 55 GB apa nya cuman dpat 52 FB yg lainnya ntah kemana my XL penipu tidak usah d download ya teman teman penipuan Kouta .. Kouta mahal tapii dpat nya dikitt penipu.
playstore,xl,2026-05-18 05:28:53,kyraaa,mahalnya doang sinyal butut
playstore,xl,2026-05-18 05:15:45,Sukma Permana,"sinyalnya kok main-main ya? cuma buka game santai aja harus putus nyambung. ga sekali dua kali loh terjadi tapi tiap hari ky gini, katanya tercepat tapi mana yg ada malah lag terus"
playstore,xl,2026-05-18 04:01:33,asila sila,Mantap
playstore,xl,2026-05-18 03:42:46,Leo Candra,"kenapa ya akhir"" ini jaringannya sering gangguan ilang padahal kuotanya masih banyak sangat mengecewakan menghambat kerjaan klo jaringannya ga bisa di pake dikit"" ilang"
playstore,xl,2026-05-18 02:49:51,Agus Mercon,kuota darurat
playstore,xl,2026-05-18 02:40:53,Bahrudinnurjaya Udin,aplikasi jubag. mo daptar. paket ga bisa
playstore,xl,2026-05-18 02:14:08,Domika Yanti,udah 5 hari scan voucher masih blm bisa juga padahal lagi butuh²nya. niat isi pulsa utk perpanjang takutnya kena makan. sebenarnya ada niat perbaiki nggak sih setelah terima banyak komplainan begitu?🤬
playstore,xl,2026-05-18 02:09:52,Egi Jhon,nikmati kseruan nya dan banyak bonus nya jaringan mantap bisa pilih menu yg kita butuhkan..
playstore,xl,2026-05-18 02:04:10,Yandi juliana,tolong uang kembalikan beli kuota flexmax 40gb di apk pembayaran via bca. tapi kuota ga masuk masuk!!!!
playstore,xl,2026-05-18 01:45:04,Ninis Khoirotin,"ini gimana, beli kuota dari sore gangguan terus, aplikasi udah di update malah disuruh update lagi. apanya yang mau di update.. tolong ya min segera diperbaiki, saya mau beli paket data tidak bisa ini, dan juga murahin lagi harga kuotanya, dulu aja banyak promonya.. apalagi yang extra combo plus itu udah yg paling pas, ga lemot kayak pas pake kuota flexmax"
playstore,xl,2026-05-18 01:35:21,Rizqy Darmawan,paket bebas puas hariannya kalau bisa di u ah tanpa batas minimum
playstore,xl,2026-05-18 01:22:11,Suryana Mulyadi,pelayanan mantap dan kualitas jaringan dahsyat
playstore,xl,2026-05-18 01:16:34,Diana Ujung,makin hari makin buruk sulit untuk login dan sering tidak ad jaringan
playstore,xl,2026-05-18 00:46:18,Arif,"soal penambahan masa aktif hrusnya lebih bijak, misal masa aktifku smpe tgl 30, tapi baru tgal 20 udah aq isi 10k.. seharusnya masa aktif bertmbah sesuai ketentuan misal 7 hari berarti harusnya masa aktif smpe tgl 7"
playstore,xl,2026-05-18 00:42:56,Arul Nwsaa,lebih ke nyesel sih beli kartu ini
playstore,xl,2026-05-18 00:30:56,Kopi Lendot,udah berapa x. klo memang keberatan ngirim bonus circle hapus aja tuh bonus nya
playstore,xl,2026-05-18 00:30:27,haris Surya,sudah 2 kali saya beri ulasan bintang 1 karna apa? karna di awal suka bug bonus Kouta hilang padahal belum waktunya hangus bonus nya dan yng kedua ini saat saya mengambil bonus Kouta itu bonus nya tidak bisa di gunakan sama sekali emang menyesal saya menggunakan xl
playstore,xl,2026-05-18 00:21:54,Agus Bila,ga bisa si pake apa ga bisa isi paketan gjls selalu ada bacaan abdet mlu
playstore,xl,2026-05-18 00:21:07,Ilham Nabillah,Jaringan burik padahal di Jaksel
playstore,xl,2026-05-18 00:12:31,Fajar Nurfdlla,sangat baik
playstore,xl,2026-05-18 00:10:36,Iwan Dwi Wahyu Prasetyo,tolong diaktifkan layanan bagi poin dong
playstore,xl,2026-05-17 23:59:41,Lorde bray,ini XL kenapa si jaringan sekarang udah seminggu busuk banget di Jawa Tengah mana paketan sekarang mahal² gak ada promo lama² mending ganti provider
playstore,xl,2026-05-17 23:57:18,Herman Istanto,aplikator kurang ajar
playstore,xl,2026-05-17 23:50:24,Usman Tea,Sedikit nyendat di tempat ku internet nya
playstore,xl,2026-05-17 23:32:26,Heri Susanto,asuuuuu
playstore,xl,2026-05-17 23:28:03,Rizki Fitri,Bagus
playstore,xl,2026-05-17 23:16:52,Rahma,sangat bagus
playstore,xl,2026-05-17 22:42:05,Cici Parantika,buka aplikasi aja susah
playstore,xl,2026-05-17 22:25:53,Riva,"kenapa xl sekarang sinyal nya bikin lemot, semenjak 5g sinyal pun jelek, tolong perbaiki sinyal nya"
playstore,xl,2026-05-17 22:24:57,Kana Senya,"saya memberi bintang lima hanya agar di atas, saya mau memberitahu tentang keluhan saya yaitu bahwa setelah update minum pembelian di BEBAS PUAS sangat² tidak bisa bebas di karenakan ada minim harus berapa hari dsb,dan oleh karena itu kenapa tidak di buat seperti dulu saja karena agar lebih mudah dan murah tentunya, dan mohon di kembalikan seperti dulu. #suarapenggunaXL #mohonbantuanadmin"
playstore,xl,2026-05-17 22:16:44,RENDI ARDIANSYAH,jaringan asu
playstore,xl,2026-05-17 22:10:43,Adi Sigar,"Koneksi sangat tidak stabil... Gak tau karena masalah apa, terpaksa rate bintang 1 lagi. 🤣 Mungkin harus beralih ke operator lain.😜"
playstore,xl,2026-05-17 22:09:07,Nurdin sasmita46,seru banget
playstore,xl,2026-05-17 21:58:49,Zho,bagus
playstore,xl,2026-05-17 21:52:14,Vian Reptyrect93,"mohon maaf sinyal kadang-kadang nyala mati sendiri,buat game ping-nya tidak stabil,tapi ga tau sih pengguna lainnya,atau kemungkinan ada bug system ?"
playstore,xl,2026-05-17 21:42:52,ff Beta mbok,bonus ny g bsa di ambil😹
playstore,xl,2026-05-17 21:33:53,Ikhsan Dwi nata,semuanya paket mahal aplikasi bisa bug juga kadang2.dan pernah pulsaku ilang secara tiba-tiba
playstore,xl,2026-05-17 21:25:18,Linda Ariani,"kuota saya banyakk tapiii bukak apa apa tidakkk bisaaaa, sangat lelet beli kuota mahal mahall TPI lelet nya nauzubillaaa, pagi siang soreee lelet jaringan apa malem jam 2 baru ngga lelet, malahan kuata yg saya beli ngga kuatanyg terbagi bagiii dehhh tolongggg donggg dibenerin sistemnyaaaa kemarennn ngga gini kokkk sekarang ampunnn mau pindahh ke kartu lain ajaaa aku bulan depann nanti, sudah terlalu sabar akuuu untuk menghadapi kelemotann jaringannn iniiiii"
playstore,xl,2026-05-17 21:22:30,Babah Gaming,jaringan nyah GK jelas bener
playstore,xl,2026-05-17 21:20:54,Rohman Faturohman,kartu XL aku knpa yah padahal udah di isi kouta tapi gak bisa online. SMS MH ada masuk tapi pas di aktifkan data gak bisa online
playstore,xl,2026-05-17 21:15:31,Ni Sa,gangguan Mulu gabisa buat beli paket
playstore,xl,2026-05-17 21:14:19,Anam Metz,sinyalnya makin buruk
playstore,xl,2026-05-17 21:06:31,Mohammad Derryl,"xl dongo udah mahal lemot jaringan suka ilang""an ga jelas"
playstore,xl,2026-05-17 21:00:47,Ach Fazery,mantab
playstore,xl,2026-05-17 20:54:35,Redmi Note9,"jaringan jadi lemot banget ni XL,,paketnya malah tambah mahal😭"
playstore,xl,2026-05-17 20:41:42,To'idin Nicky,bagus
playstore,xl,2026-05-17 20:32:02,Muhammad Heri,selama 5g ini jaringan XL kacau parah .gangguan mulu
playstore,xl,2026-05-17 20:31:04,Gembel Elit,myxl makin lelet aja skrg bos
playstore,xl,2026-05-17 20:17:20,Asung SG,sangat kecewa sekali uda pake puluhan tahun bukannya makin bagus ini malah makin hancur sinyalnya 2bulan ini tolong di tingkatkan pelayanannya
playstore,xl,2026-05-17 20:13:04,Didin S,sinyal makin lemot aja .padahal semua paket mahal gua
playstore,xl,2026-05-17 20:10:43,Yogi Prasitiyo,"XL circle ku eror, sudah coba chat maya katanya bukan tanah dia"
playstore,xl,2026-05-17 20:06:10,Irfan Liguna Setiawan,ok
playstore,xl,2026-05-17 20:06:02,Abi Devin,"sangat tidak familiar. sy tukar poin video saja, sudah kepotong poinnya tapi tidak bisa digunakan"
playstore,xl,2026-05-17 19:57:31,Hikmah Immah12,mau beli kuota ko tidak bisa
playstore,xl,2026-05-17 19:45:43,Iqbal Abigail,"Halo saya penggunan XL sudah lama dan saya berkomentar di sini karna ada sedikit keluhan yaitu. saat saya beli voucher dan memasukan nomor input ny di My XL terkadang bonus ny tidak masuk dan jarang masuk, dan keluhan yg lain yaitu jaringan ny sering lag jika bisa optimalkan lagi kedepannya. jika pesan ini di balas saya akan tambah satu bintang lagi biar saling rispeck."
playstore,xl,2026-05-17 19:45:41,AbangRasyid,kenapa tidak bisa membeli paket d my xl lagi.. katanya harus d update TPI sudah di update tetap TDK bisa
playstore,xl,2026-05-17 19:44:55,321 -_-,Koutanya gak bisa digunakan padahal udah beli
playstore,xl,2026-05-17 19:43:44,Aldi Jr,sangat memuaskan
playstore,xl,2026-05-17 19:37:30,Gian Ino,force close
playstore,xl,2026-05-17 19:36:13,Sabra GG Gak Guna,banyak error nya/-100
playstore,xl,2026-05-17 19:27:56,Bahul Bahul,ok
playstore,xl,2026-05-17 19:19:57,Pengguna Google,tower lu ke sambar petir kah? tiap hari sinyal jelek
playstore,xl,2026-05-17 19:18:25,Nur Hasanah,kenapa ini jaringan saya engga bisa dipakai padahal masih ada 4GB lohh😌
playstore,xl,2026-05-17 19:15:58,Murtopo Pujianto,"apndh gua beli kuota yg hrsny 20 jd cmn 15gb apaan bgt, gw cek pembelian ny mlh jd yg 10gb 7 hr doang di korup 5gb syln. klo gt mnding beli yg 25k aj ngpain gua beli yg 30 syg"" duit jink"
playstore,xl,2026-05-17 19:14:24,Komang Purwanta,benerin sinyal lu kemem
playstore,xl,2026-05-17 19:07:37,project number1001,"di era serba cepat begini, masih aja jaringan lelet. di pakai browsing, buka satu web butuh waktu 1 menit lebih. sangat menggangu produktivitas kerja, yang butuh research cepat"
playstore,xl,2026-05-17 19:01:46,Kotol Top up,"makin lama makin ga jelas ni aplikasi, munu beli kuota makin dikit, kalau beli kuota ada masalah mulu, makin rusak aplikasi ga jelas"
playstore,xl,2026-05-17 18:57:39,Iqbal Sullivan,harga paketan mahal mahal sinyalnya jelek lengkap sudah
playstore,xl,2026-05-17 18:57:33,Black Wine,Singnal makin buruk.
playstore,xl,2026-05-17 18:55:23,Sahrul Samsudin,Paketnya makin mahal sedih banget mana sinyalnya tidak stabil
playstore,xl,2026-05-17 18:54:28,Pecinta Shalawat Nabi,apk XL ngga pantas 5G. masukin nomor sim saja jaringannya ngelag parah ngga masuk masuk ke dalam apknya. diulang ulang tetep sama jaringannya bosok banget... ngelag. mending 3G saja ngga pantas 5G asli.
playstore,xl,2026-05-17 18:49:55,Mohamad Sopiandi,"sangat mengecewakan,sinyal parah banget,penghargaan cuma iklan doang aslinya 0"
playstore,xl,2026-05-17 18:48:13,jhuita selviana,bagus
playstore,xl,2026-05-17 18:42:36,leww,"XL Circle di nomor saya tidak bisa diakses, namun di nomor lain dengan device yang sama bisa diakses"
playstore,xl,2026-05-17 18:39:53,Riyani Yani,kenpa jaringan jelek sekali ud beli paket mahal2 tapi gk bisah di pakek karna gk ad jaringan internet ny tolong dong di perbaik lagi
playstore,xl,2026-05-17 18:39:09,Putri Sahira Wulandari,"awal - akhir bintang 1 udah pemakaian 5 Tahun, tapi masih jelek banget astagfirullah🤣, masa beli kuota buat memperpanjang masa aktif malah kuota lama di angusin, kalau cuma beberapa masih mending ini 170 GB, 170GB LOHHH! MALAH BALIK KE 10GB, PADAHAL MASA AKTIFNYA BESOK JAM 12 MALAM! AKU BELI DI HARI INI BIAR GA ANGUS MALAH DI ANGUSIN! ANEH🤣SINYALNYA KALAU MALAM / HUJAN MASIH LAMA BANGET 🤣 Chat CS malah dapet jawaban yang tidak membantu!Jelek!Jadi mending balik lagi ke Indosat bye XL☺"
playstore,xl,2026-05-17 18:37:40,Arif Apriyanto,xl sekarang sangat sangat burukkk sinyal nya
playstore,xl,2026-05-17 18:32:11,Iksan Ganteng,bonus kuata yang 500mb yang kita gunakan mala pulsa yang di tarik
playstore,xl,2026-05-17 18:30:46,Ibo Kriebo,"harga pulsa dan harga paket datanya jang mahal-mahal, tolong turunin."
playstore,xl,2026-05-17 18:25:19,Firman Hidayat,sudah 2 hari. jaringan XL trouble. gak bisa nyambung sama sekali. sampek 2 hari pun masih belum stabil..
playstore,xl,2026-05-17 18:24:31,Hafizz Hafiz,bagus
playstore,xl,2026-05-17 18:21:51,faiz ravarna,Sangat baik dan stabil
playstore,xl,2026-05-17 18:10:27,Santoso Ajibroto,cepat
playstore,xl,2026-05-17 18:09:31,Wahyu Rhowin,kuota harga naik terus tp tambah leeeeemooooooottt poollllll.. paaarraaaahh kpn ni ada peningkatan XL
playstore,xl,2026-05-17 18:06:37,Gede Sastrawan,knp sekarang tidak ada bonus setelah pembelian kuota
playstore,xl,2026-05-17 18:03:09,Rini,"harga elit sinyal sulit, kuota cpt hbs"
playstore,xl,2026-05-17 17:45:19,arsyad,XL burik main epep ama ml aja lag banget nyesel pake my xl
playstore,xl,2026-05-17 17:19:22,Syahrul Gaming,"kartu xl jelek udh malas paket kartu ini ada"" aja masalah nya masak iya vocher ngak bisa di masukin di proses mulu ngak masuk"""
playstore,xl,2026-05-17 17:14:25,Satrya Ayano,palikasinya lemot.sinyalnya susaaah.suka ilang sendiri.saya pake yg priority esim dan yang fisik.dua²nya sama² buruk sinyalnya
playstore,xl,2026-05-17 17:03:25,Salsa Ramadani,"jaringan bagus udh isi pulsa habis sia"" mau Untuk beli paket tpi selalu bermasalah sementara ndd masalah di jaringan, setiap dapat bonus pembelian nda ada bonusnya pdhl hrusnya ada, Sa menangis btul ap kh kaya bgini"
playstore,xl,2026-05-17 17:03:18,Nur Aini,"tidak bisa dipake beli data, setiap diklik tombol bayar slalu muncul update padahal barusan diupdate."
playstore,xl,2026-05-17 16:59:15,Bandung Raya,sangat puas
playstore,xl,2026-05-17 16:49:32,Al Varo,semoga bisa lebih baik lagi
playstore,xl,2026-05-17 16:33:36,Rindi Rindy,saya mau beli paket lewat aplikasi kok GK bisa ya ..saya Sudah instal aplikasi terbaru tetap tidak bisa ..sayang donk pulsanya
playstore,xl,2026-05-17 16:23:07,Alfa Pnd,woilah ini klo mau aktifin data eror mulu paket mahal.
playstore,xl,2026-05-17 16:20:34,nur min,ku kasih 1 bintang soalnya pas saya mau beli kuota mohon di perbarui terus bilang nya padahal saya sudah di perbarui apa sih maunya
playstore,xl,2026-05-17 16:09:15,Setyo Adi,"XL KAYAjing LAMA LAMA punya paketan masih 13GB tapi gak bisa di pake kntlemang sinyal XLjuga hilang"" padahal 4G+ aneh lama"" XL"
playstore,xl,2026-05-17 16:05:10,Ita Dwijayanti,harga paket wifi tiba2 naik tanpa konfirmasi. bulan kemarin sama bulan ini harganya beda. bulan ini naik 40rbuan. pdhl sering lemot jaringannya dan kadang2 suka trouble. benar2 mengecewakan
playstore,xl,2026-05-17 15:52:04,Bima Kusuma N.,"aduhhh gua beli paketan sehari aja ga sesuai sama keterangan nya gua ditipu nih sama layanan jasa nya beli 8rb keterangan nya dpet 6.1gb malah dapetnya 5gb, ini udah gua biarin lama kelamaan kerugian gua ga dpet jumlah paketan internet kekirim ada 20gb lebih nih, buat kalian ga usah langganan sama xl muak gua disabar² in malah kek gini, gua udah lapor di apk nya masih belum digobris ga dikasih bonus apa kek karena ngebug sistem nya atau ada yang eror bikin gua KESEL aja"
playstore,xl,2026-05-17 15:47:36,Sugeng Purwanto,"aplikasinya bagus, tapi ukuran huruf di aplikasi sangat kecil, tidak nyaman dibaca, sy cari untuk membesarkan hurufnya tidak ada"
playstore,xl,2026-05-17 15:43:23,Made,"XL bojog,"
playstore,xl,2026-05-17 15:37:18,Wira Himura,mau cek tagihan FM lemot gk kebuka2 contennya. padahal pake jaringan FM dirumah. mending gk usah ada aplikasi lah kalo lemot menyajikan datanya. di email bulanan aja tagihannya.
playstore,xl,2026-05-17 15:29:35,Arya Phasma,BENERIN SINYAL WOI XL!!!!!
playstore,xl,2026-05-17 15:25:06,Rohman Ganteng,"Xl makin sekarang makin menurun,jaringan nya juga lemot,nyesel saya pake kartu ini👎👎👎👎👎👎👎"
playstore,xl,2026-05-17 15:18:34,Nathanael 2084,Kouta harian masa sekarang di wajibkan beli minimal 28 hari dulu Masi mending yang 6rp sama 8 Rp Masi bisa beli 1 hari sekarang harus beli minimal 28 hari
playstore,xl,2026-05-17 14:48:36,Asep Creator,bonus Xl cticle tidak langsung aktf gimana ini aplikasi makin Parah
playstore,xl,2026-05-17 14:15:11,M ilyas Farhan,"Chat Maya: Respon super lambat, banyak bug, gak tau kenapa HP suka ngeleg, aplikasi berat. (Nunggu gajian 30 hari, masa aktif kuota 28 hari, miris!!!)"
playstore,xl,2026-05-17 14:03:30,Arita setta,bgus
playstore,xl,2026-05-17 14:03:01,Dado Adam92,bonus jadi hilang
playstore,xl,2026-05-17 13:49:17,mr rahadi,"jaringan tidak stabil,payah"
playstore,xl,2026-05-17 13:48:25,Enong Urhen,my XL oke bgt
playstore,xl,2026-05-17 13:41:04,Efin Yulian,"udah diupdate tpi mau beli pulsa gk bisa,setiap mau bayar disuruh update terus pake dana gk bisa pake bank gk bisa disuruh update trus kesel"
playstore,xl,2026-05-17 13:39:40,088 Mohammad Nabilul Hikam,jaringan tidak sesuai harga
playstore,xl,2026-05-17 13:37:29,YOGI. PAINT,saya baru saja beli kuota dan dapat bonus vidio platinum 30 tapi kenapa ga bisa di klaim ya bonus nya
playstore,xl,2026-05-17 13:35:45,Hafidz Julian taris,"XL penipu. sy beli kuota 5g karena dapat tawaran dari my XL untuk upgrade jaringan, setelah sy beli kok jaringan sy masih 4g padahal HP sy sudah support 5g. sy sudah complain ke xl dan direspon dengan kendala di wilayah bandar lampung belum support 5g. ngapain nawarin klau belum support 5g. sok-sok an XL padahal masih kuno, sinyal lemot padahal dikota, kecewa benerr. Klau kayak gini terus mending beralih ke layanan seluler lain yang lebih maju."
playstore,xl,2026-05-17 13:33:30,Nurdin,mantap
playstore,xl,2026-05-17 13:22:02,Rabia Tuladawia,sangat murah
playstore,xl,2026-05-17 13:15:01,Nand Tut,broken*
playstore,xl,2026-05-17 13:10:55,Ahmad Alfarisy,sinyal sulit
playstore,xl,2026-05-17 13:03:37,M. Farid Usman,Tidak membantu sama sekali terkait kendala paket hilang tiba-tiba
playstore,xl,2026-05-17 12:50:34,Maikel Maikel,"jaringan sangat buruk, Suka lemot,"
playstore,xl,2026-05-17 12:43:52,Della Del,baik
playstore,xl,2026-05-17 12:33:48,semut kecil,kirain naik ke gold bakal semakin murah malah semakin mahal dan satu juga sinyal xl kenapa sering hipang hilang an. terimakasih
playstore,xl,2026-05-17 12:30:33,marsukin 1970,mantap
playstore,xl,2026-05-17 11:56:43,Alif Febriano,giliran beli diskonan alasannya gangguan pas beli formal gada gangguan
playstore,xl,2026-05-17 11:51:01,salsa aja,maap ini gimana ya jaringan batang nya selalu ga stabil tolong perbaiki XL punya ku agar tidak lemot dan selalu lancar trimakasi
playstore,xl,2026-05-17 11:40:10,fatim albatul,"𝑎𝑠𝑡𝑎𝑔𝑓𝑖𝑟𝑢𝑙𝑙𝑎ℎ, 𝑘𝑒𝑛𝑎𝑝𝑎 𝑠𝑒𝑚𝑎𝑘𝑖𝑛 𝑏𝑎𝑛𝑦𝑎𝑘 𝑒𝑟𝑟𝑜𝑟, 𝑢𝑑𝑎ℎ𝑙𝑎ℎ 𝑠𝑖𝑛𝑦𝑎𝑙 𝑙𝑒𝑚𝑜𝑡 𝑏𝑎𝑛𝑔𝑒𝑡, 𝑘𝑎𝑑𝑎𝑛𝑔 𝑘𝑎𝑑𝑎𝑛𝑔 𝑖𝑙𝑎𝑛𝑔, 𝑐𝑢𝑚𝑎𝑛 ℎ𝑎𝑟𝑔𝑎𝑛𝑦𝑎 𝑡𝑎𝑚𝑏𝑎ℎ 𝑚𝑎ℎ𝑎𝑙. 𝑎𝑦𝑜𝑙𝑎ℎ 𝑦𝑎𝑛𝑔 𝑏𝑒𝑛𝑒𝑟. udahlah beli yg 5G, keterangan Nya sih, 500MBps,tapi kok punyaku 1MBps aja nggak."
playstore,xl,2026-05-17 11:33:57,Candra Purnama,kirek
playstore,xl,2026-05-17 11:30:29,kamila imada,"sinyal ilang-ilangan Mulu, mesti kudu di mode pesawat biar balik semula, katanya 5g terbaik se-Indonesia tapi nyatanya nggak!!! buka aplikasi jmo buat benerin data aja lag mulu"
playstore,xl,2026-05-17 11:27:10,Dadan Hermawan,halo mau beli pket aja harus diperbaharui pdahal udah diperbaharui kcewa
playstore,xl,2026-05-17 11:26:15,Faridz Hidayatullah,Disini gua bukan buzzer jangan pernah beli xl sekarang jaringan ngeleg ga stabil ga kaya dulu malahan sekarang bagusan tri kenceng saran saya jangan pernah belu kouta xl makasih
playstore,xl,2026-05-17 11:15:11,Abi Wicaksono,aplikasi sering error
playstore,xl,2026-05-17 11:13:22,awang DR,good jobss
playstore,xl,2026-05-17 11:12:02,Joko Santoso,udah lama ngumpulin supaya dapat bonus xl circle malah gbisa di klaim alasannya ganguan hadeh
playstore,xl,2026-05-17 10:51:25,Elfia,"sinyal jelek, harga ga ngotak kuota sirkel gadaa masuk bnyak minus nya, sesekali respon lah masukkan kita sebagai pengguna. hampir 10 THN ttp setia pke XL TPI mkin kesini makin kacau. tolong lah sinyal nya diperbaiki"
playstore,xl,2026-05-17 10:49:58,Aris Candra,"lemot parah, harga paket mahal, sebenarnya gpp mahal karena ada harga ada kualitas, lah ini? ngelag bener, ga worth it, mending kartu lain aja kyk telkom"
playstore,xl,2026-05-17 10:45:40,irwan iwan,saya coba scan. voucher gesek. kuota. XL. di apk my. XL. gagal. terus
playstore,xl,2026-05-17 10:34:29,Ayank Wasi,jaringan xl sering banget gangguan sinyal hilang seharian apalagi kalo hujan. harga kuota doank mahal tapi sistemnya buruk. penyelesaiannya pun lama. merugikan usaha orang.
playstore,xl,2026-05-17 10:31:48,Ezza Zuhairi,"saya membeli pulsa 50k dan saya ingin membeli kuota di my xl dengan harga 50k tetapi selama tidak bisa, pasti selalu ada masalah autopsi (itulah pokoknya) padahal pulsa tidak berkurang sama sekali, dan giliran saya mencoba membeli kuota yang lebih murah pasti selalu bisa, ini sangat merugikan saya, saya sudah menabung untuk membeli kuota yang saya inginkan tetapi selalu tidak bisa, ini tidak terjadi satu kali saja namun berkali kali, saya sangat kecewa dengan hal ini, mohon segera diperbaiki"
playstore,xl,2026-05-17 10:31:04,fadlan adi pramuja,"capek batin, jaringan udah bagus kagak bisa bisa"
playstore,xl,2026-05-17 10:28:08,Agata Lin,mantappppp
playstore,xl,2026-05-17 10:25:45,Kumaira Agustina,tidk bisa byr oje qiris
playstore,xl,2026-05-17 10:24:10,Rezki Amrida,Kok makin mahal sih😭
playstore,xl,2026-05-17 10:16:07,Evhi Selfiani,baru di buka ko langsung minta update
playstore,xl,2026-05-17 10:12:34,Sitiaulia Sitiaulia,apk tdk berguna soalnya Uda berapa kali update Masi disuru update lagi
playstore,xl,2026-05-17 10:07:41,Desi Nur Anggraeni,"XL home wifi nya sangat sering gangguan, tidak ada penanganan cepat"
playstore,xl,2026-05-17 10:03:35,Alesa,"masa aplikasi udah d update,suruh update lagi,kenapa coba"
playstore,xl,2026-05-17 09:52:49,Rassa,"ga jelas, saya udah beli paket kuota lalu sudah bayar dan sudah terpotong saldo saya tapi status pembelian gagal dan tidak aktif gimana si ini tolong di cek lagi"
playstore,xl,2026-05-17 09:30:30,Muhammad Nazril,"Kecewa banget, udh isi ulang berkali kali, masa aktif kartu ga nambah, pengen banget berkata kasar tapi ga boleh, mohon di benerin, saya sudah kesel dri kemaren, ga di notice? emg provider jelek berarti, jangan modal omongan kalo gitu saya juga bisa, hadehhh"
playstore,xl,2026-05-17 09:25:39,pahriotwganteng,lancar dan tidak ngeleg
playstore,xl,2026-05-17 09:24:57,Wildan Al fahri,"3 dulu. Kenapa akhir2 ini buat beli paket di my xl selalu di suruh buat update,padahal udah,tp slalu di suruh update"
playstore,xl,2026-05-17 09:15:20,Anas Rohim,sinyal makin gk jelas harap di benerin segera lh repot klo klamaan
playstore,xl,2026-05-17 09:15:19,Dzivana Reski,"sudah di apdate ulang, tapi tetap gagal mau daptar mt XL.. babi"
playstore,xl,2026-05-17 09:13:27,Bagas 02,"buset XL medit banget, baru banget bulan kemarin gua beli flexmax 50k masih 19gb, skrg langsung turur jd 15gb BUSETT, udah gila XL, ini cuma 1,sebelum ini mah udh banyak yg di turunin tapi harga tetap sama"
playstore,xl,2026-05-17 09:11:23,muhammad Ismail,hedeh aplikasi nggk jelas kuotanya
playstore,xl,2026-05-17 09:09:06,Warsiyanto Yanto,enak.pakek xl irit
playstore,xl,2026-05-17 09:05:19,Rio Ferdinan,"SUMPAH KALO KALIAN GAMMERS ATAU SEKEDAR MAIN GAME, JANGAN PERNAH PAKE XL.!! NORMAL PING NYA SAJA 50/60 MS ITUPUN GA BERTAHAN LAMA ATAU GA STABIL, SERING BANGET PING NAIK KE 200MS. UNTUK GERAK NORMAL DO GAME SAJA BUTUH MS 20-30 ITU SUDAH MAX, SEDANGKAN XL JAUH DELAYNYA,MANA JARINGAN SUKA TIBA2 HILANG LAGI, INI MASIH JARINGAN BELUM LAYANAN CS NYA YANG KAYAK SAMPAH JAWABAN TEMPLATE BOT GADA SOLUSI BALESNYA PULUHAN MENIT ANTRIAN GAJELAS ITU JUGA BELUM TENTU SELESAI MASALAH,2TH SMA AJA GA BERUBAH"
playstore,xl,2026-05-17 09:03:42,Nabila Anggraini,"memakai XL memang leB ih baik sinyalnya di tempat saya tapi buruknya adalah apabila sudah berlangganan kuota cukup besar di setiap bulanya dan tiba2 ada yang transfer atau anda beli kuota yang lebih kecil dengan jeda waktu satu menit saja,,, dor kuota yang lebih besar hangus ini sudah saya alami sendiri. yang terhitung kuota yang kecil tadi sungguh merugikan bukan"
playstore,xl,2026-05-17 09:03:36,marani Septina88,"buruk, selain sering gangguan, paket kuota juga sering habis blum sampai tanggal, oke lah klo habis dua hari lagi sampai tanggal ini mah sering semingguan sebelum habis tanggal udh abis"
playstore,xl,2026-05-17 08:57:21,CASMADI CASMADI,"Sinyal kadang putus sendiri hilang , sinyal jelek makin lama kesini parah .. tolong diperbaiki lagi jaringan internet dan sinyalnya"
playstore,xl,2026-05-17 08:54:43,Bawor Koecloek,"myxl kebanyakan error, mau masuk saja kadang minta masukan nomor, kadang otomatis, tapi yg parahnya itu mau daftar paket gak bisa, sudah hubunhi CS, tetep saja gak ada perubahan, daftar paket tetep gak bisa. jika waktu 1x 24 jam gak ada perubahan,atau daftar paket tetep gak bisa. itu artinya xl hanya mementingkan keuntungan saja. dan saya nyatakan,berhenti menggunakan xl, bahkan semua kerabatpun berhenti semua menggunakan xl. salam waras🙏"
playstore,xl,2026-05-17 08:10:25,Nurhotimah Hotimah,"jangan Pernah isi pulsa biasa ,pasti di sedot ,malng kelas kakap"
playstore,xl,2026-05-17 08:10:24,Muhammad Najib,sinyal sering gk stabil
playstore,xl,2026-05-17 08:06:11,Rain afian,"Sinyal makin lama makin jelek, kecewa banget, ngirim pesan diawali jam lama trus ceklist 1 lama baru ceklist 2, browser restart terus ngga bisa masuk, telp wa pun juga susah. Iklan nya jaringan terbaik, tolong dong sesuai dengan apa yang di iklankan."
playstore,xl,2026-05-17 07:32:53,Ahmad ibnu Adi wijaya,makin ksini makin ngelag xl parah gak kaya dulu
playstore,xl,2026-05-17 07:20:16,Brema Harianja Official,Setiap mau buat pakek selalu terjadi gangguan padahal saya kasih kalian uang.
playstore,xl,2026-05-17 07:19:36,Ndok- Sisca,"setiap Kali Mau Beli Paket Selalu di suruh Update Terus, Pas Ke GooglePlay Nggak ada Opsi Update."
playstore,xl,2026-05-17 07:17:55,Didit Novrianto,"aplikasi gajelas, error mulu"
playstore,xl,2026-05-17 07:06:23,MUSTOFA ADENAN TOPAN,aplikasi bagus
playstore,xl,2026-05-17 07:03:32,Agus Triantoro,mantap
playstore,xl,2026-05-17 07:01:56,Valeska Malva Putri Sofyan,"sudah membeli kuota tapi tidakk bisa di pakai mana 15gb sayang sekali, chat maya tanggapannya sangat sangat tidakk membantu dan lama sekali dalam memberi tanggapan wkwkwk 😂"
playstore,xl,2026-05-17 07:01:27,Wiska Witayuliani,my xl saya tidakbisa di gunakan untuk beli paket karna tidak trdaptar my cl trbaru padahal saya sudah instal yang trbaru tetap saja tidak bisa beli paket
playstore,xl,2026-05-17 06:41:25,Muhammad Fadhil al ghifari,"bonus beli pulsa gak bisa di pakai, dulu bisa"
playstore,xl,2026-05-17 05:59:43,Muhsin Alatas,beli paket sering gk masuk
playstore,xl,2026-05-17 05:58:05,OVERLORD_!!! Hairi Alqoiri,"Kok bonus kuota paket tengah malam nggak ada lagi ya, padahal kan bisa hemat sampai akhir bulan karena kuota tengah malam bisa untuk download film di youtube untuk di tonton nanti, dan kenapa XL sekarang saat mulai jam 6 sore selalu lag parah"
playstore,xl,2026-05-17 05:52:31,Muhamad Fatir,bagus
playstore,xl,2026-05-17 05:08:41,¡Yas anhedon¡a,"tolong ni,kuota bebas puas di benerin, katanya bebas puas, tapi ada batas maksimal pembelian"
playstore,xl,2026-05-17 04:22:57,Reza Andulah,"buat game ngeleg dadakan terus,parah"
playstore,xl,2026-05-17 03:04:34,Putrajengk66,"kecewa banget saya sudah beli paket mahal-mahal tapi belum masuk,padahal transaksinya sudah berhasil,respon nya juga ga ada"
playstore,xl,2026-05-17 02:43:26,Sahrawi X,mantap
playstore,xl,2026-05-17 02:40:38,Riki Kurniawan,aplikasi nya Errol beli paket pakai pulsa ga bisa suruh update dulu padahal sudah di perbarui tolong di perbaiki 🙏🙏🙏
playstore,xl,2026-05-17 02:38:17,Silvana Tasik,baru isi kuota selalu ga dapet bonus
playstore,xl,2026-05-17 02:34:17,Anak martis,kuota game Ml GK ada fungsi jadi masih mending di hilangkan saja fitur nya udah beli kuotanya tapi pas di game gak bisa mtcmaking
playstore,xl,2026-05-17 02:02:19,Iphone Apel,xl kikir gabisa dibuka padahal ada pulsanya
playstore,xl,2026-05-17 01:48:22,Paul Erikson,call center lama respon
playstore,xl,2026-05-17 01:40:52,Bagus setyo Pramono,poin XL lebih baik buat donasi poin konservasi atau perairan.
playstore,xl,2026-05-17 01:28:00,olmy suryana,konrksi terparah
playstore,xl,2026-05-17 01:09:21,Farhan Afif maulana,kok sering eror
playstore,xl,2026-05-17 00:57:53,DICKY DERMAWAN,"harga kuota mahal, jaringan murahan"
playstore,xl,2026-05-17 00:41:09,Uje Jubed,bagus ga ada kndala
playstore,xl,2026-05-17 00:40:13,Kojoy brg,mending pada pindah ayo ke Telkomsel biar g ngeleg ngeleg dan juga pada murah KLO pembelian paket di sana. sya kecewa SMA myXL SYA PENGGUNA LAMA 2016 TPI SEKRANG UDAH G KAYA YANG DULU LAGI KMNA MYXL YANG DULU MINN😮‍💨
playstore,xl,2026-05-17 00:34:14,PAMA RIZQI,"xl tolong dirubah dridulu kayagini2 aja ttg pmbelian paket 1 hari , dzolim kau xl korupsi ! beli kouta 1 hr beli nya jm 11 mlm jm 12 mlm udh abis /nonaktif , apanya yg 1 hr itu cmn 1jm iya pham mksd anda 24 jm , tapi disesuaikan dg pembelian pket jm brp pun hitungan nya 1 hr bkn ikutin aturan 24 jm , sesuaikan dg pembelian paket dg jm brpa pun , JANGAN TOLOL LAH ANDA KORUPSI ! XL !!!"
playstore,xl,2026-05-17 00:33:05,Brilian Pahala,ini internetnya kok mati
playstore,xl,2026-05-17 00:12:05,Supan Tria,"sinyal tidak bisa digunakan untuk bermain game online.,"
playstore,xl,2026-05-17 00:08:01,Aisyah Almaira Nadhifa,bagus buat beli pulsa
playstore,xl,2026-05-17 00:00:50,zulfikar birdfarm,"nguber waktu agar kuota yg lama dirolover eh malah hilang udh harga tambah mahal koneksi internetnya didaerah bangkalan spesialis loading, hadeeeehhh kl 28 hari kedepan masih parah perlu dipertimbangkan untuk beralih ke operator lain😤"
playstore,xl,2026-05-16 23:59:23,Didik Ari,tidak ada yang diresponkah ? keluh kesah pengguna xl
playstore,xl,2026-05-16 23:33:43,Azizah Nur,"sangat baik, membantu dan memuaskan kemudahan dalam mengakses semua informasi dan data dan banyak bonus point dan reward dari myxl"
playstore,xl,2026-05-16 23:22:07,D' sepriady,tidak bisa qr
playstore,xl,2026-05-16 23:14:34,Muhammad Aril,"sejak make ini kartu makin g jelas padahal udh ditengah kota bukannya sinyal tambah enak , malah tambah gak jelas"
playstore,xl,2026-05-16 23:02:20,Share Materi,"Untuk pengguna XL prioritas nggak bisa masuk ke akunnya, katanya gangguan ketika memuat padahal sinyal bagus bagus aja. Mohon segera di perbaiki 🙏🏻"
playstore,xl,2026-05-16 22:55:33,Rifky Ramadhan,"harga paket terus aja naikin tolol sinyal ga di urus buat apa"" harus mode pesawat dulu Bru lancar mentang² pengguna dah bnyk harga paket semua langsung di mahalain tapi sinyal kek taik. gue kasi bintang 5 karna buat di baca sama developer nya"
playstore,xl,2026-05-16 22:35:06,Jessy Maharani,selamat malam. maaf mau tnya. kenapa ya Apk My XL saya tidak bisa di gunakan untuk melakukan pengisian data melalui sistem pembayaran dari Apk Lain?
playstore,xl,2026-05-16 22:28:26,yogi punjabi,sangat jelek sekali jaringannya padahal di daerah jakarta.
playstore,xl,2026-05-16 22:27:39,Aghis1011,"Susah masuk apalagi sinyal hilang terus peh raguna, pelayanan lama, ngga jelas"
playstore,xl,2026-05-16 22:18:17,Dhafa Daifuloh,"mohon maaf ini pihak XL saya kasih bintang 4 dulu masih ada bug yng mau saya komplain yaitu bug di XLCircle yang dimana itu menggundang anggota xl lain untuk bergabung di grub lalu melakukan transaksi sebesar Rp.100.000 jika tercapai target maka akan mendapatkan bonus kuota XL circle tetapi sudah 2 bulan ini saya terkena bug kuota bonus XLCircle tidak ada gimana ini solusinya jika sudah diperbaiki akann saya kasih bintang 5, sekian terimakasih"
playstore,xl,2026-05-16 22:07:01,red merah,sudah langganan disney+ tidak menerima sms otp
playstore,xl,2026-05-16 22:05:42,M. Rafi Alhakim,"kalo buat aplikasi yang bener napaaa, suka ngebug lah sering lag lahh. masa udah transaksi seratus ribu rupiah biar dapet bonus quota circle 5 gb malah ga ada. ngebugnya ngeselin, mana udah keriset lagi target transaksi nya. curiga bonus scam"
playstore,xl,2026-05-16 22:00:34,Andre Montolalu,apk ini sangat tidak berguna
playstore,xl,2026-05-16 21:56:13,Rahayuannisa Annisa,bagus banget apknyaa
playstore,xl,2026-05-16 21:55:39,M Jamaluddin,"Sinyal gak stabil, kadang stabil kadang lemah banget, padahal di kota loooo.... paraahhh"
playstore,xl,2026-05-16 21:52:37,Reza reza,🤟
playstore,xl,2026-05-16 21:47:24,Muhamad Aria,"sumpah gw pake xl tuh karna kartu sebelah lagi ga jelas sinyalnya trus mahal juga paketnya dibanding ini, tpi kenapa sinyal lu ikutan nge lag juga padahal gw pindah ke sini karna itu gw kira bakalan bagus malah hampir sama bahkan buka playstore aja tdi lumayan nge lag loh, jadi tolong lah di cek untuk kartu provider xl sinyalnya tolong lah, padahal udh di akuin sama ookla loh"
playstore,xl,2026-05-16 21:29:53,Fitria Tammamy,udah pake yg 5G hpnya 5G tp jaringan xl ttp aja lelet 😫
playstore,xl,2026-05-16 21:16:54,Amisha Sucii,knpa gak bisa transaksi pulsa bacannya updet terus
playstore,xl,2026-05-16 21:13:39,Adhitya Ramadhan,aku sangat suka paket combo miniflex tapi sinyal buruk banget buat main game kompetitif...
playstore,xl,2026-05-16 21:06:58,MAULANA YUNUS,baik
playstore,xl,2026-05-16 21:01:18,bgkaluang 121,keren
playstore,xl,2026-05-16 20:57:24,jelol lol,banyak gangguan
playstore,xl,2026-05-16 20:51:17,Andika rachelardhana,Jaringannya jelek banget saya dari desa bagus pas saya kerja di daerah bandung eh malah jelek di kota yang harusnya sinyal bagus tapi tidak bagi Axis atau XL sinyal nya ilang ilang ga stabil kecewa sama XL
playstore,xl,2026-05-16 20:49:37,Wahyu Din,xl jaringan nya nyampah .
playstore,xl,2026-05-16 20:41:05,Irfan Hidayat,ok
playstore,xl,2026-05-16 20:40:33,Risky Rama,bagus
playstore,xl,2026-05-16 20:34:30,Gege Clicers,fitur pengaduan bermasalah
playstore,xl,2026-05-16 20:31:18,Rizky Aditya,harga mahal sinyal buriq
playstore,xl,2026-05-16 20:30:23,Andi Alfin,sinyal lol kura kura lambat ngeleg harga internetnya juga mahal
playstore,xl,2026-05-16 20:26:46,Subhan Samuda,kenapa aplikasinya tidak bisa mendaftarkan kouta/ daftarin nomor nya ke aplikasinya mohon di percepat perbaikannya. banyak yang kecewa.
playstore,xl,2026-05-16 20:12:43,Rudi Anto,baik
playstore,xl,2026-05-16 20:12:10,Muhammad Salman El farezy,gunanya bonus apaan? ngelag mulu klo pke paket bonus
playstore,xl,2026-05-16 20:09:44,Almeera Azzahra Alfatunnissa,"manis di awal doang, Kouta mahal sinyal sulit, udah kayak hantu, mending pilih kartu lain. makin ke sini makin aneh XL.!!"
playstore,xl,2026-05-16 20:02:33,saifullah 1980,saya senang
playstore,xl,2026-05-16 19:31:43,Harbay Staven Putra,"jaringannya makin lama makin ancur , niat gak bikin provider , bukan masalah harga , yang penting itu kualitas jaringan!!!!!!!!!!"
playstore,xl,2026-05-16 19:25:34,Kang Bohlam,my Xl tambah parah ....
playstore,xl,2026-05-16 19:09:49,Kenzo Ayyubi,"data masih 1,5 gb gak bisa pake tau2 pulsanya ludes, dari dulu XL gak berubah,"
playstore,xl,2026-05-16 18:55:40,Irwan Wahyudi,SINYAL LEMOT PARAH TOLONG DI PERBAIKI!
playstore,xl,2026-05-16 18:51:53,cahya mekar,harga elit jaringan syulit
playstore,xl,2026-05-16 18:46:23,Siti Rohmah,"tolong sinya 5g nya di perbaiki karna akhir"" ini sangat kurang bagus.."
playstore,xl,2026-05-16 18:43:46,Rora lianka,"jaringan sering lelet, beli paket data tapi gak bisa ke pakai karena jaringan lelet, sia-sia beli paket data hangus gak ke pakai karena masa aktif data keburu hanya karena jaringan lelet habis"
playstore,xl,2026-05-16 18:35:58,Rehan Dermawan,huft iya udah kalo gitu meskipun jaringannya gak jelas tapi saya baik ya udah gapapa tenang aja saya ganti kok retingnya yang penting di buat lebih lancar yaa
playstore,xl,2026-05-16 18:33:07,Marlina Butar,jaya selalu my XL
playstore,xl,2026-05-16 18:33:06,Baharudin Yusuf,ini kenapa pas udah upgrade ke xl prio malah nggak bisa di akses buat masuk dah
playstore,xl,2026-05-16 18:31:01,Toni Apriyanto,daerah tasikmalaya xl kurang bagus lelet
playstore,xl,2026-05-16 18:22:45,BgBenn Project,"jaringann xl kek bujanggg ilang"" gak jelassss,, paket banyakk kek gak berfungsi,,Kota pekanbaru"
playstore,xl,2026-05-16 18:20:18,Sendi Permana putra,woi min aapasih gw dah beli Kouta nya masih ngelek nyesel gw beli buang buang duit doang
playstore,xl,2026-05-16 18:04:01,ZIDNI DOCHI07,ini dari tadi pagi kaga bisa beli paket/kirim paket
playstore,xl,2026-05-16 18:02:14,Dhika Goh,"mau bayar tagihan aja susah bener.confirm payment ke dana ga konek""."
playstore,xl,2026-05-16 17:55:23,Nyonya Aril,semuanya ok
playstore,xl,2026-05-16 17:51:51,Freeyork69 York69,ok
playstore,xl,2026-05-16 17:47:28,Rafli Fadillah,"ini apa sih, sya mau kontak cs disuruh update aplikasi, begitu masuk play store ga ada update sama sekali?"
playstore,xl,2026-05-16 17:36:35,Xiomi Sefe,kok xl aku gak. bisa buka si gimana pihak xl gak bisa dibuka tolong di perbaiki ya xl kalau udh di perbaiki nanti saya kasih bintang 🌟🌟🌟🌟🌟 lima oke
playstore,xl,2026-05-16 17:28:31,Wildan Agung pratama,dari pagi gak bisa buat internetan😭
playstore,xl,2026-05-16 17:10:08,Rudi Rose,"xl m*nyet,, mau registrasi aja harus beli paket dulu."
playstore,xl,2026-05-16 17:04:05,Ananda Biian,"sumpah xl makin kesini makin lelet,main ml gabisa gerak bintang gua kalah mulu anjj"
playstore,xl,2026-05-16 16:55:28,Suro Haikal Pramuja,XL kek 4SU..!!! Sinyal buusuk bnaget..!!! udah mahal sinyal Bussuukk.. 4SU..!!!
playstore,xl,2026-05-16 16:54:25,Agus Riyanto,sinyal tidak luas
playstore,xl,2026-05-16 16:43:36,Zenn Corsa,Anjinggggggggg mahal bgt masa 5 giga cuma nonton youtub 3 jam doangg
playstore,xl,2026-05-16 16:37:16,Joem Meno,XL sekarang sangat mengecewakan dang sangat sangat jelek sinyalnya Juita masih banyak cuma muter muter doang apalagi di daerah jagakarsa amit amit lemotnya mau pindah simpati yg lancar mahal
playstore,xl,2026-05-16 16:35:20,Agus Wirantara,"terbaik, tadi saya menanyakan tentang bonus yg belum masuk di chat maya, langsung bisa diatasi👍, dan terima kasi buat atmin ""#M185""🥰"
playstore,xl,2026-05-16 16:25:24,Dedy SSA,"makin lama signalnya jelek,sudah bayar tp dibilang belum bayar,hubungi customer centernya susah"
playstore,xl,2026-05-16 16:17:57,Wahyu Prastyo,"APLIKASI OPERATOR BUSUK , GANGGUAN TERUS ."
playstore,xl,2026-05-16 15:49:14,TayongShop,xl udah Ga Bagus. Saya Beli data biasa nya Lama Bangt Hbisnya..Makin aneh Data Baru 3 hari dh kesedot hbis Walaupun Beli Ratusan GB sekalipun tetap Di Sedot Diam DiamTibaTba Hbis dalam Seminggu..walaupun 28 hari..pindah Ke Indosat atau Telkomsel aja mendingan
playstore,xl,2026-05-16 15:49:04,Smile Ez,"tolonglah ini xl kenapa makin kesini makin bobrok jaringannya . bukannya makin nyaman malah makin naik darah ,, udah jaringan lemot harga kuota juga mahal . kalo setimpal gapapa ini harga mahal jaringan bobrok . ga sesuai"
playstore,xl,2026-05-16 15:46:09,Icky Dellonge,"kuota mahal sinyal kek ee bangkrut aja rugi banget, kali ini jelek lagi sumpah gua ganti provider"
playstore,xl,2026-05-16 15:32:36,Ayu Kirana,bagus sakali saya sangat puas
playstore,xl,2026-05-16 15:32:33,Herry S,"Sinyal tidak stabil suka hilang2,alasan slalu dalam perbaikan,mohon dprhatikan keluhan pelanggan soal layanan internetnya.Terimakasih"
playstore,xl,2026-05-16 15:32:09,Mas Budi82,"Tolong Tingkatkan Lagi kwalitas Sinyal nya,agar lebih josss"
playstore,xl,2026-05-16 15:29:32,Efiiliia Ns,"XL mau bangkrut x yak ,. sinyal makin ke sini makin kek apa.an tauk ,. jaringan full tpy di pake maen game GG normal,. jujur kecewa bngt am jaringan XL yg skarang..!! harga makin mahal tpy jaringannya mahal jg ,."
playstore,xl,2026-05-16 15:25:11,iskandar isk,wifi rumah saya putus karena kabel nya putus sudah 3 hsri belum ada tanda tanda kejelasan perbaikan
playstore,xl,2026-05-16 15:13:17,Fathur Rizki,"server yang benar-benar tidak berguna udh jelas ada riwayat ny tgl 13-05-2026 transaksi sukses dan target XL circle sudah tercapai , bonusnya tidak diberikan malah di kasih tau suruh coba lagi , sumpah operator XL tolol semua .. klo ada bintang 0 lebih pantas buat XL karena bintang 1 aja masih terlalu bagus , XL gak pantes di kasih bintang"
playstore,xl,2026-05-16 15:04:08,renooo 16,jaringan nya lemot parah
playstore,xl,2026-05-16 14:53:00,bangun hutagalung,monitor katuaaa.....jaringan hilang katuaa🤟
playstore,xl,2026-05-16 14:48:36,Abisepdi Rahmani,makasih
playstore,xl,2026-05-16 14:37:21,Mus ali alsabah,burukk jelek gak baguss sangat jelekkkkk
playstore,xl,2026-05-16 14:11:29,Yasmine Muthi,"jaringan rusak, tapi cs tidak responsif. download aplikasi ini juga gk membantu."
playstore,xl,2026-05-16 14:06:52,Edi Kuningan,Pembelian dengan Pulsa yg kekurangan nya dari e-walet tidak bisa dilakukan pembayaran. HP saya Xiaomi.
playstore,xl,2026-05-16 14:05:07,Tami,Semoga jaringan lebih luas dan tidak sering error.
playstore,xl,2026-05-16 14:03:39,Fajar Muhammad Faqih,"kenapa kalo mau isi ulang kuota harus update aplikasi, sedangkan aplikasi ku udah paling terbaru???"
playstore,xl,2026-05-16 13:44:56,Femira Pralingga,"sinyal xl sangat buruk sekali,,,harga kuota sangat mahal,,kualitas dibawah standar...sangat mengecewakan"
playstore,xl,2026-05-16 13:29:32,anna farida,bagus
playstore,xl,2026-05-16 13:28:09,Gita Saputra,Aplikasi paling buruk ngelag walaupun koneksi bagus jelek banget
playstore,xl,2026-05-16 13:25:36,Abi Rusli Muhayyat,bonus Tidak bisa di ambil 😭
playstore,xl,2026-05-16 13:09:20,Nur Rochmat,"JANGAN BELI KUOTA DI APLIKASI INI KALO GAMAU KENA TIPU KAYAK SAYA, TOTAL 200RB LEBIH KUOTA TIDAK MASUK PADAHAL SALDO SUDAH TERPOTONG, INI BUKAN PERTAMA KALINYA SAYA MENGALAMI KEJADIAN SEPERTI INI MENGGUNAKAN APLIKASI SAMPAH INII !!!!!"
playstore,xl,2026-05-16 13:02:34,Tablo,"kecewa aja,udah pake XL 5 tahun bukannya makin bagus malah makin jelek. udah mah sinya burik buat search aja leletnya minta ampun,buat game juga patah2,harga kuota makin mahal masih byk lah males ketik satu2. saran mending benerin tu masalah sinyal yang ngk jelas,klo mah harga mahal sinyal bagus ya ngk masalah,lah ini udah mahal sinyal kek silit"
playstore,xl,2026-05-16 13:01:03,Alfahri Bidjuni,aplikasi dongo jaringan di bagusin dulu baru beli udah kek plenger jaringan
playstore,xl,2026-05-16 12:46:47,Gembul,ampas
playstore,xl,2026-05-16 12:46:14,Tatang Samsul Huda,mantap lancar sekali
playstore,xl,2026-05-16 12:43:36,Ilham Maulana,jaringan cuma bikin emosi bangke
playstore,xl,2026-05-16 12:39:57,Rinto Refi,aplikasi ini kadang² error sudah di upgrete di suru upgrade lagi beli paket di combo mini ngak bisa
playstore,xl,2026-05-16 12:39:29,Anind Yulianti17,"kenapa bisa² nya pulsa ku kesedot😭, padahal udah aku amanin 😭 128k lagi😭"
playstore,xl,2026-05-16 12:11:57,dandelion,Baru di update kemaren minta di update lagi. Update teroooss. fungsi ikon tempat sampah di halaman rincian paket data itu apa ya? knp ga di hilangkan aja fitur tong sampah itu
playstore,xl,2026-05-16 12:11:45,Tri Harso,aplikasi UD terbaru tapi disuruh update.. mau isi data ga bisa...
playstore,xl,2026-05-16 12:07:53,Rizki Yanto,"Sinyal macam apa ini,sinyal kok ilang ilangan"
playstore,xl,2026-05-16 12:04:27,Muammar Farhan.r,sinyal suka lemot!! CS lemot!! serba lemot
playstore,xl,2026-05-16 11:59:31,Aldaffa Suaib,ok
playstore,xl,2026-05-16 11:52:02,stok Sepuh,"beli mahal mahal eh jaringan jelek,sama saja penipuan"
playstore,xl,2026-05-16 11:39:02,ranny yudi,seminggu lebih wifi tidak bisa digunakan. cs dihubungi susah. Mau saya berhentikan saja pakai wifinya. Tolong bagaimana caranya. Bayar terus tapi tidak bisa dipakai buat apa..
playstore,xl,2026-05-16 11:18:05,Ressa Anindyas,"haduh saya pusing bgt sama sinyalnya, jelek bgt bikin kesel mau buka kerjaan yang menggunakan inet jadi menghambat . padhl saya gak yang tinggal di pelosok bgt sinyalnya paling bagus 3 itu pun loading terus, padahal yang di buka apknya ringan seperti wa."
playstore,xl,2026-05-16 11:06:11,chmy jim,"XL yang terhormat. saya pelanggan setia dari beberapa tahun yang lalu. Namun dengan berat hati saya sampaikan bahwa akhir-akhir ini ada penurunan kualitas pelayanan yang diberikan; terkhususnya untuk pembelian kuota data. contohnya, hari ini saya membeli paket seharga Rp.15.300 dengan besar kuota 5Gb. Kemudian, yang tercatat dalam bukti transaksi adalah 6,5Gb. Anehnya, kuota yang saya dapatkan hanya sebesar 4,5Gb. Apakah ada penjelasan mengenai pengurangan tersebut atau memang disengaja?"
playstore,xl,2026-05-16 10:58:57,Vian,Sukses terus buat XL. kedepannya semoga lebih baik lagi soal kecepatan internet dan kestabilan. dan jadi provider dengan kouta harga terjangkau😎🔥
playstore,xl,2026-05-16 10:48:38,Elby Aldiyansyah,XL semakin jelek sinyal cuma 1 buang² uang beli kuota pls ...
playstore,xl,2026-05-16 10:48:03,itsArbi. batoe_,"koneksi internet buruk,jelek ga recomended!!"
playstore,xl,2026-05-16 10:43:58,Panji Rizky,"jaringannya lemot, sering nge leg, suka terputus pas lagi penting penting nya, tolong dibenarkan lagi jaringannya"
playstore,xl,2026-05-16 10:42:19,mukminin mukminin,bagus
playstore,xl,2026-05-16 10:33:02,Azril Azka,"saya sudah update, tapi pas mau beli paket datanya, kata aplikasi nya belum update, bingung saya"
playstore,xl,2026-05-16 10:32:33,Yudistira Firmansyah,"saya diundang masuk XL prioritas lewat whatsapp akunnya legit, yang jadi masalah pas saya mau logi ke app engga bisa karena suatu masalah, saya mau login ke xl biasanya juga tidak bisa karena nomor nya sudah prioritas, yang jadi masalah kontak untuk report nya engga ada nih, saya cari info juga harus dateng ke kantor fisiknya ribet banget woi, kalau gitu engga usah ngundang-ngundang lewat wa min, gimana coba nih, gak usah sok keren bikin inovasi macem-macem dlu lah benerin dlu nih akses-aksesny"
playstore,xl,2026-05-16 10:32:11,Darwis Awis,Sngat membantu
playstore,xl,2026-05-16 10:17:18,Kingkin Sis kumoro,aplikasi lemot
playstore,xl,2026-05-16 10:12:34,Jacqline Jacques,sinyal ilang sendiri nge lag
playstore,xl,2026-05-16 10:07:23,Taufiq,bagus
playstore,xl,2026-05-16 10:04:10,Zal Putra,aplikasi ini kurang bagus pada saat mau daftar paket malah keluar aplikasi anda blum di update tolong dong🙏🙏
playstore,xl,2026-05-16 10:03:44,Bima Da Silva,"Sudah teratasi dengan baik, mohon kedepannya tidak mengulangi lagi. Terima kasih."
playstore,xl,2026-05-16 09:53:05,Menik Sunarmi,udah beli pulsa malah gabisa buat beli apk nya
playstore,xl,2026-05-16 09:51:30,R B,"respon cs lama sekali, masalah wifi tdk ada tanggapan lapor kemana jg ga bsa. kalau belum siap buat app atau cs lebih baik fix dulu"
playstore,xl,2026-05-16 09:48:19,Imam Marsenjaya,bagus
playstore,xl,2026-05-16 09:31:40,Muhammad Rizky fadilah,"nggak enak tiba"" memperpanjang kuota sendiri"
playstore,xl,2026-05-16 09:28:55,Jumadi Madi,"The app is fine, but why does it have to be updated again when I just installed it? Please fix it."
playstore,xl,2026-05-16 09:28:32,Abdulloh Samin,kurang memuaskan setiap mau klaim bonus gk bisa
playstore,xl,2026-05-16 09:28:15,najwa sihab,xl nya ga bisa ke buka cmn minta di update mulu pdhl udh di update
playstore,xl,2026-05-16 09:23:51,Saiful Arifin,"harga paket mahal tapi sinyal makin gajelas , huuuuu"
playstore,xl,2026-05-16 09:16:17,Muhamad Bahrul Sadikin,"pelayanan CS nya jelek, masa mau memberikan pengaduan malah eror terus, agent live nya eror, jadi saya mau mengadukan permasalahan susah, perbaiki lah sistem nya jangan kaya gini terus ini bukan sekali atau dua kali tapi sering terjadi kejadian seperti ini"
playstore,xl,2026-05-16 09:04:43,Airin cantika,"hanya pemasangan awal saja yg bagus kalau sudah lewat 3 bulan itu sudah Lalot terus"" jadi sy turunin bintang dari bintang 5 ke bintang 2 nanti bulan depan kl masih jelek jaringan turun lagi satu sampai ke pemutusan ok"
playstore,xl,2026-05-16 08:49:06,Herman,"Jaringan Semakin Lemot , Harga Terlalu Mahal"
playstore,xl,2026-05-16 08:42:27,Alif Syauqani,Wifii sering loss
playstore,xl,2026-05-16 08:41:22,Luluk Ayu Khodariyah,"ga pas login, pas beli paketan pun lemott parahh. kobisaa sikk"
playstore,xl,2026-05-16 08:33:06,Akira Mahha,transfer rate baik upload/download gk stabil
playstore,xl,2026-05-16 08:27:33,Hendry Octavian,"Sangat mengecewakan sekarang, padahal pinjam pulsa sudah dilunasi, malah nggak bisa pinjam lagi,enakan yg dulu.Paket internet juga tambah mahal..."
playstore,xl,2026-05-16 08:17:52,Rina Winangsih,baguss lancar apk nya cmn paket nya aga marahal
playstore,xl,2026-05-16 08:13:31,Why Not,kuota murahinlah mahal amat bang
playstore,xl,2026-05-16 08:13:04,Regina Sashmita tanjung,kak xl bisa dimakai kemalaysia kah kak
playstore,xl,2026-05-16 08:11:16,immanuel herschel,"menu call center nya jelek sekali, respon melalui Robot cepet.. tapi ketika dialihkan ke agen.. lama sekali.. bisa 6 jam.. udah nelpon..waah udah ikutin tekan ini.. itu.. ga respon. (tidak berguna sekali) waktu di first media masih ok banget..lho"
playstore,xl,2026-05-16 07:29:32,Zainal MUTTAQIN,tgl 15/05/26 saya isi ulang pulsa 30 RBU dimyx via ovol...dgn rincian isi pulsa 15 RBU double jadinya 30rbu...laporan di ovo dan SMS XL sukses kepotong 30rbu.. Tapiiiiiii mengapa yg RELOAD/masuk dipulsa cuman 15 RBU azaaaaaaaa...kemana neh yg 15 RBU lagiiiiii...?????? sampe skrng ga masuk2 yg 15 RBU lagi.......
playstore,xl,2026-05-16 07:27:15,azkia saila nurillah,"jujur membingungkan,kan udah di update trus kan ak th mau paketin data/kuota,aneh nya kok ga bisa ktnya hrus di update padahal udh di update,gimana mau update coba.. kcwa si,bikin kesel.."
playstore,xl,2026-05-16 07:19:18,Bayu Akbar,"mau beli paket gagal terus koneksi udah lancar,benerin dong"
playstore,xl,2026-05-16 07:07:16,ndi Gustiyah,"mau beli kuota susahnya minta ampu . perbaruan terus tapi , dri app nya gak ada apa² nya . kecewa banget si kalo bgni"
playstore,xl,2026-05-16 06:49:51,Ardi Ansyah,"apasihh makin banyak bug padahal udah beli pulsa terus pas mau beli paket bilang nya harus di update aplikasinya padahal udah di update haduhhh bikin males mending ganti kartu aja deh dari pada bug nya gak di perbaikan, tolong ya di perbaiki"
playstore,xl,2026-05-16 06:17:58,Ridho Alriswandi,"Beli kouta, transaksi berhasil tapi kouta nya belum masuk juga"
playstore,xl,2026-05-16 05:39:26,Hasta Suryadi,tambah parah aplikasinya
playstore,xl,2026-05-16 04:42:04,Sali Salamun,pake XL rasanya kembali ke awal tahun 2000an. sinyal gk jelas
playstore,xl,2026-05-16 03:44:34,Joe Tevez,sampah bintang 1 pun nggak pantas tiap taun harga naik kayak yang jual Fir'aun tapi nyuruh nyuruh regist 5g yang 4g aja nggak layak ini yang di kasih award speed terkenceng stabil kek dll
playstore,xl,2026-05-16 03:28:52,Nugraha,"saya pengguna xl 1, wifunya sudah saya putus lewat cs via telpon. Tapi tagihan masih jalan sampai saat ini, tolobg ini gimana!!!cari keuntungan aja xl ya"
playstore,xl,2026-05-16 03:11:51,Hayasakacan desu,makin lama bukannya makin bagus malah makin busuk
playstore,xl,2026-05-16 02:42:49,Azai Regipal,"beli paket 1 hari tapi yg di pake pake yg 14 hari dulu,,, apa apaan jadi percuma paket 1 hari gx ke pake??"
playstore,xl,2026-05-16 02:14:15,Syam Sukma,gabisa di pake login selalu eror
playstore,xl,2026-05-16 01:24:41,Imam Dalbedol,ok
playstore,xl,2026-05-16 01:18:31,Yoel Sjtk,sering gangguan ketika mau daftar paket Internet
playstore,xl,2026-05-16 01:14:59,Pengguna Google,kenapa lemot tidak sesuai dengan harga paketnya
playstore,xl,2026-05-16 00:49:56,Mona Lisa,kpn bisa di gunakan paket mlmy udh setengah 2 belum bisa di pakai
playstore,xl,2026-05-16 00:44:26,Bshlill Antrj,"udah langganan xl dari 2019, dulu jaringan nya sangat lancar, kenapa sekarang lelet, bonus paketan saya hangus, xl circle saya gak bisa dipake selalu alasanya bonus sedang tidak tersedia. tobat dehh xl jangan bikin orang rugii, jaringan lelet banget kuota cepat habis padahal hanya di pake wa bisnis sama Ig, semoga segera diperbaiki sistem operasi xl."
playstore,xl,2026-05-16 00:41:24,Bunda Nabila,kapan fitur berbagi XL poin tersedia
playstore,xl,2026-05-16 00:35:50,Kevin Silalahi,ga bisa scan quirs
playstore,xl,2026-05-16 00:12:27,Winda Restiana,ribet bngt klo dh masuk prioritas...hubungi Maya hubungi Maya juga ga ngebantu mlh semakin ga jls...ribet bngt hrs ke XL center...diubah ke prabayar lgi ga bisa ..mff bngt aku kasih bintang satu...jujur untuk kualitas jaringan XL udah termasuk bagus tp kalo dh masuk prioritas mau diubah lgi ke prabayar ribet bngt bintang 0
playstore,xl,2026-05-15 23:56:39,Syaiful Bahri,"gangguan terus, ga pernah ada solusiii !!!!"
playstore,xl,2026-05-15 23:33:23,Muhmmad arafiq Arafiq,ok
playstore,xl,2026-05-15 23:32:22,Juna Ontik,tingkatkan lagi dan banyakin promonya
playstore,xl,2026-05-15 23:30:31,ryprl1007,sinyal gak stabil
playstore,xl,2026-05-15 23:06:01,Benny Tinambunan,Ok bgt kalau bisa dapat bonus nya dari xl dong om
playstore,xl,2026-05-15 22:39:04,MIRZAQ STUDIO,pulsa kepotong sendiri. sering berkaali2
playstore,xl,2026-05-15 22:38:43,Febriadi Saputraa,jaringan sangat buruk ga sesuai dengan harga data internet!!!
playstore,xl,2026-05-15 22:38:19,Joko Dwi Hartanto,entah kenapa kok masih tidak ada perubahan.. saat input verifikasi kode lewat sms tiba2 sistem error dan aplikasi kembali ke awal... kadang malah error total gak bisa di buka.. sebenarnya kalian bisa bikin aplikasi online atau tidak?? klo hanya formalitas di takedown saja dari gplay.. kita berusaha jaga kalian tapi kalian malah seenaknya dengan komsumen..
playstore,xl,2026-05-15 22:37:50,Royal Hunter,harga paketan naik terus tapi sinyal dan kecepatan internet selalu turun
playstore,xl,2026-05-15 22:36:44,Lun Lun,Sumpah Xl makin kesini makin ngga jelas jaringannya. lemot parah
playstore,xl,2026-05-15 22:36:04,Sho Fa,"apa coba udah di update malah di suruh update lagi kocak, mau nunggu besok jga gw butuh nya sekarang, dngo"
playstore,xl,2026-05-15 22:31:09,Eshar Ananda fahlevi,XL semenjak muncul paket flexmax harga murah tapi kualitas sinyal menurut banget tolong kembalikan kualitas sinyal kayak dulu lagi. gw pake XL dari 2016 dan gak pernah ganti lagi. malah pakai 4 no hp XL semua tapi ini sinyal di semua no sama aja gangguan semua. jangan buat pelanggan lama pindah provide capek kalau kendala sinyal laporan ke callcenter terus.
playstore,xl,2026-05-15 22:26:40,Suryadi,sangat puas
playstore,xl,2026-05-15 22:25:01,Jaya Jaua,jos
playstore,xl,2026-05-15 22:23:20,mohamad syakir,"Setelah aktivasi ke XL Center, sim card.x masih belum bisa berfungsi, tolong diperbaiki lagi servicex."
playstore,xl,2026-05-15 22:22:00,Waroeng Digital,klo mau usaha bisnis yang sesuai janji jaringan bagus dan tidak lemot.dari tahun kibenen masih kalah ama si merah aja.gx ada hujan angin wifi anjlok buruk sekali.kompensasinya gx ada maju dengan iming iming manis ama pelanggan ajarin salesnya berbicara jujur W BUKAN BUAT PERSONAL PAKAI WIFI BISNISSSSSSS IMAGE MU DARI DULU GX BERUBAH XL KLO GX KASIHAN SALESNYA W GX MAU LANGGANAN.bayar saya gx pernah telat layanan kayak keong.satu RT GANTI PROVIDER SEKALIAN NIE BILLING SAYA 60812362
playstore,xl,2026-05-15 22:10:52,Muhammad Akhsin,Jaringan jelek di wilayah Tulungagung
playstore,xl,2026-05-15 22:10:17,Andre Prabowo,mohon tindak lanjut ii
playstore,xl,2026-05-15 22:07:07,Rasya Ananda Fauzan,jelek banget jaringannya lemot banget gak bisa ngapa ngapain ini jaringannya
playstore,xl,2026-05-15 22:04:32,Dark Prince,"wifi sering gangguan terlalu lemot di banding provider lain, telfon pengajuan sampe 10menit+ gaada respon"
playstore,xl,2026-05-15 21:59:30,m reihan reihan,sinyal mantap banget baguuuuuuuus.apalagi dari jam 7 mlm sampai jang 9 oke pisan makasih xl
playstore,xl,2026-05-15 21:57:55,Setianus Zega,"paket masih banyak 10 gb-20gb lelet nya minta, ampun"
playstore,xl,2026-05-15 21:53:42,Joes Rizal,Cara ufdate my xl gk respon
playstore,xl,2026-05-15 21:53:21,Ikbar Ikbar,mantapnihhhhh
playstore,xl,2026-05-15 21:53:06,Leli Gamb,lumayan bagus.
playstore,xl,2026-05-15 21:50:59,I ketut Sugiantara,sangat membantu
playstore,xl,2026-05-15 21:46:10,Sari Tambunan,"tolong perbaiki jaringan di pekanbaru min, asli gak bisa kerja. kalau sudah normal baru saya buat bintang 5"
playstore,xl,2026-05-15 21:46:09,Bian,ngeleg
playstore,xl,2026-05-15 21:45:44,Ima Nuraeni,Terbantu bangett
playstore,xl,2026-05-15 21:35:58,khoiriyah,"kartu paling pelit, jaringan juga lemot"
playstore,xl,2026-05-15 21:31:07,Rawing Saputra,jaringan nya sangat jelek??
playstore,xl,2026-05-15 21:31:05,Jumianto Anto,udah dua hari mau isi ulang voucher ngga bisa kecewa
playstore,xl,2026-05-15 21:23:31,Diki Nurislami,"sangat kecewa sama jaringan XL sekarang, sinyal nya suka ngilang ngilang sendiri, apalagi pas di pake maen game lemooott banget. kecewa sangat, padahal sudah bertahun-tahun pake kartu XL, tapi tetep aja kek gini sinyalnya jeleeekkkk"
playstore,xl,2026-05-15 21:20:27,Toni Gunawan,"ini kenapa ya sinyal xl makin kesini makin jelek, tiap buka media sosial pasti buffering, yang lancar cuma whatsapp doang heran"
playstore,xl,2026-05-15 21:15:53,Rani Kusuma,kenapa setelah saya update Kok aplikasi nya malah GK bisa buat beli paket kuota gimana sih kurang puas dengan aplikasi XL ini gaes
playstore,xl,2026-05-15 21:10:43,Marta Young15,Semoga xl ga ada yang pakek sinyal lemot kuota elit jaringan sulit sumpah kecewa
playstore,xl,2026-05-15 21:10:02,Nafiz Ahmad,jaringan nya buruk
playstore,xl,2026-05-15 21:09:36,Miepho,"Tolong ubah sistem pembelian Kuota bebas puas seperti yg sebelumnya, dimana bisa membeli tanpa syarat minimum pembelian. Karena menurut saya metode pembelian dengan syarat minimum pembelian kurang diminati banyak pengguna termasuk saya. Mohon pertimbangkan pendapat saya mewakili pengguna MyXl terimakasih. Hwhwhwhwhw"
playstore,xl,2026-05-15 21:07:12,SASTRA Hasga,"jaringan tibatiba lag, mati gajelas"
playstore,xl,2026-05-15 21:05:35,Bayu tresna Yoga,"tidak sesuai bilinya brapa gb dan masuknya dan bonus""nya sama paket lokalnya hilang gak kayak dulu"
playstore,xl,2026-05-15 21:04:42,Dedi Purnama,kenapa lelet padaha paket 300 MBPS
playstore,xl,2026-05-15 21:03:41,Alokgmaing Max,SIngal tiba tiba hilang sendiri jadi males
playstore,xl,2026-05-15 20:55:53,Ifna Zah,kenapa susah banget mau isi kuota daritadi masih diprosea terus ah kenapa jadi gini sih aplikasinya operatornya tolong diupgrad lagi biar lebih mudah astagaaa
playstore,xl,2026-05-15 20:54:46,rudi rakasiwi,"jaringan paling lemot dan lelet di indonesia,tak ada perubahan sama sekali"
playstore,xl,2026-05-15 20:34:58,dwi prasetyo,mntap
playstore,xl,2026-05-15 20:34:32,parhan mamad,"banyak bug pdhl udh update apknya, tpi pas mau beli kuota suruh update lagi gjls banget"
playstore,xl,2026-05-15 20:32:07,Aprizal Maulana,"Napa ni aplikasi skrng gk bisa di buka terus ...udh berapa kali instal hapus ,tetep ajh masih gk bisa login"
playstore,xl,2026-05-15 20:30:03,Attaka 123,"lama kelamaan makin parah aja nih xl, udh bertahun²pake xl dulu sinyal lancar jaya sekrang (-99),mana paketan makin mahal"
playstore,xl,2026-05-15 20:29:23,Nicky Rofiq,sinyal ngeleg terus ga seperti xl dulu
playstore,xl,2026-05-15 20:25:16,Wahyu Hidayat,Xl semakin jelek
playstore,xl,2026-05-15 20:24:59,Jeremie 123,"sinyal sering eror, sering mati data , harga mahal dengan kualitas jelek, benerin lah ini sinyal"
playstore,xl,2026-05-15 20:18:23,Fuad Yono,"sekarang malah sering trouble, bikin emosi, untuk searching urusan penting malah sinyal yang jadi kendala..🤦🤦"
playstore,xl,2026-05-15 20:17:00,Ahmad Syauqi,sinyal patah2 padahal daerah termasuk mudah akses
playstore,xl,2026-05-15 20:16:13,Asy Hari,"nukar in koin kuota udah muncul gak bisa di pakek gimana sih buat apa kuota muncul gabisa di pakek sia"" nukerin koin"
playstore,xl,2026-05-15 20:15:49,iwan ton idayat,"KUOTA MAKIN MAHAL, JARINGANNYA SEMAKIN BUSUK"
playstore,xl,2026-05-15 20:13:41,Putra Tubagus,"XLLL LUU KENAPA SINYAL NYA SUKA TBTB ILANG SIHHH, BENCI NLBGT ASELI, PERBAIKIN SIHH LAGI MAIN GAME PERANG MALAH ILANG, DUHH GUSTIII, tolong lah cara atasi nya gimana!?!?!??"
playstore,xl,2026-05-15 20:12:20,Si Ti,ayo seperti awal dulu bagus dan oke sekarang susah beli paketan
playstore,xl,2026-05-15 20:05:45,Paijo Cahpedan,kenapa sekarang aplikasinya buat beli paket gak bisa tolong di perbaiki aplikasinya saya kasih bintang satu dulu
playstore,xl,2026-05-15 20:04:36,Black 0hunter,ini udah update tapi kok tulisan disuruh update lagi. . mau beli kuota jadi gak bisa
playstore,xl,2026-05-15 20:03:50,Nur_bia Nurbia_*,kadang² jaringan jelek dan kalok di buka gak bisa dan SAYA UDAH PER BARUHI KENAPA GAK BISA
playstore,xl,2026-05-15 20:02:43,Fgahsh Hshshs,sinyal ku lag di lombok timur kalo main mobile legends tolo di perbaiki sinyalnya sampe los 4 kalo loh
playstore,xl,2026-05-15 20:00:44,ARIS NUR CAHYA,parah xl jaringan lelet .boros lagi
playstore,xl,2026-05-15 19:59:56,Widi Aji junaedi,udah beberapa taun saya pakai ini kartu tapi tetap sinyal nya tidak ada perubahan aneh banget udah paketannya pada mahal
playstore,xl,2026-05-15 19:52:28,Friska Elisabet,"Bertahun-tahun pakai XL, tapi belakangan makin mengecewakan. Sinyal sering banget ngelag, apalagi setiap habis hujan, sblm hujan pun lngsng ada feeling 'ini jaringan pasti ngeleg lagi Ini"", anehnya selalu benar. udah gtu harga paket terus naik dan paket murah makin dibatasi, tapi kualitas jaringan..... hadehhh mengecewakan.."
playstore,xl,2026-05-15 19:42:31,Surya Yanto,Aplikasi ini ga bisa di pakai sekarang
playstore,xl,2026-05-15 19:39:24,hanif oktafian,sinyall kaya taiiiii
playstore,xl,2026-05-15 19:37:53,Desio Rahmayanti,best
playstore,xl,2026-05-15 19:24:31,Ramadhani Ari Wijayanti,"semakin kesini bukannya lancar,malah lemot,tolong donk perbaiki lagi.Udah di update aplikasinya,,jaringannya jelek,sering hilang sinyalnya."
playstore,xl,2026-05-15 19:21:05,fauziah X-B,ka kalau udah di update tapi ga ke update itu kenapa?
playstore,xl,2026-05-15 19:11:59,Ayu Andira,"sangat membantu aplikasi my xl ini, saya suka isi kuota di my xl"
playstore,xl,2026-05-15 19:05:01,Rahmah Azzahara,"udah 5 tahun aku pakai xl ,makin lemot srtiapa hari nya..."
playstore,xl,2026-05-15 19:03:12,Ulfah Utami,"aku udah langganan myxl lama bgt, sekali kali dong bonusin kuota. aku bukanya minta² tpi jarang ada bonus kalau belih kuota"
playstore,xl,2026-05-15 18:58:53,Haidir Ali,tolong tambahin masa aktifnya pas isi pulsa 5.000 yg awalnya 5 hari jadi 7 hari gituu hehe
playstore,xl,2026-05-15 18:51:40,Sigid Tri Hananto,"Setelah Firstmedia pindah XL, BUSUK PELAYANNYA EMAIL GAK DIBALAS, CALL CENTER GAK RESPON"
playstore,xl,2026-05-15 18:51:31,Abdul Mujib Alawiy,bagus
playstore,xl,2026-05-15 18:45:50,Arul Delta,mending pada pindah provider dah lu pada xl dah gak jelas jaringan nya yang katanya 5G paling cepat tapi kenyataannya jaringan tidak setabil udah mah harga kuotanya mahal kadang masa aktif nya gk nambah
playstore,xl,2026-05-15 18:07:55,Aly Al Al,lemot bgt skrg xl pdhl d kota bkn di plosok desa jjur kcewa
playstore,xl,2026-05-15 18:02:13,ippan ippan,jaringan parah. paketan mahal. merugikan pengguna y
playstore,xl,2026-05-15 17:43:48,Bersamamu Selalu,bagus
playstore,xl,2026-05-15 17:30:31,Xing Xing,banyak kendala. mau beli kuota di myxl makin susah.
playstore,xl,2026-05-15 17:27:01,Riki Pratama,sinyal lemot sekali
playstore,xl,2026-05-15 17:16:50,Unknown,"harga paket semakin mahal, jaringan parah abis. Jujur sangat kecewa dengan XL sekarang, rugi beli paket kuota mahal2 tapi ujung2nya tidak bisa di pakai. paling malu pas bayar qris di kasir. lelet banget jaringannya. mana antrian kasir panjang. tolong dong xl. saya harap ada perbaikan secepatnya. jika bulan depan masih begini, saya tidak bisa langganan xl lagi."
playstore,xl,2026-05-15 17:14:10,Nizam Zulfilkar,aplikasinya bagus yang tidak aku suka jaringannya buruk Dan tidak ada bonus atau promo berikan promo min biar tambah banyak yang memakai XL
playstore,xl,2026-05-15 17:13:38,Rizza,wifi nya jelek banget ilang ilangan ping tinggi ditelpon malah gangguan juga ga nyambung ke cs XL nya sialan
playstore,xl,2026-05-15 17:11:46,Anisa Maulidia Nisa,maaf ini gimana internet saya gak bisa di pake kuota masih ada tapi gak bisa di pake udh dm sana sini ga ada jawaban gak ada perbaikan udah chat maya pun sama ga ada perubahan
playstore,xl,2026-05-15 17:09:03,Gustagus 68,My XL - xL hebat
playstore,xl,2026-05-15 17:05:48,Handi Febriadi,Udah 2 hari saldo gopay saya ga balik2 sedangkan pembayarannya di my XL nya gagal
playstore,xl,2026-05-15 17:03:00,Retno Anggraini,hai XL.kuota bonus yang aktif 1 hari aktifkan dalam 24jam donk.bukan di hari ambil bonus jam 00.00 sudah tidak aktif
playstore,xl,2026-05-15 16:40:13,Maria Niken,boros sekali
playstore,xl,2026-05-15 16:36:05,lalu naufal,semakin sering saya beli paket data di myXl semakin mahal saja
playstore,xl,2026-05-15 16:25:47,Shuun,"mau beli paket data malah di suruh update, pas di cek gada pembaruan"
playstore,xl,2026-05-15 16:18:12,LovelyHeart NotYourType,selalu beli kuota di aplikasi ini tapi jaringannya masuk tapi lag parah saat main game
playstore,xl,2026-05-15 16:18:08,Andre Maulidi,kuotanya sudah agak mahal
playstore,xl,2026-05-15 16:04:24,Alief Rahman,"ini yang ngurusin ada ga sih, udah update saat mau beli disuruh update padahal tidak ada update baru"
playstore,xl,2026-05-15 16:00:23,Imam Daman Huri,Ini sinyal xl bagaimana jelek banget tidak memuaskan sama sekali
playstore,xl,2026-05-15 15:44:30,Supriyadi Ukm,Dengan myXL semua jadi mudah dan cepat
playstore,xl,2026-05-15 15:26:54,Yasmine N.,mengapa my XL. sering sekali jaringan Internet nya suka gak nyambung
playstore,xl,2026-05-15 15:24:40,Kembar Ariani,di suruh UPDATE baru bisa beli Kouta udah mau di update tapi ga bisa gimana sih
playstore,xl,2026-05-15 15:23:21,Player Games,"aplikasi jelek, switch antar akun sulit. login sulit"
playstore,xl,2026-05-15 15:22:31,Agus Miftachul Huda,XL makin gak jelasss
playstore,xl,2026-05-15 15:19:37,M Tajib,paket Kouta aja 5G kamu terhubung jaringan tercepat ngeluarin duit maksudnya? klo gak sanggup ke 5G minimal gak usah sok update jaringan masih lelet maksa banget kecewa banget sich
playstore,xl,2026-05-15 15:11:38,reaanouu,"point ga berfungsi!, point 12rb hilang tiba tiba, masuk ke apk kadang gabisa padahal data aktif. makin mahal doang bug ga di benerin, apk kikir"
playstore,xl,2026-05-15 14:55:56,Taufiqurrahman Majid,tidak pernah bisa membuat tiket aduan. agent maya yang tidak pernah bisa membantu menyelesaikan kendala harus menunggu balasan selama belasan jam
playstore,xl,2026-05-15 14:39:48,Dinas Dimas,bagus sekali.....
playstore,xl,2026-05-15 14:25:54,MF A,busuk sinyalnya
playstore,xl,2026-05-15 14:16:54,Alfin ifrohan,"tiap nuker voucher kuota game, jaringannya ga pernah bener, serasa ga ada kuota gamenya meskipun ada juga"
playstore,xl,2026-05-15 14:15:31,Jijey,mantap bangettt
playstore,xl,2026-05-15 13:59:44,Iki Maulana,"masih banyak bug , untuk scan voucher menggunakan barcode dan input manual , aneeehhh"
playstore,xl,2026-05-15 13:56:50,Fellouww Oct,Udah di update ke versi terbaru kenapa buat transaksi pulsa harus perbarui aplikasi lagi?
playstore,xl,2026-05-15 13:51:58,Biah Neww,"aplikasi yang sangat amat bagus, ketika ada masalah cs nya sigap banget bantuin, sabar juga ngadepin nya, good job👍👍👍"
playstore,xl,2026-05-15 13:44:09,Atshrain Toreh,"Kuota aplikasi yg di tukar melalui XL poin beberapa contoh di antaranya kuota WA, ataupun Kuota game gk berfungsi sama sekali. scam ini namanya, nuker point ke kuota buat alternatif eh malah gk berfungsi sama sekali, tolong diperbaiki lahh. Demi kenyamanan pengguna XL"
playstore,xl,2026-05-15 13:27:27,Jiwan Scumbag,"di-update bukan nya bagus, maketin pulsa pake gada jaringan ,sambung wifi ,gabisa yang bener aja"
playstore,xl,2026-05-15 13:26:57,Iwan Purnomo,"sinyal lu noh di dalem rumah keteter 😹, ngaku internet tercepat nomor 1 di indonesian tapi taikkkk buka fb lite aja ngelag nya minta ampun kalah ama im3, xl d luar dpt sinyal camn 3batang tp d dlem rmh sebatang 😹 geser posisi tidur lngsung wassalam gada sinya 🤣 kalo gua malu tuh ngaku"" sinyal tercepat di indonesia btw gua lokasi cikarang barat"
playstore,xl,2026-05-15 13:24:17,Haekal06 Hariri,wawww
playstore,xl,2026-05-15 13:22:58,ryo arifianto,sangat-sangat membantu
playstore,xl,2026-05-15 13:13:40,Afdi Pratama,"JARINGAN XL TIDAK BISA DIANDALKAN SAMA SEKALI, DI PUSAT KOTA SINYAL PENUH TIDAK BISA AKSES INTERNET. SETELAH DICOMPLAINT MALAH MINTA DIKASIH BINTANG 5. HELLO PLEASE, GA AKAN DIUBAH SEBELUM DINTINDAKLANJUTI DENGAN BENAR!!!!!!!!"
playstore,xl,2026-05-15 13:09:20,Ebin Sibarani,"halo XL.. hari ini saya aktifin paket harian seharusnya dapat 4,5 GB, malah yg di dapat 3,5 GB.. udah makin mahal, makin gak jelas juga loh kuotanya 🥹🥹.. kok gitu sih.."
playstore,xl,2026-05-15 12:54:40,Raka Alzaky,"aku lah muak sama xl soal nya dimana mana ngelag terus,ganggu saat belajar, main game,dll. harga nya juga sangat mahal harusnya gak usah dikasih bintang soal nya gak bagus kalian bener bener nyesel kalu beli xl dimna mana pasti ngeleg"
playstore,xl,2026-05-15 12:53:36,riady jossu,"harga paket internetnya bagus, hanya saja kalo dalam 1 bulan ada 30 hari maka 20 hari itu jaringan internetnya baik, dan 10 hari itu jaringan internetnya sangat hancur makanya harus punya kartu operator seluler yang lain juga"
playstore,xl,2026-05-15 12:51:00,Salman,"sms/pesan mengganggu, paket quota masih beberapa hari lagi, tertulis paket kamu habis, kacau sekelas XL seperti ini, pesan mengecoh"
playstore,xl,2026-05-15 12:48:06,Matzz Ajaa,"gak jelas bangett nih kouta xl, cepet banget habisnya padahal riwayat penggunaan datanya baru 4,28 gb eh udah habis aja kouta 23 gb masa aktif 1 bulannya dalam waktu 12 hari"
playstore,xl,2026-05-15 11:59:29,Aditya Agus Freda Pradana,"aplikasi sering error , gagal di saat pembelian paket"
playstore,xl,2026-05-15 11:58:35,Hana kim,"ini xl dulunya mempermudah pelanggan, sekarang kok ribet bgt. dulu tuh klo beli kuota lewat *808# biasanya di xtra kuota ada pilihan buat sosmed atau buat nonton. skrg gada. sekarang harus lewat my xl. giliran di my xl kuotanya mahal mahal.ini lagi mau perpanjang kuota biar ga hangus, ribetnya minta ampun. manaan mahal lagi."
playstore,xl,2026-05-15 11:56:38,Elka Elki,ok bngt terimakasih XL
playstore,xl,2026-05-15 11:54:02,Drafter Workss,"jaringan di bekasi utara lag parah, aplikasi my xl nya juga lag parah"
playstore,xl,2026-05-15 11:48:24,Esa Putra,"mau beli paket disuruh update, udah update masih tetep gak bisa beli. aneh..."
playstore,xl,2026-05-15 11:44:36,L Rini,"layanan kurang bagus, katanya pengajuan ganti kartu cepat ternyata tidak sama sekali sudah lebih dari 3 hari tidak ada konfirmasi balasan dari layanan ini, jaringsn juga tidak stabil"
playstore,xl,2026-05-15 11:40:39,Rendy Arya repan,bagus
playstore,xl,2026-05-15 11:29:21,Isfan Mustamin,"penipu, jumlah kuota di penawaran dan pas sudah beli jumlahnya tidak sesuai, kurang. penipu"
playstore,xl,2026-05-15 11:28:46,Doyok Ahmad,mantap
playstore,xl,2026-05-15 11:08:36,imam munir,sinyal asuuuuu
playstore,xl,2026-05-15 10:55:45,Yanuri Yan,kenapa di aplikasi ini tidak bisa unsubscribe addon yang telah ditambahkan? tolong untuk di tingkatkan agar lebih mudah melakukan penambahan dan pengurangan addon
playstore,xl,2026-05-15 10:53:29,AR Official,"5G tercepat, verified by okla. oklanya bejat juga. Kuota masih 12 GB sinyal XL untuk buka aplikasinya sendiri saja lelet."
playstore,xl,2026-05-15 10:49:45,Anggi Ranu,"beli paket 65gb tanggal 15/05/2026 jam 9:38 dapet notifikasi berhasil diaplikasi dan SMS, tapi kuota ga nambah cek diaplikasi juga ga ada history . sangat buruk merugikan sekali , lapor cs malah bot yang jawab parah banget ga rekomen banget pake XL ngerugiin. mau ambil untung gak gini caranya. pelayanan super jelek banget"
playstore,xl,2026-05-15 10:49:44,fathimah nurussana,"Keluhan : Saya lagi kesal sama jaringan wifi xl satu , jaringan saya tidak tersedia malah ada muncul jaringan lain dari xl tapi saya tidak dapat login karena selalu salah password ""DIR 69"" padahal jaringan saya namanya simba awalnya Pihak xl tidak ada solusi tidak ada tekhnisi datang juga , saya tlp ke cs nya sudah banyak tapi tetap tidak ada solusi percuma dong bayar doang tapi gak bisa dipake"
playstore,xl,2026-05-15 10:45:52,Nur Halimah,baik
playstore,xl,2026-05-15 10:36:26,Gilangvr,"Beli paket internet dari semalem sampe sekarang belum masuk, dicek riwayat transaksi masih menunggu pembayaran, tapi pembayaran sudah berhasil dan saldo terpotong"
playstore,xl,2026-05-15 10:35:53,Claudia Murti,Bagus
playstore,xl,2026-05-15 10:29:50,Adiba Ufaira,so good 🫶😻
playstore,xl,2026-05-15 10:08:11,Delamande Kusuma,"pelayanannya jelek, koneksi sering hillang, 5g udah gak kbisa koneksi, masih bagusan first Media. sudah lewat maya tapi respon lama dan enggak banget.... kayak ai tidak menyelesaikan masalah. sangat jauh dari memuaskan........"
playstore,xl,2026-05-15 10:07:00,Sixtus Tae,luar biasa bro
playstore,xl,2026-05-15 10:03:40,nur hikma,bintang 4 Karna poinnya biasa ga bisa di pake
playstore,xl,2026-05-15 09:58:13,Pita Yulianti,sangat bagus
playstore,xl,2026-05-15 09:54:12,Irma Wati,sangat membantu
playstore,xl,2026-05-15 09:52:22,Ryuzen,"apalah main game jaringan jelek banget sampe merah hadeh, mana Tambah mahal lgi"
playstore,xl,2026-05-15 09:51:40,Liana Wati,"Mohon maaf, kenapa setiap pembelian kuota sekarang tidak ada bonus kuotanya lagi (dulu bisa milih mau bonus kuota ig, yt, atau kuota utama) sekarang knp tidak bisa?? Kemudian, xl sekarang hanya berfokus di bonus xl point, itupun ada jangka waktu aktifinnya, cmn bisa aktifin 1 minggu sekali lah, 1 bln sekali lah, pokoknya udah gk sebagus dl. Semoga kedepannya cepat diperbaiki yaa, karna perlu bgt ni bonus kuota, biar gak rugi beli kuota mahal""🙏🙏"
playstore,xl,2026-05-15 09:44:50,Bismillah Masuk rrq,jaringan sampah kuota masih ada belasan GB tapi ngelag nya minta ampun
playstore,xl,2026-05-15 09:38:28,Zurriatun Toyyibah,sinyal makin lama makin gajelas
playstore,xl,2026-05-15 09:37:51,iamftmtss,"pilihan kuotanyaa makin dikitt,mana maakin mahall² lagii,trs pas mau beli kuota di suruh upgrade apk duluu,pas udah di upgrade apknya ttp aja info nya di suruh upgrade,kenapa siii,mana seringg bangett error tauu apk iniii😭plisss perbaiki gak🫵🏻"
playstore,xl,2026-05-15 09:23:12,Anjelo Napa,enta kenapa mau beli paket aja haru update dulu padahal uda update tapi tetap ngga bisa beli paket..
playstore,xl,2026-05-15 09:13:25,Ibn Taimiyah,bagus banget aplikasi
playstore,xl,2026-05-15 09:06:05,Rizki Hasbi Muktafi,"Saya ngisi kuota akrab 80GB bersama, 15GB pribadi, tpi yang muncul kuota bersama doang, udahmah gk bisa masukin anggota lagi. Kasih bintang 1 dulu yah, kalo udah bener dan kuota saya dah kembali baru kasih bintang 5 lagi. ini mau sampai kapan Aplikasi XL gangguan?"
playstore,xl,2026-05-15 09:05:10,ade gustiawan,deposit ke xl belum cair2 udah sebulan lebih kocak pihak xl selalu mempersulit🥵🥵
playstore,xl,2026-05-15 09:04:06,Elis Memey,"udah 20 tahun make xl, tapi akhir2nya kecewa. jaringan makin kesini makin buruk. berkali2 minta refresh jaringan hasilnya sama aja"
playstore,xl,2026-05-15 08:52:29,Tiar prayoga Soedjiman,Extra combo plus + extra combo mini hadir kembali 👍👍👍
playstore,xl,2026-05-15 08:47:28,INDONESIA GARUDA,XL taii bonus Kouta sircel gak di kasih kasih padahal target isi ulang pulsanya udah penuh 2 kali
playstore,xl,2026-05-15 08:45:33,Any A,"dari First Media ke xlsatu jaringan wifi jadi jelek terus. dan ini akhirnya Los merah, tapi mau pengaduan ribet WA tidak dibalas²... tidak ada solusi, di aplikasi juga susah. nanti kalau sudah bener aku ganti bintangnya tapi perbaiki dulu layananmu. kita bayar wifi mahal masa tidak ada solusi"
playstore,xl,2026-05-15 08:35:51,Valkyreze Rionysta,"tolong dong, aplikasinya dibenerin lagi, sering banget bermasalahnya, entah itu maintance atau error. saya udah update masa gabisa bayar pake qris. ini maksudnya gimana. eror Mulu eror Mulu, kapan bener nya gausahlah pake apk sama aja, gabisa beli error Mulu Maya juga ngapain ada, gabisa buat keluhan yang jelas jadinya pake dikasih menu."
playstore,xl,2026-05-15 08:24:26,Hanan,"belai kuota selalu telat masuk nya,bikin takut salah beli & kirim"
playstore,xl,2026-05-15 08:10:28,Jefer Abraham,sudah melakukan pembayaran tapi tidak jadi paket.
playstore,xl,2026-05-15 08:08:45,Budhi Kechil,"jelek banget jaringan nya,jelek poll,sering ilang ilang,gak bagus pokoknya"
playstore,xl,2026-05-15 08:07:05,Scorpio an3dis,meskipun aku pengguna lama tapi harga paket internet nya mahal-mahal sedangkan banyak pengguna baru harga paket internet nya murah-murah dan juga sinyal masih kurang. tolonglah di diperhatikan hal-hal diatas jangan biarkan kami kecewa dan pindah ke lainnya.
playstore,xl,2026-05-15 08:01:35,Lulu Suza,paket gratisan hilang dan GK bisa ambil paket darurat pulak
playstore,xl,2026-05-15 07:48:58,Rizky Alamin,XL mmg top
playstore,xl,2026-05-15 07:25:48,Putu Sastrawan,ko lama sekali xl ndak bisa dibuka semua sosmednya sinyal ndak ada jaringan ndak ada trus gimanain ini ya
playstore,xl,2026-05-15 07:24:23,Muhajir JR,ok punya...banyak kemudahan
playstore,xl,2026-05-15 07:23:05,Siti Ela,nilai bintang 5 dan angka 10 cz pelayanan oke bgt dan bnr bnr kasih solusi.. terimakasih CS Hendri yg bekerja di gerai XL Jababeka Cikarang Selatan.. semoga XL makin jaya
playstore,xl,2026-05-15 07:22:52,Moga Hoki,"Makin hari makin stress masa kuota flexmax 100gb internet kadang ilang sendiri sinyal nya, main ML aja nge lag ga becus nih XL padahal penjualan kartu XL bagus tapi internet down mulu apalagi kuota harian makin kesini makin mahal"
playstore,xl,2026-05-15 07:10:11,Ade Imran,"PROVIDER SAMPAH Jaringan sering ilang""an Harga paket data mahal Kuota tiba"" lenyap Jangankan buat browsing/streaming , buat WA aja sering pending 🤣🤣 HARGA BINTANG LIMA KUALITAS KAKI LIMA"
playstore,xl,2026-05-15 06:47:48,Rizky Maulana NR,XL gangguan wifi fiber komplain lewat aplikasi tidak bisa adakah nomer bisa dihubungi
playstore,xl,2026-05-15 06:34:55,Deni Jarot,sangat membantu
playstore,xl,2026-05-15 06:32:42,i ngurah sukrayasa (ᬳᬶᬗᬸᬭᬄᬲᬸᬓ᭄ᬭᬬᬲ),ngadat jaringan putus putus area kerambitan tabanan bali ngadat br dinas kukuh kawan
playstore,xl,2026-05-15 06:03:03,Mohamad Adib,"saya ini berlanganan XL sudah bertahun tahun kenapa sekarang kualitas XL semakin buruk sanyal mudah hilang eror lambat apa ini, harga semakin naik tapi kualitas sangat buruk, harusnya sering update harus semakin baik ini malah sebaliknya, tolong segera perbaiki sinyalnya terimakasih"
playstore,xl,2026-05-15 05:52:17,Iyan Yan,👍👍👍👍👍
playstore,xl,2026-05-15 04:29:33,deni santosan,mantapz
playstore,xl,2026-05-15 04:21:12,Rosi Mulyana,jaringan internet sangat buruk
playstore,xl,2026-05-15 04:20:19,Nanda Salsabila,perbaiki jaringan owner XL biar gak sayang ngasih bintang
playstore,xl,2026-05-15 04:08:37,Wijaya Iman,sangat baik
playstore,xl,2026-05-15 04:04:41,Nopal,susah mengambil bonus paket nyaa
playstore,xl,2026-05-15 02:31:37,Aditya Bell,perbaiki jaringan lu bbi
playstore,xl,2026-05-15 02:27:31,M Waliyudin Jami,"Kenapa Terjadi Aktivasi Otomatis Untuk Paket COMBO VIP PLUS ??? sementara Saya tidak melalukan Transaksi Avtivasi, *Kadaluarsa Paket 14/05/2026 Jam 23.59 wib,* *Aktivasi Otomatis 15/05/2026 Jam 02.00 wib,* Pulsa 150.000, Terpotong Otomatis 100.000 untuk Paket, SANGAT MERUGIKAN !!!"
playstore,xl,2026-05-15 02:19:46,Heri Awan,mantap
playstore,xl,2026-05-15 02:16:01,Fikram R Nusi,Cara apdetnya ko susah si
playstore,xl,2026-05-15 01:54:37,Jahat Nian,"udah berapa kali saya melakukan pembelian tapi kuota tidak masuk dan saldo tetap di potong,mohon untuk di lakukan perbaikan kedepannya agar konsumen tetap nyaman memakai provider xl"
playstore,xl,2026-05-15 01:17:09,Sriwinda Silaban,proses lambat masa saya menggu paket saya di perpanjang tak ada sampa Skrang padahal udah saya isi pulsa nya🗿🙄
playstore,xl,2026-05-15 01:12:20,Renol Putra Jaya,mantap
playstore,xl,2026-05-15 01:00:54,Sumanta Manta,enak cepat dan dapet sensasi kartu xl sangat luas jangkaun
playstore,xl,2026-05-15 00:35:56,Indra Bm,"apalah aplikasi my XL ne, tiap di buka aplikasiny bahasa asik berubah ke bahasa inggris trus, padahal udh bolak balik di ganti ke bahasa indonesia, msh aja trus balik ke bahasa inggris!!! sy orng indonesia,,, gak perlu sy bahasa inggris tu bosan pula sy tiap buka aplikasi myxl asik kerjaan ganti bahasa indonesia trus sy jd nya!!"
playstore,xl,2026-05-15 00:32:06,Tulus andi purnomo,gak berguna
playstore,xl,2026-05-15 00:26:07,Satya Wiratama,"Ini xl aneh banget, pantes aja byk yg nggak suka, bisa bisa nya ya gua isi pulsa 25 ribu, utang pulsa cuman 5 rb, tp anehnya pas gua cek pulsa gua, yg ada cuman 5000, apaan nih, nyesel gua beli kartu xl, udahlah mahal, lemot lagi, mendingan gua beli by u. Mau ganti kartu by u aja lah gua"
playstore,xl,2026-05-15 00:16:20,Embe Marley,udah 2 minggu ini XL jaringannya jelek. percuma kouta banyak tapi jaringan lelet. gak berguna.
playstore,xl,2026-05-14 23:50:13,Muhammad Baginda,jaringan susah bgt knp nih XL tolong lah bagus sikit
playstore,xl,2026-05-14 23:37:26,Ahmad Hidayat,"Sy beli Kouta 50 gb yg harga 92 rb, yg terbaca cuman 45gb sja"
playstore,xl,2026-05-14 23:26:32,Dwi Saputra,selalu pinta update saat mau bayar padahal udah update app susah!
playstore,xl,2026-05-14 23:05:04,Gilang,apaan customer service nya mines banget bukannya cari solusinya atau konfirmasi ada kendala atau apa kek ini malah ngilang kocak
playstore,xl,2026-05-14 22:59:52,Irfan Syah Rezay15,sinyal tidak stabil
playstore,xl,2026-05-14 22:39:46,Nazril Hidayat,udah di abdet atau updat tetep ga bisa beli kuota
playstore,xl,2026-05-14 22:38:56,Asep Rustandi,mahal banget tambah lemod buat tiktokan kadang muter² doang apa punya sy aja ya?
playstore,xl,2026-05-14 22:30:14,RT pemburu,Apaan sih aplikasi My XL makin lama bukan makin baik malah makin buruk logout logi dan banyak lagi
playstore,xl,2026-05-14 22:27:47,QueeN Al-FeerrA,"Kenapa saya belum menerima token ingame di Honor Of King setelah topup pada aplikasi ini? Saya kehilangan 50k pulsa saya karena belum mendapatkan token ingame Honor Of King, apakah ada kendala? Tolong segera fix masalah ini, selain masalah ini saya juga merasa terganggu terhadap penurunan pada aplikasi ini. Seperti membeli paket kuota dengan pulsa, tapi Kuota XL Circle hangus begitu saja, padahal belum diklaim. Tolong atasi masalah ini."
playstore,xl,2026-05-14 22:27:25,Xenax Shadow,sampah
playstore,xl,2026-05-14 22:24:59,isty ayu,"XL Prioritas harga y naik gk kira2 sampe 20rb 🤬 .. mau di migrasi , berbayar lagi ratusan ribu 😏 klo udh harga naik , jaringan hrus y bagus , ini malah makin gak karuan , makin butut jaringannya , muter terus jaringan y 😏 parah sih XL skrg , harga naik malah downgrade 👎 kalo bukan karna nomer lama mah , sudah ku buang deh 😏"
playstore,xl,2026-05-14 22:23:16,Tulus Febrianto,"Tiap bulan, dipertengahan bulan, pasti SELALU internetnya mati, dan tiap bulan HARUS komplen terus, emg ga ada niatan menjadi lebih baik ya? tiap bulan selalu gangguan, tapi ga pernah ada kompensasinya, tetep minta bayaran full, tapi ga dikasih solusi.."
playstore,xl,2026-05-14 22:22:44,Mey Reza,"makin hari harganya makin mahal, kuota nggak diisi mati kalo diisi jgua nggak trrlalu kepake, balik kin dong versi 2024 atau 2025 dong harusnya makin lama make makin banyak promo nggak malah dinaikin. jujur kecewa sih mau beli kartu baru juga males kalo harus ngurus 2 sim atau ganti nomor baru. sekali kali baca keluhan coustemer napa sih jangan malah meresahkan"
playstore,xl,2026-05-14 22:22:11,Abun Murtaja,"jaringan ga bener, leg legan ga laku buat streaminga, live, game dll lemoooot"
playstore,xl,2026-05-14 22:18:56,ALDIKA,LEMOTTTTT MAKIN LAMA KOCAK LU XL
playstore,xl,2026-05-14 22:14:46,Kevin Bodoh,aplikasi tolol yang pernah gw temui sering error² gak jelas dan gak guna
playstore,xl,2026-05-14 22:11:00,akun1,"kalo bisa ya ciptain kartu sama app nya ya yang berguna,,udah kartu ganguan Mulu,app nya gampang korup,, gajelas bet.saya merasa puas dengan bintang 1 ini.. Sangatt topp,,ini yang buat kartu niat buat ga sih?sinyal gangguan Mulu,padahal sinyal full"
playstore,xl,2026-05-14 22:10:16,Nandang Suherlan,kocak nomor sudah gak Aktip tapi belum masa tenggang untuk di blokir . di isi pulsa udh gak bisa masuk pas mau isi kuota lwat my xl di suruh isi nomor iccid yang tertera di kertas bekas kartu XL yang bner aja itu kertas udh di buang mana bisa begitu . kapok pake xl
playstore,xl,2026-05-14 22:07:10,Agus Safitri,gendeng bgt nih XL.Kenapa sih ngelek mlu?pdahal baru beli paketan
playstore,xl,2026-05-14 21:57:28,Rudi Hartono,Di kota kok bs leg maen game.
playstore,xl,2026-05-14 21:46:16,Iwan Florist,sayang banget semakin kesini jaringan XL ga jelas kuota paket masih banyak tapi lemot nya minta ampun kadang sampe kesel pengen banting hp gara2 jaringan nya yg buruk
playstore,xl,2026-05-14 21:39:54,Al Hafiz,sinyal bagi ku sinyal terbaik di indonesia
playstore,xl,2026-05-14 21:39:03,Papito Asra,sinyal wifinya lemot lelet
playstore,xl,2026-05-14 21:32:47,Fhariel Ridho Rhifaldy,kayak apA ini.. beli paket malah dsuruh update.. pdahal udah versi terbaru.. sampe2 ta uninstall download kembali ttp gak bisa..
playstore,xl,2026-05-14 21:19:12,Pelangi Spt,gak bisa beli paket alasanya belum di updet
playstore,xl,2026-05-14 21:16:31,Musa Z,ruwet.
playstore,xl,2026-05-14 21:13:22,Gede Wayan,bagus
playstore,xl,2026-05-14 21:12:19,tohir toink,"parah masa kaga ada call center, sinyal atau jaringan jelek terus sue"
playstore,xl,2026-05-14 21:07:28,Haji Rawaki,ngak bisa beli paket
playstore,xl,2026-05-14 21:00:09,Wahyu Budi Adjie,"pelayanan sangat buruk. chat dengan maya mau dihubungkan dengan agent live chat, disuruh nunggu satu jam. setelah satu jam tetep terhubung sama maya, dan di chat tidak merespons apa apa.. buang buang waktu banget"
playstore,xl,2026-05-14 20:59:43,Agam Zulbakri,xl kok Kenap 5GB tercepat di Indonesia tapit gelek terus
playstore,xl,2026-05-14 20:58:34,Anton Donata,kartu sampah jangan dipake guys
playstore,xl,2026-05-14 20:57:29,Mukhammad Abas,sinyal taik ilang mulu posisi cilegon
playstore,xl,2026-05-14 20:55:43,Puput Putri,ok
playstore,xl,2026-05-14 20:43:16,Suryadi Yadi,𝒔𝒆𝒌𝒂𝒓𝒂𝒏𝒈 𝒕𝒂𝒎𝒃𝒂𝒉 𝒍𝒆𝒍𝒆𝒕 𝒃𝒐𝒔𝒔 𝑿𝑳 𝒏𝒚𝒂 𝒋𝒂𝒓𝒊𝒏𝒈𝒂𝒏 𝒕𝒅𝒌 𝒔𝒕𝒂𝒃𝒊𝒍
playstore,xl,2026-05-14 20:41:20,Ayu Sitinjak,SUMPAH MAU BELI KOUTA TAPI DISURUH UPDATE PDHL UDH BERULANG KALI BALIK KE PLAYSTORE GAADA FITUR UPDATENYA GIMANA MAU UPDATE
playstore,xl,2026-05-14 20:40:50,Ardi,balik LG Makai XL agak murah TPI sinyal hah full lelet pake internet SMS juga klau ganyak text ga kekirim gagal trus parahh
playstore,xl,2026-05-14 20:40:50,Mohamad Sukron,sinyal tambah parah
playstore,xl,2026-05-14 20:35:35,Ardi Syahputra,udah aman
playstore,xl,2026-05-14 20:31:33,ninikku 79,sinyal..hancur..pollll..lemot pollll..pdhl dalam kota .
playstore,xl,2026-05-14 20:29:11,Selemang Kuta,sangat puas
playstore,xl,2026-05-14 20:15:57,Anggih Habib,"Kenapa jaringan XL ngedrop cuma satu bar, yg tadinya full kok ini jadi ngedrop"
playstore,xl,2026-05-14 20:14:38,Mssy Prtma,"aplikasi gajelas, lol"
playstore,xl,2026-05-14 20:13:43,Wahyu din,paket mahal sinyal lelet
playstore,xl,2026-05-14 20:13:04,Feri Ashar mardika,"makin parah... beli paket yg biasa jadi langganan selalu gagal, giliran beli paket yg lebih murah langsung beehasil. Zolim sekali makin kesini..."
playstore,xl,2026-05-14 20:05:26,bantuan akun,"woiiiiii harga kuota mahalll sinyal gampang gangguan, di perbaiki sinyal nya bukan perbaiki harga di naikin semua ngotakkkkkk"
playstore,xl,2026-05-14 20:00:51,Lolita Aini,"xl makin bermasalah, kalau sudah enggak bisa perbaiki jaringan jual aja produknya, mengecewakan orang saja"
playstore,xl,2026-05-14 20:00:34,Arfan Velano,👍
playstore,xl,2026-05-14 19:36:51,Dzakira,bagus ada gratisan nya
playstore,xl,2026-05-14 19:18:35,khairilnukman hadi,"sebagai pengguna XL dari tahun 2008,pas kelas 2 SMP sampai sekarang saya kecewa dengan perkembangan XL di tahun 4.0 harusnya XL lebih berkembang bukan malah merosot, atau XL sudah tidak memerlukan pelanggan lagi???"
playstore,xl,2026-05-14 19:02:29,Marta,baik
playstore,xl,2026-05-14 19:00:24,Aisya Awaliya,"dulu bagus tapi sekarang jelek banget mau beli kouta circle aja selalu bermasalah, terjadi gangguan internet lah,minta perbaharui lah, padahal internet normal dan apliksinya pun udah di upgred"
playstore,xl,2026-05-14 18:57:50,Firli “Ferell” ferell,jaringan sesuai mood XL provider aneh tulisan nya doang 5G aneh
playstore,xl,2026-05-14 18:55:09,10.000 Tahun yg lalu,bagus banget ini jadi gampang heheh
playstore,xl,2026-05-14 18:54:32,Cahaya Aditya,sinyal benerin dibekasi kek ee sinyal akhir akhir ini ilang mulu
playstore,xl,2026-05-14 18:53:49,Eka Budi pratama,k bnyakan gabungan provider TPI gak bisa menanggulangi masalah koneksi sinyal. .
playstore,xl,2026-05-14 18:46:30,Tangkas Kusuma,Operator Busuk
playstore,xl,2026-05-14 18:26:07,RATNADESIYANTI fazrin,ko ngisi Kouta pake my xl susah bngt ya knp selalu update yg terbaru padahal sudah pke aplikasi terbaru. sehingga mau beli kuota g bisa tolong solusinya KK. punya pulsa tp GK bisa beli kuota.
playstore,xl,2026-05-14 18:15:03,Ali Sic,mantap
playstore,xl,2026-05-14 18:12:07,Z K,"First media menjadi XL1 benar benar sangat buruk, wa CS jam 4 sore di balas jam 2 dini hari otak nya dimana.... XL klo gk mampu buat profider internet gak usah bikin nyusahin pelanggan yg sudah nyaman dengan first media saja..."
playstore,xl,2026-05-14 18:09:06,Hilmi ahzan Susena,sekarang My XL lemot mending pakai sekalian Nomor Telkomsel harga juga sama
playstore,xl,2026-05-14 18:06:47,Pronika Pronika,"aplikasinya padahal sudah di update tpi knpa setiap saya mau melakukan bayar paket pake pulsa gabisa,selalu muncul mnta di update padahal sudah saya update,tolong dong bantuan nya"
playstore,xl,2026-05-14 18:03:01,Octa Prayogi,jaringannya terlalu buruk
playstore,xl,2026-05-14 18:01:05,Sdd Ddff,sistem tidak ada pembaruan
playstore,xl,2026-05-14 17:51:22,Pak Kadus,udah harga nya mahal tempat beli paket nya kurang udah gituu lagi pengen di update padahal udah emng sering error aplikasi my xl
playstore,xl,2026-05-14 17:46:01,Kall Elite,baik
playstore,xl,2026-05-14 17:43:37,Siapa Kamu,halo saya baru aja beli flex mini 40 ribu tapi kenapa belum masuk tapi gopay saya sudah berkurang ya
playstore,xl,2026-05-14 17:42:12,ali mattsum,makin buruk. aplagi sinyal y makin lebih buruk!!
playstore,xl,2026-05-14 17:40:32,Satu Kakak,andai di tambah kouta roblox 🥀
playstore,xl,2026-05-14 17:35:18,Wati Kebadongan,APSIH GJLS BGT PDHL UDAH MENCAPAI 100K UANG PEMBELIAN DI XL CIRCEL TAPI BONUS NYA GA MASUK GA DI SARANIN PAKE XL MENDING YG LAIN TELKOMSEL /YG LAIN KNP SAYA KASIH BINTANG 5 KARNA BIAR ORG TU BACA PUNYA GW
playstore,xl,2026-05-14 17:20:55,Aufarzzz Ghiffaryy189,Gimana sih gw beli paket kuota vocer ngeleg giliran beli di apk myxl lancar. pilil kasih ratain dong!
playstore,xl,2026-05-14 17:04:04,Fitria Arini,"cuma tanya aja paket/ kuota baru beli kemarin kenapa ngak bisa lancar ya saat di gunakan, nyendat nyendat seperti TDK ada paket, terimakasih"
playstore,xl,2026-05-14 17:02:33,Deni HENDRIANA SIDIQ,makin parah nih xl akhir akhir ini ganguan mulu padahal ga di pedalaman
playstore,xl,2026-05-14 16:59:31,adi amrull,"XL semakin buruk di segala daerah harap di perbaiki dan bisa lebih baik jaringannya,tidak usah di adakan survei pelanggan dulu!!!"
playstore,xl,2026-05-14 16:54:04,Chandra Arifin,makin kesini makin mahal.. makin kesini makin lemot.
playstore,xl,2026-05-14 16:46:00,bambang Riyanto,perbarui gmn aneh myxl aneh hpus sekalian gak jelas.perbarui udah 10 kali juga
playstore,xl,2026-05-14 16:45:16,rusly kobim,"mantap membantu,klaim bonus nya agar di mutakhir kan lagi,tks"
playstore,xl,2026-05-14 16:24:44,karyaiskandar,"sangat jelek jaringan nya, jelek sekali saya kecewa, iklan nya doang menjanjikan tapi kenyataan sangat jauh sekali jelek sekali,"
playstore,xl,2026-05-14 16:00:31,Def Munte,sangat bagus
playstore,xl,2026-05-14 15:46:08,Rama Alpa,kak my XL saya terus minta di update dan tidak bisa untuk membeli paket data
playstore,xl,2026-05-14 15:30:44,Chairul Mahfud,sinyal sering gangguan
playstore,xl,2026-05-14 15:28:59,Kawarizmi,sinyal taiii
playstore,xl,2026-05-14 15:19:53,Suci Anggraini,kenapa sy tidak mendapat kan bonus isi ulang kuota lagi??
playstore,xl,2026-05-14 15:11:16,Chaerul Umam,"XL kok sinyalnya makin kesini makin kesana yah, muak bnget sumpah lama lama klo kek gini terus gw pengen ganti kartu."
playstore,xl,2026-05-14 15:08:29,Lidawati Dabutar,Memuaskan
playstore,xl,2026-05-14 15:02:30,Raja Angga,"XL skrng semakin terdepan harga melambung tinggi, no promo no diskon👎👎👎,smoga XL bagi2 promo diskon 70% kembali seperti dahulu,,,,,"
playstore,xl,2026-05-14 14:57:21,Rehan mutamimi,"sinyal XL bner""sinyal ny jelek"
playstore,xl,2026-05-14 14:53:28,Fifin Ulfiandani,komentar sebelumnya aku adalah Kritik kali ini enggak banyak kritik cuman mau bilang kali ini enggak ada pulsa paylater yang tiba-tiba masuk tapi nanti gue bakal kritik lagi kalau seumpamanya nggak sesuai sebagai pengguna XL dari 2018 terutama di my XL itu thank you banget untuk bonusnya terutama poin-poinnya bisa ditukar dengan paket darurat foto paket-paket lain atau voucher gitu thank you so much ❤️🍁☺️
playstore,xl,2026-05-14 14:49:16,Samsudin,"sinyal makin kesini makin parah, harga kuata sekarang mahal² parah,satu lagi nih bikin gw kesel, data internet XL gw matiin internetan pake wifi kenapa pulsa gw tau² habis parah XL"
playstore,xl,2026-05-14 14:46:20,Freddy Lie,i i gimana sih aplikasinya mw beli paket aj udh 3 hari pas pembayaran selalu gangguan terus keluarnya
playstore,xl,2026-05-14 14:35:31,Frem Legend vlogs,good
playstore,xl,2026-05-14 14:33:13,Jalal Udin,"sinyalnya jelek bgt, sering ngelag kalah jauh sama provider lain"
playstore,xl,2026-05-14 14:20:49,Aulia Purnama,"hei, kau tau, apk mu sangat aneh, sulit untuk mengetahui sisa pket ku, pket ku boros banget kesedot, 30 gb bsa hanya smpe 1 minggu, pdhl aku ga sesering itu buka sosmed. tolong d perbaiki"
playstore,xl,2026-05-14 14:20:39,YuLiTa,harga paket semakin mahal .. tapi jaringannya suka lelet dan hilang2 . apa lagi aplikasinya lelet parah suka error pas pembayaran
playstore,xl,2026-05-14 14:04:32,Liana Harliana,XL makin hari makin gak jelas sinyal udah beberapa hari ilang2 trus udah beli paket mahal KLO kayak gini mending ganti kartu aja lah
playstore,xl,2026-05-14 13:43:22,Emem SY,jaringan internet sering lemot bahkan gk ada sinyal internet
playstore,xl,2026-05-14 13:28:05,Ainun Jariah,sangat bagus dan banyak banget bonusnya
playstore,xl,2026-05-14 13:25:50,F,sering gagal transaksi padahal sinyal internet lancar
playstore,xl,2026-05-14 13:21:27,Bang mahmud Bang,parah XL kouta gw masih banyak saldo ada tetap aja lemod di jaksel
playstore,xl,2026-05-14 13:19:51,Ibrahim Djai,"paket mahal jaringan laggg parah, apalagi saat hujan sinyal tiba2 hilang bukannya diperbaiki malah disuruh chat sana sini hadehhh...perbaiki dulu jaringan nya baru minta rating bintang 5 nya🤬😤😮‍💨"
playstore,xl,2026-05-14 13:18:01,Rebag Yaa55,lelet bangett jadaahh
playstore,xl,2026-05-14 13:16:46,Ulfi Mufidha,sering update aplikasi malah eror gak ada bagusnya ini XL mending pindah kartu lain yang menjamin kepuasan pelanggan.
playstore,xl,2026-05-14 13:15:05,Apa aja,XL makin kesini makin pelit. bonus isi kuota internet jadi enggak ada sih?. terus poin bonusnya pada mahal dan sedikit Kouta yang didapatkan dari poin bonus tersebut. dan sekarang sinyalnya jelek sering drop padahal full bar penuh dari indikatornya tapi lemot saat memuat browsing internet atau bahkan memuat video YouTube lemot banget.
playstore,xl,2026-05-14 13:15:00,Tessa Efrizia alhindi,wifi lelet jangan dipake guys ke yang lain aja MENGECEWAKAN!!!!!
playstore,xl,2026-05-14 13:14:47,Maya Bella,kenapa jaringan XL sekarang susah banget? masa harga kuota juga makin naik tapi susah sinyal. tolong proses lebih lanjut kak gimana secepatnya diperbaiki jaringannya. tks
playstore,xl,2026-05-14 13:14:01,mr gaming pubg m,"aneh apk gaje,nge bug Mulu pas lagi perlu² nya,gw mau beli paket terus bayar pake qris atau bank,malah di suruh update,pas cek play store kagak ada update aneh"
playstore,xl,2026-05-14 13:05:33,Sulaiman Bisyir,"Halo Tim XL, Mohon bantuannya. Saya ada masalah waktu guna aplikasi myXL. Saya sudah berjaya download dan install aplikasinya. Tapi, setiap kali saya cuba nak login/masuk aplikasi, selalu gagal dan tak boleh masuk. Saya dah cuba banyak kali, tapi resultnya tetap sama. Padahal, aplikasi lain dekat HP saya boleh jalan macam biasa. Agak-agak apa sebabnya dan macam mana nak selesaikan ya? Terima kasih dulu atas bantuannya."
playstore,xl,2026-05-14 12:58:29,Asep jaka,tinggkatkan bonus kuota biar orang tertarik
playstore,xl,2026-05-14 12:45:27,Kusnadi B,"XL di daerah cirebon kalau mendung atau hujan sinyalnya satu buat internetan aja gk bisa,apalagi kalau pas mati lampu ilang semua sinyalnya heran"
playstore,xl,2026-05-14 12:32:51,Kurnia Tumanan,"jelekkkkkk, mahalll , jaringan seringgg hilangg tanpa sebabbb, kalau kualitas masih jelek dimurahin dong"
playstore,xl,2026-05-14 12:29:29,Raja Saputra,tolong perbaiki myxl prabayar saya tidak bisa mengambil kuota bonus XL cirlce
playstore,xl,2026-05-14 12:22:52,SABRAM LEZI,jaringan XL semakin lama semakin jelek
playstore,xl,2026-05-14 12:16:23,Oppoa57 Ok,"banyak gangguan, sehingga mengganggu aktifitas kerja"
playstore,xl,2026-05-14 12:15:23,Fath aidiauliyaginting,halo min kenapa akhir akhir ini sinyal XL gak bagus min tolong perbaikannya yaa min
playstore,xl,2026-05-14 12:10:23,sepintas fajri,5G tercepet t4l.. ngelag mulu
playstore,xl,2026-05-14 12:10:17,Distra Dwi risnanda,tolong dong di perbaiki lagi kenapa setiap mau beli kouta booster/kouta prio selalu bermasalah katanya bermasalah jaringan kurang stabil lah padahal jaringannya aman aman aj kok lancar. XL makin kesini makin ga jelas ga kya dlu
playstore,xl,2026-05-14 11:58:18,Panggil Aja de,Kren
playstore,xl,2026-05-14 11:43:04,arva rayd,bagus
playstore,xl,2026-05-14 11:34:43,Hafis Syahroni,woy kam.pang bagusin dulu sinyal ini sinyal kok ngelek terus padah 5 balok tapi ngelek udah harga paket mahal!! sinya kaya taik
playstore,xl,2026-05-14 11:25:42,Syafa Na,"Pengguna XL dari lamaa, Baru kali ini beli kuota enggak sesuai. Beli 8gb yang masuk hanya 5gb. Chat Maya di aplikasi My XL dari senin (11/05/2026) sampai sekarang enggak ada balasan, disuruh nunggu terus. Tolong min di perbaiki, kecewa dengan XL 🙏🏻"
playstore,xl,2026-05-14 11:18:05,Rahma Monika,"bintang 1, sinyal gak jelas!"
playstore,xl,2026-05-14 11:16:24,Ngurah Aryawan,"gak bisa masuk ke aplikasinya,apa kartunya lama ya"
playstore,xl,2026-05-14 11:15:52,Naufal hanif Faalih,min ini sinyal ngapa lag bet tolong bnerin lh min dari tdi pgi min lag ya tolong bnerin lah jmbt
playstore,xl,2026-05-14 11:12:13,Suhartono,oke banget
playstore,xl,2026-05-14 11:10:00,Dadang Sujana,terima kasih
playstore,xl,2026-05-14 10:58:59,Riko Dyan Agusta,"Aplikasinya benar-benar bikin emosi. Mau beli paket yang memang saya butuhkan malah error terus, loading tanpa ujung, kadang gagal tiba-tiba. Aneh nya, paket lain yang lebih mahal atau kurang sesuai justru lancar tanpa masalah. Rasanya seperti dipaksa ambil pilihan yg paling gak wort jt, lol apk scam"
playstore,xl,2026-05-14 10:56:37,Ade Tiwi,bagus lancarr ke segala internet
playstore,xl,2026-05-14 10:49:28,Rian Kamil,"jaringan lemot, sinyal suka ilang, udah gak kek dlu sat set tanpa nunggu"
playstore,xl,2026-05-14 10:36:10,poppy natasya,sinyal XL susah dari semalam
playstore,xl,2026-05-14 10:35:00,deladelilili22,ok
playstore,xl,2026-05-14 10:31:40,Sigit Pamoengkas,tulisan doang tercepat di Indonesia.. faktanya lemot sinyal 5G aja ga keluar.. parah... rugi beli paket 5G
playstore,xl,2026-05-14 10:25:16,GaDoGaDo Chanel,"XL Sekarang MAHAL,... Pindah Provider lain dulu aja ke si Merah yang Amanah. Kuota XL Boros sy pakai si merah 9GB sehari pakai XL 12GB sehari padahal penggunaan harian sama. XL bocor kaya keran Air netes lama lama Kuota habis walaupun tak di pakai 😭 . XL Korupsi Kuota Pelanggan nya."
playstore,xl,2026-05-14 10:14:32,Muhammad Arka Nazirul,jelek bgt
playstore,xl,2026-05-14 10:14:27,Hari abdul,JARINGAN MACAM APA INI
playstore,xl,2026-05-14 09:55:32,Nasi Bebek,Mau isi paket data suru update mulu padahal udah terupdate gimana sih apknya bukan nya mempermudah malah mempersulit ga kaya yg lain. Tulisanya aja XL Smart tapi ga Smart sama sekali!!!!!!!!!!
playstore,xl,2026-05-14 09:39:08,Beni Ja,ok
playstore,xl,2026-05-14 09:21:39,Suharno Harno,aplikasinya lemot..jaringan lelet. muter2 ga karuan.harga quota paket mahal
playstore,xl,2026-05-14 09:08:44,Ahmad Rijalul Kamal,"lambat, CS tidak bisa dihubungi"
playstore,xl,2026-05-14 08:50:59,Muhammad Aji,mgeleg bgt sinyal nya
playstore,xl,2026-05-14 08:42:56,Awal Kaltex,bgusss
playstore,xl,2026-05-14 08:32:12,dini prihatiningsih,"mau beli paket pake qris gabisa, udah isi pulsa mau bayar pake pulsa gabisa, tulisannya suruh update app. apaan yg mau di update kan baru instal iniiiihhhhh"
playstore,xl,2026-05-14 08:00:13,Aden saputra,jelek
playstore,xl,2026-05-14 07:58:09,Bang Ben,sinyalnya lemot taem
playstore,xl,2026-05-14 07:36:54,comel,"pengguna xl dr sd sampe skrg udh kuliah kecewa sih. makin lama harga paket datanya mahal banget, aplikasi juga gabisa kalau offline. terus apa gunanya ada aplikasi buat beli paket data kalau pas paket data habis gabisa digunain"
playstore,xl,2026-05-14 07:33:15,Karunia Putra,"MyXL waktu dibuka kok gak bisa trus ada tulisan bug dan suruh hapus data,, uda hapus data sama aja g bisa dibuka aplikasinya,, mengecewakan 👎👎"
playstore,xl,2026-05-14 07:25:31,iTeam TOserba,jos
playstore,xl,2026-05-14 07:19:39,Dzakiy,"kartu terkontol yang gua punya masih memding dah telkomsel harga mahal kualitas jangan di tanya lah ini ngomng nya doang 5G pas dipake jaringan suka ilang, harga ga ngotak ngelek ngelek benerin dong."
playstore,xl,2026-05-14 07:17:13,DAMIAN SMITH,"buruk,my XL nya jelek"
playstore,xl,2026-05-14 07:16:01,Joy Marbun,jelek banget... udh di update tetap ajh minta update lagi kalau mau ngisi paket internet
playstore,xl,2026-05-14 06:59:04,anton triyono,versi INI ga bisa di HP vivo y95 tolong perbaiki v8.1 apa ada
playstore,xl,2026-05-14 06:50:34,Rendy Aja,xl rusak
playstore,xl,2026-05-14 06:14:28,Muhammad Khoirul Umam,"aplikasi tambah berat buka awal kadang ngestak gak bisa masuk menu, harga paket makin mahal masa aktif cuman 28hari turnin harga flexMax dan masa aktif jadikan 30hari"
playstore,xl,2026-05-14 06:13:30,Dania Ibrahim,paket datanya mahal....klo lg bokek 5rb aja gak bs buat kuota harian .....
playstore,xl,2026-05-14 06:13:13,Nur Afifah,saya GK bisa beli paket padahal udh saya update gimana cara nya sih
playstore,xl,2026-05-14 05:55:39,Lidi tima Timura,"makin ga jelas paket data tadi gw cek masih sisa 40gb+ dan masa tenggang masih tgl 03 juli tiba"" ludes aja tuh paket data nya sekarang malah suruh isi pulsa"
playstore,xl,2026-05-14 05:09:01,Wujud Tunggal,"sya beli kuota 52 GB batas pemakaian 28 hari di my xl, blum habis waktunya dah habis padahal di layar hp sya yg sudah di pakai 37.08 GB. nah yg jdi pertanyaan sya sisa kuotaku kmana ?"
playstore,xl,2026-05-14 02:19:33,Ryuki Anti-hero,saldo sudah berkurang membayar via qris namun paket tidak masuk
playstore,xl,2026-05-14 02:17:16,Ahmad Fitra,adminnya ga fast respon
playstore,xl,2026-05-14 01:45:13,Jumali Fahlevii,"Udah jaringan nya ngeleg, paket data mahal, promo nya dikit, mahal plus dapet data dikit doang, hadehhh, tolong dong di liat keluhan pengguna min, kalo gini terus bisa ganti kartu"
playstore,xl,2026-05-14 01:44:56,Uwi Nova,semenjak first jadi xl satu.. jaringan ngadat.. buka aplikasi xl satu aja mau bayar tagihan gk bisa.. tolong di up
playstore,xl,2026-05-14 01:27:34,Zaka sofyan,Kuota malam saya masih ada 19Gb tapi gabisa di pakai padahal Sampe 20 Mei berlakunya wkwk .
playstore,xl,2026-05-14 00:41:10,SOBO PARAN,"setengah bintang gak ada ya , kalo bisa gak usah di kasih bintang"
playstore,xl,2026-05-14 00:21:45,Maeri Angga,sinyal jellek bnget sekarang..udah 14 tahun pakek XL..bukan nya tambah bagus..malah tambah error ..
playstore,xl,2026-05-14 00:18:36,Yexxx Lexxjex,tolong kirimin aku paket data
playstore,xl,2026-05-13 23:48:23,ambar lailatul fazri,"aplikasi sering error, lama proses maintenancenya. beli kuota jam 23.40 krna 00.00 udah mau abis masa aktifnya, belum jam 00.00 kuota sebelumnya udah gada diganti sama yang baru beli"
playstore,xl,2026-05-13 23:33:08,eneng armaenah,Mantap
playstore,xl,2026-05-13 23:23:21,Lailatul nur Hamidah,apaan g bisa di-update
playstore,xl,2026-05-13 23:21:53,Jessica Asmara,bagus
playstore,xl,2026-05-13 23:14:34,085 M Rassya Algazali,Selama memakai kartu ini selama bertahun-tahun kualitas/performanya sangat-sangat buruk dan juga buat paketannya juga sekarang udah mahal banget udah gak ada diskon yang menarik.
playstore,xl,2026-05-13 23:09:22,Ibnu Andhika,sinyal jelek
playstore,xl,2026-05-13 23:02:06,Yusuf Maulana,sinyal bagusin lagi
playstore,xl,2026-05-13 22:59:40,Rani Anjar Putri,sinyal xl sekarang buruk. kalau begini terusss saya acari yg lain aja deh
playstore,xl,2026-05-13 22:57:04,Septi Septia,bagus
playstore,xl,2026-05-13 22:53:14,muhammad anuar,sering bug sinyal lag
playstore,xl,2026-05-13 22:42:58,Yadi,Deposit xl prioritas udah 45 hari jdi XL prabayar tapi belum balik.
playstore,xl,2026-05-13 22:41:26,Rudi Priambodo,"sejak merger sama smartkmfret sinyal jadi jelek, plus harga paket jadi makin mahal. ga guna merger dengan smartkmfret"
playstore,xl,2026-05-13 22:32:10,Tobby william Perdana,sangat buruk cok
playstore,xl,2026-05-13 22:22:15,Josh Bernard,"ini gimana si bonus kuota, hitungan sistem xl itu curang ya, kuota dinyatakan aktif 2 hari, di klaim tgl 13 jam 10 malam, eh masa expired hingga tgl 14, itu mah namanya sehari, kalo kasih layanan yg jujur, mual gw sm lu"
playstore,xl,2026-05-13 22:14:42,Elin Tarlina,gak suka banget jaringan lemot kecewa
playstore,xl,2026-05-13 22:13:23,Wandhika Manullang,koneksi taik lambat.. waktunya ganti provider.. percuma bertahun tahun make XL makin kesini bukan makin bagus sinyal dan koneksi nya..malah makin busuk..rugi make paket inet XL.
playstore,xl,2026-05-13 22:09:07,yosep ariyanto,tingkatkan jaringannya
playstore,xl,2026-05-13 22:07:26,Rabil Mt,"woy lah cik ini kenapa sinyal suka ilang Mulu sih gak jelas banget, kadang harus mode pesawat dulu baru ada lagi sinyal nya udah mau 2 Minggu begini Mulu gw woy lah"
playstore,xl,2026-05-13 22:05:58,Dede Indra,biaaaasaaa ajaaaa kelesssss.. tadi nya bintang 5 sekarang w turunin jd 3.. makin kesini XL jaringannya lemot.ngeselin banget nanti Kalo udah normal w naikin lagi tuhh bintang 😡
playstore,xl,2026-05-13 22:00:39,cimia indah,"Aplikasi lemot, sering nge-bug, sering muncul pemberitahuan perbaikan aplikasi tapi malah bikin tambah lemot.. update 4 tahun pemakaian myxl ini sekarang gimna ya,sering sekali saldo saya sudah terpotong tapi transaksi gagal dan tidak ada pengembalian dana yg terpotong, contoh hari ini saya saldo saya sudah terpotong 50k tapi transaksi gagal tidak ada kah sesuatu yg bisa saya hubungi untuk pengembalian dana nya...tolong kebijakannya xl"
playstore,xl,2026-05-13 21:57:30,Rayya Ayya,maap min sy ksh bintang 1 soalnya jatingannya busuukk bngettttt bkin emosi jiwa..!!!!! coba tlg dibantu min utk wilayah kembangan utara jakbar nh... tr klo jaringannya sdh OK bru sy ksh bintang 5 mksh
playstore,xl,2026-05-13 21:54:59,mado mendrofa,kenapa jaringan lelet kali
playstore,xl,2026-05-13 21:48:37,smp it,my xl sangat oke
playstore,xl,2026-05-13 21:48:27,Daffa Putra,"provider jembut,jaringan leg banget"
playstore,xl,2026-05-13 21:43:38,beryylium vibes,"udh bagus sih, cuman saran dari gw tolong di adakan fitur bagi bagi xl poin, supaya sesama temen atau keluarga yg make kartu xl bisa berbagi xl poinnnya ke kita dan ke sesama pengguna xl juga, jadi tolong ditambahin fitur itu ya min biar pengguna bisa saling berbagi poin ke sesama pengguna xl 🙏"
playstore,xl,2026-05-13 21:42:59,Rejo Rejo,"xl lg knp ni, sy beli paket 50rb gagal terus, salah sy coba sampe 4x gagal terus ternyata di rec sy ke debit 4x senilai 200rb pembayaran. sy cek lg di aplikasi tidak ada kuota yg masuk. mau komplain kmn ....."
playstore,xl,2026-05-13 21:42:48,Fahrizal official,"jujur nyesel beli xL jujur banget dah, sinyal lemot dimana ajah sumpah, bukan Ngada Ngada emang ini fakta"
playstore,xl,2026-05-13 21:41:37,Bandang Maulana,jelek
playstore,xl,2026-05-13 21:33:07,Az Miafkia,aplikasi gak jls
playstore,xl,2026-05-13 21:28:07,R. lose,"sinyal lu lelet bgt cuma buka wa aja ngelagnya minta ampun.yang di naikin tuh kualitas jaringan bukan harga,hadeh harga mahal kualitas minim.tll"
playstore,xl,2026-05-13 21:22:58,The Claud,XL = XUPER LEMOT PAKAI XL DI KOTA BERASA DI DALAM HUTAN LEMOTTT BGT
playstore,xl,2026-05-13 21:22:36,cham s,sinyale buosok
playstore,xl,2026-05-13 21:18:50,Agus Priyadi,sudah di upgrade kok masih aja laporan belum di update sistem eror nih
playstore,xl,2026-05-13 21:14:01,Mlik Likk,"jaringan nya jelek kadang tiba"" ilang pas main ml dan mahal juga"
playstore,xl,2026-05-13 21:11:56,Kayla,"ini kenapa y beli kuota byr pke Qris saldo udh berkurang tp kuotanya gak masuk, kecewa sih😭"
playstore,xl,2026-05-13 21:11:09,ahmad rizal alfani,apus aja dari play store gua main ml lag mulu ga jelas ni xl coii buka tiktok aja lag apa lagi main game
playstore,xl,2026-05-13 21:06:43,Bunda Lalunna,jaringan XL wilayah kembangan jakbar belakangan ink jelek bnget min...smpe skit kpla sy coba tlg dibantu deh...
playstore,xl,2026-05-13 21:00:44,Raihan Pamungkas,XL manis di awal doang sinyal ngelag mulu perasaan
playstore,xl,2026-05-13 20:44:21,altha fahannisa,nggak suka kadang² tidak ada layanan kadang² juga ngeleg najis.
playstore,xl,2026-05-13 20:43:33,Rahmat Bae,kenapa xl semakin kesini jaringan semakin gak stabil dihhh
playstore,xl,2026-05-13 20:40:59,merdarefani putri,"XL gak guna, sinyal gak guna"
playstore,xl,2026-05-13 20:28:33,zr fikar,oke
playstore,xl,2026-05-13 20:03:22,Aldy umbu,baik Trimakasih
playstore,xl,2026-05-13 19:51:45,susia waty,oke
playstore,xl,2026-05-13 19:48:29,Kiram Mulloh,XL knpa skrang sering lemot kecewa kecewa pokonya
playstore,xl,2026-05-13 19:40:11,Kim Ex,Leg jagan pakai ini masak pindah 2 meter aja dh gabisa ngpa ngapain jaringan ini sudah 1000 tahun saya pakai xl tpi sama aja hujan sedikit hilang jaringan
playstore,xl,2026-05-13 19:38:46,Muh Ilham,"ini XL makin lama makin ga jelas masa XL circle udah penuh 2 kali tapi bonusnya hanya bisa di ambil 1 kali doang, mana MAYAnya ga kasih solusi. mohon adminnya untuk kasih kayak dulu lagi"
playstore,xl,2026-05-13 19:34:55,Qurrota A'yun,"gabisa login terjadi gangguan Mulu, udah isi nama sama nomor ttep gabisa chat Maya alasannya tidak valid muluu tolong dong tanggung jawab kasih solusinya."
playstore,xl,2026-05-13 19:34:30,Sidat Laut,kenapa ga bisa beli pulsa si
playstore,xl,2026-05-13 19:28:23,Qurrota Ayun,"gimana mau make internet klo gabisa login, trus gimana solusinya??"
playstore,xl,2026-05-13 19:26:52,Mar Marwati,coba dulu xl
playstore,xl,2026-05-13 19:17:37,Luh okta pitriani,Knp myXL berbeda?
playstore,xl,2026-05-13 19:16:53,Slamet Riyadi,ok
playstore,xl,2026-05-13 19:10:11,Siti Fatimah,"Selain harga paket yg semakin mahal dengan kuota yg tidak seberapa sistem XL benar2 mengecewakan. Saya mengaktifkan batas penggunaan kuota jadi saya tau berapa kuota yg saya pakai setelah pembelian paket, dulu saya beli paket 65 gb dan baru digunakan 59,27 gb tapi tiba2 paket saya dikatakan habis padahal masih ada sisa kurang lebih 5 gb, dan juga kadang saat beli paket kuota yg di beli tidak sesuai dengan apa yg tertera (misal beli paket 33 gb tpi yg datang malah 30 gb)"
playstore,xl,2026-05-13 18:49:26,Rahmat22,ga ada bintang paan coba leg mulu padahal Bojong bukan Plosok Plosok banget dah
playstore,xl,2026-05-13 18:46:55,Rudy prince,sayang sekali tidak ada paket dibawah 5rb dan jika mau ambil bonus kuota harus ada kuota aktif.
playstore,xl,2026-05-13 18:42:05,Irman Nur Azkia,mohon jaringannya di kondisikan
playstore,xl,2026-05-13 18:41:02,Aulia Ramadani,"udah lama make xl, udah mau 3 tahun, kecewa banget padahal kouta masih banyak, tapi tiba tiba jaringan hilang dan udah ku isiin 2x kouta nya tetep sama aja, jujur kecewa banget sama xl, udah di percayai banget sampai ga pernah ganti kartu and no, semoga hal ini bisa segera di tangani pihak xl."
playstore,xl,2026-05-13 18:39:37,Sugito Sugito,"makin ksini makin parah jaringan xl,,"
playstore,xl,2026-05-13 18:32:19,Munir xxx,gak jelas sinyal suka ilang sendiri servernya banyak masalah
playstore,xl,2026-05-13 18:19:30,Asep Firmansyah,kenapa skrg jaringan XL jelek bgt lebih jelek dari sebelumnya
playstore,xl,2026-05-13 18:10:34,Ahmad Nur Latif Prayoga,"pengaduan xl satu sangat slow respon, mending di pegang oleh First Media kembali saja"
playstore,xl,2026-05-13 17:58:32,Asep Rohimat,Crash on os 8.1.0
playstore,xl,2026-05-13 17:56:18,Segeri Putra01,"Tdak seauai haarga bebas puaaaas, unlimitit sdh gk ada.. ?¿??"
playstore,xl,2026-05-13 17:05:29,Addi Abdul Fattah,"skr harga kuotanya mahal gak kebeli, kapan harga bisa turun murah spt dulu lg"
playstore,xl,2026-05-13 16:17:00,David Saputra,sinyal buosok
playstore,xl,2026-05-13 16:10:01,REYHAN NI BOS,begini kan aku beli vocer 7gb 28h tu na di situ kan ada tulisan gratis bonus paket na pas udah masuk ko enggak ada bonus nya tolong di perbaiki saya udah beli 10 vocer tapi enggak ada kalo emang engga ada bonus engga usah di kasi tulisan kaya gitu itu namanya penipuan
playstore,xl,2026-05-13 16:08:02,Neng Egi,Lemot
playstore,xl,2026-05-13 16:00:44,Dea Gaming,jaringan lemot suka hilang
playstore,xl,2026-05-13 15:58:10,Wenning Widyani,mulai dh sama aja lagnya dari pagi sampe malem mending simpati daripada xl
playstore,xl,2026-05-13 15:54:23,Bang Koko,"jelek, mau daftar paket aja susah"
playstore,xl,2026-05-13 15:45:52,Tri Antono,sinyal xl sangat sangat buruk.
playstore,xl,2026-05-13 15:35:59,Nikmatul Jannah,LEEMOOOTTTT PAARRAAAAHHHH
playstore,xl,2026-05-13 15:26:45,Iswahyudi Vivo21,"aplikasi makin hari tambah jelek, pulsa udah di isi, giliranmau daftar paket data malah engak bisa, jujur di bikin kecewa"
playstore,xl,2026-05-13 15:18:18,Afriyani radji,"ini knpsih ? sinyal tiba"" ngeleg mau buka myxl gk bsa giliran sinyalnya udh bisa pas liat paketan nya udh 0 , pdhl bru di isi"
playstore,xl,2026-05-13 15:07:58,adail safwan,kekuatan sinyal ampe -90 masa iya gitu percuma dong beli kuota padahal 4G
playstore,xl,2026-05-13 14:44:02,devyanti raudah,GA JELAS JUR NIHH APP
playstore,xl,2026-05-13 14:38:59,Amar Fahri,bgus bgt tapi dikurangi tiba tiba hilang jaringannya
playstore,xl,2026-05-13 14:20:02,Jasmine,"sumpah sel, ini kw makin lama makin dihilangkannya paket paket yang murah di kantong pelajar. dari yang 20k+ till 35k dihilangkannya, padahal buat sebulan dengan beberapa gb saja sudah cukupnya untuk aku yang pakai kalau di luar saja. ya ik kalian emang mau untung, but cmon man. jangan suka ilangin paket yang sering dibeli usernya pls, in this economy kita nyari yang terjangkau"
playstore,xl,2026-05-13 14:17:11,Dian Sky,bagus
playstore,xl,2026-05-13 14:16:41,Masita Ita,mantap keren
playstore,xl,2026-05-13 14:11:43,Evierlynda A2,"jaringan udah eror 3hari jatuh tempo tgl 15 tgl 12 sudah bayar, berharap jaringan bisa di pakai tapi ternyata masih tidak ada akses internet, sudah buat pengaduan ke no cs yang 1, dilempar LG ke no cs 2 dan keduanya gak ada respon dan br hari ini di respon, sejak pagi sampai Skrang di suruh menunggu,karena pengecekan gila aja pengecekan Mulu dr pake Ampe Skrang gak ada selesai2 bener2 buruk"
playstore,xl,2026-05-13 14:07:27,Idrus Affandy,"jelek sekali ngechat maya kagak di gubris, beberapa kali ngelaporin masalah jaringan buruk, gitu2 aja jawabannya, kaga ada tindakan tetep aja buruk jaringannya"
playstore,xl,2026-05-13 14:04:41,Rendi Adhitama,"signal dan jaringan makin kesini makin parah, di bawa masuk ke ruangan rumah atau apapun langsung hilang,di pakai maen game jadi bikin emosi"
playstore,xl,2026-05-13 13:49:53,Kanimahesa Mahesa,sinyal jelek lelet sering ganguan
playstore,xl,2026-05-13 13:26:03,Syaputra Naibaho,bgus
playstore,xl,2026-05-13 13:20:59,Dua Tiga,sinyal ga jelas.
playstore,xl,2026-05-13 13:18:16,momoh,jadi lebih mudah
playstore,xl,2026-05-13 13:10:20,CM SAMIN,jaringan masih jauh dari kata 5g
playstore,xl,2026-05-13 12:58:08,JHONN XEAN,sinyal jelek
playstore,xl,2026-05-13 12:55:04,Wdn Wildan,tolong di perbaiki untuk paket bebas puas yg 3300
playstore,xl,2026-05-13 12:39:10,sujana alf,kenapa sesudah di update di aplikasi kok bilangnya belum di update ?? apa masalahnya
playstore,xl,2026-05-13 12:23:52,Arsya Azka,saya tinggal di dki.. sinyal lama lam semakin susah.. mohondi perbaiki lagi pelayanan sinyal xl nya
playstore,xl,2026-05-13 12:13:59,cella keonho,bgus
playstore,xl,2026-05-13 12:05:21,Ayu Puspita,"udah pakai XL sekitar 8 tahunan tapi jujur sinyalnya makin jelek harga paket makin naik, sekarang aja beli kuota 18GB tapi yang datang cuma 15GB jujur kecewa banget sihh apalagi harga nya tinggi, semoga segera di perbaiki"
playstore,xl,2026-05-13 12:04:18,Amat Chudlori,rampok
playstore,xl,2026-05-13 11:59:18,Zainur Aja,xl luar biasa
playstore,xl,2026-05-13 11:53:20,Lanang Oka,Peningkatan kecepatan aplikasi saat dibuka
playstore,xl,2026-05-13 11:31:18,nana rina,"BGST Udha isi pulsa, beli paket mahal, tetep gk bisa di beli gak guna lu"
playstore,xl,2026-05-13 11:17:38,nizar azizi,udah sinyal lemot harga paket nggk ada yg diskon
playstore,xl,2026-05-13 11:14:00,Arsya Eylis,makin kesini makin lelet jaringan nya
playstore,xl,2026-05-13 11:09:48,Ayyas Juman Almujahid,error mulu aplikasinya apaan dah kaga jelas lu bintang 1 selama belum berubah benerin lah bos gua udah beli saldo banyak bangk
playstore,xl,2026-05-13 11:03:31,Akbar Ramadhani,Ngeleg parah berhenti ku beli kuota mu
playstore,xl,2026-05-13 11:02:39,Humairah,bagus
playstore,xl,2026-05-13 10:50:31,Daniel Agusta,"Complaint saya ke XL. 1. Saya membeli paket di MyXL selalu gagal ,padahal sudah update dan hapus cache bahkan sampai berkali-kali install ulang apkikasi hasilnya tetap tidak bisa membeli paket selalu muncul "" Mohon Update aplikasi MyXL anda "" ,sudah melapor ke cust service tapi di suru kirim email dan di mohon menunggu 3x24 jam. 2. Saya membeli paket 5G namun saat saya gunakan di area 5G kecepatannya menurun apalagi di area 4G ,malah hilang jaringannya. Tolong di respon setiap keluhan customer."
playstore,xl,2026-05-13 10:41:00,Keluarga Teguh,"provider ga bisa buat kerja sama sekali,,jangan pada pake xl,,sinyal bapuk,,gua isi kuota 30gb percuma"
playstore,xl,2026-05-13 10:23:53,Wahyu Hamda,"compare dg my telkomsel jauh kualitas apk'nya, my xl ini dikit dikit gangguan mulu"
playstore,xl,2026-05-13 10:12:50,agisna nur fadilah,jangkauan lumayan luas
playstore,xl,2026-05-13 10:04:49,Tio Teda,jelek
playstore,xl,2026-05-13 09:58:35,Akhi Fatih,"Semakin dibeli semakin mahal bro. Terjamin lancar yahh, gw main aja ngeleg banget jir. Penyimpanan masih luas kuota banyak masih ngeleh cuma main game kecil doank?"
playstore,xl,2026-05-13 09:51:32,Mas raihan Raihan,bagus
playstore,xl,2026-05-13 09:48:07,mumu muchsin,makin kesini sinyal makin parah aja xl...padahal gw pengguna XL udah lama bngt...sekarang sinyal penuh tapi bodong gak konek konek buka aplikasi
playstore,xl,2026-05-13 09:47:02,Ali Wibowo,sangat objektif
playstore,xl,2026-05-13 09:46:48,La Vicers x SoL,sinyal ajg
playstore,xl,2026-05-13 09:42:53,Farras Giovanni,"internetnya kurang lancar cabut aja claim internet tercepat di Indonesianya, dari tadi kaga scroll ig tiktok ngelag semua mana sisa kuota masih 11GB lagi mohon jaringannya di optimalkan"
playstore,xl,2026-05-13 09:20:24,Muh Algibran,bagus tolong harga nya makin gila woiiii
playstore,xl,2026-05-13 09:02:34,Fatiha Abidah,"sudah dua kali langganan prioritas, dpet sms dan notif di my xl dapet bonus vidio platinum, tp ga bisa di klaim"
playstore,xl,2026-05-13 08:58:45,Jidan Nouval,aplikasi myxl sering gk nanggapi
playstore,xl,2026-05-13 08:56:07,Indra Azka,udah gak ada diskon gede lagi gak kayak dulu
playstore,xl,2026-05-13 08:55:51,Robi Sunarto,Bagus
playstore,xl,2026-05-13 08:53:41,Yuni23 Yuni 23,apk ga guna
playstore,xl,2026-05-13 08:50:38,M Zibran,apk sialan
playstore,xl,2026-05-13 08:40:47,isjaf 77,harga mahal.kwalitas sinyal tdk lancar perpindahan 4g dan 5g alias sering nyangkut jadi tdk ada koneksi.di myxl ada tarif 7 giga 14 hari mau dibeli tdk bisa.xl operator omdo
playstore,xl,2026-05-13 08:33:20,Julinus Kristianto,makin lama complain pelanggan ga dianggap ga direspon nih XL gmn yah masih lemott bgt jaringan sumpah dah tolo segera direspon keresah pelanggan pihak XL saya pengguna XL udh mau seminggu blm ad perubahan masih aja lemot
playstore,xl,2026-05-13 08:22:38,Gissel Galendra,ok
playstore,xl,2026-05-13 08:16:56,shafira mira,Makin hari sinyal jelek trus maen mobile legends jumping trs mengecewakan GA ADA PAKET YG ISINYA KUOTANYA AJA TANPA ADA LIMIT WAKTU NYA
playstore,xl,2026-05-13 08:12:54,ChikitaKhanza22,"mohon bantuannya saya mau beli paket data tapi diminta update aplikasi terus,sudah di update masih begitu juga, mohon segera..."
playstore,xl,2026-05-13 07:55:38,Ikhsan Haq,"ayolah min harga doang makin mahal, tiap buka aplikasi maintenance mulu, gabisa dibuka pake jaringan wifi"
playstore,xl,2026-05-13 07:35:23,Frankie Chaniago,"pagi tim my xl.saya pengguna setia xl.mau infokan bahwa sebelumnya sinyal XL di daerah Tanjung Karang Bandar Lampung sebelumnya Bagus namun sudah seminggu sinyal XL tidak stabil selalu naik turun kadang hanya 1 bar sinyalnya.mohon bantuan untuk dapat ditindak lanjuti untuk perbaikan sinyal di daerah Tanjung Karang Pusat Bandar Lampung terkendala sinyal XL naik turun.Agar kami pengguna setia xl dapat menikmati sinyal Xl.sukses selalu xl,semakin maju untuk operator terbaik dan termurah.makasih"
playstore,xl,2026-05-13 07:13:43,Khoirunnisa Ramadhani,"sinyal ga jelas, mau nambah paket malah ilang yang pertama"
playstore,xl,2026-05-13 07:08:01,M Rois,jelek signal
playstore,xl,2026-05-13 06:56:12,Sura Ji,Semoga lebih instan/ aamiin
playstore,xl,2026-05-13 06:43:07,Wawan Setiawan,signal XL belakangan ini parah parah parah ..lemot abiss..paket data masih banyak parah parah parah ..lemot lemot..
playstore,xl,2026-05-13 06:33:52,Ashari Go,"barusan banget pagi tgl 13/05/2026 beli kuota lewat aplikasi XL yg masuk poin nya doang kuota nya gak masuk. ini gmn rugi saya pulsa kepotong kuota gak dapet 🫣🥲 sudah chat via aplikasi XL pun tetap tidak dapat hasil yg memuaskan, kuota gak masuk pulsapun hilang 🥲 kapok banget beli kuota lewat aplikasi XL jadinya"
playstore,xl,2026-05-13 06:16:04,chris tofer,cara pembayaran pakai pulsa disuruh update aplikasi dulu tapi di klik ga ada yang bisa di update
playstore,xl,2026-05-13 05:40:13,nur indra,"menu quotanya makin lama makin berkurang dan makin mahal, bonus juga sudah tidak ada lagi"
playstore,xl,2026-05-13 05:03:25,Irwan Sultan,mantap xl
playstore,xl,2026-05-13 03:57:05,Avynda Aviana,"buruk masa isi pupsa 30 ribu dalam 5menit habis 20ribu ,padahal kuota ada kenapa pakainya pulsa dulu engga pakai kuotanya jelek sekarang xl mahal lagi"
playstore,xl,2026-05-13 03:45:25,Andi Firmansyah,Anak rantau
playstore,xl,2026-05-13 02:28:45,b b,"sebenarnya layanannya bagus. tapi karena paket internet pembayaaran asal iya iya aja, di samakan jadwalnya dengan orang tua. hasilnya saya trauma pakai paket XL yang bolong 7 hari, tiap bulan. bayar cepat tapi aktif harinya di bukan itu tujuh hari setelahnya. sangat beresiko kena tarif dasar. mau bilang bintang satu tidak berguna. paling saya akan bilang tidak di sarankan berlangganan paket ke konter yang kasih promo paket setengah harga terus di langganankan. operatornya gak bilang masalahnya"
playstore,xl,2026-05-13 02:05:26,RAPS RAPS,sekarang gak ada kuota malem jadi males pake XL
playstore,xl,2026-05-13 01:18:15,Qeysha Sabrina,xl aplikasi payah..susah d buka..koneksi jaringanku bermasalah..?ad jg jaringan XL yg bermasalah teruuuus..
playstore,xl,2026-05-13 00:48:28,aku suka kawen,"Sangat Bagus,Namun Sayang Saya Tidak Bisa Meminjam Data!!!"
playstore,xl,2026-05-13 00:19:18,Dani Divo,👍👍👍👍👍
playstore,xl,2026-05-12 23:59:06,Tabanan Bali,tambah parah apk nya
playstore,xl,2026-05-12 23:46:14,smartdhi80,"pelyanan call center gak respon, pergantin provider dari internet first media ke xl home makin ancur internet dirumah udah satu minggu mati, bulan depan gua putusin aja lah cape coba cek no id pelanggn 10667844 kenapa mati cape gak direspon"
playstore,xl,2026-05-12 23:42:21,Heri Lita,"kenapa sekarang login jadi susah , mau beli kuota pun gk bisa , mau topup pun bermasalah"
playstore,xl,2026-05-12 23:39:05,0055_Jamaludin,harga paket internet terlalu mahal dan tidak ada bedanya flax mini dengan flax max untuk harganya. hapus saja itu flax mini jika jumlah kuota sama dengan flax max.
playstore,xl,2026-05-12 23:34:12,putranto Kristiono,selalu dapet sms paketan habis...risih.kayak diteror tiap hari padahal paketan masih banyak...ga masuk akal
playstore,xl,2026-05-12 23:30:33,Ocang Cincang,mudahan bagus
playstore,xl,2026-05-12 23:17:35,Sauki Nekat,leg tros bosen amat mahal doang
playstore,xl,2026-05-12 23:05:22,Abah Us,XL duh XL !!! jaringan mu bikin kapok lelet banget
playstore,xl,2026-05-12 23:05:06,Rudi Chandra,ajig ahh rungsing
playstore,xl,2026-05-12 22:59:09,Icha,Pengalaman buruk ya pakai xl. Isi 20GB tapi kualitas internet masih lambat sekali ditambah masa aktif hanya 3 hari. Korupsi macam apa itu?
playstore,xl,2026-05-12 22:53:46,Heru Bull,sudah jarang bonusnya
playstore,xl,2026-05-12 22:49:03,Lemuel Tobing,"aplikasi paling gaje.sudah isi pulsa, malah kena potong krn sms notif bonus dari XL. beli paket susah benar karena kurang pulsa krn dipotong, gagal mulu.. parah. berkurang terus pulsaku.. sisa pulsa pun dimakannya. memang kau ya xl. buat orang marah. kembalikan pulsaku yg kau potong!!! terpaksa beli kuota yang 73rb, padahal isi 100k utk kuota yang 100k dan awalnya ada sisa pulsa, eh, swktu baayar gak bisa malah berkurang dibawah 100k. bayar pakai e wallet gagal mulu, pulsa malah dipotong. naseb"
playstore,xl,2026-05-12 22:40:37,Muhammad Farid,XL MAKIN PARAH AMAT SIH SINYAL FULL KOUTA BANYAK TAPI LEMOT BANGET MUTER MUTER MULU JARINGAN EROR GAK JELAS! PAKET AJA MAHAL MAHAL JARINGAN BURUK!
playstore,xl,2026-05-12 22:31:52,En Ka,"makin kesini makin jelek ya jaringannya gatau kenapa suka bgt tiba tiba lemot gitu, dah dari bertahun tahun pake ini dan cuma 1 yang bikin stay, karena ""nomor utama"" klo bukan mah udah pindah sebelah, update nya suka ga nentu nih harga ganti ganti mulu"
playstore,xl,2026-05-12 22:14:07,Aji Pangestu,"tolonglah jaringan XL buruk sekali di daerah. syaa,,di daerah Karawang,harganya mahal kualitas jaringan buruk"
playstore,xl,2026-05-12 22:13:33,Muhammad Fadhil,"Apalah ini kartu makin aneh,harga mahal tapi jaringan lemot"
playstore,xl,2026-05-12 22:11:32,Minah,mau beli kuota aja susah nya minta ampun. selalu muncul suruh update padahal apk nya udh di update. tolong dong di perbaiki lagi
playstore,xl,2026-05-12 22:07:40,Kipas Angin,kartu tidak bermutu saya sudah pakai XL dari lama tapi kenapa tiba² sinyal saya hilang padahal saya sudah isi pulsa dan kuota di konter..mana harga nya bukan main lagi.. kuota/pulsa saya masih banyak tapi udah nggak bisa dipake semuanya hanguss😭 jujur saya sangat kecewa ...
playstore,xl,2026-05-12 22:04:46,Sonny Pandawa,"tambah hancur,,,, sinyal ampun ,,, mngecewakan"
playstore,xl,2026-05-12 22:01:37,Rattlesky,XL ini kenapa ya sering banget kayaknya bermasalah dan ngelag? Tolong lah segera di fix
playstore,xl,2026-05-12 21:59:57,Fezor rawrr,tolong diperbaiki lagi jaringannya lahh.
playstore,xl,2026-05-12 21:48:58,Mickdad Ibrahim,"XL GAJELAS JARINGAN SEBAGUS"" JADI JELEK TBTB MANA BUKAN HANYA BEBERAPA MENIT/JAM LAGI INI BERMINGGU"" DONG, TOLONG DI PERBAIKI XL, KUOTA MASIH BANYAK JADI ANGUS KARNA WAKTUNYA KEBURU ABIS, KEJADIAN GINI BUKAN SEKALI ATAU DUA KALI"
playstore,xl,2026-05-12 21:47:30,Muhammad Haikal,udah seminggu lag parah
playstore,xl,2026-05-12 21:40:22,Nursanti Widjoyo,"saya pakai XL sejak tahun 2016 padahal, kenapa sudah 1 bulan ini jaringan dan sinyal selalu hilang, data internet tidak bisa di pakai padahal kuota nya banyak. padahal dulu XL provider paling bagus, tapi sekarang..... apa harus ganti provider saja gitu?"
playstore,xl,2026-05-12 21:40:14,Marino 0407,tidak bisa di buka di samsung j7prime akses dial namber 817 untuk aktivasi voucer pun susah
playstore,xl,2026-05-12 21:35:17,Alegria,"pelayanan lambat terakhir pake wifi xl,eror uda 4 hari telfon ke pusat proses nya dua hari kerja lambat pelayanan nya"
playstore,xl,2026-05-12 21:33:45,Harry Guna,Sinyal internetnya mohon diperbaharui lebih baik lagi
playstore,xl,2026-05-12 21:33:35,Pebri Simanjuntak,"jaringan internet super lambat, kadang hilang. xl gila parah"
playstore,xl,2026-05-12 21:32:53,Feri Nur Indriansyah,"ini XL provider paling gangguan seindonesia, nyesal gw beli simcard ini, jaringan full jaya tetep aja gangguan, mending ganti lain aja,"
playstore,xl,2026-05-12 21:26:13,E60 Racing Team,vidio platinum tidak bisa dipake
playstore,xl,2026-05-12 21:21:12,Zun Suun,"Bonus 1,5gb gk bisa dipake aneh"
playstore,xl,2026-05-12 21:12:07,Pagar Nusa,di surakarta lag .. buka tiktok smpai kek berada dlm hutan ...
playstore,xl,2026-05-12 21:09:43,"Andika R. H., S. Pd.",sinyal XL makin jelek 💩
playstore,xl,2026-05-12 21:07:40,Dewi Wulan,"ini sinyal kok belum ada perbaikan gimana ya, masih saja sinyal hilang tanpa sebab dan waktunya cukup lama. kayak mantan saja, kalau seperti ini terus terusan saya bisa jadi mantan pengguna XL juga loh."
playstore,xl,2026-05-12 21:07:08,Welda Yosafat,"kualitas sinyal semakin jelek,apa XL mau buang pelanggan?"
playstore,xl,2026-05-12 20:47:35,Ken Moci,provider dengan jaringan paling ampas se indonesia.
playstore,xl,2026-05-12 20:44:54,Alova Top,bikin pusing
playstore,xl,2026-05-12 20:40:15,Astuti Aurel,sinyal XL sekarang lemot banget
playstore,xl,2026-05-12 20:39:26,Smart9,Alhamdulillah enak aja pake myxl
playstore,xl,2026-05-12 20:38:34,Dit,"jaringan jelek, nyesel beli xl tau gitu gausah beli aja buang"" duit"
playstore,xl,2026-05-12 20:36:23,Al Alfy,Aplikasi sdh di perbaharui Masi tetap tdk bisa belikuota di aplikasi ini
playstore,xl,2026-05-12 20:31:55,Muh. Fahrul Arsan,"Makin kesini makin mengikuti jejak Telkom, paket serba mahal. Jaringan makin tambah lemot. 👎🏻👎🏻👎🏻"
playstore,xl,2026-05-12 20:24:21,Dimas Priyanto,"KENAPA SIH TIAP MAU ISI KUOTA TU GAGAL TERUS, SELALU GANGGUAN GANGGUAN GANGGUAN TERUUUSSSSS... JADI TIAP ISI PULSA TERUS MAU ISI KUOTA, TERUS GANGGUAN, TU PULSA KEPOTONG WOOIIIII.. AYOLAH JGN DRAMA GANGGUAN TERUS TIAP MAU ISI KUOTAAA !!!!!"
playstore,xl,2026-05-12 20:23:37,Salwa salsa,padahal aplikasi nya udah saya perbarui tapi masih ndk bisa di pakai
playstore,xl,2026-05-12 20:21:27,Arya Ardaya,"makin kesini makin ancur min,,masa nonton YouTube dengan kualitas video 240p aja nggk sanggup muter terus hadeuh"
playstore,xl,2026-05-12 20:16:34,Azka Athaya,flexmax nya gaenak
playstore,xl,2026-05-12 20:10:29,Sandi Arya,ini kenapa harga paket internet mahal banget sama lemit banget yakk. tolong dong minn jan dibikin kek gini. padahal saya udh setia pake xl lebih dari 7thn lohh. kalau kek gini terus mending saya ganti paket internet provider lain aja lahh
playstore,xl,2026-05-12 20:07:52,Muhammad Rafli,"kouta mahal sinyal jelek,jaringan 5G belom merata"
playstore,xl,2026-05-12 20:03:46,Fahri aja,bagus banget
playstore,xl,2026-05-12 20:02:57,Rusidi Opet,lanjut..bosku
playstore,xl,2026-05-12 19:54:41,Yudi Wahyudi,sinyalnya semakin hari semakin parah mohon segera di perbaiki
playstore,xl,2026-05-12 19:54:06,Bejo Alif,"PARAH...SETIAP MASA AKTIF HAMPIR HABIS, JARINGAN KAYAK T4111111 PADAHAL KUOTA MASIH BANYAK"
playstore,xl,2026-05-12 19:51:05,genthe lopyu,dh 3 hari erorr mulu mau beli kuota.
playstore,xl,2026-05-12 19:50:34,Yaya Toya,"SINYAL JELEK PARAH, HARGA KUOTA DOANG MAHAL TAPI KUALITAS SINYAL TIDAK BAGUS, SIAP-SIAP AJA LAH NYARI PROVIDER LAIN."
playstore,xl,2026-05-12 19:41:56,Lelhy Sahid,"lelet,,sering di kasih pilihan,,pas isi TDK lgsg terbuka"
playstore,xl,2026-05-12 19:38:56,Wawan Irawan,minimal kalo paket mahal sinyal di perbaiki lah biar saya juga enak dan betah di XL kalo sinyal masih jelek mending ganti ke kartu lain
playstore,xl,2026-05-12 19:33:53,Anhy Anhy,tidak bisa di perbarui
playstore,xl,2026-05-12 19:24:29,Dewi Fitriyani,ok
playstore,xl,2026-05-12 19:10:51,Rafa Muhammad,"saya kasih bintang satu,gara gara setiap saya beli paket sinyal nya ngelag Mulu,tolong operator XL di benerin sinyal terimakasih 🙏"
playstore,xl,2026-05-12 19:08:18,Nanot Sicentill,aplikasi ini bagus
playstore,xl,2026-05-12 19:07:23,Romi Ramadani,kaga jelas!
playstore,xl,2026-05-12 19:05:55,Faisal Ramdani,jngn beli xl karna sinyal nya banyak ganguan Mulu stiap abis magrib slalu sinyal nya ilang ilangan Mulu padahal kuota masih gede baru kmrin bli nyesel gua bli kartu XL
playstore,xl,2026-05-12 19:04:45,srinka nakila,"Pelayanan dari Maya masih kurang bagus dan tidak ada penyelesaian yang tuntas, untuk aplikasi bagus diawal aja lama kelamaan sinyal jelek, kadang isi pulsa terpotong, aplikasi error, dan data tidak dapat digunakan. saya berharap ada perbaikan kedepannya🙏"
playstore,xl,2026-05-12 19:03:50,Minya,"sinyal lu dipake buka ovo kok error mulu, pake Smartfren ga ada error"
playstore,xl,2026-05-12 18:54:24,Abdul Halim,"udah dipenuhi ke versi terbaru malah kurang responsif, perbaiki dulu baru kasih bintang 5"
playstore,xl,2026-05-12 18:49:09,Falisha 777,"tolong perbaiki jaringan🙏, jaringannya suka tidak ada saat dalam ruangan"
playstore,xl,2026-05-12 18:44:23,Achmad Fikri,Kebijakannya Anda Lumayan Saja 0ke Salam.
playstore,xl,2026-05-12 18:44:00,Chalvin Umboh,"signal hilang-hilang isi pulsa buat beli paket dalam aplikasi paket gagal terisi pulsa terkuras sedikit pas mau beli ulang sudah ngak bisa pulsa terkurang padahal gagal beli paket, apalah kartu kayak gini. tolonglah kalau gagal beli paket pulsanya jangan dikurangin lah, harus ngisih lagi buang-buang waktu saja"
playstore,xl,2026-05-12 18:39:37,Vinn Tage,gua tinggal di pusat kota kediri masak jaringan hilang..minimal klo ada perbaikan kan bisa diberitahukan lewat notif aplikasi
playstore,xl,2026-05-12 18:36:28,Dewa r,"kenapa sisa kuota paketnya jadi hilang tidak diakumulasikan? padahal sama paket flekmax, apa karena saya beli paket yang lebih rendah?"
playstore,xl,2026-05-12 18:30:02,rahmat Junisa,annjjjj sinyal nya jlk banget trus paket nya juga mahal
playstore,xl,2026-05-12 18:28:04,Arslansyah Zanki,"Ini cs xl ini kenapa ya, disini mau nanya soalnha abis beli kuota kan biasanya dapet poin, sama nanti kan terakumulasi tuh di xl circle ya, semenjak terakhir kemarin beli kok gamasuk akumulasi transaksinya sama poin xl nya ga bertambah, pas nanya ke admin xl jawabnya lama banget. Terus abis itu pas udah dikirim bukti malah ngilang"
playstore,xl,2026-05-12 18:20:40,Galang Sultaniq,"sinyal nya jelek ga tahan, bener"" harus muter"" ruangan, itupun kalau hoki bisa dapet jaringan bagus, sampe ada niat ganti ke tel.."
playstore,xl,2026-05-12 18:20:24,Reno 123,"beli paket mahal mahal cuma dapet ngeleg nya doang anj, gua turnamen Ampe kalah gara gara sinyal gajelas"
playstore,xl,2026-05-12 18:18:59,irwan setiawan,sangat bagus
playstore,xl,2026-05-12 18:14:01,Made Sutiarsana,"aplikasi lambat, terlalu sering ada pembaruan tapi tetap lambat, kuota mahal, terlalu banyak pembagian nya,,,, padahal saya menggunakan XL dari tahun 2016, baru kali ini sangat mengecewakan"
playstore,xl,2026-05-12 18:08:28,Ali Epih,jangan susah dong orang saya beli data susah banget
playstore,xl,2026-05-12 17:58:46,Auliya Puterin suryani,ini knpa ngga bisa beli paket. malah disruh updat teruus. padahal udah versi terbaru ini myxl nya
playstore,xl,2026-05-12 17:57:27,Fitra jaya Burnama,"awalnya saya merasa cukup puas dengan layanan, tapi sekarang kok kualitas semakin menurun terutama sinyalnya jelek, lemot terlebih lagi saat listrik padam."
playstore,xl,2026-05-12 17:52:42,Dinda puja,"hadeh cape lama-lama pake xl mangkin dongo, harga mangkin mahal tapi kualitas jaringan zonk, jaringan ga stabil, sering mati nyalah mati nyalah, update mulu tapi gapernah ada perubahan, bikin darah tinggi"
playstore,xl,2026-05-12 17:38:44,Ardian Mattapon,beli paket ga bisa malah minta update padahal udah versi baru di play store
playstore,xl,2026-05-12 17:38:06,Azril Muhamad,beli paket nya aman dan terpercaya
playstore,xl,2026-05-12 17:36:20,BLCteam 999,"mau nya XL tu apa ya kata nya paket 5G lebih kencang, namun nyata nya malah putus"" saat di gunakan, jika ingin ulasan saya berubah tolong sesuaikan harga paket mu dan kualitas jaringan mu, harga mahal jaringan lemot buat ap?"
playstore,xl,2026-05-12 17:20:24,fahri aldinata,sinyal asu
playstore,xl,2026-05-12 17:15:15,bangben14 story,jaringan selalu buruk
playstore,xl,2026-05-12 17:12:44,bambang srisadono,ini cara beli kouta bebas puas di myxl bagiamana kok gak ada untuk sekarang
playstore,xl,2026-05-12 17:09:16,herni herningsih,ngasih 5 bintang tp nggak bisa masuk.k myxl 🥺🥺🥺🥺
playstore,xl,2026-05-12 17:04:12,Wiyandi Yandi,Ok
playstore,xl,2026-05-12 16:54:20,muhamad nuralamin,kalo ada paket wa sebulan
playstore,xl,2026-05-12 16:54:08,aiko chan,"aplikasi rusak, ketika saya mau login pasti ada peringatan tidak punya kartu, padahal kartu saya aktif dan tidak kadaluarsa. saat ingin membeli paket ada tulisan harus update dulu, padahal udah di update tapi tetap ga bisa beli."
playstore,xl,2026-05-12 16:51:28,Wiliam,ngelag kali jaringan cok
playstore,xl,2026-05-12 16:46:41,Wahyu j Soelistyo,Bismillah xl .sering hilang sinyal nya baik itu .sinyal hap atau pun sinyal untuk internet ya .( wifi] dan sinyal nya lemah .sekali.ini berjalan sudah cukup lama .sampai saat ini tidak ada perbaikan .mohon di indahkan.
playstore,xl,2026-05-12 16:39:47,Neeta Belo,"kok Punya aku pas mau buat beli paket malah disuruh update terus yah, padahal udah update yg terbaru makin jelek ajah Aplikasinya, makin ngk jelas ajah"
playstore,xl,2026-05-12 16:35:28,Louis Oliviera,"sudah beli data , dana sudah terpotong data tidak masuk, segera di perbaiki. sudah chat maya tidak membantu"
playstore,xl,2026-05-12 16:27:35,Amaq rizal Zal,bagus
playstore,xl,2026-05-12 16:26:38,Rony Suryono,mengecewakan
playstore,xl,2026-05-12 16:25:38,Ahmad Rof8,"sinyal sekarang lemot,tidak stabil,tidak seperti awal pake XL prioritas"
playstore,xl,2026-05-12 16:23:05,Ayy Ink,mahal doang sinyal gajelas
playstore,xl,2026-05-12 16:09:13,Billgot,gak jelas
playstore,xl,2026-05-12 16:02:53,Bona Jenuba,jgn beli ni kartu jaringan nya super jelek👎👎
playstore,xl,2026-05-12 15:45:36,Deden Wahyu Elpiero,"Gk beres kocak, jaringannya makin kesini malah makin kesana. Upgrade ke prio, CS nya malah acuh tak acuh jawab udah gitu ngebalas chat macam seleb, lama bener"
playstore,xl,2026-05-12 15:45:15,ubbi rubbi,mantap
playstore,xl,2026-05-12 15:41:21,Viona Anggraini,"udah di update tapi ttep GK bisa beli kuotanya,ruded apk nyaa gelehhh🫩🤮🤮"
playstore,xl,2026-05-12 15:39:49,Laut Merah,Di daerah saya sawangan Depok signal XL parah banget.. signal cuma 1 garis Internet lambat bahkan buka sosial media aja delay bgt . udah minta tolong ke customer care bahasa nya cuma tolong Matikan hp nya lalu nyalakan kembali.. gitu aja terus ini kasih bintang satu aja biar bisa komen.. aslinya mah kasih bintang satu juga ogah
playstore,xl,2026-05-12 15:34:34,Leonardo Dikapro,daftarnya susah bener
playstore,xl,2026-05-12 15:30:04,Ahmad Jina padli,mantapp
playstore,xl,2026-05-12 15:29:54,Min,"min jujur aku nyesel loh beli kuota lagi, padahal sisa kuotaku tinggal 49gb, beli lagi 5gb buat perpanjang masa aktif, eh malah kuota yang 49gb malah ilang. tau gini mending ganti kartu perdana"
playstore,xl,2026-05-12 15:25:28,Sugiono 19,csnya lambat penanganannya ga kaya sebelah chat langsung di respon dan yg terpenting bukan chat bot yg balesnya
playstore,xl,2026-05-12 15:16:50,Aril Efwanda,sinyal xl jelek buat akses internet susah ga bisa buat apa apa tolong benerin kuota doang mahal kualitas jelek
playstore,xl,2026-05-12 15:14:45,I Kadek Arimbawa,seringkali sinyal tiba-tiba menghilang
playstore,xl,2026-05-12 15:13:08,Mashka Leand Channel,"min.. saya udah isi pulsa 50ribu.. dan masa aktif sampai dgn tgl 30 juni, tp kenapa ada sms dari xl klo besok nomor saya gak bisa di pakai lagi?"
playstore,xl,2026-05-12 15:03:04,gagang gandum,kikir banget lu min saya pengguna xl dari 2019 kecewa sih.
playstore,xl,2026-05-12 14:57:52,Gaming 321,sebenernya sudah bagus tapi soal bonus kuota xl circle 5 gb sering tidak muncul
playstore,xl,2026-05-12 14:55:51,Rahmat Hardianto,lelet
playstore,xl,2026-05-12 14:42:17,Tika Herfina,"mau daftr paket gk bisa katanya aplikasinya belum di update, padahal sudah update di coba ulanh begitu terus, mohon xl kebijakannya yg bener² ajaa, kasian pelanggannya."
playstore,xl,2026-05-12 14:28:59,Nadir Almasih,"perasaan beli paket cepet abisnya, padahal sinyalnya juga lemot muter2.. mana sering gangguan lagi klo beli pakett ........"
playstore,xl,2026-05-12 14:26:45,Eduad Pahala Manurung,"Jaringan makin rusak di 2026, sering lose connection. padahal di 2025 baik baik aja. gua kira awalnya perbaikan, ternyata 6 bulan bukan membaik malah makin buruk udh jadi makin sampah. kecewa sama XL"
playstore,xl,2026-05-12 14:25:24,Lufi Adityas,mahal bet anj
playstore,xl,2026-05-12 14:23:30,Laron Terbang,"Tidak Fantassttt, harga elit sinyal sulit fakir miskin susah sengsara melarat gembel sampah, not recommended, tutup aja sekalian nyempit2 in indonesia doang"
playstore,xl,2026-05-12 14:18:24,Heri Setiadi,Masalah terus kalau isi paket data
playstore,xl,2026-05-12 13:47:42,Purwanto Purwanto,promo di dashboard awal tidak bisa dibeli. hanya pajangan saja.
playstore,xl,2026-05-12 13:43:54,Indri Cahyani,nicee
playstore,xl,2026-05-12 13:31:16,Radhi Qen,"sinyal wifi dan sinyal data terburuk, ga usah pakai xl"
playstore,xl,2026-05-12 13:29:55,Pur ama,ngebug pembayaran nya gak bisa qris
playstore,xl,2026-05-12 13:23:05,Ariya Aja,kenapa saya gk bisa masuk myxl kenapa harus masuk kan nomor dulu tidak seperti itu jadi tolong di bantu untuk bisa login ke myxlnya
playstore,xl,2026-05-12 13:09:39,Rahul Aptanio,paketan sering ngebug beli banyak dapet dikit
playstore,xl,2026-05-12 12:47:14,Ks Wanto,nice
playstore,xl,2026-05-12 12:40:03,Tubagus Muhamad Syahrullah,"live chat agen lama bales nya, gak ngasih solusi sama sekali, malah ngasih informasi doang mengecewakan, kecewa berat sama xl, harap di perbaiki layanan nya, customer live chat agen tuh cari solusi bukan tanya jawab dan pemberitahuan, yg di butuhkan penyelesaian"
playstore,xl,2026-05-12 12:36:40,AWN AWN,"gk jelas, kartu xl saya katanya sudah tidak aktif jadi mau saya reaktivasi, nah di apk ini sudah saya ikuti panduannya untuk reaktivasi dengan nomor iccid di kartu fisik tapi katanya salah, nah saya mau reaktivasi melalui web, tapi katanya""eror kartu anda masih aktif "" jadi ini yg benar yg mana,"
playstore,xl,2026-05-12 12:19:10,Ahmad Gojali,kocak tiba tiba paketan naik..
playstore,xl,2026-05-12 12:16:59,Afintri,"kenapa sinyal sering hilang ,mau ganti tapi sayang sudah pake xl bertahun tahun"
playstore,xl,2026-05-12 12:14:41,Iwan Setiawan,dukungan app ok
playstore,xl,2026-05-12 12:07:56,Fahri Irwansyah,ini kenapa myxl circle nya masih 0 ya kan udah nyampe tergat nya 100rb Terus sekarang kalo setiap beli paketan udah gak pernah dapet bonus nya
playstore,xl,2026-05-12 12:07:12,Rizki Malik Ibrahim,"Apaan ini XL, emang gk punya paket perpanjang masa aktif sampe setahun adanya 3 hari/seminggu doang bikin ribet kalau beli satu satu, monyet gk ada perubahannya perpanjang masa aktif masih sama seminggu,gk bisa kayak axis ada paket setahun 3 bulan"
playstore,xl,2026-05-12 12:06:21,infinix spt,jelek
playstore,xl,2026-05-12 11:53:10,dian prastyowati,kenapa kah. padahal ada pulsa nya mau beli paket data malah gak bisa percuma ngisi pulsa
playstore,xl,2026-05-12 11:42:05,Indah qotrun nada,sinyal sangat buruk
playstore,xl,2026-05-12 11:33:59,Wandi Kurniawan 1980,Mantap 🔥🔥🔥
playstore,xl,2026-05-12 11:25:36,Dandi,jaringan jelek sering gangguan gak enak buat nge game
playstore,xl,2026-05-12 11:04:06,Setyo Kuncoro,tolong untuk bug XL circle masih ada udah 100 ribu transaksi tapi gak dapat bonus udah 2 kali ini saya tolong perbaiki dan kembalikan bonus yang udah didapat
playstore,xl,2026-05-12 11:03:01,Azkayra Alya,terlalu banyak iklan
playstore,xl,2026-05-12 10:56:09,Joni yulianus andek Joni,paketnya mahal
playstore,xl,2026-05-12 10:53:30,Miss Basel,mantap
playstore,xl,2026-05-12 10:49:40,Fajar sidik,Aplikasii gajelasss gabisa klik kemana mana gabisa ngambil reward intinya aplikasi ini sampahh banget keseringan bug gak niat bikin software mendingan gak usah. provider apaan ini sinyal ilang terus dan layanan komplen juga gk di gubriss.
playstore,xl,2026-05-12 10:44:10,Dimas Anggoroseto,sinyalnya buruk
playstore,xl,2026-05-12 10:39:22,Jonathan Alexander,"Ini hrs dipecat sih apps developernya,,,, makin kesini koq ancur bgt, ga bsa dibuka"
playstore,xl,2026-05-12 10:39:10,Al Zangky,xl tidak bisa di percaya
playstore,xl,2026-05-12 10:35:18,Saufa ulhusna,sangat baik
playstore,xl,2026-05-12 10:33:16,Anik,bagus
playstore,xl,2026-05-12 10:14:37,Mangku Harry,aplikasi sangat bagus
playstore,xl,2026-05-12 10:05:30,Iksan Fairuz,sinyal ngeleg tolol
playstore,xl,2026-05-12 10:03:53,Truelin Lavlina,puass bngt beli pqket data disini
playstore,xl,2026-05-12 09:56:30,Art,"semakin lama xl kok semakin jelek di sinyal, kok tambah lemod, bahkansuka putus.. sinyal internet maupun noninternet."
playstore,xl,2026-05-12 09:50:19,hafid muliansyah,"aplikasi sering eror, payment sering gagal gak jelas,"
playstore,xl,2026-05-12 09:42:10,Muhamad Yusuf,sinyalnya jelek bangt seiring leg parah ni xl
playstore,xl,2026-05-12 09:27:25,Re Widhi,signalnya sering bgt gangguan.. bikin g lancar ini itu.. pdhl dr dlu pke itu bagus signalnya.. ke desa pun aman.. skrg biiiiiyuuuuuh... aloooot bgt.. harga jauuh lebih mahal dari yg sebelumnya.. promo paketan sdh ga prnh ada.. eeeeh tp layanan yg dikasih malah turun.. harga naik tp signalnya makin amsyooong
playstore,xl,2026-05-12 09:22:30,Dek Padmalahne,"Slmt siang Semua Tim XL,salam hangat dari saya User setia anda, saya hanya mau menyampaikan keluhan saya mengenai masa pakai paket internet selama sbulan,saya merasa aneh saja,tatkala penggunaan paket internet saya masa pakainya dipangkas shari, bukan tanpa alasan keluhan saya ini,saat membeli paket internet tertera masa pakai sampai tgl 12 hari ini sampai pukul 00.00,sudah jelas semestinya masih bisa dipakai ut hari ini sampai batas jam 12 malam nanti baru habis, tapi nyatanya zonk,bug-kah ini?"
playstore,xl,2026-05-12 09:20:14,Fans Gaming24,"aplikasi busuk beli kuota paket Qris, malah ga masuk kuotanya, tp Saldo gue kesedot, Bubarin aja"
playstore,xl,2026-05-12 09:18:07,boy hidayat,makin pelit
playstore,xl,2026-05-12 08:57:39,Taufik ismail Taufik,mantap
playstore,xl,2026-05-12 08:54:55,Septi Mila,"kartu xl biz, kata cs tiba2 nonaktif karna tidak ada penggunaan kata nya, pdhl kan udah beli kuota 1gb, jadi kriteria kartu biar dianggap aktif itu, kudu beli kuota yg seperti apa? coba dijelaskan"
playstore,xl,2026-05-12 08:35:07,Ahmad B,"untuk Tanya k CS nya Susah dan berbelit belit, saran pakai yg lebih jelas pelayanan aftersale nya aja, jangan yang seperti lepas tanggung jawab, menghubung k CS kalo ada masalah lama dan g d balas"" kalo yg d kota besar mungkin lbh baik k kantor Cabangnya untuk yg d daerahnya g ada kantor cabang CS mending pake Provider lain aja, XL belum siap serba Online soalnya,"
playstore,xl,2026-05-12 08:06:43,Tri,"SEJAK FIRSTMEDIA MERGER KE XLSATU, PELAPORAN SANGAT LAMBAT SEKALI PENANGANANNYA.. PAADAHAL SUDAH BERKALI2 VIA TELEPON JUGA BELUM ADA TINDAKAN PERBAIKAN KE LOKASI... CHAT WA CUSTOMER CARE JUGA BALASNYA GA KIRA2 LAMANYA DAN NGGA NGOTAK..."
playstore,xl,2026-05-12 08:01:42,Haidar Has,very good my XL
playstore,xl,2026-05-12 07:53:48,Upa Upi,"promo fake , beli paket 187rb untuk 144gb tapi setelah cek out yang masuk malah 78gb"
playstore,xl,2026-05-12 07:47:36,Hasan Basri,"buruk beli kuota lama banget lu pikir ngutang signal jelek, apa lagi kalau hujan hadehhhh kata gue mah mending tutup aja lah mana kuota nya mahal²"
playstore,xl,2026-05-12 07:21:22,Agos06,aplikasi nya jelek parah
playstore,xl,2026-05-12 07:19:13,MUHAMMAD ABDUH,mantap
playstore,xl,2026-05-12 07:02:13,Mardiyanto property syariah,"semenjak firsmedia jadi XL satu bukannya makin bagus ,malah internet makin lemot,"
playstore,xl,2026-05-12 06:47:34,Bekti Bianconeri,aplikasi bintang 1.. chat keluhan di alihkan ke WA.. tp respon lambat sekali.. pake telpon call center keterangan update.. tapi aplikasi sdh versi terbaru selalu keterangan update mulu.. di playstore sdh gak bs di update lagi.. terus komplain ke mana?
playstore,xl,2026-05-12 06:24:28,Su Mitri,jaringannya kurang bagus bahkan gag ada di tempat saya
playstore,xl,2026-05-12 05:36:52,Aline Dion,update 5G sinyal malah makin bobrokk
playstore,xl,2026-05-12 05:20:59,Vina Channel,Tak bisa di akses oleh no XL prioritas saya.
playstore,xl,2026-05-12 03:29:28,Moh.hidayat Moh.hidayat,tidak bisa masuk ke my XL kenapa
playstore,xl,2026-05-12 03:09:17,Carlissa arini Lestari (Arin),tambahin fitur titik maps biar operator tau kalok di daerah itu sinyal xl buruk.internet lemot.padahal di dalam kota besar
playstore,xl,2026-05-12 02:52:09,amirul amri,"apalah semua paket jadi 28 hari, jelek"
playstore,xl,2026-05-12 01:44:23,Chen,"Mohon etikad baik dari pihak XLsatu, Tagihan sudah lunas sampai sekarang internet masih mati, tidak ada pemberitahuan apa apa, baik lewat sms, email apalagi notif di aplikasi, bobrok parah, jangan anggap sepele hal hal seperti ini, kalian kehilangan banyak konsumen nanti"
playstore,xl,2026-05-12 01:33:52,Anindya Zahra,gak bisa login gimana ini
playstore,xl,2026-05-12 01:16:00,Arfian syah,sumpah loh paket ane masih ada 200 gb lagi malah ilang tiba² gara ada MT
playstore,xl,2026-05-12 01:11:55,Gilang Permana,ga bisa dibuka
playstore,xl,2026-05-12 01:09:22,Pipit Safitri,"sinyal nya jelek bgtt, tolong di perbaiki"
playstore,xl,2026-05-12 00:54:23,Johan Adriansyah,"well well well ada apa ini dengan XL, paketku masih ada 17Gb tiba tiba lenyap entah kemana padahal cuman dipake ngegame kikirr final boss sekarang yee"
playstore,xl,2026-05-12 00:09:14,Fuad Hamim Mashuda_STAFFINC,"SEKARANG XL DIMANA MANA SINYAL PELITT,,,, UDAH GAK PUNYA TOWER, HILANGIN AJA KARTU XL DARI INDO!!!! JANGAN ADA YANG PAKE ATAU MAU BELI DARI PADA MENYESALLL !!!!"
playstore,xl,2026-05-12 00:07:29,Hairul Anam,bagus
playstore,xl,2026-05-11 23:56:54,Azril Cell,sangat buruk sekarang xl
playstore,xl,2026-05-11 23:39:16,Jatima14,jaringannya sangat bagus
playstore,xl,2026-05-11 23:39:10,Ferry Eka,gimana ceritanya saya tinggal di kota besar 3 hari 3 malam jaringan terganggu terus. menganggu waktu kerja. internet tidak bisa dipakai sama sekali. tolong lah diperbaiki lagi jaringannya sekaligus SDMnya juga. sangat kecewa dengan perkembangannya. bukannya malah cepet malah lambat. tolong dikembangkan lagi
playstore,xl,2026-05-11 23:33:33,senja jibril,makin hari makin jelek sinyalnya
playstore,xl,2026-05-11 23:28:10,Kiwil Yoe,ngga ada pembaruan tpi pas beli paket mau bayar harus pembaruan
playstore,xl,2026-05-11 23:16:43,Yawyaw Vanjava,mantap
playstore,xl,2026-05-11 23:13:39,Kistanto Rosels,xl ga jelas udah bayar masih suruh nunggu 3*24jam baru aktichat my xl juga g ada respon.
playstore,xl,2026-05-11 23:11:27,Kim Habibi,"Makin sangat mengecewakan untuk kesekian kalinya saya beli paket internet tidak sesuai dengan apa yang diinfokan di myXL tidak akan beli paket internet di XL, padahal saya pengguna lama bahkan termasuk katagori setia ke XL sejak pertama punya hp jadul zaman kartu JEMPOL pertama kali diluncurkan hadeh... pake XL cuma gara-gara ini nomer pertama yang dipunya"
playstore,xl,2026-05-11 23:10:54,Kiano Zai,"xl ini sanggat bagus, tapi kesalahan nya setiap ada updet kita gak bisa beli tapi itu tidak jafi masalag bagi saya, terimakasi"
playstore,xl,2026-05-11 23:02:51,Muhammad Zamrozik,kartu XL ini emang gak jelas Singal nya nyesel aku beli karu ini
playstore,xl,2026-05-11 22:47:28,Ilyasyah 03,"kenapa makin hari jaringan XL makin lemot?, gw main geme aja udh pake data plus wifi, tapi tetep aja lemot kenapa ya, dan gw buka sosmed juga kadang ngeleg, apa ada gangguan?, masa ganguan setiap hari"
playstore,xl,2026-05-11 22:46:25,Ismi Sholihatina,"ini jaringan XL kenapa sih dari hampir 1 Minggu kalau gak jelas bangettttt. tiba-tiba sinyal jelek banget di rmh. drop gitu aja udah berkali kali ngehubungin maya buat perbaikan jaringan cuman bertahan beberapa jam doang abis itu jelek lagi sinyalnya. makin kesini makin muak pake XL. udah seenaknya naikin harga paket nya, pemakaian nya jadi berkurang, bonus bonus kuotanya pun berkurang. makin lama paket XL bukannya makin bagus tapi makin jelek. heran !!!!!!"
playstore,xl,2026-05-11 22:42:35,Soni Susanto,"menyebalkan sekali aplikasi my XL.. saya isi pulsa yg 25.000 mau beli paket flex mini 12GG/7 hari, dicoba berulang ulang selalu gangguan, giliran beli yg 20rb 7GB langsung berhasil... terus sisa pulsa saya setiap hari dipotong sesikit demi sedikit sampai akhirnya nol"
playstore,xl,2026-05-11 22:32:10,asti Amalia efendi,jelek sekali masak beli pulsa di gopay berhasil tapi di my XL pembayaran gagal tapi uang gk kembali lantas uang tu lari kmna?
playstore,xl,2026-05-11 22:30:52,Muhammad Aditiah,aplikasi apa an ini keluar terus pas mau masuk error trus
playstore,xl,2026-05-11 22:30:43,Mochamad Salis,pelayan sabgat jelek sekali dan lama hampir berhari hari tdk keluar solusinya
playstore,xl,2026-05-11 22:21:27,Jefry Barus,"jaringan nggak berguna,lelet lemot"
playstore,xl,2026-05-11 22:20:47,Zidan Zidan,wahhh jadi bagus kembali thanks yah⭐⭐⭐⭐⭐😁
playstore,xl,2026-05-11 22:18:55,Haryadi,"Plan kuota bersama saya kartunya mati total dan tidak bisa dipakai sama sekali sdh lbh 1 thn sdh lapor chat dijawab Maya, katanya masalah jaringan tp sampai sekarang masih mati total padahal bayaran plan tambahan jalan terus. Internet saat ini lemot sekali padahal sdh tambah extraboost reccuring..ngadu via chat WA responnya lama sekali dan tidak tuntas. Bagi yg belum terlanjur pasang, pikir2 lagi deh saat mau putuskan pakai XLHome"
playstore,xl,2026-05-11 22:11:59,Dimas Averil,daftar xtra Combo plus VIP. hanya quota reward yg masuk. kini sinyal internet yg menurun. entah apa maunya.
playstore,xl,2026-05-11 22:11:48,Ali Wijaya,udah ada paket kuota tapi gabisa di pake apa apa
playstore,xl,2026-05-11 22:08:33,Anjani Nisa,kasi bintang 5 aja dulu
playstore,xl,2026-05-11 21:54:56,blue pineapple,"mau beli paket aja susah, harus update mulu padahal sudah versi terbaru"
playstore,xl,2026-05-11 21:54:32,Ahmad Ridha,"jaringan jelek, suka hilang tiba2"
playstore,xl,2026-05-11 21:47:38,Radja Dasendria,"udah 3hari lebih jaringan di Kelurahan Muara Enim, Sumsel lemot bgt, giliran chat CS dah kyak BOT refresh² jaringan doang."
playstore,xl,2026-05-11 21:46:19,Yoga Adnanto W,jaringan lu jelek bosssss
playstore,xl,2026-05-11 21:45:45,Satria Anggara,"jaringan XL jelek bngeut parah,,Uda tutup aja jaringan jelek terus payah"
playstore,xl,2026-05-11 21:44:52,Laode Ardan,"makin ke sini makin mahal aja paketnya yang dulunya murah sekarang makin mahal, malahan makin parah di banding yang sebelah"
playstore,xl,2026-05-11 21:38:11,Diki Zaenudin,"sinyal XL makin parah cewa banget padahal saya beli paket engga gratis ,mohon di perbaiki min"
playstore,xl,2026-05-11 21:38:04,Ambar Widiastuti,apny lelet. pilihan bli kuota nya dikit dan mahal banget. dn lagi uda 5 kali pasang vocer gak dapat bonus. mohon di perbaiki
playstore,xl,2026-05-11 21:30:18,Muhibbah Hibbah,gak bisa beli kouta di apk my xl mengecewakan
playstore,xl,2026-05-11 21:29:08,SNCi,"Jaringan lelet sekali. Tidak ada perbaikan. hujan sedikit, jaringan hilang. Angin kencang sebentar, jaringan hilang. Katanya 5G tercepat di Indonesia. Tidak sesuai sama sekali ."
playstore,xl,2026-05-11 21:28:32,Iwan Rizwan,knp ya saya tidak bisa login ke myXL
playstore,xl,2026-05-11 21:26:00,Eni Angraeni,"xl kenapa makin kesini jaringannya makin jelek makin lelet ya, tolong perbaiki dong ,,"
playstore,xl,2026-05-11 21:25:33,Redmi 14,sinyal keseringan lemot aneh
playstore,xl,2026-05-11 21:24:06,Dewi Ndut,baik
playstore,xl,2026-05-11 21:22:21,Vicky zulio Familyan,ampas jaringan lambat ga guna
playstore,xl,2026-05-11 21:21:41,Ujang Ujang,"jaringan nya leg banget, tolong di perbaiki lagi myXL"
playstore,xl,2026-05-11 21:18:49,Fery Setiawan,di perangkar oppo f1s sudah tidak bisa digunakan semenjak update lagi mengecewakan tidak bisa transaksi.. Mohon bantuanya bagi penguna android oppo f1s
playstore,xl,2026-05-11 21:18:28,Sha queena Kailee,setelah update mlhan setiap beli paket data masa aktifnya sesuai jam aktif tidak seperti dulu sampai pukul 00:00 pdhl kdng dipakai sampai tengah malah ehh skrng malah seperti provider yg lain mengecewakan
playstore,xl,2026-05-11 21:17:45,Candra Stones,payah ..aplikasi penghilang pulsa udah mah jaringan payah eh beli kuota saldo di kurangin kuota belum masuk ga masuk masuk hangus ..payah sekali .. apa harus ganti yg sebelah ..lama lama ganti kartuuuuuuuuu
playstore,xl,2026-05-11 21:12:03,Andrie Myname,woy ge udah ga punya hutang kenapa masih potong pulsa gw.... balikin... lu cek sendiri
playstore,xl,2026-05-11 21:10:06,Nur aeni1504,mantap
playstore,xl,2026-05-11 20:59:04,Satriadhanara,kenapa susah sekali menghubungi operator? saya ingin melaporkan kerusakan jaringan internet kemana lagi? via whatsapp tidak ditanggapi.
playstore,xl,2026-05-11 20:55:57,Al Fakir,cek kouta gak pernah tampil.coba berapa saat lagi terus
playstore,xl,2026-05-11 20:48:02,black white,"lalot bener jaringannya, ini kapan diperbaikinya"
playstore,xl,2026-05-11 20:41:30,GALANG ANDRIANSYAH,"sinyal busuk gajelas, masa nonton live mpl aja ngelag mana main ml lag parah, ga recommended bnget ni sinyal, tau gitu dari dulu ganti kartu cuih"
playstore,xl,2026-05-11 20:32:33,Rianty 0912,"sinyal kalau hujan atau listrik padam, wassalam (hilang). ini kayaknya cuma buat kaum penyabar. untuk paketnya, makin kesini Koutanya makin sedikit harganya makin mahal. ini kayaknya cuma buat kaum sultan. udah itu aja. 🙏"
playstore,xl,2026-05-11 20:30:57,Mila Yanz,"XL jaringan lemot,,,,ccccxzghfyjcfjf"
playstore,xl,2026-05-11 20:28:55,abdul Jalalil,"jaringan kenapa jadi jelek, ngelag abis"
playstore,xl,2026-05-11 20:17:49,Abidin Fahrul,bajingan ngeleg bawi
playstore,xl,2026-05-11 20:10:22,Dika Elek,mantap
playstore,xl,2026-05-11 20:09:47,sahrul padli,"makin lama makin lemot sinyalnya,bagus diawal aja"
playstore,xl,2026-05-11 20:09:17,Puput Ssmta,"nyesel bgt pake XL, Paket ku terbuang sia"" gtu aja, g ada sinyal samsek, kdng suka ngilang, apk nya pun pas di buka lelet banget, pokoknya nyesel bgt dh pake ni kartu"
playstore,xl,2026-05-11 20:06:21,Arnto Arnto,provider assuuu main game lag parahh udh kayak dihutan
playstore,xl,2026-05-11 20:05:41,M_Cis,"sinyal buruk banget. simbol signal aja segede gaban ""5G Tercepat di konoha"" tapi superr lemot utk sekedar buka komentar di Tiktok aja sejam lebih baru muncul.... tolong diperbaiki jangan bikin konsumen kecewa...."
playstore,xl,2026-05-11 20:04:45,Syakira,suruh upgrade tapi di akunnya tidak ada untuk upgrade nya
playstore,xl,2026-05-11 19:58:47,Candra Mahardika,isipulsa sudah diapdet sudah giliran mau blipaket di myxl malah muncul kalimat aplikasi anda blum diapdet harus diapdet bagemana lagi ya tolong dong xl infonya
playstore,xl,2026-05-11 19:58:25,Pengguna Google,Ngisi pulsa tapi belum masuk masuk
playstore,xl,2026-05-11 19:40:34,Introvert Man,tiap buka aplikasi suruh autentikasi login..udah berhasil login giliran mau beli paket suruh update aplikasi..padahal baru update...gitu aja terus boss
playstore,xl,2026-05-11 19:35:35,Angga Sefullah,kacewa yah isi pulsa 10 ribu buat pakai otp mbangkin jaringan data pakai jaringan wifi . pas cek pulsa sisa 2000 an lagi. kemana itu pulsa nya 🤣🤣🤣🤣🤣🤣
playstore,xl,2026-05-11 19:30:12,Rizki Wildan,"sekarang saya puas,mantap jaya,moga aja app ini selalu unggul,mau mepet di tembok,atas pohon pokoknya on terus"
playstore,xl,2026-05-11 19:25:26,Lukman Amma,nyesel sekali sy belli kartu XL jaringannya jelek sekali mna tambah mahal naik trus .jaringannya TDK pernah diperbaiki buang buang uang sialan
playstore,xl,2026-05-11 19:15:56,Heru Sucipto,"banyak fitur gak bisa digunakan, mau live chat pengaduan aja susahnya minta ampun"
playstore,xl,2026-05-11 19:12:32,Gus Kris (Jik kris),awalnya bagus dan cepat koneksinya makin lama berlangganan kurang cepat dan signal sering hilang.
playstore,xl,2026-05-11 19:12:14,ANGGI JANUARTI,bener2 Kecewa sekarang makin parah Tidak ada sama sekali promo diskon kartu xl
playstore,xl,2026-05-11 19:10:30,Anxell Tesya,jelek bgt skg sinyal xl padahal ga prnh telat isi pulsa isi kuota tp mubazir jdnya ngeleg mulu
playstore,xl,2026-05-11 19:05:41,Ziva Hodijah,"sinyal.ya jelek banget naik turun, menghambat usaha dan bisnis"
playstore,xl,2026-05-11 19:03:30,Sifa Bilal sifa,ngelag
playstore,xl,2026-05-11 19:00:59,Resti Handayani,plis kenapa bebas puas udah ngak ada 😭 min kasian napa sama orang miskin kek aku jangan mahal mahal... ya.. 😭 balls : makasih ya min udah adain bebas puas lagi hehe lope sekebon min 😁🥰❤
playstore,xl,2026-05-11 18:52:17,Gilang Yudistia,"xl ngelag banget sekarang, padahal kemarin kemarin lancar banget💔"
playstore,xl,2026-05-11 18:51:16,only human,"Dear XL Provider. Kebijakan kalian itu bikin saya, masyarakat yg ekonominya menengah ke bawah itu jadi skeptis tau gak. Awalnya puas dengan internet yg ramah dkantong, eh gara-gara langganan gini, status MyXl yg awalnya silver naik ke gold. Bukannya tambah memudahkan ternyata malah nyusahin, harga internet yg awalnya bisa terjangkau, malah bikin kita gak bisa beli. Bukannya kalau member udah naik level, fitur nya makin menyenangkan ya..kok malah tambah bikin kita pengen ganti ke provider lain si"
playstore,xl,2026-05-11 18:49:38,Rafadifa difadifa,byr tagihan 16 April 2026 jatuh tempo 22 April 2026 dibulan mei mau byr tagihan masa kena late charge fee 30rb...woiiii telat dimn nya main kena2in biaya tambahan mana buat laporan lama banget responnya ngabisin pulsa emg harus ditutup neh ganti provider lain
playstore,xl,2026-05-11 18:47:59,Asep Ramlan,"Aplikasinya bagus banget, sangat bermanfaat untuk pembelian paket internet ""trmksh"" 🙏"
playstore,xl,2026-05-11 18:33:19,Pontianak Keras,"kouta lama masih ada 6 gb terus di timpa dengan kouta baru 4 gb, kouta yang lama 6 gb hilang / hangus sangat lucu merugikan konsumen"
playstore,xl,2026-05-11 18:33:17,M. Hasby Al-farizi,kikir
playstore,xl,2026-05-11 18:30:28,Moh Masud,"Apl ini sangat membantu,"
playstore,xl,2026-05-11 18:24:26,Abdul Basid,gaada peningkatan semakin buruk
playstore,xl,2026-05-11 18:24:20,Puput Wijanarko,aplikasi ga jelas sumpah kesini malah tambah parah beli kuota aja ga bisa terus
playstore,xl,2026-05-11 18:21:20,jeri R,jaringan buruk lagi asik main malah leg parah
playstore,xl,2026-05-11 18:18:47,Azka Faiz,XL mantap
playstore,xl,2026-05-11 17:54:24,Ela Suhaela,jaringan xl kok sekarang sering gangguan
playstore,xl,2026-05-11 17:49:47,Wawan Rahim,baik
playstore,xl,2026-05-11 17:49:02,Cincau Manis,"Signal ilang terus di wilayah saya, Pabuaran Cibinong. Bogor. padahal status signal 5G. Kacauuuuu!!!!"
playstore,xl,2026-05-11 17:37:20,Farel Listianto,"udah ga tahan lagi sama XL makin hari makin jelek jaringan LEMOT sering ILANG juga jaringanya menu pembelian sedikit HARGANYA MAKIN MAHAL JUGA, muak udah sama XL ni kalo keluar gaada wifi mau main game udah ga ketolong jaringanya NGELAGGGG TEROOSSSSSS"
playstore,xl,2026-05-11 17:28:15,RYAN,Sinyal XL jelek hari ini 11/05/2026
playstore,xl,2026-05-11 17:17:40,Mira Ajah,makin kesini XL jaringannya ga memuaskan muter terus mana Kouta makin mahal ga sesuai dengan sinyalnya padahal di jkrta tolong dong di perbaiki lagi supaya pelanggan puas
playstore,xl,2026-05-11 17:07:47,Raffa Ramdani,ngeleg banget ni sinyal kenapa si? padahal di liat bagus tpi ngeleg banget
playstore,xl,2026-05-11 17:06:48,Fira Amanda,ɪɴɪ ᴋᴏᴋ sᴜsᴀʜ ʙɴɢᴛ ᴡɪғɪ xʟ ᴅᴀʜ 4 ʜᴀʀɪ ᴍsʜ ʙʟᴍ ᴅɪ ᴛᴀɴɢᴀɴɪ.. ʀᴜɢɪ ᴋʟᴀᴜ ɢɪɴɪ.. ʙᴀʏᴀʀ ʜᴀʀᴜs ᴛᴇᴘᴀᴛ ᴡᴀᴋᴛᴜ ʟᴇᴡᴀᴛ ᴅɪ ʙʟᴏᴋɪʀ.. ᴡɪғɪ ᴀɴᴀᴋ sʏ ᴅɪ ʀᴍʜ ʙʟᴍ ᴅɪ ᴘᴇʀʙᴀɪᴋɪ ᴊɢ..
playstore,xl,2026-05-11 17:03:19,Karunia Putri Adelina,"lemot, harga jga makin mahal, tukar point kuota tidak bisa digunakan"
playstore,xl,2026-05-11 17:01:08,Rizky maulana Maulana,"mau beli kuota tapi di suruh di perbaharui pas mau di perbaharui malah gada tulisan nya,jadi gimna iini"
playstore,xl,2026-05-11 16:57:07,Retno Adinigsih,"perbaikan alat wifi XL Home sudah 4 hari tidak ada penanganan, kami tinggal di Pondok Labu. Kami sangat kecewa dengan tim teknisi yang sangat lemot dan tidak mau tau kerugian user !!! Mohon penjelasan dan penanganan segera. 😭😭😭😭😭😭😭😭😭😭😭😭😭😭"
playstore,xl,2026-05-11 16:54:41,Fajar Annaz,xl gk ada perubahan jaringan ngelage makin di prioritasin makin ngelunjak ngelage nya pegawainya gimana sih makan gajih buta kli tolong d perbaiki lagi
playstore,indosat,2026-05-23 21:19:43,Elsa Izzatur Rohmah,SERING NGEBUG GA JLS
playstore,indosat,2026-05-23 21:03:47,Diki,"sudah 1 minggu koneksi internet sangat buruk untuk menonton video sering terputus, unduhan terkadang hanya 1 kb per detik"
playstore,indosat,2026-05-23 21:03:00,Parah Beneran,sinyal bapuk kalau main game suka lag
playstore,indosat,2026-05-23 20:43:27,Ardiansyah,"paket makin mahal,jaringan makin burik"
playstore,indosat,2026-05-23 20:35:55,Aditya Firmansyah,kuota darurat lu nyusahin anj kebanyakan potongannya gw cuman minjem 6gb karna darurat kepotong buat bayarnya 9gb anj bsgt bgt emang
playstore,indosat,2026-05-23 20:33:25,yogi laksono,"perbaikin signal kalian, setiap hujan dan mati lampu signalnya gak bagus,"
playstore,indosat,2026-05-23 20:31:21,kuy Yuk,sinyal ampas bener
playstore,indosat,2026-05-23 20:12:31,Alzio Ryugadikara,kenapa chrome gue tiba tiba jalan sendiri ke situs promo im3 ga sopan banget
playstore,indosat,2026-05-23 20:11:41,Enjang Restu,"Ngga seperti dulu,, sekarang lelet lemotttttt... banyak iklan."
playstore,indosat,2026-05-23 19:54:51,Ricki Tandjung,"Katanya IM3 Platinum jaringan prioritas, sudah ditengah kota, slalu aja jaringannya mati2 hidup, bahkan gl loading saat bukak video di yt. memang gk bisa dipercaya privider nya, bayar mahal2 bulanan cuna utk 50gb, hasilnya sangat jelek.."
playstore,indosat,2026-05-23 19:47:42,Icang Icang,"saya paling tidak suka notif smsnyg tiba² muncul di tengah layar dengan promosi paket, terlalu menghalangi aktifitas game DLL"
playstore,indosat,2026-05-23 19:34:27,Ardi Firmansyah,"jol jol boga hutang padahal te minjem, gelo sugan dasar miskin daeta korupsi wae setan"
playstore,indosat,2026-05-23 19:32:12,Nudkhi farhan s.,"dah kuota mahal, nge lag lagi, combo mematikan💀"
playstore,indosat,2026-05-23 19:19:04,Usman Bogel,ok
playstore,indosat,2026-05-23 19:17:04,BocilBocil Kupret,"jaringan sangat jelek sangat mengecewakan tidak rekomen,👎👎 aneh jg kl nilainya bsa 4 lebih mencurigakan🤔🤔"
playstore,indosat,2026-05-23 19:09:14,Surya Permana rizky,mantap
playstore,indosat,2026-05-23 19:07:02,Muhamad Nur Hidayat,jaringan parah di melak kabupaten Kutai Barat Kalimantan Timur selalu ada 5 jam dalam sehari sinyal dibikin blank gimana mau banyak pengguna kalo gitu cara nya beli paket mahal2 berasa dicurangi
playstore,indosat,2026-05-23 18:58:47,Yayang anggara,sinyal sering gangguan dan tidak stabil
playstore,indosat,2026-05-23 18:55:01,elpan Alamsyah,aplikasi tololl kartu lemott ga dimana ga dimana mending ganti kartu sekaliann ke kartu lain kartu ga becuss
playstore,indosat,2026-05-23 18:48:39,shynshy mony,Indosat sekarang beli paket susah mana mahal2 Udah jaringan lemottt nyusahin.. mana paket nya mahal jaring jelek.. mau pake apa2 susah..
playstore,indosat,2026-05-23 18:40:21,Eko Nih boyy,"jangan pake indosat, kuota baru beli 80rb ga bisa buat main game, sinyal 323ms MENDING BELI AXIS udah murah jaringan lancar"
playstore,indosat,2026-05-23 18:31:24,Nur Fatiha,"Aduh, tolong dibenerin dong, suka tiba-tiba ada penawaran yg muncul dilayar, terlalu sering/sering bgt, smpe cape klik batalkannya dan menganggu bgt Gembel bgt lg tiba-tiba ke website nya. Bikin jd pgn ganti ke perdana/layanan lain"
playstore,indosat,2026-05-23 18:28:21,Alby Altarikh,indosat oh indosat dah bangkrutkah koq susah banget dri sinyal sampe aplikas nya
playstore,indosat,2026-05-23 18:28:20,Itonk Juni,posisi di kota sinyal full kuota banyak hp ram 8 jaringan 4G Tapi lelet....m3 lemah
playstore,indosat,2026-05-23 18:25:12,Ryuvel,"sinyal jelek beli paketan mahal"" 100k 28hari 66gb speed 3mbps lebih buruk ,mending pake wifi 110k sebulan unlimite 10mbps udah unlimite nambah 2 hari dapet speed 10mbps"
playstore,indosat,2026-05-23 18:01:44,Diah Nuraini,"Bisa ga sih gausah ada iklan iklan pop-up lu itu yg bikin orang muak tau ga!!, dikit dikit buka ke web lah BIKIN GANGGU!! SETIAP HARI SELALU AJA ADA IKLAN GAJE MAKSA BANGET BUKA WEB LU YG GA GUNA."
playstore,indosat,2026-05-23 17:51:21,Ayu Andita,kenapa seharian ini gada sinyallll??? susah mau ngumpul tugas kuliah
playstore,indosat,2026-05-23 17:46:52,Ade Gunawan,"Isi quota pake vocer siring Eror tidak masuk, Invalid Vocer terbuang sia sia. Indosat bukanya perbaikan malah semakin parah. Isi quotanya sering gagal duit hangus..."
playstore,indosat,2026-05-23 17:46:06,Innesya Agnes,jaringan nya jelek im3
playstore,indosat,2026-05-23 17:42:59,Sanah Devlane,jangan pakai kartu im3 lagi dahh sudah 2 kali isi data ga masuk2 lewat apk ini.. buang aja nih kartu ga guna
playstore,indosat,2026-05-23 17:39:46,Robby Ribuansyah,parah banget sinyal nya padahaludah langganan yg platinum
playstore,indosat,2026-05-23 17:39:30,Arunika Aurora,"saya unreg biar gak hangus paket baru ,eh malah balasya lama, alhasil saya masukkan paket baru, ehh dibalas otomatis hangus lahh"
playstore,indosat,2026-05-23 17:30:12,Nadia N,"JELEK NO DEBAT. SERING BANGET TIBA-TIBA DIBUAT MASUK KE WEBNYA, POP UP NOTIF DIPENCET BATAL PUN TETEP MASUK KE WEB. SEKARANG PUN KUOTA CUMA BUAT 28 HARI."
playstore,indosat,2026-05-23 17:13:35,Putra Ph,harga tinggi kualitas jaringan rendah
playstore,indosat,2026-05-23 16:48:59,bogorAtoZ,kelez
playstore,indosat,2026-05-23 16:21:09,Iqbal Akbar,"BURUK! Lagi Push, Malah hilang. bintang 1"
playstore,indosat,2026-05-23 16:18:09,Edi Sutanto,Cepat dlm proses
playstore,indosat,2026-05-23 16:15:17,Xkawsq,"sinyal jelek, harga mahal, banyakin tower sinyal lagi dong, gausah dibeli,malah bikin lose streak ml karna lag, udah di himbauin ke keluarga,temen, ga usah beli im3 sinyal nya jelek,biar bangkrut sekalian"
playstore,indosat,2026-05-23 15:21:30,Reino,indosat kurang kurangin iklan lu ganggu bgt sumpah promo promo ajg
playstore,indosat,2026-05-23 15:21:26,Mantap 354,tololll sinyal indosattt jelek babi ah
playstore,indosat,2026-05-23 15:21:00,Riko Ilham Muharam,"jaringan makin kesini makin lemot, padahal dulu bagus bagus aja tapi sekarang malah jadi jelek, us ahakan jaringan di perbaiki dulu min jangan ke yang lain lainnya🙏"
playstore,indosat,2026-05-23 15:18:08,muhammad fahri adam syah 17,benerin notip lu tuh caper
playstore,indosat,2026-05-23 15:09:35,Aldi setyo,"kartu aneh , selalu aja ada notif OTA error udah di tekan batal malah masuk otomatis ke internet, ganggu banget, jadi males pake ini kartu"
playstore,indosat,2026-05-23 15:01:43,Andika Satria Putra,sumpah jelek apa Kelen. asal mati lampu kaya susah sinyal kelen
playstore,indosat,2026-05-23 14:53:29,I nyoman Jepri,"pdahal kartu andalan di tmpat gua, tapi tmbah hari tmbah lemot aja im3, ga tau apa mslahnya, kayaknya harus ganti ke provider yg lain dlu"
playstore,indosat,2026-05-23 14:17:03,Reza Renaldo,tidak recomed !!! kuota mahal dan sering trouble
playstore,indosat,2026-05-23 14:06:33,Zayn Malik Ramadhan,jaringan tempek masa main game ukuran kecil masih ngeleg goblox jaringan tolol
playstore,indosat,2026-05-23 13:47:29,Solihat Siti,cukup detail
playstore,indosat,2026-05-23 13:44:03,Haidar Jayapratama,Notifnya ngeganggu saat main game
playstore,indosat,2026-05-23 13:22:09,bloxprut 969,"gajelas ajg dipake maen game sampah bgt jaringannya, ga 5g/4g tetep aja ngelek, udh mah mahal, bikin ga nyaman!otw gnti kartu jgn pake indosat guys butut"
playstore,indosat,2026-05-23 13:20:28,ari bahari,m3 memang taikkkk makin harj makin kamprettt...mau isi paket aj lemot
playstore,indosat,2026-05-23 13:16:11,Arya Gading Darpanegara,"Parah, baru aja beli nomor baru ternyata nomor bekas, daur ulang yang bahkan udah nggak bisa di apa apain lagi, mau download wa juga ga bisa gara-gara pemilik sebelumnya menggunakan wa tidak resmi alhasil zonk, nomor nya di banned sama WhatsApp, terus gimana ini woy, daftar shopee malah masuk ke akun orang, bahaya banget ini provider"
playstore,indosat,2026-05-23 13:11:32,Nanang Kosim,sangat bagus
playstore,indosat,2026-05-23 13:06:09,Pebrinyanto,"harga mahal tapi ga sesuai sama harga,tinggal di kota masih aja ngelag,paket sebulan 30h jdi 28h apa ini keadilan? dimana hak kami sebagai konsumen"
playstore,indosat,2026-05-23 12:53:03,MARIA ULFA,tolong bantuan nya min.. saya beli paket data lewat my im3 BNI VA saldo saya sudah terpotong dan paket gagal tidak masuk.. mohon solusi nya... sudah saya chat di pusat bantuan my im3..
playstore,indosat,2026-05-23 12:27:02,Nandi Setiawan,Indosat Indosat sinyal jelek harga kuota mahal..minnimal ada harga ada kualitas..ini mah boro2..udah sinyal jelek kuota mahal.. 👎👎👎
playstore,indosat,2026-05-23 12:21:31,joko tri raharjo,kartu ini jika habis hujan pasti sinyal sangat kacaub
playstore,indosat,2026-05-23 11:52:56,rayyan wira,Saya terganggu dengan roaming otomatisnya saya tidak bepergian kemana mana?
playstore,indosat,2026-05-23 11:51:24,Free Fere,"perbaik atau secepat apdete ini aplikasi myIM3. ,, kerna di saat ke habisan kuota utama,,, terus mau tukarkan pulsa untuk beli kuota utama,,,pulsa kita sudah terputung kerna kita online beli ya ,,, jadi boat lah petur konci saldo pulsa,,, agar pulsa kita aman ,, dan tidak terputung di saat kita buka aplikasi myIM3 untuk beli kuota utama,,, paham ,,, tiap kali isi pulsa dan beli kuota utama,,, tidak ada bonos apa pun yg di dapat ,, bonos mawrewed ya ,,,"
playstore,indosat,2026-05-23 11:51:03,wandi susandi,gimana ini setiap mau maketin data selalu susah
playstore,indosat,2026-05-23 11:33:49,El_maizunt20 El_maizunt20,"bagus sekali bagus mainnya sangat bagus, sinyal nya bagus banget kaya kotoran kambing👍"
playstore,indosat,2026-05-23 11:31:03,Hoky aja,"bener"" makin parah banget sinyalnya ga stabil mau di reset atau gmn pun tetap tidak pengaruh memang dasarnya jelek ya jelek aja lah sinyalnya.sangat kecewa banget pakai Indosat skrg"
playstore,indosat,2026-05-23 11:29:36,Rafik Muhamad,"koneksi IM3 makin lama makin jelek. saat pembayaran online di merchant atau toko suka hilang koneksi, pernah kejadian mau bayar barang pakai m-banking sinyalnya malah hilang dong bukan lag lagi emang ilang , malu maluin sampai cashir nya nyuruh pakai Wifi Toko. kocak"
playstore,indosat,2026-05-23 11:17:04,Aqeelanajwan Aqeela,sinyal jelek banyak masalah busuk
playstore,indosat,2026-05-23 10:13:46,Cendy Rendiyana,"MENGECEWAKAN SINYAL ILANG"" TERUS!!"
playstore,indosat,2026-05-23 09:46:39,Rose Shita Aprilia,"pernah protes kalau ada sisa kuota jangan di hanguskan ,dan wajib beli lagi . padahal kita sudah bayar ,itu kuota mau di pakai atau enggak seharusnya ya jangan di hanguskan lah . harganya juga gak ngotak bgt , lama lama mahal poll sinyal juga gak bagus"" amat . kalau gak karna nomor udah lama ,males pakai im3"
playstore,indosat,2026-05-23 08:47:59,Neneng Lisa Sangaji (Lisa),"jaringan suka lemot, kadang sampai hilang. jujur ini cukup mengganggu"
playstore,indosat,2026-05-23 08:34:30,Sovy al Basid,jaringan nya busuk ngeleg bgt tolong di perbaiki lagi jaringan nya agar stabil
playstore,indosat,2026-05-23 08:18:18,dias rosidin,"Pulsa kamu tidak mencukupi untuk layanan ini. Yuk top up sekarang. Cek promo terbaru di *888*30# spam sms kaya gini sngat meng ganggu anying ,benerin jaringan nya anying"
playstore,indosat,2026-05-23 08:08:37,Hafidz H,"penawaran tidak berguna, harga mahal, hanya menggangu"
playstore,indosat,2026-05-23 08:03:08,Alam Op,apalah lahh apk ini pulsa gw daptarin otomatis gw mw bli yg 30k mlah nge dapatarin sendri yg 20k blikin pulsa gw kocakk . MINIMAL JNGAN GITU DONG NGAMBIL UNTUNG NMANYA DEVOLOVER KEBELIT HAJI??
playstore,indosat,2026-05-23 07:41:43,Sayyid Ali Darmansyah,dah lumayan ini
playstore,indosat,2026-05-23 07:32:34,Aleg 3605,"ga bisa login tolong, padahal sinyal aman tapi login ga bisa."
playstore,indosat,2026-05-23 07:16:57,Mr Dakim,"sumpah makin hari makin ancur aja ni jaringan nya, padahal isi paket data yang mahal Mulu🔥🔥"
playstore,indosat,2026-05-23 07:13:13,rahma dina14,"dikit² hangus dikit² hangus,dikira beli pulsa gapake uang kah?mending jgn pake kartu Indosat deh ,ampun bgt sma aplikasinya"
playstore,indosat,2026-05-23 06:56:21,Putri Ayu,"Jaman sekarang siapa yng masih pake tlp selular, sekarang tuh telfonpun pakainya whatsapp. kenapa beli kuota internet, malah kuota telpon pun banyak 5.000 menit. tiap beli kuota internet, itu kuota telepon selalu gak dipakai. akhirnya hangus. banyakin ke kuota internetnya saja. Mubazir"
playstore,indosat,2026-05-23 06:54:38,Diah Firdha,"ga jelas tiba tiba pulsa terpotong , tapi gada paket yang bertambah ,sebelumnya saya masih punya paket data baru mau beli paket data yang lainnya tapi pulsa terpotong gitu aja"
playstore,indosat,2026-05-23 05:40:23,Arian Dwi,kok sekarang jaringan Indosat suka eror ya gatau knp apa karena wilayah ku
playstore,indosat,2026-05-23 02:20:53,M H D R A N,bagus dan simple
playstore,indosat,2026-05-23 01:43:49,Nurkaya Yayah,bilangin ke yang punya IM3 bnrin dulu jaringannya gua saranin yg baru beli hp jngan beli kartu IM3 jaringan nya konyol tolong jaringan saya kembalikan sperti dulu skrg leg leg Mulu tolong lah M3
playstore,indosat,2026-05-23 01:37:22,Mulia Septiana,"myim3 kenapa skrg jd muahal bgt 😮‍💨 udh gitu sinyal skrg sering gangguan,ilang2an lagi huhuhu"
playstore,indosat,2026-05-23 01:27:35,Zup Pikri,"sinyal tolol, harga paket mahall, mending ga usah adain ini kartu, anehhhhh paket mahal sinyal sulit, jngan cuma cari keuntungan peribadi bodoh.mentingin kekayaan sendiri anjinggggg"
playstore,indosat,2026-05-23 00:28:12,Gugun Guntur,Sedikit usul buat Indosat? Saya udah dari Dulu pake Indosat dari 2019 sampe sekarang? Tapi kenapa akhir akhir ini ko suka legg dari jam 4 pagi pun masih leg! Harus nya lancar lancar sejahtera dong ko ini gak Indosat kontolllll leg anjingggggg babi
playstore,indosat,2026-05-22 23:59:14,Niko Pramuja,nyesel pakek M3 gangguan gak karuan.
playstore,indosat,2026-05-22 23:37:28,Idham,gangguan terus kocak
playstore,indosat,2026-05-22 23:37:01,enhal myght,"maaf yah, sekarang ini saya kecewa sekali dengan kondisi jaringan d daerah atau d kampung karena sy setengah mati sekali terkait jaringan, padahal beberapa tahun belakangan ini jaringan Indosat ini bagus sekali d pakai kenapa giliran tahun ini minta ampun sekali jaringannya"
playstore,indosat,2026-05-22 22:50:48,Dwi Nda,mati lampu jaringan hilang
playstore,indosat,2026-05-22 22:08:40,Jordiliardo Tabupok,Jaringannya Ngelek kmpret udah ngisi data bnyak malah jaringanbya letoy
playstore,indosat,2026-05-22 21:33:57,Nadjwa Azahra,"sinyal kaga bagus samsek,di pake disni nge lag boros bgt lagi,udh lah mahal² sering ada notif nge ganggu lagi,jgn ky gt lg ngpa perbaiki fitur² nya,sinyal jelek bnyakan notif,ngelag mulu lagi"
playstore,indosat,2026-05-22 21:17:22,Heri bela,"jaringan sangat lemot padahal di kota besar parah emang,,,perbaiki koneksi jaringan spya bagus bukan promo2 gajelas"
playstore,indosat,2026-05-22 21:15:03,Yusuf Rasyid,ngelag bgt sampah
playstore,indosat,2026-05-22 21:14:52,Kolektor ternama v,"sangat bagus, dan kalau main game pas perang selalu merah, bagusss"
playstore,indosat,2026-05-22 21:02:30,Nur Rizhal,paket data masih banyak dan masa aktif lama tapi buat internetan dan maen game sinyal buruk udah di mode pesawat tetap saja
playstore,indosat,2026-05-22 20:55:07,Tri Ayu Indriyani Putri,"SINYALNYA SUSAH BANGET, PADAHAL DI KOTA BUKAN LAGI DI HUTAN. MOHON SEGERA DI PERBAIKI KUALITASNYA. TERPAKSA PINDAH KE SEBELAH KALO GINI TERUS."
playstore,indosat,2026-05-22 20:53:41,Gilang Kurnia sandi,"makin hari makin parah jaringan lu min, padahal di kota besar, tolong di perbaiki lah"
playstore,indosat,2026-05-22 20:53:07,Rizal Woods,kalo bikin sinyal yang bener goblokkkk harga mahal tapi kualitas sampah
playstore,indosat,2026-05-22 20:44:57,Musawir Adam,lgi main game tiba² leg agak eror mmng ini Indosat
playstore,indosat,2026-05-22 20:37:13,Darul hikam,ok ok
playstore,indosat,2026-05-22 20:35:18,Edong Hernandes,jaringan jelek lemot
playstore,indosat,2026-05-22 20:35:08,Taufik Hidayat,sinyal nya ngelag kalo pas mati lampu padahal gw lagi turnamen mobile legend dasar Indosat kek konci 🤬
playstore,indosat,2026-05-22 20:29:59,indaah 911,gajelaa
playstore,indosat,2026-05-22 20:22:11,Yuki Perdana,"ngga usah kebanyakan basa-basi masalah di sini cuman sinyal yg ga jelas, ketika suruh komplain di suruh ini lah itu lah kebanyakan ca ci cu, kami cuman minta sinyal nya diperbaiki untuk kenyamanan konsumen itu saja"
playstore,indosat,2026-05-22 20:14:16,Mila Karmila,sy berlangganan im3 platinum..sangat ribet..tidak bs bayar tagihan melalui pulsaaa..amu bayar tahihan berulang2 gangguan teknis...sangat tdk memuaskan
playstore,indosat,2026-05-22 20:13:50,Zahran Muhammad zalpa,kenapa gitu gk bisa offline gua beli pulsa dari mana lagian dan juga gimana cara lihat kouta nya habis indah mah pas beli pulsa hari nya kaga jelas 28 hari tapi setengah setengah yah udah genap in aja jadi 30 pusing banget udah kalo ujan lemot nya lemot banget lagi hadeuh udah yang murah hari nya dikit hadeuh
playstore,indosat,2026-05-22 20:10:56,M Ridho,"tolong di benerin jaringan nya dong ,ngelag""mulu,kntl"
playstore,indosat,2026-05-22 20:01:30,Nazril cep,jaringan nya bikin ngeleg
playstore,indosat,2026-05-22 19:33:08,Dimas Permadi,kenapa yaa jringan ini sering ganguan
playstore,indosat,2026-05-22 19:24:18,Ajor Jum,Kenapa pulsa saya bisa berkurang ?? padahal tidak ikut berlangganan apapun
playstore,indosat,2026-05-22 19:21:34,M Raihan Ramdani,lemot
playstore,indosat,2026-05-22 19:18:52,Muhamad Rifki,bug keluar masuk web jump boat mana sinyalnya lag banget lagi
playstore,indosat,2026-05-22 19:06:39,Nopria Yoga,apa lh m3 ni..paket data ada..sisa pulsa Malah ditelan juga..percuma berarti beli data..
playstore,indosat,2026-05-22 19:03:36,lionardo bayu,"payah, jaktim pondok bambu, ga pernah lancar udh bertaun2"
playstore,indosat,2026-05-22 19:02:21,Hendra Yana,"gak ngerti maunya ini provider, app myIM3, tau-tau, harus login, dah masukin otp tetep gak bisa, install ulang jg gak bisa, cuma buang kuota, yah dipake Krn ada sosmed terkait, cuku perpanjang masa aktif aja, klo yg lain, pikir dulu"
playstore,indosat,2026-05-22 18:26:42,graha kece,kualitas makin buruk mengecewakan
playstore,indosat,2026-05-22 18:17:15,Ad It,kuota mahal sinyal busuk bubarin aja perusahaan lu cil
playstore,indosat,2026-05-22 18:07:43,Udin Taufik,listrik padam udahlemot ini kalo udah collab Ama three
playstore,indosat,2026-05-22 17:44:56,Nur Ridwan KAS,"Ga jelas sekali,,pulsa baru beli langsung ke sedot banyak jd ga bis dipakerin,,,katanya ada pulsa safe,,tapi masih kesedot,,parah skrng"
playstore,indosat,2026-05-22 17:39:20,Fumi,Lag
playstore,indosat,2026-05-22 17:32:04,muhammad rizqi,tolol anying sampah babi
playstore,indosat,2026-05-22 17:25:50,Yakin Nihh,jelek banget buat main game sinyal nya hilang hilang Mulu.
playstore,indosat,2026-05-22 17:19:17,Tio Satrio achir,gimana sih padahal udah ga ada paket yg terhubung masi aja ga bisa ngisi data lagi udah di coba berkali-kali sama aja.
playstore,indosat,2026-05-22 17:11:14,Jomblo Syariah,"data habis sedot pulsa tibatiba,cari di aplikasi amankan pulsa gak ketemu ketemu menu nya..aplikasi ampas..terus pengaduan via wa.nunggu lama kirim otp..gak masuk2 otp nya..ampas"
playstore,indosat,2026-05-22 17:01:12,Ahmad Djumali,Suabaya 1983
playstore,indosat,2026-05-22 16:48:52,Aris Syam,kualitas jaringan sangat jelek 😡
playstore,indosat,2026-05-22 16:31:48,Khusus steam tian Ya,woi diamon gua mana lelet bagat prosesnya
playstore,indosat,2026-05-22 16:22:16,Harun Hikam,SI PALING LEMOT
playstore,indosat,2026-05-22 16:11:57,Momo Tarmo,"indosat parah bngt jaringan nya bener bener super jelek, nyesel bngt pake indosat,, apalagi daerah kab bekasi idih buat buka apk juga ga kuat ,,, bener"" jelek bngt aringan nya ,, buat yang lain pikir"" dulu deh"
playstore,indosat,2026-05-22 16:04:26,er van,bonus paket tidak sesuai ! paket makin mahal
playstore,indosat,2026-05-22 15:59:50,Gelas Kaca,"apk kontoll, apaan beli kuota di proses trs smpe sekarang ge blm kluar, idihh najissss, pokoknya jangan download ni apk, di jamin nyesel seumur hidup, haram ni apk, anjingggg?!?!!!! ngelag bngt lgi jaringan hati² tololl"
playstore,indosat,2026-05-22 15:44:27,asyqar,"1.benar kata orang,sinyal sering hilang hilang sendiri(ini biasanya terjadi kalau kalian memang pelanggan im3 kalau baru beli biasa gk ada.jadi kalau mau pake im3 sekali aja) 2.untuk paket data asal kita beli,baru muncul paket data yang lebih murah dan bagus dan ini selalu terjadi bukan sekali dua kali ataupun kebetulan. 3.sinyalnya gk mencakup seluruh daerah Indonesia banyak tempat dimana paket lain berjaya namun im3 gk ad sinyal.pikir lagi kalau mau beli paket IM3 dan kasih bintang 1 makin lag"
playstore,indosat,2026-05-22 15:36:46,harr 28,"pada 14/05/26 saya membeli pulsa senilai Rp15.000, pulsa nya belum saya gunakan karna belum perlu. lalu pada hari ini 15/05/26 setelah saya cek lagi pulaa saya kok malah berkurang menjadi Rp9.288. apakah ada hal yang harus saya lakukan agar kejadian seperti ini tidak terulang lagi? padahal pulsa nya mau saya gunakan pada hari senin untuk saya gunakan di sekolah. saya membeli pulsa nya untuk memperpanjang nomor nya karena saya lihat sudah mendekati masa expire. *edit 22/05/26 skrng udh Rp538 😂"
playstore,indosat,2026-05-22 15:23:50,Sofyan Hadi,Bro pulsaku kok terus kau ambil nominalnya gimana bro. Dasar kamu memang 😡😡😡
playstore,indosat,2026-05-22 15:02:35,Coco latos,"kuota doang mahal, sinyal gaada kualitas."
playstore,indosat,2026-05-22 15:01:15,Adzlia Hilyatul jannah,sinyal lu tuh kon bab jelek bener kacuan semua kamu rang ini bisa nya
playstore,indosat,2026-05-22 14:52:32,Rheno Pangestu,"kenapa lag banget dah ni jaringan? pagi lancar, siang sampe malem lag banget padahal titiknya full"
playstore,indosat,2026-05-22 14:30:14,kids droids,Paket masih banyak tapi internet selalu down jika kurang 28 hari. sekitar kurang 5 hari selalu berasa lemot
playstore,indosat,2026-05-22 14:18:26,Julian,"tolongg ini pas main game masuk"" sendiri ke im3"
playstore,indosat,2026-05-22 13:39:18,Farhan Bimantara,"cara nonaktifin notif yg langsung masuk ke chrome sama langsung ada di layar gimana dah ganggu bgt, bikin notif yg masuk aja gausah maksa, org jga keganggu sama notif yg langsung masuk chrome sama notif yg dibawah layar itu ngotak dkit lah"
playstore,indosat,2026-05-22 13:36:09,Adhika Dayfa haritsah,ke banyak gagal beli paket nya
playstore,indosat,2026-05-22 13:30:11,3 n 1,im3 semakin hari semakin menipu masyarakat hanya untuk menggerus pulsa dan kuota.
playstore,indosat,2026-05-22 12:58:15,AGUNG Pratama,"harga mahal sinyal jelek, kualitas tidak sesuai dengan harga"
playstore,indosat,2026-05-22 12:33:46,Miftakhul Anzar,"makin kesini kok makin aneh ya IM3, harga makin mahal tapi kualitas malah makin turun. semoga segera diperbaiki aja"
playstore,indosat,2026-05-22 12:30:08,Sapni Sapni,hp GK game jangan gajs
playstore,indosat,2026-05-22 12:19:44,Isom Udin,"makin k sini parah makin jelek sinyal indosat padahal cuaca lg cerah, tp tetep aja sinyal'y jelek. udah sekarang paketan tambah mahal mahal. paketan mahal, sinyal buruk bgt. padahal tinggal di kota sinyal jelek bgt udah kaya tinggal d pulau pulau terpencil jauh dari jangkauan sinyal. hadeeuuuhh....payah payah."
playstore,indosat,2026-05-22 12:18:06,Am welekk,"tolong jangan seenaknya sendiri dengan tiba tiba membuka chrome dan sebagainya, jujur sangat menggangu"
playstore,indosat,2026-05-22 12:11:59,Agni Maulana,bangke jaringan makin ke sini makin parah aja
playstore,indosat,2026-05-22 12:06:10,pro populer,ngirim otp satu nomor doang sejam
playstore,indosat,2026-05-22 11:54:51,Moh “Cucurut” Jajuli,sekarang jaringan m3. Indosat makin lemot aja padahal saya hp ram6. giliran isi paketan lemot
playstore,indosat,2026-05-22 11:50:18,Meta Lika,im3 itu dulu bagus loh internetnya tp kenapa sekarang sinyalnya suka ilang²an. jelek bgt sekarang.
playstore,indosat,2026-05-22 11:08:22,Muhammad Abdullah,"pulsa gk bisa buat beli data,gagal terus"
playstore,indosat,2026-05-22 10:35:31,Pebri Kurniawan,yg bener lah saya beli Kouta pake duit bukan pake daun sinyal leg Mulu ganggu tau
playstore,indosat,2026-05-22 10:04:58,Juan Yuda Ananda,"aplikasi tidak bisa diakses karena sinyal indosat yang sangat buruk sekali, 6 hari berturut-turut dari tanggal 16 Mei sampai 22 mei, laporan udah dikonfirmasi tapi perbaikan sinyal tidak ada sama sekali."
playstore,indosat,2026-05-22 09:42:59,Jef Lizen,untuk jaringan myim3 tolong di stabilkan lagi semakin mahal harga paket nya semakin ngelag jaringan nya
playstore,indosat,2026-05-22 09:30:54,Aldiana Aenurohim,"Kemarin bisa dibuka, terus sekarang ga bisa. myIM3 makin kesini makin aneh, ini saya gabisa lihat pulsa & kuota saya, gimana solusinya, kocak sinyal benerin hama"
playstore,indosat,2026-05-22 09:15:39,Melinda Septiana,Knpa sekarang kuota m3 waktunya cuma 28hari knpa gk 60 hari gitu atau 30 hari harganya juga lebih mahal. mana sinyal sama jarjngan nya jelek
playstore,indosat,2026-05-22 08:20:50,RiYuZii #21,ngisi pulsa malah kesedot 10k. padahal kuota masih ada.. bikin lah fitur pulsa safe
playstore,indosat,2026-05-22 08:11:48,Elvan Nazara,"jaringan taik, gua mau beli paket atau pulsa susah bgtttt ajg"
playstore,indosat,2026-05-22 08:06:07,Iwan S,"kuota saya masih 5Gb, sampai dengan hari terakhir. kenapa nggak bisa dipakai, ada keterangan anda berlangganan paket roaming. padahal saya pake paket freedom, rutin tiap bulan. gimana ini? masih ada sisa kuota 5Gb masak gak bisa dipakai?!"
playstore,indosat,2026-05-22 07:59:34,Fauzi Fauzan,jaringan lagi sedeng apa emng sistem kalian yg ga jelas. kuota masih bnyak malah ga bisa di pake.
playstore,indosat,2026-05-22 07:16:25,Vionik Ninik,1 bulan 28 hari yah saya baru tahu hitungan paketnya makin cepat kaya dunk tuh perusahan
playstore,indosat,2026-05-22 06:09:12,Fahri Samsudin,dasar myIm3 pelit paket belom abis udh gak bisa di pake aja anjirrr lah
playstore,indosat,2026-05-22 05:50:51,Muhammad Ridwan,"saya pelanggan dari tahun 2016,dan saya sangat menyesalkan pada im3 selama tahun ini ""2026"" harga kuota im3 naik sedangkan kualitas nya menurun, punya kuota terasa gak punya kuota (lemot parah), saya sangat kecewa"
playstore,indosat,2026-05-22 05:49:16,Iqbal Wahyu Suprayogi,sudah dibelikan paketan eh malah internet nya gak bisa dipakek
playstore,indosat,2026-05-22 02:59:20,Sahidin Sahid,aplikasi ini sangat baik membantu sesuai keinginan
playstore,indosat,2026-05-22 02:25:56,Asep Suherman,sangat parah jaringannya... yg di urus naikin paket. kualitas jaringan buruk sekali.
playstore,indosat,2026-05-22 02:03:40,Moch Cikall,kecewa indosat sekrang udah lemot mana beli paket kuota pemberitahuan dari ovo udah berhasil tapi di aplikasi indosat kuoat nya ngga ada masuk malah ada pemberitahuan kuoat habis paketan yg dulu aneh indosat
playstore,indosat,2026-05-22 00:33:26,jaka saputra,"kenapa sekarang ini setiap pemelian paket, ketika di gunakan lemot😭😭😭😭"
playstore,indosat,2026-05-22 00:21:39,Dede Junaedi,bagus
playstore,indosat,2026-05-21 23:41:46,syafa nur aliza,"kalo mau beli kuota pake wifi selalu loading LAMA.padahal jaringan bagus kalau buka yang lain lancar tapi ini engga, PERBAIKI"
playstore,indosat,2026-05-21 23:38:25,Wika Agustia,"beli kuota mahal mahal sinyalnya ga ada, scroll tb"" ngelag."
playstore,indosat,2026-05-21 23:36:21,anj aja,"pelayanan buruk, gabisa qris"
playstore,indosat,2026-05-21 23:15:03,Listening Music,"Dalam pengecekan Layanan ""Saat ini anda tidak memiliki layanan apapun"" dari Layanan terkait, spam ""mohon maaf pulsa anda tidak mencukupi untuk layanan ini"" unreg sana sini tidak bisa, kebanyakan tidak sinkron data sejak dial default menjadi *888# lebih parah jangankan di perbaiki di respon ulasan pun tidak."
playstore,indosat,2026-05-21 23:09:42,Mason Moss,harga mahal sinyal jelek
playstore,indosat,2026-05-21 22:48:01,Husniati Husniati,jaringan Dajjal
playstore,indosat,2026-05-21 22:45:23,Fani Putra,provider tolol bikin aplikasi gak berguna Tutup aja produk lu tuh M3 gak becus ngurus sinyal!!
playstore,indosat,2026-05-21 22:04:31,Sril Setianila,"parah im3 jaringan lemot paket masih bnyk tapi lemot bngett bikin kesel, udh ngga baik ngga baguss jdi pengen ganti kartu lain"
playstore,indosat,2026-05-21 22:04:14,Andre Mulyono,"pengalaman buruk,selalu menjengkelkan"
playstore,indosat,2026-05-21 21:53:11,Nur Ramadhani,"gimana sih masa jaringannya jelek bangett, mana makin kesini makin mahal, sia² aja beli paketan"
playstore,indosat,2026-05-21 21:33:12,Yusuf ajah,im3 babi lemot
playstore,indosat,2026-05-21 21:22:34,Irvan candra Parapa',apk lemot kayak jaringannya
playstore,indosat,2026-05-21 21:19:04,Ajik Adi Yongs,"tolong ya popup operator jangan pernah sekali-kali muncul tiba² di saat main game dan lagi edit vidio. menganggu sekali, sudah melanggar kenyamanan konsumen. tolong ini di baca dengan baik !! Setan emang menganggu sekali itu !!!!"
playstore,indosat,2026-05-21 21:16:58,Agi Nano,kartu setan gaguna leg parah kek kontol cuih
playstore,indosat,2026-05-21 21:13:37,Ditzz Akun k riset tai,sinyal ny bagus dan kuotanya bagus sampe saya kegirangan karena lemot dan cepet habis kuota nya aplikasi ini sangat bagus untuk orang yang mempunyai emosi rendah
playstore,indosat,2026-05-21 21:07:03,Chika Aryanto,apm lemot parah
playstore,indosat,2026-05-21 20:53:16,Sudar Penyot,ok
playstore,indosat,2026-05-21 20:44:10,Mr. achong,sinyal nya jelek lemot di daerah sekitar kecamatan petir apalagi di dalem rumah cuman ad 1 biji kalo keluar ad banyak tapi lemot nya ampun
playstore,indosat,2026-05-21 20:36:11,lailianaazzahra,"ini jaringan gimna sih? jaringan stabil tpi loading mulu mau main game, kuota msih bnyak, udah berbagai cara di lakukan tetap aja kya gtu"
playstore,indosat,2026-05-21 20:34:40,wun kuo pin,"ga ada perubahan min, percuma minta saran kalo ga di follow up, msh aj sinyal nya bgini trs tiap hari, hadeuh,"
playstore,indosat,2026-05-21 20:21:14,Bagas Irawan,jaringan bagus soh tapi sinyal nya burik udh gitu nanya di wa paket saya gk bisa dipake malah nyuruh beli kan aneh dongo
playstore,indosat,2026-05-21 20:20:16,Lintang Abiyyu,"buat beli kuota lodingnya lama, masa ngk beli pulsa SIM kadaluarsa kan ada kuota"
playstore,indosat,2026-05-21 20:14:36,Wawan Gunawan,kartu sampah dikit dikit sinyal jelek mau bangkrut Lo Indosat babi ?????
playstore,indosat,2026-05-21 20:09:44,Dimas Chandra Merta,"Aplikasi konyol terlalu sering iklan pop up muncul, dan mengarah ke website my im3 tidak jelas."
playstore,indosat,2026-05-21 20:04:31,aa Ucup,makin aneh semenjak lebaran smpe sekarang sinyal nya makin rusak buat nntn ytb jga hrus 360 naik dikit udh gk kuat.
playstore,indosat,2026-05-21 20:00:34,gede warse,"kecepatan internet si udah lumayan, tapi hujan gerimis aja sinyal internet mati total bisa 5 hari di daerah saya khusunya. tolong di perbaiki lagi. terimakasih"
playstore,indosat,2026-05-21 19:59:14,Hasan Apriluyanto,"smart widget apakah cuma tersedia di merk hanphone tertentu, soalnya di hp saya tidak tersedia"
playstore,indosat,2026-05-21 19:36:16,El Zvr,m3 sekarang ga kaya dulu makin lama jaringan semakin lemot harga paket juga semakin mahal mana cuma 28 hari ga full sebulan 30 hari buat streaming aja lola nya minta ampyuuuuuun kuota jg boros banget...not rekomended
playstore,indosat,2026-05-21 19:33:36,Nurhadi Kurniawan,sinyal makin kesini makin buruk wilayah saya di jakarta pusat...saya pakai nomer byu lancar aja...kenapa sekarang makin parah tolong di perbaiki
playstore,indosat,2026-05-21 19:24:06,Dede Abate,harga paketan kuota nya mahal2 sekarang
playstore,indosat,2026-05-21 19:16:11,brother chikal,"siyal parah ancur banget ,,,gak pernah ada perubahan untuk sinyal internet ,,,malah makin ancur ,,,makin parah"
playstore,indosat,2026-05-21 19:10:16,Asepbagdad,gw ini tinggal di jakbar loh bukan di tengah laut. sinyal kek apalah
playstore,indosat,2026-05-21 18:55:36,KPU: USTADZ,"jangan beli kartu ini, kadang isi pulsa ke sini sering hilang, sekarang saya kehilangan Rp.20.000 saldo pulsa saya"
playstore,indosat,2026-05-21 18:55:20,KING PANZZ,tolong harga pulsa nya kasih murah lah
playstore,indosat,2026-05-21 18:48:20,Hendra Wan,inosat paket nya mahal mahal
playstore,indosat,2026-05-21 18:22:11,Rendi Rendi,saya kacewa pake kartu mytri masa saya punya data 54 GB masa ada muncul internet habis
playstore,indosat,2026-05-21 18:10:57,Maha Bhayu,"SARAN UNTUK TEMAN² PENGUNA IM3. LEBIH BAIK PINDAH KE OPERATOR LAIN SAJA. MSIH BNYAK KARTU LAIN KOK. SPERTI XL, 3 , SMARTFREN. KARTU IM3. SEKARANG. SUSAH JARINGANNYA. BELI PAKET DATA MAHAL². TPI JARINGANNYA LEMOT, LAMBAT, TIDAK JELAS, DAN TIDAK KARUAN. #SARAN. PINDAH OPERATOR LAIN SAJA. MSIH BNYAK KARTU INTERNET BAGUS SELAIN IM3."
playstore,indosat,2026-05-21 18:03:40,Damar Deolodi,"jaringannya jelek, paket saya kebanyakan habis hanya untuk nunggu loading hampir berjam jam"
playstore,indosat,2026-05-21 17:58:41,Allif Zamroni,"permisi tuan yang terhormat, saya klien myIM3 sudah lebih dari 8 tahun🥳 ingin meminta perbaikan fitur masuk/daftar maupun tambah nomer yang bermasalah pada aplikasi anda, masalah saya ada di saat tambah nomer selalu tertulis ""nomer telah dikelola nomer/akun lain"". tolong fiturnya dibuat lebih leluasa untuk mengelola nomer saya, karna saya merasa kesulitan saat berganti ponsel."
playstore,indosat,2026-05-21 17:42:12,Effendy Effendy,lumayan murah paket data hifi air nya ..
playstore,indosat,2026-05-21 17:31:42,Saipudin Lubis,mantap
playstore,indosat,2026-05-21 17:12:40,MARINDA CAHYANI,beli paket data sering sekali masih diproses. menyusahkan
playstore,indosat,2026-05-21 17:07:33,Ezzar Raditya,"saya buat bintang 5 agar nampak, aslinya bintang -5 karena sangking ga guna nya notif im3 nya...notif nya bikin mengganggu, pada saat lagi main game, di paksa keluar dengan notif kematian, jadi saya pun me matahkan 4 kartu im3 milik saya, jika notif kematian yg memaksa ke crome sudah di hapuss, saya akan membeli kartu im3 lagi"
playstore,indosat,2026-05-21 16:48:21,Wahyu Putra Kelud,"Harga Paket Semakin Mahal.. Padahal Saya Pelanggan Lama ,Lebih Dari 10 Tahun.. Bukanya Di Bikin Murah Supaya Tetap Setia , Malah di Mahalin.. Semakin Lama Sinyal Tambah Jelek, Padahal Dekat Dengan Tower ± 500m.. Sinyal Kadang Muter²..🐕🐶🐖🐷"
playstore,indosat,2026-05-21 16:44:31,Ahmad Badai,"Saya sebagai pelanggan Indosat sejak tahun 2015 , semakin tahun maju terus menerus kenapa jaringan nya nambah ngeleg aja??? mana paketan skrang makin mahal isi gb nya dikit,, kecewa saya sama Indosat Ooredoo kecewa beratt"
playstore,indosat,2026-05-21 16:29:59,erlan ceesar,lumayan lah jaringannya sudah mulai bagus
playstore,indosat,2026-05-21 16:10:36,Yudha dwi.s,sinyal ilang terus jelek lgi
playstore,indosat,2026-05-21 15:46:56,Septi Nurelisa,sinyal jelekkkkkkkk terus mau di desa mau pas di kota sama aja
playstore,indosat,2026-05-21 15:42:40,Dirga Guari,"pop up nya ganggu banget mana langsung masuk ke web lagi, hp ku udahlah kentang cuman ram 2 ditambah pop up yang tiba² masuk ke web makin lah menjadi jadi hp ku😭🙏"
playstore,indosat,2026-05-21 15:27:21,AEDHEKE TIWUMBUJU,sangat membantu
playstore,indosat,2026-05-21 15:01:08,halcyon Official,sinyal kek anj jelk dan burik kali
playstore,indosat,2026-05-21 14:52:22,M Fahim,notif lu ngeganggu banget
playstore,indosat,2026-05-21 14:48:58,ilham arif,ini buk atau gimana saya udah beli focer giliran udah di dahtarin ada nutif aktif giliran di pakek ga bisa udah di tunggu sampe lama tetep ga bisa mohon di perbaiki
playstore,indosat,2026-05-21 14:47:53,Linzt 17,"SINYAL LU ILANG MULU, PERBAIKIN LAAAAAH!!!!!!!!"
playstore,indosat,2026-05-21 14:44:41,Iqbal adisyahputra,udah mahal jaringan jelek suka patah-patah
playstore,indosat,2026-05-21 14:37:24,Adi Pangestu Ramadhan,"bisa gak lu bikin ads cukup dinotif aja gausah tiba tiba masuk web atau apalah, lu ngerugiin editor yang mau export video yang udah nunggu 6 jam, terus ngulang lagi dan gak berhasil bikin konten yaa, stop kelamin pria"
playstore,indosat,2026-05-21 14:37:14,Muhamad Irji Mukhsinin,lumayan tapi harganya mahal semua
playstore,indosat,2026-05-21 14:23:49,Rafiqi Zaldi,sampah iklannya. emang dapet duit berapa sih dari iklan?
playstore,indosat,2026-05-21 13:40:05,Marlen Hutahaean,Im3 memang oke
playstore,indosat,2026-05-21 13:19:31,PUTRI SAHIRA W,"setelah, aku marah2 ke cs nya baru terselesaikan masalah sinyal yang tidak ada layanan, makasih Indosat love sekebon dari pada xl ilang 170GB dan ga kembali ini 150GB tetep kembali😍😍 ganti bintang 5 dari bintang 1"
playstore,indosat,2026-05-21 13:01:42,hasan tauhid,bosok
playstore,indosat,2026-05-21 12:26:38,Allen Benz Riau,makin lama makin ngak jelas kartu ini taiii kecewa saya
playstore,indosat,2026-05-21 12:17:13,Yadi Supri,Mau nanya knapa nmer saya kena spAM tidak bisa masuk wA
playstore,indosat,2026-05-21 12:11:09,Aryanti 12,"tolong hapus notifikasi pop up, saya lagi ulangan di crome ada notifikasi itu jadi keluar, notifikasi ga guna."
playstore,indosat,2026-05-21 12:00:39,Hudzaifah Hamidy,signal goib
playstore,indosat,2026-05-21 11:50:01,Tjahyo Djuniarto,sinyal kurang bagus kadang nyambung kadang hilang bagaimana bisa kerja dengan nyaman kalau lelet kayak gini
playstore,indosat,2026-05-21 11:47:36,Mahrus 123,sinyal nya jelek banget sering ngelag kalau dibuat ngegame buat losestreak
playstore,indosat,2026-05-21 10:41:09,GCS,"sinyalnya jelek banget, kalok beda kota sinyal nya jelek banget, cuma bisa fi kota kota tertentu aja, aku kurang suka, kalok bisa di perluas lagi 🙏"
playstore,indosat,2026-05-21 10:21:01,Stock SG reper,habgus mulu meskipun ada paketnya.
playstore,indosat,2026-05-21 09:56:46,Masyarakat Menengah,Mahal beli disini! Tolong tambahkan Roblox di Top Up Game bagian Top Up Langsung. Tolong di baca min.
playstore,indosat,2026-05-21 09:51:26,ali masruri,ok
playstore,indosat,2026-05-21 09:45:17,Ari Wibawa putra,kasih bntang 5 bwt dajjal. smoga mati lbih cepat
playstore,indosat,2026-05-21 09:33:09,mugiono rental pick up,bagus juga
playstore,indosat,2026-05-21 09:32:42,M ilyas Farhan,"Najis!! lagi main game tiba-tiba masuk browser sendiri (udah beberapa kali gitu) jaringan b aja ribetnya ampun dah, harga pada mahal lagi, tapi buat darurat selalu gwe pake masalahnya darurat nya tiap hari😁"
playstore,indosat,2026-05-21 09:30:44,Ola Kandou,semoga kedepannya ada promo lebih menarik dan murah lagi buat kami
playstore,indosat,2026-05-21 09:27:23,Anas Irfan,sangat amanah
playstore,indosat,2026-05-21 09:08:52,Zidnal Zidnal,keren rekomendasi banyak murah paketnya
playstore,indosat,2026-05-21 08:45:25,Maria stevani Nimat,sangat bagus
playstore,indosat,2026-05-21 08:39:37,yaho gaming gaming,sinyal asu bikin kalah main kartu anj
playstore,indosat,2026-05-21 08:33:14,IDA BAGUS NYOMAN SWP,tolong perbaiki layanan upgrade pra ke pasca pada step data validasi dan pindahkan kantor layanan / gerai diwonosobo jateng dipusat kota.
playstore,indosat,2026-05-21 08:27:02,Orang aneh,notif yang menganggu sinyal yang kurang lancar
playstore,indosat,2026-05-21 08:25:34,Feb 2nih,jangan notifikasi lanjutkan ke browser Mulu lah ke ganggu ni gw
playstore,indosat,2026-05-21 08:08:41,Agung Sonibijaksana,bagus cepet
playstore,indosat,2026-05-21 07:57:43,Ahiz Art,josjisss
playstore,indosat,2026-05-21 07:46:48,Sud Esti,cukup membantu
playstore,indosat,2026-05-21 07:35:37,Robert Pribadi,"Aplikasi Lelet banget,,kuota masih 2Gb buat main game udah tidak bisa."
playstore,indosat,2026-05-21 07:27:54,Affiliate Shopeefood,"jaringan untuk wilayah samata dan Romang polong Gowa tidak normal lebih dari 26+ jam, jaringannya ilang Mulu"
playstore,indosat,2026-05-21 07:02:53,ekaälputri,28 hari ?
playstore,indosat,2026-05-21 06:46:06,Yanu Bintara,good
playstore,indosat,2026-05-21 06:28:38,Mohammad Rizki,ok
playstore,indosat,2026-05-21 06:08:03,Rizki Abz,"gajelas app banyak error nya, otp aja ga masuk masuk tolol kek sampah"
playstore,indosat,2026-05-21 05:41:00,Dede febriansyah gondel.007,"2018 awal pakai Indosat sampai 2026 lalu upgrade ke Indosat platinum, sampai"" karyawan gerai Indosat kaget karna saya menggunakan Indosat begitu lama, dan setelah upgrade kirain jaringan akan stabil di platinum dan akhirnya sama aja kualitasnya BURUK, lalu apa gunanya platinum?, percuma jika HP SDH jaringan 5G jika jaringan Indosat platinum nya BURUK buat apa!!!!!!"
playstore,indosat,2026-05-21 05:24:11,Canon Kon,mantep
playstore,indosat,2026-05-21 05:22:54,CANDRA WAHYUDIN,baru coba
playstore,indosat,2026-05-21 05:22:34,Ismakhin Sangadah,juoss gandosss
playstore,indosat,2026-05-21 04:58:40,Wan peapaser,"setiap hari di suruh login n masukin nomor, apa sih kurang kerjaan yh🤔🙄"
playstore,indosat,2026-05-21 04:42:51,All-Sal Sabil,bagus
playstore,indosat,2026-05-21 04:42:17,HUSEN SHOFI,sudah bagus kedepannya lebih ditingkatkan lagi
playstore,indosat,2026-05-21 03:20:46,Win Yy,Serbu sekarang!😍
playstore,indosat,2026-05-21 03:05:15,Mimbar Aksi Ilajihad,"aplikasi sering over close dan eror saat di buka, padahal spek hp tinggi"
playstore,indosat,2026-05-21 02:09:14,Zois Zes12,keren
playstore,indosat,2026-05-21 02:06:30,juni harto,mudah membuat aktif kembali
playstore,indosat,2026-05-21 01:56:53,Andri Yal,okelah
playstore,indosat,2026-05-21 01:45:10,Andre Rodger,"MAKIN HARI MAKIN BURUK JARINGAN INDOSAT MAU SIANG ATAU PUN MALEM , APALAGI DI PEDESAAN MENDING JANGAN PAKAI INDOSAT SAYA INGAT KAN"
playstore,indosat,2026-05-21 01:39:49,Wahyu Evasari,sinyal nya jelek bgt oooy
playstore,indosat,2026-05-21 00:56:44,Arshali Romadoni,keren harga nya mahal buat beli paket data internet
playstore,indosat,2026-05-21 00:38:15,Feb Rian,lelet parah im3 untuk main game
playstore,indosat,2026-05-21 00:30:31,Juan Farazi,"Jadi pelanggan setia tapi masalah jaringan sudah 2 bulan terakhir tidak ada perbaikan, terima kasih atas ketidaknyamanannya. Walaupun saya tinggal di kota tapi jaringan Indosat tetap parah, tidak seperti tahun lalu yang lancar bahkan selalu 4G+, sekarang jaringan sering 4G dibanding 4G+"
playstore,indosat,2026-05-21 00:27:29,Dewi Sartika,Jelek Ega ada geratis San nah
playstore,indosat,2026-05-21 00:17:53,Reno Syah ramadan21,oke
playstore,indosat,2026-05-21 00:06:28,Ahmad Sanusi,"jgn download klo gmau pulsa kalian abis sia"" jdi critanya tdi aku beli pulsa Rp15.000 terpotong pulsa darurat 5.600 nah otomatis sisa 9.400 hrusnya pulsa nya ga habis krna ga sya gunakan buat apa"" ini malah pulsa sya hbis smpe sisa 2.110 , minta tolong ke admin alesan nya krna ada layanan berbayar, lah prasaan sya blum beli kuota sma skali"
playstore,indosat,2026-05-21 00:03:43,Aris Aris,sangat bagus
playstore,indosat,2026-05-20 23:55:57,dilip dilip,bagus
playstore,indosat,2026-05-20 23:28:00,Yuli Ana,iy
playstore,indosat,2026-05-20 23:27:45,Prima Oppo,internetan yang memuaskan
playstore,indosat,2026-05-20 23:12:57,rido pratama,bagiss
playstore,indosat,2026-05-20 23:09:38,Eneng Suparman,im3 pencuri. im3 penipu. im3 tukang curang.
playstore,indosat,2026-05-20 23:08:06,imam subakti,jaringan bosok mending tutup aja operatormu
playstore,indosat,2026-05-20 23:08:04,Ganz Attar,bagus sih bagus tapi sinyal full tetep kaga lancar tiap scrol di bikin emosi gara gara sinyal
playstore,indosat,2026-05-20 23:07:20,Muhammadd Ferii,yop
playstore,indosat,2026-05-20 22:56:05,Amar Basyari,kebijakan yang sangat ajaib ketika kartu sedang masa tenggang lalu ku isi pulsa (pas harga dg paketannya segitu) lalu dipotong walaupun cuma 200 perak. dan harus beli pulsa lagi min. 5k JENIUSSSS
playstore,indosat,2026-05-20 22:52:26,Hudryi Aryadi,good lah
playstore,indosat,2026-05-20 22:41:02,Dendi Kurniawan,"udah 3 minggu ini jaringan kaya sampah, mau bangkrut apa gimana? udahlah pada beralih aja jngn pake indosat"
playstore,indosat,2026-05-20 22:31:05,Fatimah Rahman Borahima,ada apa dengan sinyal Indosat?
playstore,indosat,2026-05-20 22:27:18,Seto asmoro,"saya beli paketan dengan benefit yang tertera seperti Adobe express, tapi saya tidak di kasih link untuk menggunakan Adobe express premium nya"
playstore,indosat,2026-05-20 22:05:16,Siswanto Sweet,buat internetan muter muter tok sudah mahal pula harganya 😭
playstore,indosat,2026-05-20 21:55:02,Yohan Carlo,👍
playstore,indosat,2026-05-20 21:47:06,Rizky,"baguss bangett,sangat membantu saya mengecek sisa paketan/pulsa"
playstore,indosat,2026-05-20 21:45:01,Kartini Wulan,sinyal nya kurang bagus
playstore,indosat,2026-05-20 21:40:26,komara natasasmita,sering muncul tiba2
playstore,indosat,2026-05-20 21:38:38,Akbar Akbar,mantap
playstore,indosat,2026-05-20 21:38:19,Suci Amelia,okee
playstore,indosat,2026-05-20 21:29:22,Adib Alfarras,"jaringann jelek, harga pakett samaa ajaa kayak telkomsel gw main ml jaringan 60++ itupun kalo sekalinya ngelagg beehh lag nya lama bangett mana harga paket sama aja kayak beli harga paket telkomsel, lah telkomsel harga sama aja jaringan bagus 40ms++ dan gaada ngelag, gausah beli lah indosat bodoh ini"
playstore,indosat,2026-05-20 21:23:22,Cahyo Alam,"gak usah pake im3 lagi, sinyal parah paketan mahal nyesel pake im3 sekarang"
playstore,indosat,2026-05-20 21:19:52,Farida,notif mengganggu
playstore,indosat,2026-05-20 21:17:50,Dandi Nugraha,"sinyal parah banget,legg parah im3 gimana nih"
playstore,indosat,2026-05-20 21:07:33,Putra Bugis,10000/persen aplikasi ini sangat cocok
playstore,indosat,2026-05-20 21:04:40,Mohammad Fadlan,"ketika beli paket baru , sisa paket lama langsung hilang"
playstore,indosat,2026-05-20 21:00:37,Iya Iyati,sinyal tiba tiba ilang apaa coba lagi push rank juga jadi males gua pake kartu indo sat
playstore,indosat,2026-05-20 21:00:22,Yuli Anto,kenapa im3 jadi penipuan gini ngisi paketan 16gb malah dipotong 10gb gak masuk pencurian 10gb..tolong dikembalikan 10gb saya
playstore,indosat,2026-05-20 20:57:12,Wahed,ok pas bngt
playstore,indosat,2026-05-20 20:48:58,Yosefita Toinjaas,sangat puas
playstore,indosat,2026-05-20 20:45:50,Asep Sunarya,"Lagi parah jelek nya sinyal Indosat udah 3 hari ini, Tolong segera perbaiki. kecewa lah sama Indosat,"
playstore,indosat,2026-05-20 20:44:56,Fantura Saputra,"aswu ngeleg banget aswu, sama data nya kenapa suka mati idup sendiri bukan sekali dua kali lagi tapi sering salam 30 menit ada kali 10 atau lebih mati idup data nya"
playstore,indosat,2026-05-20 20:44:55,M Danil,sinyalnya sering jelek. diperbaiki lah
playstore,indosat,2026-05-20 20:43:31,Yanto Sabara,m3 ok banget buat TLP suara nya bening pokok mantap
playstore,indosat,2026-05-20 20:37:30,Busera Lana,bagus gampang untuk cek paket data dll
playstore,indosat,2026-05-20 20:32:04,AXEL.account.Google,"saya ingin melaporkan keluhan saya, saya tidak tau kenapa begini jadi kemarin- kemarin beli pulsa terus saya jadiin kouta, pulsa nya masih sisa 3 ribuan dan tau-tau waktu sore saya cek pulsa saya tinggal 1 ribuan dan saya dapet chat ""Pulsa kamu tidak mencukupi untuk layanan ini. Yuk top up sekarang. Cek promo terbaru di *888*30#"" padahal saya gak mencet layanan apa pun saya pakai wifi dan data saya matiin tau tau pulsa saya lenyap ntah kemana tolong ini kenapa? walaupun 3 ribu tpi penting itu🥲"
playstore,indosat,2026-05-20 20:25:23,Sampolawa Jaya,😘
playstore,indosat,2026-05-20 20:18:20,access denied,"data elit jaringan sulit, jaringan nya kek taaaiii"
playstore,indosat,2026-05-20 20:12:42,Rivan Ukratallo,bagus
playstore,indosat,2026-05-20 20:05:39,Imam Gartiwa,"mntp, luar biasa"
playstore,indosat,2026-05-20 19:56:27,Fadli Ajay,"sinyal ngelag parah, gak bisa untuk bermain sosmed ataupun game, saya beli paket kuota 150rb 150gb gak ke pakek sama sekali, sinyal buruk tidak rekomendasi sama sekali"
playstore,indosat,2026-05-20 19:56:00,Viora Juan Handoko,kuota masih banyak tapi lemot
playstore,indosat,2026-05-20 19:55:04,Rajab Salman,kasi promo dong min
playstore,indosat,2026-05-20 19:55:00,Muhammad Yusuf,lelet gblk!
playstore,indosat,2026-05-20 19:46:44,Naryan Sridiansah,OK OK sip mantabh
playstore,indosat,2026-05-20 19:43:45,Muhammad Rizky 2,apk dungu
playstore,indosat,2026-05-20 19:35:52,Verdora Ver,bagus
playstore,indosat,2026-05-20 19:34:24,rusman wijaya,"kartu aneh suka ngelag, lagi main malah masuk browser"
playstore,indosat,2026-05-20 19:29:52,Eddy Priyono,sangat baik
playstore,indosat,2026-05-20 19:23:17,Yopi Darmawan,ok
playstore,indosat,2026-05-20 19:19:03,FAHRYY,lagi enak enak war sinyal nya ngeleg bangetttt min Indosat plisss sinyal nya ngeleg mulu
playstore,indosat,2026-05-20 19:18:49,Dea Khairunnisa,"jelek bener sinyal nya sering hilang, apalagi pas war ml tiba tiba udh mati aja, mana paketnya mahal naik terus, bete gw"
playstore,indosat,2026-05-20 19:10:47,Fharhel 135,jaringan bapuk
playstore,indosat,2026-05-20 19:02:27,Mufida,bagus
playstore,indosat,2026-05-20 19:01:43,Dewa Fikri,SINYALMU PERBAIKI
playstore,indosat,2026-05-20 18:55:44,Rizkirahmatullah Rahmatullah,lelet
playstore,indosat,2026-05-20 18:54:52,Ris Jha,ok
playstore,indosat,2026-05-20 18:53:30,Ahmad Widodo,suka pindah sendiri ke chrome dan sinyal nya sangat lambat tolong dong atmin ini kenapa suka tiba tiba masuk chrome
playstore,indosat,2026-05-20 18:51:52,Hendi Supradi,𝕞𝕒𝕟𝕥𝕒𝕡 𝕡𝕠𝕜𝕠 𝕟𝕪𝕒𝕙
playstore,indosat,2026-05-20 18:35:53,Tegu Tiyo,sangat bagus
playstore,indosat,2026-05-20 18:25:19,Muhammad Habibi,"TERUNTUK myIM3 didalam aplikasi ada game permainan ular tangga dan ya kalian mempermainkan para pengguna myIM3 untuk menonton iklan dan tidak akan menang dalam permainan tersebut,dan hadiah reward pun tidak besar, cuma 500mb-1gb saja loh sampe sampe mempermainkan pengguna myIM3, gimana ga emosi coba DADU DIKOCOKNYA LAMA BANGET YAAMPUN PADAHAL YA KALO MAIN GAME ULAR TANGGA YANG ASLI KOCOK DADUNYA CUKUP DIKOCOK BENTAR LALU KETEMU JUMLAHNYA,LAH INI DIKOCOK LAMA BANGET KEBURU DI ANGKAT SABER🤮👎🏼"
playstore,indosat,2026-05-20 18:17:46,aster febiola,"JUJUR KESEL BANGET! pas pagi aku isi pulsa 10k, ehhh malemnya kok tinggal 5k. Padahal aku internetan pake wifi. Akhhh KESEL POKOKNYA😫"
playstore,indosat,2026-05-20 18:05:58,Tanjung Sebrang,MANTAP
playstore,indosat,2026-05-20 18:01:28,Ak Soleh,kondisikan iklan
playstore,indosat,2026-05-20 17:58:17,Irna Dimas Meilani,puas
playstore,indosat,2026-05-20 17:36:20,Muhammad Karim,im3 skrg sinyal ny parah parah bner
playstore,indosat,2026-05-20 17:21:55,Gusrian Pratama,bagus
playstore,indosat,2026-05-20 17:17:01,Iis Rochidin,kartu Indosat IM3 sekarang makin buruk jaringan.. makin banyak lemot nya
playstore,indosat,2026-05-20 17:12:45,Ahmad Hadi,mantaap
playstore,indosat,2026-05-20 17:00:24,Mar,sanget bagus
playstore,indosat,2026-05-20 16:55:42,Agus Pramono Putro,udah 3 hari ini sinyalnya lemot banget gak di cikarang gak di Jawa Tengah. padahal paket internet masih ada 23 GB. tolong lah perbaikin sinyalnya
playstore,indosat,2026-05-20 16:46:46,3. MUHAMMAD GILANG RAMADHAN,bagus
playstore,indosat,2026-05-20 16:43:19,Muali Widodo,yg fersi terbru tdk bisa d tmbhk no y ... pdhal aku punya 4no. rencana mau keluar saja .
playstore,indosat,2026-05-20 16:39:41,Rezki Lasut,baik
playstore,indosat,2026-05-20 16:35:23,Nam Tanfilm,pulsa ku hangus 10k
playstore,indosat,2026-05-20 16:17:12,Siti Kamaria,mantap
playstore,indosat,2026-05-20 16:01:41,Riyo Gennaro,jaringan nya sekarang parah abis lwmot nya
playstore,indosat,2026-05-20 15:52:34,do loop,"parah banyak pop up, paket cuma 28 hari, banyak add on tambahan bikin mahal"
playstore,indosat,2026-05-20 15:50:42,dicky senjaya,aplikasi nya gercep ga lemot2 kek provider lama
playstore,indosat,2026-05-20 15:47:33,Raptorr Enak,Terbaik
playstore,indosat,2026-05-20 15:42:33,Pkl Vgk,bagus sekali aku sudah 2 tahun pakai nya ssejahu ini tidak ada masalah
playstore,indosat,2026-05-20 15:32:53,Muhammad Ali Muhammad Ali,mantap
playstore,indosat,2026-05-20 15:27:04,Prapatan Jaya,cukup lumayan
playstore,indosat,2026-05-20 15:13:38,Dimas,bagus
playstore,indosat,2026-05-20 15:03:12,Satria Nurvita,sering gangguan gak jelas . padahal sinyal penah paketan banyak . tapi tidak ada koneksi internet terus
playstore,indosat,2026-05-20 14:58:02,Dhiii Fakkk,gong bnget jir sinyal nya akhir akhir ini
playstore,indosat,2026-05-20 14:53:13,Rsyd Rz11,membantu sekali!! tidak dengan paket kuota yang murah dan jaringan yang sudah stabil dimana mana. aplikasi myIM3 juga fast respon dan akurat dalam pelayanan costumer service nya. good!!
playstore,indosat,2026-05-20 14:34:37,ardi arya,"Paketan m3 makin mahal dan tidak bisa di toleransi, jarang promo juga , mohon kalau ngasih paketan yang konsisten jangan setiap beli mau beli lagi harga mesti melambung"
playstore,indosat,2026-05-20 14:34:13,Aldi Aldi,kanapa akhir² ini setiap malam selalu ngelek mau main gem atau buka aplikasi
playstore,indosat,2026-05-20 14:32:09,Mo Lor,Sinyal Indosat kenapa jd Lemooott banget di wilayah sekitarnya yg terdampak pemadam Listrik PLN...Payaahh
playstore,indosat,2026-05-20 14:29:42,sarwiyati,ok
playstore,indosat,2026-05-20 14:15:06,top Taeyang,sangat baik 🥰
playstore,indosat,2026-05-20 14:10:04,Metta Davina agustin,"Makin menjadi"",kuota yg masa berlaku dh mau habis tapi masih ada trus hangus oke lah gppa tpi mslhnya pulsa di isi 25rb dalam waktu 2hari dah habis pdhl niat ngisi krna dh masuk masa tenggang datanya juga ga di nyalain krna di rumah pakai wifi ga ikhlas banget rsanya,biar jadi belatung di dalam perut kalian yg suka ngambil apa yg bukan hak kalian,ga 1x doang,rsanya emosi,ga ikhlas banget jadinya,kdang juga klo pas di isi peketan sinyal suka ilang"" an geram banget rsanya."
playstore,indosat,2026-05-20 14:05:23,Refan Setiawan,"Ribet, lelet, tukang tipu."
playstore,indosat,2026-05-20 13:40:31,6D_Muhammad Wafa Khoirurroziqin,"sudah mendingan, tapi masih terdapat ngelag"
playstore,indosat,2026-05-20 13:28:15,Nur Rochim,"Teruntuk im3 pusat,kenapa sekarang kualitas jaringan makin lemot anjir,udah gitu harga paket makin mahal ,ok lah gpp mahal asal signal makin bagus,lah ini kaga,mending ganti provider"
playstore,indosat,2026-05-20 13:26:06,Sangut Samsoe Suedarso,sangat membantu👍🙏
playstore,indosat,2026-05-20 13:20:05,Sahrull Effendi,provider sampah lemot banget buka short YouTube
playstore,indosat,2026-05-20 13:15:52,Hamzah Amir,jaringannya buruk
playstore,indosat,2026-05-20 13:03:16,Mellisa Mellisa,sinyal nya susah d tempat saya
playstore,indosat,2026-05-20 12:32:29,apria Deza,sangat berguna
playstore,indosat,2026-05-20 12:23:54,ALAMG DEWI Jl. TMD,iya syg
playstore,indosat,2026-05-20 12:21:31,Suryadi Sdc25,bgs banget
playstore,indosat,2026-05-20 12:20:57,Nili Salfiahwati,paket murah tapi sinyalnya ilang mulu. smpe gak ke pake kuota nya
playstore,indosat,2026-05-20 12:12:36,dwi agus wahyudi,jaringan buruk di area kabupaten nganjuk dalam beberapa bulan terakhir
playstore,indosat,2026-05-20 12:11:36,M Mletre,"sinyal Masih buruk di kabupaten Nganjuk, sudah beberapa bulan ini, tolong di maintenance, untuk layanan nya"
playstore,indosat,2026-05-20 11:39:56,Mas gndrong Gondrong,ok
playstore,indosat,2026-05-20 11:30:13,nadia nizam,baik
playstore,indosat,2026-05-20 11:29:47,Arora,"kenapa gabisa di download sih,padahal kemarin bisa,saya uninstall dulu karena berat apknya di hp saya"
playstore,indosat,2026-05-20 11:27:46,LamMim,baguss
playstore,indosat,2026-05-20 11:21:34,Novi Sadiyah,kenapa proses nya lama banget sih
playstore,indosat,2026-05-20 11:16:49,Herry Sutiswan23,"Ini kenapa njiir Kuota masih bnyk tpi Unduh/nonton film kyk menghemat kuota gitu sedikit"" lambat bngt pdhl kuota masih bnyk bgt pdhl, sayang bngt kuota masih bnyk smpe waktu kuota abis gk kepake , indosat lama"" jelek"
playstore,indosat,2026-05-20 11:12:18,Warnet Gloria,buruk selalu pakai masa aktif
playstore,indosat,2026-05-20 11:11:18,Meilani Melly,TOP
playstore,indosat,2026-05-20 11:09:30,Jajang Setiawan,"bro kalau ada notif jangan maksa donk gue kalau ada notif dari Indosat selalu langsung keluar bro langsung ke chrome padahal sudah teken batal tapi masih saja masuk ke chrome, gue pusing bro kalau ada notif dari lu lagi maen maennya malah langsung keluar karena ada notif tidak bagus"
playstore,indosat,2026-05-20 11:03:15,D,tidak ada penjelasan kuota baru beli belom juga di pakai langsung habis
playstore,indosat,2026-05-20 11:00:18,Mia Padang,menghisap pulasa🗿
playstore,indosat,2026-05-20 10:56:56,Murdianto,lebih memudahkan
playstore,indosat,2026-05-20 10:45:44,Fajar Khoirudin,bagus bgt
playstore,indosat,2026-05-20 10:39:56,Rega Vely,bagus
playstore,indosat,2026-05-20 10:33:54,Monicx Salim,terimakasih banyak orang termasuk saya.kita sdh dibantu im3 sangat membatu banget yg kesibukan di internet. harga nya tidak berat untuk kita dikalangan yang kurang mampu. semoga harganya tidak di naikan semoga amanah terus 🙏🙏🙏🙏🙏
playstore,indosat,2026-05-20 10:27:34,Nukman fatkhur Rozi,baik
playstore,indosat,2026-05-20 09:55:23,Dody Her,ya sangat puas
playstore,indosat,2026-05-20 09:45:12,Niel Berkasa,kartu yg bgus dan sangat membantu paket terjangkau murah untuk IM3 di wilayah Papua SDH agak bgus
playstore,indosat,2026-05-20 09:43:18,Elbeha Azlama,"Hati-hati pada saat isi kuota, harus dipastikan sudah habis.. beberapa kali saya topup kuota, sisa kuota sebelumnya langsung hilang..."
playstore,indosat,2026-05-20 09:36:21,Ayu Nara,saat memuaskan
playstore,indosat,2026-05-20 09:30:26,Jullio Garo,keren bagus banget dan juga paket datanya beragam dan banyak banget pilihannya love you Indosat❤️❤️❤️
playstore,indosat,2026-05-20 09:25:15,Sumitro ngabang,sangat memuaskan
playstore,indosat,2026-05-20 09:06:42,alexsa alexsamisel,saya sanggat puas
playstore,indosat,2026-05-20 09:05:28,rapi heaven,"sinyal ampas harga ga sesuai ama kualitas, minimal kalo harga naik kualitas naikin lah ini engga harganya doang yg naik kualitas nya malah makin nurun niat jualan gasi?"
playstore,indosat,2026-05-20 08:58:32,Cici Sulastri,kan pulsa ku 20k dan aku ingisi lagi 25 ko jadi 30k tiba tiba ilang 15k kenapanya
playstore,indosat,2026-05-20 08:50:23,Febrian Brian,aplikasi nya dah oke. tapi sinyalnya kek pler
playstore,indosat,2026-05-20 08:46:28,Henri Hpb,"masuk kuota/data lama banget, saya nunggu kok gak masuk masuk ya"
playstore,indosat,2026-05-20 08:40:17,Triyanto Wibowo,aplikasi kikirr layanan bencana malah di buat promosi otak di pake! promosi lu ngeganggu gua!
playstore,indosat,2026-05-20 08:39:59,Rohadi Putra,sangat bagus
playstore,indosat,2026-05-20 08:37:23,Ini Kyy,aplikasi ga jelas beli kuota 5gb 2hari malah pas udah bayar yang masuk kuota 5g 5hari yang cuman buat shopping bodoh ngerugiin
playstore,indosat,2026-05-20 08:36:35,Ahmad Azzam,lama anjir jadi hangus pulsa saya
playstore,indosat,2026-05-20 08:25:06,Ahmad Muqorrobin,paket mahal sinyal lemah & hapus pasca bayar
playstore,indosat,2026-05-20 08:14:21,yani astuti,"semoga bisa lebih murah, banyak promo2 yg bisa di gunakan, jaringan sudah sangat luas"
playstore,indosat,2026-05-20 08:12:09,Nazril Nazril,mantap
playstore,indosat,2026-05-20 07:51:10,Rolys elinardo Sitio,mantap
playstore,indosat,2026-05-20 07:46:38,Eka Putra,ya mantap
playstore,indosat,2026-05-20 07:39:18,JAROT LAFENDOS UDIN S,okantap
playstore,indosat,2026-05-20 07:35:49,Oppo A15,mantap banget
playstore,indosat,2026-05-20 07:35:46,Irwanto Ata,bagus
playstore,indosat,2026-05-20 07:25:10,Ahmad muhtar,ok
playstore,indosat,2026-05-20 07:03:33,Nuno,paketnya sekarang mahal
playstore,indosat,2026-05-20 07:02:59,Ahmad Faizal,baik swkali
playstore,indosat,2026-05-20 06:47:25,Bray Anton,praktis dan simpel.. mudah dan cepat
playstore,indosat,2026-05-20 06:32:57,Rusida Samuda,allhamdullh
playstore,indosat,2026-05-20 06:14:46,Andini Nabilaa,good
playstore,indosat,2026-05-20 06:07:46,Agus Sukabahlil,"hadeh Udalah mahal, baru beli pulsa aja udah kesedot aja KOCAK"
playstore,indosat,2026-05-20 06:07:18,HAMJUN 02,kartu saya udah ke belokiir cara ngaktipin nya gimana
playstore,indosat,2026-05-20 06:05:50,Bayu Brow,min kasih diskon dong😁😅
playstore,indosat,2026-05-20 06:03:34,Slamet Raharjo,sangat baik
playstore,indosat,2026-05-20 06:03:19,Sopia,cepat dan mudah mengisi pulsa atau kuota🤩
playstore,indosat,2026-05-20 06:01:05,Asiah,bagus
playstore,indosat,2026-05-20 04:36:30,Opang Rumangkang,ok
playstore,indosat,2026-05-20 04:02:11,Kris Sikte,mnta
playstore,indosat,2026-05-20 03:52:35,Ma Rino,ok
playstore,indosat,2026-05-20 03:34:23,mustaqim bimbim,bagus bangat
playstore,indosat,2026-05-20 03:33:53,A.j Collection,aplikasi im3 sgt membantui
playstore,indosat,2026-05-20 03:20:23,khoirun Nisa,gongh parah
playstore,indosat,2026-05-20 03:16:56,Faisal Napitupulu,jaringan gangguan mulu gimna coba
playstore,indosat,2026-05-20 03:14:02,Lorenzo Moto,aplikasi yg mempermudah transaksi. top 👍
playstore,indosat,2026-05-20 03:05:53,Akmalrafid Sabila,mau beli aja susah...loading terus sampe kiamat
playstore,indosat,2026-05-20 02:59:52,Jam Bore,tiba tiba keluar member impoin jadi harus ngulang lagi dari member red padahal sering isi pulsa
playstore,indosat,2026-05-20 02:20:17,Jihan Nuria,keren
playstore,indosat,2026-05-20 02:18:39,Medi,baik
playstore,indosat,2026-05-20 01:15:12,Shem Ramli,sangt bgus
playstore,indosat,2026-05-20 00:23:41,Kujang Emas31,"ini indosat jaringan nya ancur ancun lemot jelek banget makin ke sinih,di keritik malah di arahkan ka sanah kemari l,suruh ini suruh itu padahal yang mengeluhkan hal yang sama bukan 1 atu 3 orang bukn benerin malah di arahkan ke sanah kemari,padahal kita semua beli bukan geratis.ini mau di benerin gk cih indosat,tlpn wa bentar bentar mati gak ada jaringan apa lah bikin rewet😡😡😡😡 cek paket gk bisa apa2 lemot😡"
playstore,indosat,2026-05-20 00:07:06,Fazllio Mawla Mansyur,kenapa Gabisa beli paket nya diproses terus / gagal tolong di konfirmasi si Laginya 🙏
playstore,indosat,2026-05-19 23:42:58,muhammad farit,mantap
playstore,indosat,2026-05-19 23:35:12,Oky Riyandi,mantap
playstore,indosat,2026-05-19 23:34:58,Danuar Gerdain,"jaringan tiba-tiba hilang, sudah mode pesawat dan restart hp serta membersihkan kartu tetapi tetap saja sinyal selalu tiba-tiba hilang. saya beri bintang 5 jika sudah di perbaiki."
playstore,indosat,2026-05-19 23:33:04,Siti Aminah,ok
playstore,indosat,2026-05-19 23:29:05,INGOT123 SAMOSIR,"aplikasi mau error tiba"""
playstore,indosat,2026-05-19 23:14:31,Nini Assya,bgus
playstore,indosat,2026-05-19 23:08:04,septian 28,"ga ngerti ya sama Indosat ini, lemot nya bner bner parahh, ga bisa dipake buat internetan, kecewa banget asli, dahlah waktunya ganti kartu, papaiiiii"
playstore,indosat,2026-05-19 23:01:03,Mahyu Md,"sinyal internet jelek, latensi tinggi, persentase data cuma jd 6%, sia2 isi kuota gede tapi gak guna. sped test d apk ini gak guna penipuan. malah d suruh restart hp, dasar sinyal paket data anda yg lelet, 1jt x juga restart hp gak bakalan klo dasari dari provider. apk lelet, sinyal lelet, data lelet, kapok dah isi kuota gede2 d sini"
playstore,indosat,2026-05-19 22:52:25,Cay Ma,jaringan sampah jelek bangettt
playstore,indosat,2026-05-19 22:47:35,Nur Bima1 (Bimaaa),bagusssszs
playstore,indosat,2026-05-19 22:46:12,Bahrus Soleh,mantap
playstore,indosat,2026-05-19 22:33:08,Ahmad Mardin,mantap pakai aplikasi my Im3 gak gak ssah2 isi paket data ...
playstore,indosat,2026-05-19 22:27:38,Muhamadfahri fahri,baik
playstore,indosat,2026-05-19 22:25:33,Mul Yana,sumpah sinyal jelek banget gadimna dimna males banget beli kartu ini
playstore,indosat,2026-05-19 22:25:11,Miko Canra,ok
playstore,indosat,2026-05-19 22:20:29,olik 123,internet lemot terus
playstore,indosat,2026-05-19 22:09:12,Agas Aslami,sinyal nya ga stabil
playstore,indosat,2026-05-19 22:03:50,fahmi idris,"Gw di tangerang Tanah Tinggi, Bisa kebilang kata orang-orang di luar sana tangerang itu adalah kota, dan gong nya gw pake jaringan Indosat sumpah serasa di kampung khusus daerah tanah tinggi yak, main game nyendat nyendat, scrolling macet macet, kebanyakan update gk jelas tapi jaringan nya jelek, gw asalnya kasih ulasan bintang 5 kenapa karna awal² emang bagus cakep, akhir² ini kek ayam anj banyak nglag nya tll."
playstore,indosat,2026-05-19 22:03:48,Yusufalmaida10,"tolonglah perbaiki jaringanmu anj, improve napa improve, dari kemarin main epep doang jaringan kuning mulu, dari pagi sampe malam pun gitu terus, dikira ga kesel apa kalo pas lagi war jaringan merah kuning mulu, mau perbaiki onn off kan pun gaguna, yg ada keburu knock pler. pasti habis ini dijawabnya cuma onn/off kan jaringannya jak lagi ni"
playstore,indosat,2026-05-19 21:59:19,Titian Wahyu,"ini niat ngga sii sinyal susah kali buat main, lemot banget dahh"
playstore,indosat,2026-05-19 21:55:53,Abdurrahman syarief,"seru banget, pokoknya"
playstore,indosat,2026-05-19 21:45:03,Shaap Gimbal,jaringannya kuat sinyal bagus mantap aja
playstore,indosat,2026-05-19 21:41:40,HAHAHA Hah,kuota mahal dikit plus lag mending gausah ada provider kikir gini
playstore,indosat,2026-05-19 21:39:45,SERIZ GAMING,mantaapp terbaik lh
playstore,indosat,2026-05-19 21:36:56,misna wijaya,Sangat beli pulsa paket
playstore,indosat,2026-05-19 21:35:19,Riski Pratama,"Selamat malam kak, saya memiliki keluhan, dimana saat saya menggunakan fitur ""pulsa darurat"" pada notifikasi transaksi tersebut berhasil, tetapi paket datanya tidak masuk kak, tetapi saya tetap diminta untuk membayar pulsa darurat yang bahkan *tidak bisa* saya gunakan. Untuk permasalahan ini bagaimana ya kak?? saya sudah menghubungi pusat keluhan di wa, tetapi pilihan menunya tidak ada"
playstore,indosat,2026-05-19 21:17:07,Delpi Barutu,sinyalnya pindah ke alam goib ini....
playstore,indosat,2026-05-19 21:16:44,Tri Andanuwary,Mantul
playstore,indosat,2026-05-19 21:14:33,Anaksulung Bojongrawalumbu,sinyal nya doang
playstore,indosat,2026-05-19 21:14:22,Dwi Rolliawati,th 2021 ulasan saya : Jaringan tidak bagus..sering hilang 4G nya. Pulsa tiba2 terdebet padahal sdh ada paket data yg berjalan. Jadinya kuota dobel2 tapi ya tetep aja..jaringan tidak bagus!!!!! th 2025 ulasan saya : jaringan m3 tambah nyungsep...gak bagus..masak beli paketan 50GB tp jaringan ampun ..kyk gak punya paket. sebagai pengguna m3 yg uda lama banget saya kecewa... klu tetep kyk gini saya pindah provider aja. tahun 2026 uda ganti hp baru masih saja jaringannya lelet
playstore,indosat,2026-05-19 21:07:05,Fika,bagus
playstore,indosat,2026-05-19 21:05:04,Pucuk Rebung Official,di daerah kami sambas kalimantan barat super duper lelet.
playstore,indosat,2026-05-19 21:03:40,Sona Viaaa,"udah lama pakai im3 ini dan jaringan aman² aja. tpi skrng udh beda, di pake lag Mulu gatau knp. tiap saat hilang trs jaringan heran deh, kalau di pakai game juga merah, silang terus. tolong dong di perbaiki"
playstore,indosat,2026-05-19 21:01:54,Rifal Rifaldo,selalu terpotong ketika beli pulsa
playstore,indosat,2026-05-19 21:00:13,Kumis Coro,"kenapa indosat sekarang tuh jauh banget bedanya sama yang dulu, udah bertaun taun pake indosat tahun ini bener bener ancur banget sinyalnya, kouta baru isi harusnya msh aman dong soal internet, tapi ini berasa gada koutanya, buat nonton yt aja muter terus astaga, masa iya isi kouta puluhan gb cuma buat whatsapp doang si astaga, Tolong lah koutanya kan beli bukan gratisan masa kouta banyak berasa gada kouta, sampe kapan mau kaya gini terus, perbaiki lah"
playstore,indosat,2026-05-19 20:58:39,Hasan Basri,baik
playstore,indosat,2026-05-19 20:57:41,Lisna Suryani,sangat puas
playstore,indosat,2026-05-19 20:51:53,Mas toi Dol,paketan bayar sinyal buruk
playstore,indosat,2026-05-19 20:48:12,Khandiyas diyas,terima kasih telah melayani & merespon kuota nya dgn cepat
playstore,indosat,2026-05-19 20:41:55,MaulL LaNa,"IM'3 SEMAKIN KEMARI SEMAKIN GA JELAS JARINGAN INTERNET SELALU SAJA GA STABIL..... WOOYYYYYY GW MAKE KARTU KU BUKAN SEMINGU DUA MINGGU, BUKAN PULA SEBULAN DUA BULAN GW MAKE KARTU LU UDAH BERTAHUN-tahun KO LU MALAH KAYA BEGINI SEMAKIN KEMARI.......GA JELAS LU.."
playstore,indosat,2026-05-19 20:37:45,Siti Fatonah,sangat membantu
playstore,indosat,2026-05-19 20:23:59,Qowi Pnk 87,aku suka
playstore,indosat,2026-05-19 20:19:12,bebegig sawah,jaringan nya makin jelek lah
playstore,indosat,2026-05-19 20:18:26,Ark Kopler,"perbaiki sinyal, sering naik turun. masa buat liat tiktok doang kadang sering nyendat kendala sinyal tidak stabil"
playstore,indosat,2026-05-19 20:14:30,agung agung,kesedot terus
playstore,indosat,2026-05-19 20:13:36,Intan Cahyadi,jelek
playstore,indosat,2026-05-19 20:10:04,Krisna Pasha,harga kuota mahal sinyal sulit
playstore,indosat,2026-05-19 20:07:33,Amongga Contalla,baik
playstore,indosat,2026-05-19 20:06:44,Wahyudi DPIB3,"WOY INI GIMANA JARINGANNYA LEMOT GAK BISA APA APA CO YANG BNER AJA DONG, TOLONG DI PERBAIKI"
playstore,indosat,2026-05-19 20:04:51,Andi Segara,sangat bagus sekali dan mudah
playstore,indosat,2026-05-19 20:01:50,Ahmad,tiap dibeli harga makin naik tapi sinyal makin down👎
playstore,indosat,2026-05-19 20:00:36,Resky Fauzi,aplikasi tidak dibutuhkan
playstore,indosat,2026-05-19 19:53:44,broszem jembros,"sudah 3 hari sinyal lelet kaya keong,"
playstore,indosat,2026-05-19 19:53:04,Ike,"Sudah beberapa hari ini jaringannya parah, kuota masih ada 140GB tapi jaringan bapuk 🤬 IM3 kalau seperti ini terus lama kelamaan akan di tinggalkan pelanggan 😤"
playstore,indosat,2026-05-19 19:49:07,Raden Rohman,aneh banget nih apk mau unreg kuota yang udah mau habis. malah dituker sama yang baru gua beli 50gb . benahin dulu napa bukanya makin bagus malah makin bobrok banyak bug . mohon I itikat baiknya
playstore,indosat,2026-05-19 19:48:06,Mahmud Mud,Alhamdulillah syukuri
playstore,indosat,2026-05-19 19:35:14,rafly,sinyal dari kemarinn jelek terus!!
playstore,indosat,2026-05-19 19:34:03,Azis Ateng,top
playstore,indosat,2026-05-19 19:32:54,ilham imanudin,"Kuota mahal cuma 28 hari, jaringan lemottttt"
playstore,indosat,2026-05-19 19:31:59,Ismail Marvhel,"uda beberapa bulan di daerah ku jaringan im3 sangat jelek, merugikan aktifitas kita, banyak terbuang waktu, karena kadang harus ulang dari awal, karna jaringan jelek, walau pun di lapor kemana tetap aja sama"
playstore,indosat,2026-05-19 19:31:01,Bening Iolona,paket terlalu mahal
playstore,indosat,2026-05-19 19:28:23,Renna_aja,"gw kasih bintang 5 biar keliatan, mending tutup aja dah kantor im3,harga naik tapi kualitas kayak sinyal 3G kecewa sama M3"
playstore,indosat,2026-05-19 19:26:21,Sempol17 Mafia,"Em3 sinyalnya jadi lemot bngtz pdahal kouta masih 24GB tolong di perbaiki lagi ,biar penggunanya gak pada kabur minn ini kritikan"
playstore,indosat,2026-05-19 19:25:59,Faisal Darmawan,udah kartu enggak ada sinyal+data yg kesedot boros banget+iklan ngeselin
playstore,indosat,2026-05-19 19:23:00,Wiwi Kartiwi,jaringan makin jelek
playstore,indosat,2026-05-19 19:12:19,Anang Bayu,"eh napa pulsa gua ngurang mulu pe'a, kuota juga ada napa pulsa gua ilang mulu, ganti rugi jing, giliran gua minjem pulsa darurat 3 rebu aja lu tagih mulu giliran diisi pulsa lu sedotin pulsa nya"
playstore,indosat,2026-05-19 19:10:30,Aprilia Lestari,bagus
playstore,indosat,2026-05-19 19:10:12,Ali Nurjaman,"Belakangan ini sinyalnya suka hilang, lemot parah, kacau!"
playstore,indosat,2026-05-19 19:06:15,Said Asegav Lanuru,"mohon maaf, awalnya bagus, dan sampai sekarang sy masih setia menggunakan myIM3, tpi hari ini, sy benar-benar tdk habis pikir, dan komplain, barusan tdi sy mau isi data yg harga 30 ribu, setelah sukses, kok malah di kasih 11 GB, yg di aplikasinya tertera 17GB untuk 7 hari dengan nominal 30 ribu, kenapa yg di kasih hanya 11GB, yg 6GB nya kemana, ap d korupsi,..in udh merugikan konsumen,.. makanya sy turunin bintangnya dari 5 bintang ke 1 bintang,.."
playstore,indosat,2026-05-19 19:05:58,WAYUDERMWAN,mantap ni apk mym3
playstore,indosat,2026-05-19 19:04:37,Mufti & syifa Syifa,muantap
playstore,indosat,2026-05-19 18:36:12,Alfin,sangat bagus
playstore,indosat,2026-05-19 18:35:22,hendra cahyono,jaringan tidak stabil mohon di perbaiki
playstore,indosat,2026-05-19 18:30:12,Angga FreedoM,oke
playstore,indosat,2026-05-19 18:23:38,ardavaaditia Pratama,bagus tapi geratisan gak ada poin juga susah
playstore,indosat,2026-05-19 18:20:37,irwan Aja,knph yg 30 hari skrng kaga ada
playstore,indosat,2026-05-19 17:51:31,aulia dwi cahya febriana,"dah mah mahal, lemot lg 😑😑😑 JELEK BGT INI SINYALNYAAA TWUMBWENNNN????? pdhl biasanya kl lg ujan pun ga sejelek ini, plsss emtri km knp 😔😔😔🙄🙄🙄 makin ke sini makin jelek jirrr, pdhl ak udh setia ama emtri 😔😔😔"
playstore,indosat,2026-05-19 17:43:36,Ahsana Amri,kurang bonusan
playstore,indosat,2026-05-19 17:40:20,Ade Firmansyah,ok
playstore,indosat,2026-05-19 17:39:30,won young,makin kesini makin mahal
playstore,indosat,2026-05-19 17:31:33,Rizqi Azanuddin siregar,bagus dan lancar
playstore,indosat,2026-05-19 17:29:29,Zuliansyah Akbar,"lumayan cepet responnya,dan langsung di tangani,walau sinyalnya agak putus putus"
playstore,indosat,2026-05-19 16:56:40,Rizha Mahendra,sinyal kek jemboet
playstore,indosat,2026-05-19 16:41:14,Cikha Yas,puas
playstore,indosat,2026-05-19 16:39:59,Mulyazid Mulyazid,"apalah masa tadi Singal Indosat gw ilang padahal masih 1,3 gb gw jadi Kena cambek padahal lagi main rank udah dapet lord malah kalah gara gara Singal busuk"
playstore,indosat,2026-05-19 16:37:27,Rasti Ridayana,sangat bagus
playstore,indosat,2026-05-19 16:36:39,Ilman Iis,kerennn
playstore,indosat,2026-05-19 16:36:10,naufal fikri,Lagi adu retri anjg😡 tiba-tiba ada notif popul mbud
playstore,indosat,2026-05-19 16:26:13,Argon Firmansyah,membeli 1 kuota yg sering di beli hasil kedepanya semakin mahal dan harinya berkurang di 28 hari bukan 30 hari
playstore,indosat,2026-05-19 16:26:05,Very DJ,banyak bonus
playstore,indosat,2026-05-19 16:21:59,Mahfud Mahfud,ok🙏
playstore,indosat,2026-05-19 16:20:47,Likus Likus,jaringan lemot sering hilang gk ngotak
playstore,indosat,2026-05-19 16:08:30,Rendi Prayoga,sinyal lemot daerah pegunungan sama sekali gak dapet sinyal tarif harga paket mahal buang buang kuota
playstore,indosat,2026-05-19 16:05:15,Aswatin Aswa,lancar
playstore,indosat,2026-05-19 16:00:00,Akew Ta22,tolong ya im3 kenapa paket saya gabisa digunakan udah berapa kali beli paket ttp gbisa dipake
playstore,indosat,2026-05-19 15:51:56,Djoko Susanto2106,pulsa TDK dipakai sama sekali kesedot dikit demi sedikit 😭😭😭 sudah sekian kalinya... padahal data internet pakai vendor lain
playstore,indosat,2026-05-19 15:49:48,Reza Choiril,"web lu ganggu banget, lagi main game bisa tiba"" masuk web im3 kocak gajelas"
playstore,indosat,2026-05-19 15:38:49,Putri Putri,sangat luar biasa
playstore,indosat,2026-05-19 15:31:01,M F RIDHA,ok
playstore,indosat,2026-05-19 15:30:37,Fredy Yonathan,"sinyal selalu ilang"" mu gak ada perbaikan sama sekali, udh protes tetep aja gak ada perbaikan sama sekali parah, padahal tinggal gak di plosok tp jaringan kayak di plosok aja"
playstore,indosat,2026-05-19 15:28:18,Randi,"Semakin lama di pakai jaringan semakin busuk,kalau ga di isi kuota jaringan full,di isi kuota sinyal kadang 1-2 balok doang,benerin lah sinyal jaringan di daerah Riau ni min"
playstore,indosat,2026-05-19 15:25:32,Jalal Majid,josjiss
playstore,indosat,2026-05-19 15:22:16,Ana Kurnia,transfer pulsa ke sesama pun biayaanya 4rb??? shibaLLLLL
playstore,indosat,2026-05-19 15:19:54,Dwi Retno,mantap
playstore,indosat,2026-05-19 15:15:30,Amelia Putri,TIAP NOTIF AUTO MASUK WEB MLU APASIH KOCAK GANGGU BGT KOCAK KOCAK MANA JARINGAN LEMOT MAHAL LG KOCAK LU BISA GA ILANGIN AUTO MASUK WEB NYA GANGGU AJA KOCAK
playstore,indosat,2026-05-19 15:10:31,Edo Artio,"jaringan parah terutama di PIK2 tolong di perhatikan lagi untuk jaringan di sekitar PIK 2 dong, ini saya cukup terganggu saat ada pelatihan online"
playstore,indosat,2026-05-19 14:52:57,Nur Syhak,good
playstore,indosat,2026-05-19 14:43:19,Edo Raja,makasi
playstore,indosat,2026-05-19 14:42:13,Zky 777,notif jangan maksa lah udah di batalin malah lanjut ke google
playstore,indosat,2026-05-19 14:36:55,Efril Susanti,terima kasih
playstore,indosat,2026-05-19 14:18:20,Danudan Nanda,mudah cepat gampang...sayang harga mahal gak sesuai isi Harusnya sesuai harga sesuai isi GB
playstore,indosat,2026-05-19 14:16:34,sayidinaali Ali,bagi bonus
playstore,indosat,2026-05-19 14:05:18,Hamidah Rohmah,im3 bgus sekali
playstore,indosat,2026-05-19 14:02:58,Valentino Ghani,mantap
playstore,indosat,2026-05-19 14:01:29,the karo,bagus bgt
playstore,indosat,2026-05-19 13:57:29,MS Ilyas,"tadinya saya kasi ⭐ 5 cekarang 1 saja, MENGECEWAKAN 👎😓🤦🏻‍♂️🤦🏻‍♂️"
playstore,indosat,2026-05-19 13:57:13,Slmet Tiger,bagus
playstore,indosat,2026-05-19 13:54:07,Anggi Laksono,sangat bagus
playstore,indosat,2026-05-19 13:33:36,Samsidar Saparang,bagus
playstore,indosat,2026-05-19 13:19:04,Iwan Ray,ok
playstore,indosat,2026-05-19 13:16:35,Kiki Kurniawan,bagus
playstore,indosat,2026-05-19 13:02:17,Boy Qtrezz,baik
playstore,indosat,2026-05-19 13:00:45,HARIS Munandar,aplikasi tidak bagus proses lama gangguan Mulu mending hapus ajalah.
playstore,indosat,2026-05-19 12:56:29,Jihan Cwntk,"adain fitur perlindungan pulsa lah cape bener buka data bentar udah kesedot pulsanya mana nominalnya gak kecil lagi, liat riwayat pengeluaran pulsanya juga gk ada seperti pengeluaranya buat ini itu"
playstore,indosat,2026-05-19 12:50:26,Kurniawan Harry,"tiba"" apk tidak bisa dibuka, hanya muncul layar putih, sudah di instal ulang sama saja!"
playstore,indosat,2026-05-19 12:50:10,Mbah wiro Wiro,mantap
playstore,indosat,2026-05-19 12:46:17,Menuk Ria,lambat mungkin sinyal slow respon
playstore,indosat,2026-05-19 12:40:30,Singkawang singkawang,sinyal hilang terus busuk
playstore,indosat,2026-05-19 12:25:33,Muhamad Adi Sasono,provider terbaik dan termurah pilihan paket datanya
playstore,indosat,2026-05-19 12:22:40,Melon Milan,ketika paket mau habis misalnya satu jam lagi tiba tiba lemot padahal sisa kuota masih banyak
playstore,indosat,2026-05-19 12:04:56,lidra yayansa,banyak iklan
playstore,indosat,2026-05-19 11:44:37,Edi Mawan,sok gangguan
playstore,indosat,2026-05-19 11:43:51,Maniati Bayu,i like
playstore,indosat,2026-05-19 11:42:08,Zainal Arifin,cepat dan praktis..
playstore,indosat,2026-05-19 11:41:39,Damendra Jr,"saran buat user M3 Indosat. mendingan pakai Telkomsel, kalo buat internet & main game. Indosat signal penuh, tapi lemot. sering menghubungkan pula"
playstore,indosat,2026-05-19 11:30:20,Borneo Steel,sangat puas
playstore,indosat,2026-05-19 11:26:01,Mawadah Salwa,sinyalnya ilang ilang terus kesel
playstore,indosat,2026-05-19 11:20:28,Surya Bina,bagus👍👍
playstore,indosat,2026-05-19 11:02:42,Zion Zion,kadang lemot yg membuat saya kesel walaupun membeli paket besar terkadang tidak ada sinyal nya
playstore,indosat,2026-05-19 10:58:57,Assiva Rohma,slain gk ada save pulsa. kenapa kuota mkin sedikit harga mlah mkin mhal???
playstore,indosat,2026-05-19 10:45:41,Edi slamet Slamet,Ini kenapa paketan 15 GB kok blum masuk dari jam 2.54 pagi
playstore,indosat,2026-05-19 10:35:06,Farhan Adi Pratama,jaringan terparah didepok
playstore,indosat,2026-05-19 10:31:54,Arifin Arghubi,Ok
playstore,indosat,2026-05-19 10:19:45,Opang Novan,bagus
playstore,indosat,2026-05-19 10:09:03,Vikry Ismail,"Makin ga jelas m3 nyett,4G aja ngeleh apalagi 5G woiiii M3"
playstore,indosat,2026-05-19 10:03:08,koboy bengkung,"Coba bos jaringannya nih duh jadi parah gini asalnya bagus makin kini jadi berkurang sinyal si 4g cuman pake nonton youtube ajah loding trus, mau beli paket ajah di aplikasinya susah loding terus sampr mampus"
playstore,indosat,2026-05-19 09:57:25,Mail Husen,"make nih kartu dah 4tahunan bukannya bener malah jadi lemot bat dah, terimakasih telah merespon keluhan 🙏"
playstore,indosat,2026-05-19 09:56:23,NOOB MAKER,"pulsaku kesedot terus gimana cara matikan langganan, padahal saya tidak pernah berlangg"
playstore,indosat,2026-05-19 09:54:14,Joko Solo,"tiba2 sim card tidak bisa dipakai, pulsa masih ada, quota masih banyak .. kacau semua mbca dll .. maling halus cantik .."
playstore,indosat,2026-05-19 09:48:16,irani vie,Josss anti lelet thanks my m3 god jon
playstore,indosat,2026-05-19 09:47:44,Ndy,info paket internet
playstore,indosat,2026-05-19 09:38:45,Endang Wahyuningsih,"gak jelas udh ke 4 kali saya mau beli paket susah sekali, udh gitu jaringannya kadang2 suka ilang parah bukan makin bagus malah makin jelek"
playstore,indosat,2026-05-19 09:02:24,Rian Agustana,gk masok blas
playstore,indosat,2026-05-19 08:59:37,Aysha Wardah,"sinyal gajelas, harga tidak sesuai kualitas"
playstore,indosat,2026-05-19 08:57:33,oma apriyanto,sangat bgus
playstore,indosat,2026-05-19 08:51:30,Nanda Ramadhani,jaringan bobrok
playstore,indosat,2026-05-19 08:50:33,Bakri walinono,sangat bagus
playstore,indosat,2026-05-19 08:43:05,Safandi Andi,bagus
playstore,indosat,2026-05-19 08:15:11,gamer lokal,"jangan kasih iklan penawaran tiba-tiba operator memeg, benerin jaringan bukan banyakin penawaran"
playstore,indosat,2026-05-19 08:11:23,Gana Re ken,"kenapa tidak bisa beli paket internet ya, saat aku klik malah loading lama terus muncul ""oops, gagal memuat konten, silahkan coba lagi"" ini gimana sih saya sudah cek di WA tapi jawaban dari pertanyaan saya malah tidak jelas, ampas bener sih."
playstore,indosat,2026-05-19 08:01:10,eko waee,"saat membuka aplikasi selalu muncul pop up yang sangat mengganggu, utamakan kenyamanan pengguna. bukan hanya nyari untung saja"
playstore,indosat,2026-05-19 07:57:13,Erik Erik,bagus
playstore,indosat,2026-05-19 07:47:01,Adella Bay,sangat puas
playstore,indosat,2026-05-19 07:46:01,Rizal Gustiani Permana,sinyalnya jelek
playstore,indosat,2026-05-19 07:37:07,Gaishan R,apl ini makin buruk. ngk bisa buka fitur pembelian paket
playstore,indosat,2026-05-19 07:35:36,Siti Uswatun Khasanah,jos
playstore,indosat,2026-05-19 07:29:40,Ahmad yani,"ok, terimakasi IM3 sudah membantu kami"
playstore,indosat,2026-05-19 07:24:08,Adit Mdto,sangat cocok digunakan untuk melakukan transaksi
playstore,indosat,2026-05-19 06:25:06,Asoy Bro,"kuota masih ada tapi loding terus giliran nonton iklan lancar, sudah mode pesawat on off sebentar gitu , ngaruh gak seh yg disekitar pake wifi, sempat saya gak beli kuota muncul spam tekan batal diarahkan ke browser"
playstore,indosat,2026-05-19 05:41:44,Taufik Gunawan,myim3 nyedotin paket sampai 5 GB buat apa asuuu
playstore,indosat,2026-05-19 05:38:14,Nie Katob,bagus
playstore,indosat,2026-05-19 05:33:36,luthfiyah alhusna,"INDOSAT kenapa sisa paket data saya 3,6 gb padahal harusnya 4 gb karna kemarin saya hanya menggunakan 2 gb, lalu kenapa pulsa saya kesedot jadi tinggal sisa 4950 padahal harusnya 9950, kemana sisa pulsa 5000 saya? serta mengapa jaringan internet indosat ini sangat jelek sehingga mengharuskan saya menyalakan mode pesawat agar jaringan tersebut kembali seperti semula walaupun secara dalam jangka waktu yang sangat cepat, dan hanya bertahan selama 5-10 menit"
playstore,indosat,2026-05-19 05:29:24,Agan Cel,sangat membantu saya terima kasih myIM3
playstore,indosat,2026-05-19 04:58:19,Rasio Rasiyoman,"sangat mudah di gunakan, dan mudah di pahami"
playstore,indosat,2026-05-19 02:41:24,Jaya123 Lalap12,👍
playstore,indosat,2026-05-19 01:02:16,Jaya Ismail,"makin parah layanan Indosat. udah upgrade ke platinum yg pasca bayar aja masih lag terus kalo di pake maen game. pindah operator aja lahh. ga jelas nih, udah bayar mahal, layanan ga memuaskan."
playstore,indosat,2026-05-19 00:57:34,Hendra Kurniawan,iya ok bngt
playstore,indosat,2026-05-19 00:55:31,Gogo Van,bagus bagus
playstore,indosat,2026-05-19 00:44:31,Riko Ardyan,sangat bagus
playstore,indosat,2026-05-19 00:42:39,Dimas Alfiandri,mantap
playstore,indosat,2026-05-19 00:35:09,Ardi Set1awan,sinyal lancar
playstore,indosat,2026-05-18 23:56:24,Jefri Penu,sangat cocok
playstore,indosat,2026-05-18 23:55:56,Damar Wulan,mantap
playstore,indosat,2026-05-18 23:40:45,Trisna Kencana,terima kasih
playstore,indosat,2026-05-18 23:39:59,Ytta,m3 kehabisan sinyal
playstore,indosat,2026-05-18 23:20:34,Kenzy Kenzo,"good ,,minta yg 40 GB Adain lagi dan harganya turun,,makasih"
playstore,indosat,2026-05-18 23:14:32,Ari Irawan,Lemott Tambah Banyak Ngelagg kartu apaan paket ajah mahal kualitas ga adaa cuhhh
playstore,indosat,2026-05-18 23:05:14,Joni Aripin,bagus
playstore,indosat,2026-05-18 22:55:28,Aziz Djay,Terus menjadi yg terbaik
playstore,indosat,2026-05-18 22:36:42,Erik Kurniawan,"tolong perbaiiki sinyal,susah bngt, sampe ga bisa dibuat apa"",percumah paket banyak tapi ga bisa dipekek,sama aja ga punya paket data rasanya,,,,,SELAGI MASIH GINI""AJA MASIH GW KASIH BINTANG 1,,ayolahh sinyalnya lemot banget ,suka ilang""sendiri ga jelas bngt"
playstore,indosat,2026-05-18 22:34:44,juned Sudarsono,"Tolonglah JaringanMu Bagus, ini Jelek Sangat!! layanan pengaduanpun tidak ada !! malah diajak ke WA dan AI pula yg jawab."
playstore,indosat,2026-05-18 22:30:44,Dka Ka,"jaringan buruk, ngelek. main game pun susah. tolong di perbaikilah sinyal nya"
playstore,indosat,2026-05-18 22:29:42,Siti Nurapifah,"babakan ciseeng internetnya parah. 30 gb buat setahun kayanya wkwk, otw ganti kartu.. penikmat internet akan menyesal dengan jaringan ini wkwk"
playstore,indosat,2026-05-18 22:25:31,Riski Dwi,woii kapan 5g nya bosen ni 4g mulu
playstore,indosat,2026-05-18 22:18:35,ALZAM TAUFIQ,ok
playstore,indosat,2026-05-18 22:10:46,hamzah fanzuri,"jaringan malesin banget di daerah kab tangerang. semakin sini semakin mahal. jaringan ga stabil, lemot. mohon diperbaiki, terimakasih"
playstore,indosat,2026-05-18 22:02:59,Deny Kusnendar,top markotop
playstore,indosat,2026-05-18 21:58:56,Madi Adi,kenapa sekarang jaringan lemot banget tolong perbaiki dong
playstore,indosat,2026-05-18 21:58:09,Bos Coy14,buruk ga guna jaringan jahat terusss
playstore,indosat,2026-05-18 21:57:58,Yama TV,jangan beli kartu Indosat karena kartu Indosat banyak kendala nya padahal saya adalah pelanggan setia kartu Indosat udah 2 tahun memakai kartu Indosat tapi kenapa sekarang kartu Indosat banyak kendala nya kuota saya padahal kuota internet utama masih banyak kuota saya tapi GK bisa di gunakan GK ada sinyal parah saya mau nganti kartu
playstore,indosat,2026-05-18 21:47:07,MUSLIMIN PHUTRIRAMADHANI,kak kasih promo yang terbaik aplikasi ini kak erternet yang termurah terimakasih kak.
playstore,indosat,2026-05-18 21:44:19,a Tika,"sekarang paket data indosat mahal, masa aktifnya jg mahal🤦"
playstore,indosat,2026-05-18 21:32:27,Sabiq Haekal,good
playstore,indosat,2026-05-18 21:30:55,Muji Purnomo,ok
playstore,indosat,2026-05-18 21:29:05,Muhammad Rasyid,"sinyal full, main game lag asw"
playstore,indosat,2026-05-18 21:27:07,Demo Kece,bagus sih tapi koata ku sering habis masa
playstore,indosat,2026-05-18 21:24:50,firdaus26 NZ,kalu kuota masih ada akumulasi kan lah jangan di hanguskan..di tambah jaringan nya lemot ..mending ganti kartu nih
playstore,indosat,2026-05-18 21:24:27,Wanti Wantini,sangat tertarik dengan aplikasi ini
playstore,indosat,2026-05-18 21:20:26,Miman Irman,oke
playstore,indosat,2026-05-18 21:19:17,Dar Man,EMG bgst sinyal mu g siang g malam ..ga ad bener nya
playstore,indosat,2026-05-18 21:07:52,To No,"Layanan pelanggan sangat buruk, petugas indosat sangat CUEK. Jaringan internet sering eror, harga internet makin mahal, kami beli pulsa bayar lunas dgn waktu beberapa menit, BUKAN hutang/nyicil/kredit. Saat kami lapor jika layanan eror, perbaikan bersyarat harus ini itu, dll mungkin butuh waktu lama hingga berhari hari berbulan bulan bertahun tahun hingga kiamat kah ? TOLONG bantuan pengguna indosat lain menilai bintang 1 supaya pihak indosat mau memperbaiki layanan TERCEPAT dan petugas solutif!"
playstore,indosat,2026-05-18 21:06:55,kiyowo girl,"kendala mulu dah, ga ngerti lg ngehambat beli paketan"
playstore,indosat,2026-05-18 21:01:08,abid GREG,im3 sekarang gk seperti dulu lagi paket internet mahal banget harga yang gk ngotak dan boros + lemot dah lah selamat tinggal im3👋👋
playstore,indosat,2026-05-18 20:57:06,Raihan alvree masagust,bisa gak sih kalau jualan kuota itu jualan kuota aja gak perlu dibuat mahal oake embel embel gemini satpam sekarang Adobe apa lah itu. GAK BUTUH GUA
playstore,indosat,2026-05-18 20:52:00,Tyzxx Volxz,"ngeleg banget,huuu"
playstore,indosat,2026-05-18 20:51:10,Anime Flashback,lemot
playstore,indosat,2026-05-18 20:33:34,Agus Setiawan,"jaringannya makin kesini bukanya makin bagus malah makin jelek,minimal kalo harga mahal kualitasnya baguslah"
playstore,indosat,2026-05-18 20:31:26,Wildan Luna,sangat praktis.dan nyaman tempat kita mengecek paket data IM3
playstore,indosat,2026-05-18 20:24:05,Pencari Cuan531,"dulu kita dibuat mudah murah. sekarang dibuat ketergantungan hanya untuk menambah masa aktif.harusnya masa aktif itu BONUS dan gak masuk dengan bisnismu, ini gak jauh dengan Malak , harusnya beli nominal 10 dapet 1 bulan kek masa aktifnya,"
playstore,indosat,2026-05-18 20:22:15,Eka Putra,the best
playstore,indosat,2026-05-18 20:09:57,Upai Tampan,sangat membantu
playstore,indosat,2026-05-18 20:08:40,Febri Febri,sisa Kouta ku kmu larikan kemana klo gk hbis dalam waktu tertentu saat beli Kouta internet ha....
playstore,indosat,2026-05-18 19:51:05,Aldi Mas al,sinyal mu jelek. harus di perbaiki sinyal mu
playstore,indosat,2026-05-18 19:49:09,Julak Julak,saya kasih bintang 🌟🌟🌟🌟🌟..sangat bagus dn jaringannya sangat Oky.. tingkatkan lagi My M3 ku. .biar no satu di dunia
playstore,indosat,2026-05-18 19:48:54,Yuasa Nikelin,kenapa pulsaku kesedot atau tau2 berkurang alias hilang yaa
playstore,indosat,2026-05-18 19:43:14,Joko Pranoto,di ikuti saran nya ke IM3 Platinum sinyal ga tambah baik justru tambah LEMOT PARAH
playstore,indosat,2026-05-18 19:41:10,Andi W.K,kadang eror dan lemotnya lama padahal wifi setabil banget
playstore,indosat,2026-05-18 19:24:45,Wahyudi Jaka,oke
playstore,indosat,2026-05-18 19:06:32,Muhammad Rosidi,Kenapa makin lama pakai kartunya harga paket kuotanya makin mahal juga jadi makin males aja isi pulsa pelanggan lama malah nambah mahal
playstore,indosat,2026-05-18 18:59:29,husnann,"adduuuhhh tolong dong, gw kan cuma mau ngecek berapa kuota gw, ko susah bgt mana gagal trs lagi, tolong min secepatnya duhh di apk gagal memuat trs di pake sms gagal trs ada kesalahan, tolonglah gercep susah bgt cuma mau lihat kuota doang. udh 4 hari nih gk bisa liat sisa kuota, ini udh kesel bgt duuhhh...."
playstore,indosat,2026-05-18 18:59:05,abu faaza chamid arrasyid,kenapa harga paket data indosat mahal sekali.. bahkan masa aktifnya sungguh sangat mahal
playstore,indosat,2026-05-18 18:45:23,jamil banyumas,baik membantu
playstore,indosat,2026-05-18 18:44:06,Eman sulaeman Eman sulaeman,bagus
playstore,indosat,2026-05-18 18:37:04,Irfan Irfan,sangat baik
playstore,indosat,2026-05-18 18:36:30,Rudy Keys,"di tempatku meski sinyal satu biji atau dua biji untuk jaringan internet masih lumayan kuat dan masih nyaman pake m3 untuk jaringan internet nya dari pada yg lain,"
playstore,indosat,2026-05-18 18:29:52,Ari Ashari,"reload reload sendiri, di pakek login tau tau nggak bisa,"
playstore,indosat,2026-05-18 18:23:46,Dehnzet Afrilia,"apa ini aplikasi nya tiba tiba macet gak bisa di buka!!,kartu beli kemarin sinyal langsung hilang ,cepat diperbaiki lagi"
playstore,indosat,2026-05-18 18:23:01,Lelly Effendy,sangat mudah pemakaianx & mudah d mengerti petunjukx 👍👍
playstore,indosat,2026-05-18 18:16:40,Parhat Cholien,sangat mendukung bagi kami
playstore,indosat,2026-05-18 18:15:16,Andri awan ahmad sidik Andri,selalu membantu dalam kesulitan
playstore,indosat,2026-05-18 18:13:57,Ayat Wahyudi,ok
playstore,indosat,2026-05-18 18:13:32,Amin Matsoleh,biasa aja.
playstore,indosat,2026-05-18 18:07:17,asep rohmat,palinggilan spam tolong diblokiir
playstore,indosat,2026-05-18 17:49:24,Irpan Irawan,baguss
playstore,indosat,2026-05-18 17:49:22,Arif Muhammad,mantap
playstore,indosat,2026-05-18 17:37:53,ravi 23,ini apknya sering ERROR KOCAK saat pmbayaran transaksi.
playstore,indosat,2026-05-18 17:32:05,Seftian Wardana,sinyal nya kok sering jelek sih padahal statusnya 4G+ full
playstore,indosat,2026-05-18 17:27:17,Naziha Maisa,jringan dh brpa hari hilng pdhl kmaren baik baik aja mna isi pket yg bnyk lgi kmaren syng bngt
playstore,indosat,2026-05-18 17:20:31,Iqball Dabell,kartu saya udah lama hilang. tiba2 ada pengguna lain yg pakai nomor saya di whatsapp. kok bisa?
playstore,indosat,2026-05-18 17:13:32,Faldi Bee,mentep
playstore,indosat,2026-05-18 17:06:59,Adit Tiya,"oke banget mudah cari mengoperasikan nya, tolong sinyal di perbaiki jauh lebih cepat lagi, terimakasih indosat"
playstore,indosat,2026-05-18 16:47:45,Upin Izmail,"jelek kali jaringan nya sumpah, main game gabisa tiktok gabisa ntah apa aja mau buka aplikasi pun gabisa wa aja gabisa gawat kali uda ini jaringan indosat alah' perbaiki lagi itu kecewa aku sama indosat ini"
playstore,indosat,2026-05-18 16:45:48,Elvin Endriawan,sinyal rada rada
playstore,indosat,2026-05-18 16:43:25,Karen Syam,oke mantap
playstore,indosat,2026-05-18 16:40:53,Michael Thio,ok
playstore,indosat,2026-05-18 16:28:54,Hakim Farizi,semua lebih mudah dlam 1 genggaman
playstore,indosat,2026-05-18 16:21:37,ZoorieL,"woiii ini gw lagi main ml kok ngeleg bgt sih, digigit hiu lagi lagi kah"
playstore,indosat,2026-05-18 16:14:49,Setelan channel,"dari dulu hingga sekarang setiap pakai internet dari IM3 smartphone sering panas, cuman Scrol sosial media."
playstore,indosat,2026-05-18 16:09:02,Linda Rahmawati,"iklan ganggu, pencet batal kok masuk web mana jaringan lelet"
playstore,indosat,2026-05-18 15:57:47,M hisyam Maliki,mantap sangat membantu
playstore,indosat,2026-05-18 15:54:23,Untung Memed,Indosat sinyal mu jelek
playstore,indosat,2026-05-18 15:41:44,Mufrisa 2619,kenapa suka erorrr
playstore,indosat,2026-05-18 15:41:39,saleh solehudin,siyal ya makin jelek
playstore,indosat,2026-05-18 15:27:48,Mulyadi Ladi,sangat bagus
playstore,indosat,2026-05-18 15:11:00,shafira azzahraputri,bagus
playstore,indosat,2026-05-18 15:09:56,Iwin Kasino,mantap
playstore,indosat,2026-05-18 15:08:44,Rizky KTP P,indosat lu sinyal nya gimana si butut amat
playstore,indosat,2026-05-18 15:03:09,Diska 1294,"im3 makin mahal, biasnya 100gb, 100k. sekarang 80gb harga 125k. IM3 KENAPA JARINGANNYA NA'UZUBILLAHIMINZALIK ASTAGFIRULLAH"
playstore,indosat,2026-05-18 14:48:09,Excel Id,SINYAL DIBULAN MEI JELEK TERUS WOI YANG BENER AJE BIASANYA BAGUS LANCAR AJA KECEWA
playstore,indosat,2026-05-18 14:42:48,Afifah,Provider gajelas padahal aku udah platinum tapi kenapa sih jaringan gapernah stabil sering ilang sinyalnya niat gasih jadi aplikasi rugi banget bayar segitu banyak cuma buat provider yg ga stabil
playstore,indosat,2026-05-18 14:41:35,Daffaliu,ok
playstore,indosat,2026-05-18 14:30:10,Iklilah Layyana,good
playstore,indosat,2026-05-18 14:25:02,Juve 100,kalau bisa dimurahkan lagi untuk beli paket
playstore,indosat,2026-05-18 14:24:54,Yaasin Baehaqi,sangat murah
playstore,indosat,2026-05-18 14:15:14,Soe Bagoes,udah kuota sekarang mahal nya minta ampun sinyal jelek aduh pindah kartu aja sih
playstore,indosat,2026-05-18 14:11:31,Rian Aditya,"internetan dikota berasa kaya diujung perbatasan, siang hari"
playstore,indosat,2026-05-18 13:48:18,alpiansaputra. saputra.,myIM3 sangat buruk koneksi jaringan yah...terlalu bayak promosi tetapi jaringan buruk lebih buruk dari yang buruk
playstore,indosat,2026-05-18 13:41:44,Aril,saya sangat suka jaringan ini lancar bukan kayak jaringan sebelah (exis) buka aplikasinya aj ngk bisa tapi mohon knp saat nelpon suaranya kayak putus
playstore,indosat,2026-05-18 12:50:40,Madrusli Rusli,mantap
playstore,indosat,2026-05-18 12:43:24,Widya Oktarinna,Bagus
playstore,indosat,2026-05-18 12:42:30,Masdiana Nasution,Ok
playstore,indosat,2026-05-18 12:41:52,Siti Nur Wahyuni,KENAPA INI WEY ? sinyalnya jelek bgt
playstore,indosat,2026-05-18 12:40:28,Aldi,baik
playstore,indosat,2026-05-18 12:30:58,Hamdin,mantap
playstore,indosat,2026-05-18 12:28:47,bell ouji,"jaringan kayak siput, biaya lumayan mahal"
playstore,indosat,2026-05-18 12:28:16,Anisa Rahmania,"JARINGANNYA SEMAKIN LAMA SEMAKIN NGELEG AJAA INDOSAT KARTU HAMAA, MAHAL TAPI JARINGAN NGELEG"
playstore,indosat,2026-05-18 12:11:42,Ahdi Sukma,top
playstore,indosat,2026-05-18 12:06:45,Ratik Wara,saya sangat senang😄😃😁
playstore,indosat,2026-05-18 11:35:58,Ghaitsa Az zahra,jelek
playstore,indosat,2026-05-18 11:07:53,Rusma Bta,baik
playstore,indosat,2026-05-18 11:06:10,Muhammad Dayat,paket hama
playstore,indosat,2026-05-18 10:54:40,Misbakul Munir,bagus
playstore,indosat,2026-05-18 10:39:34,Meinawati,sangat puas
playstore,indosat,2026-05-18 10:24:09,Muslimin _m3s2,terbaik
playstore,indosat,2026-05-18 10:21:11,nova boys,bagus baru pertama kali pakek im3 jaringan lumayan bagus. smoga semakin membantu
playstore,indosat,2026-05-18 10:18:59,Sunjaya Rival94,"Ampas banget jaringan ini,sama sekali gak workit buat kerja"
playstore,indosat,2026-05-18 10:14:11,ntau le,penanganan sangat baik
playstore,indosat,2026-05-18 10:12:24,Mamah Nyai,error my Im3 tidak bisa di download
playstore,indosat,2026-05-18 10:12:00,Dewi Maharani,"makin kikir dalam sebulan tu ada 30/31 hari, kenapa 28 hari aktifnyaaaa👊👊👊👊"
playstore,indosat,2026-05-18 10:07:14,Parjiyem Utomo,"kak, iklan premiumnya sangat mengganggu, setiap buka langsung diarahkan ke premium, jd bikin lama, tolong dikondisikan, dan sekarang ga ada kuota yang 20 ribuan, kenapa sih kuota musti mahal2 kepakenya cuma sedikit banyak kuota yang hangus, tolong kasih opsi kuota, misal 5gb 23 ribu 30 hari, sekarang tambah ganas ya? selalu memaksa buka myim3 lewat browser."
playstore,indosat,2026-05-18 09:59:01,Juki Marjuki,puas
playstore,indosat,2026-05-18 09:53:37,Israf Jhi,mau beli paket sja susah
playstore,indosat,2026-05-18 09:50:54,Abc 123,ok
playstore,indosat,2026-05-18 09:30:28,aska putra,mantap
playstore,indosat,2026-05-18 09:25:29,Ren Alkahfi,"beli mahal² tapi sinyal nya kadang bagus kadang gak, pas main game lagi asik² nya eh malah lag tiba² pas udah selesai game baru bagus lagi kan aneh"
playstore,indosat,2026-05-18 09:07:56,itahkupung,jaringan busukkkk
playstore,indosat,2026-05-18 09:06:34,Hesty Patmawati,sinyale bongko percuma mahal
playstore,indosat,2026-05-18 08:56:25,Rafa Arifin,"oke,siyal juga dah mulai oke"
playstore,indosat,2026-05-18 08:54:31,Daniel Bangke,ok
playstore,indosat,2026-05-18 08:44:07,wahab Alvarisi,tiap hari sinyal makin susah. dan tidak bisa di gunakan sama sekali
playstore,indosat,2026-05-18 08:42:47,Sutarko Sutarko,tingkatkan kuwalitas
playstore,indosat,2026-05-18 08:32:05,Atik Darwati,mantap
playstore,indosat,2026-05-18 08:24:07,Surya Roba,mau isi kuota tambahan susah bener
playstore,indosat,2026-05-18 08:11:30,agung ilham sugita,mantap
playstore,indosat,2026-05-18 07:54:15,Jaya Satria,mantapsssss
playstore,indosat,2026-05-18 07:28:12,Dadang P,mantap cepat masuk
playstore,indosat,2026-05-18 07:17:36,Dicky Safrizal,ok
playstore,indosat,2026-05-18 07:06:45,Akhlul jenah,IM3 Ajing saya punya pulsa 75.000 habis tinggal 13.000 padahal saya pake wifi gak pernah pake data nomorku dia yg ku gunakan nomor yg satunya bisa hilang tinggal 13.000 tolong di perbaiki
playstore,indosat,2026-05-18 06:47:11,Nurhamid 26,sering gangguan
playstore,indosat,2026-05-18 06:21:33,Rudi Kembar,"saran buat Indosat, klu bsa sisa paketan nya jgn d hanguskan"
playstore,indosat,2026-05-18 06:19:50,Moh Lukman Yusup,paket nya makin mahal
playstore,indosat,2026-05-18 06:18:25,deva Tia,good
playstore,indosat,2026-05-18 06:15:14,Zhaka,sangat tidak puas. karna waktu dan kuotanya
playstore,indosat,2026-05-18 05:56:20,Fauzal Andiasman,"poin tidak bertambah, benefit akses vidio tapi tidak bisa"
playstore,indosat,2026-05-18 05:49:13,Arif Supriyadi,paket banyak tapi susah dgunakan
playstore,indosat,2026-05-18 05:47:48,Ahmad Supiadi,isi pulsa dan paket internet lebih mudah dan praktis
playstore,indosat,2026-05-18 05:16:46,Dani Ramdan,"batas waktu pemakaian nya dari 30 hari jadi 28 hari doang, jadi banyak kuota yang tersisa."
playstore,indosat,2026-05-18 05:08:06,Linda Listiani98,nyaman
playstore,indosat,2026-05-18 04:36:52,Vivo,kurang lancar
playstore,indosat,2026-05-18 03:27:47,joe ahmad,baik
playstore,indosat,2026-05-18 02:57:53,Amuey Dace,gimna ini mai ngaktifin vidionya ko ga bisa bisa percuma dong beli pake bubdling tsli ga bisa dibmpake
playstore,indosat,2026-05-18 02:15:09,Muh Iqbal,sangat cocok
playstore,indosat,2026-05-18 02:10:23,Fajar Al bahari,"sekarang udah mahal, jaringan lemot, gimana coba."
playstore,indosat,2026-05-18 02:09:49,Bryan Permana,"tolong kalo harga kuota mahal kasihlah sinyal yang berkualitas,udah mahal jelek lagi sinyalnya,rugi kalo kaya gini terus mah,jujur jengkel gw sama Indosat ini,ga sekali dua kali kaya gini,kalo sinyal nya ga sesuai sama harga mending tutup aja daripada bikin orang emosi"
playstore,indosat,2026-05-18 02:08:33,Muhammad Faisal,"setiap emergency service tidak pernah masuk, tetapi ada biaya tagihan data. anehhh"
playstore,indosat,2026-05-18 02:08:32,Yusa Syahreza,aplikasi makin kesini kok makin busuk my m3
playstore,indosat,2026-05-18 01:58:50,Pengguna Google,"bapukkk bangett sinyal, engga stabil mana skrg minim bangett kuotanya. buruk lahhh skrg indosat"
playstore,indosat,2026-05-18 01:55:10,Muhammad Khalid Kaharu,jaringan paling jelek yg pernah ku pake
playstore,indosat,2026-05-18 01:47:57,Pengguna Google,oke
playstore,indosat,2026-05-18 01:06:17,Uwxz,"Apk Sampah Setiap Bukak Lag Trs Dan Error mulu, padahal udah uninstall dan download lagi, hapus data download ulang Relog tapi tetap aja sama gimana mau beli kuota pas mau bukak Apk aja dan pencet apa yg mau dibeli malah error mulu, tolong di perbaiki ini bugnya Min!!!"
playstore,indosat,2026-05-18 01:05:52,Reno12f Oddo,keren murah abiss
playstore,indosat,2026-05-18 00:49:26,Rahmat 0516,mantap
playstore,indosat,2026-05-18 00:28:20,SAFIRA AULIA DANASTRI,Baru di updatei malah gk bs di buka..akunya jd susah mau cek kuota..
playstore,indosat,2026-05-18 00:25:02,mie ayam,banyak spam menganggu
playstore,indosat,2026-05-18 00:02:54,M Afandi,ganti kartu ajalah jaringan E mulu
playstore,indosat,2026-05-17 23:56:30,mutia gea,mahalll pant
playstore,indosat,2026-05-17 23:42:41,Abdul Azis,cukup baik
playstore,indosat,2026-05-17 23:40:41,Faisal Well,amazing
playstore,indosat,2026-05-17 23:06:20,Brayen patra,saya kasih bintang 3 karna sinyal di kampung kami sangat jelek apalagi sinyal 3 sama im3 padahal tiang Indosat nya udah deket di rumahh
playstore,indosat,2026-05-17 22:54:18,Agus Purnomo,"sekarang indosat payah,pilih paket di my m3 kadang bisa kadang gak,beli paket 60gb kuota utama eh pas aktif jd kuota harian"
playstore,indosat,2026-05-17 22:47:32,Tri Purnomo,tolong di perbaiki ini indosat sinyal ful tapi busuk jaringan nya ya
playstore,indosat,2026-05-17 22:41:58,Abdul Hadi,"SINYAL BURUK KOUTA BANYAK MALAH STUCK ANEHHH , INDOSAT GA KAYA DULU SEKARANG LEMOT BANGET NGELEG PARAH"
playstore,indosat,2026-05-17 22:34:13,Undang Fenzzo,sangat bermanfaat dan berguna
playstore,indosat,2026-05-17 22:33:09,Sunari Alfa,baik sekali
playstore,indosat,2026-05-17 22:21:08,Vicky Hermawan,👍👍👍
playstore,indosat,2026-05-17 22:19:55,ツィデン,sinyal bosokk
playstore,indosat,2026-05-17 22:17:20,Ahmad Ambia,"kalau kuota yang 1 bulan jaringan lemot minn, kalau yang 1 minggu atau yang lain itu ngga,. kenapaa??"
playstore,indosat,2026-05-17 22:10:39,RUDINI RUDI,kecewa buka apk sendiri aja harus pake kuota
playstore,indosat,2026-05-17 22:08:34,Muhammad Syahrul,sangat Baik
playstore,indosat,2026-05-17 21:53:59,Ardhi 17,perbaiki sinyal luu woyy
playstore,indosat,2026-05-17 21:49:36,Husaimah,ok
playstore,indosat,2026-05-17 21:49:33,Fadly Salman,"kalo bukan gegara semua data data saya di nomer indosat ga akan saya pake ni provider sumpah, beli paket mahal sinyal buruk banget mening perbaikin kualitas sinyal biar yg make ni provider betah"
playstore,indosat,2026-05-17 21:47:34,HARI DWIANTO,tdi buat ig tiktok aman ajh giliran main ml jaringan langsung kosong gimana mksdnya dah kgk jls bngt skrng robohin ajh towernya bang aneh jaringan lu
playstore,indosat,2026-05-17 21:42:34,Cepjujun18 Rungkad,semenjak ada pemasangan wifi jaringan jadi lemot tolong lh di perbaiki lagi di wilayah Naringgul cianjur Selatan tolong lh
playstore,indosat,2026-05-17 21:41:18,yg baca monyet,"PLISSS KLO AKU MALE DATA NYA JAN LEMOTT PLISS, MASA HARUS DI MODE PESAWAT DULU SIH, JAN LEMOT LAHH"
playstore,indosat,2026-05-17 21:40:05,Tarno,susah di buka
playstore,indosat,2026-05-17 21:37:27,Sen Satria,mantab
playstore,indosat,2026-05-17 21:25:41,Radit Ajja,enak deh
playstore,indosat,2026-05-17 21:21:16,Rudy Anoor,bagus
playstore,indosat,2026-05-17 21:17:50,Dhani Ahmad,saya kasi bintang 5 karena sinyal nya itu yah kadang bagus kadang lag
playstore,indosat,2026-05-17 21:16:57,Hadi Susanto,"kok skrng makin mahal .... dulu sebulan 50rb 20Gb ... makin ke sini makin turun , 18,15,skrng malah 13 GB ... hadeeeehhh"
playstore,indosat,2026-05-17 21:16:03,Daffa Ashlan,"Haloo admin ini saya tadi sudah membeli kuota sebesar 15GB seharga 50k, nah namun mengapa tulisannya proses terus, dari sore sampe malem jam segini tulisannya proses mulu udah diulang ulang juga tulisannya proses mulu, tolong kalau prises itu secepatnya ya kalau ada apa apa minimal bilang kek"
playstore,indosat,2026-05-17 21:12:42,muhamad el,lemot sinyal lemot terus
playstore,indosat,2026-05-17 21:05:38,Muhamad Nahrawi,sangat bagus
playstore,indosat,2026-05-17 21:04:23,Dhanterr Twentysix,"terimakasih untuk perbaikannya 🙏🏻 dan tolong untuk kualitas sinyalnya ditingkatkan lagi, karena kita cukup frustasi dengan kualitas jaringan saat ini terimakasih🙏"
playstore,indosat,2026-05-17 20:55:56,Firman Raharjo,jelek suka masuk web sendiri
playstore,indosat,2026-05-17 20:54:36,Pae Fin,my IM3 selalu di hati.
playstore,indosat,2026-05-17 20:52:35,Evy Ckp,sangat puas
playstore,indosat,2026-05-17 20:49:48,heri yanto,ok Murah tapi sinyallnyaaaaa😔😔
playstore,indosat,2026-05-17 20:47:00,ABDUL Hamid,harga paket masih agak mahal di sini
playstore,indosat,2026-05-17 20:44:27,Wa Fieq,sangat cocok untuk saya
playstore,indosat,2026-05-17 20:44:04,idc cahya,sinyal paling buruk.... sangat menyesal pake im3...
playstore,indosat,2026-05-17 20:41:10,Rahlil Ivan,"layanan seluler terburuk yang perna saya gunakan, saya harap Im3 kedepannya jadi lebih berkembang agar tidak ada masalah lemot pada jaringan nya"
playstore,indosat,2026-05-17 20:40:21,Doni Idong,mantap pokoke👍👍👍
playstore,indosat,2026-05-17 20:39:59,Salfa Khalisha,"jangan bikin manusia lucu emosi malem' dah, jaringan jelek bangett"
playstore,indosat,2026-05-17 20:39:40,masruri ahmad jalil,saya beli perpanjangan masa aktiv kok gak masuk padahal saldo udah berkurang tpi masa aktivnya tetap sama
playstore,indosat,2026-05-17 20:39:39,Nandes Nandes,masa iya beli paket 15gb Di kasih 5.2gb aneh
playstore,indosat,2026-05-17 20:35:03,Rifai Mosaja,setiap hari ada bonus
playstore,indosat,2026-05-17 20:24:28,Sheilly Ramadhayanti,"kenapa udh hampir 1 bulan bahkan lebih sinyal. jelek, sering loading, gangguan, mana buka apk im3 nya ajah susah, gangguan terus? ada apa? apakah harus pindah apk sebelah yah?"
playstore,indosat,2026-05-17 20:17:23,Azril Febriano,"udah beli pulsa gak dipake tapi tetep ngurang padahal pake wifi terus,mana beli banyak lagi"
playstore,indosat,2026-05-17 20:17:22,Kartini Kartini,sinyal nya bagus bgt
playstore,indosat,2026-05-17 20:16:30,aL 94 thanjoenk,"Jaringan im3 sekarang makin parah, di belikan kuota paket 1 bulan lemotnya minta ampun, giliran yang paket harian lancar lancar aja. Aneh 😡"
playstore,indosat,2026-05-17 20:15:56,Renaldi,"Koneksi internet nya sangat burukk, area bsd saja internet nya lemot"
playstore,indosat,2026-05-17 20:14:42,Fazil Aprianda,"jaringan nya ngeleg terus beberapa hari ini, tolong dong diperbaiki jaringan nya supaya bagus"
playstore,indosat,2026-05-17 20:14:31,Syekh Favy,mantap
playstore,indosat,2026-05-17 20:13:26,Neo Aku,cepat respond aplikasinya
playstore,indosat,2026-05-17 20:12:44,Nesya Agustina,Mantap Sekali
playstore,indosat,2026-05-17 20:12:43,Sendi 123,"saran dari saya, untuk plosok kartu ini tidak direkomendasikan jaringan sering ilang, saya ini udah dua hari disaat jam 6 sore jaringan hilang bahkan jaringan E, saran saya mending Telkom, karena kartu ini murah di awal, sekarang saya udah 3 bulan pake, Kouta mahal namun kecepatan jaringan lambat"
playstore,indosat,2026-05-17 20:12:34,Tjahtoer,beli kouta ngga masuk2 heran bgt
playstore,indosat,2026-05-17 20:10:19,Hamsir Kaimuddin,"Mantap IM3, semoga secepatnya bisa gratis Kuotanya 1 bulan aja"
playstore,indosat,2026-05-17 20:03:17,Jack Sparta,"gak seperti tri,download m3 ga ada bonus apa apa"
playstore,indosat,2026-05-17 19:59:44,Radiance Akbar,"sudah beberapa hari signalnya ga jelas, kouta boros dari biasanya niat ga sih jadi provider kalau tidak niat tutup/ jual sahamnya saja, mana harganya mahal kualitas tidak ada"
playstore,indosat,2026-05-17 19:57:45,noval rivaldi,ini apk paling lama nanganin pelanggan paling gercep soal uang kaya koruptor mana penanganan nya lama nggak ada fitur kaya axis mana internet lemot udah pokonya gw kecewa di tambah pulsa gw selalu ke sedot walau nggak pernah berlangganan ke iklan iklan lain mana yang jadi masala itu penanganan nya lama itu yang bikin saya kecewa di tambah penanganan pake ai terus pegawai nya pada tidur gitu enak bener
playstore,indosat,2026-05-17 19:57:42,Mochamad Akbar,jaringan lemot banget kaya kon
playstore,indosat,2026-05-17 19:54:52,Nusril Saputra,"tolong dong Indosat kasih penjelasan kenapa sinyal di karawaci Tangerang perum 1 dan 2 sinyal kalo buat TLP ga bisa tapi kalo buat wa aga lelet dan pas masuk halo halo suaranya ga ada,tolong di perbaiki kasihan orang orang kalo mau urgent susah 🙏"
playstore,indosat,2026-05-17 19:54:17,ucuf tea,apasih ini tiba tiba motong pulsa data seluler sudah di matikan aneh
playstore,indosat,2026-05-17 19:52:56,ndri dyo peot,sangat bagus
playstore,indosat,2026-05-17 19:48:08,ulan riyan,baik
playstore,indosat,2026-05-17 19:46:52,irfan handoko,sinyal di Denpasar jelek
playstore,indosat,2026-05-17 19:38:45,Misbahul 1927,sangat baik
playstore,indosat,2026-05-17 19:37:23,kang zame,"lemooooot gak ada perubahan , mahal doang sinyal jelek.. makin parah sinyal lu"
playstore,indosat,2026-05-17 19:35:55,Rosyi Idin,ok
playstore,indosat,2026-05-17 19:31:14,Juriah,"Makin kesini signalnya makin jelek, udh laporan cuma disuruh matikan hp gtu aja terus."
playstore,indosat,2026-05-17 19:29:44,Agusmunandar Mj,tolong buat jaringan m3 dipebaiki lemot banget padahal 4g dikota juga 🗿
playstore,indosat,2026-05-17 19:29:37,Widi Yanto,terima kasih MyIM3 sudah menyediakan paket untuk driver ojek online saya biasa beli paket 50 ribu 20 GG untuk 30 hari ada 20 menit free telp ke semua operator..sukses selalu untuk myIM3
playstore,indosat,2026-05-17 19:27:27,choirun nisa,good
playstore,indosat,2026-05-17 19:24:30,Aries Kodink,hrg ny terlalu mahal.
playstore,indosat,2026-05-17 19:22:58,Rudy Hartono,harga mahal sinyal putus putus nggak akan gue pakek lagi
playstore,indosat,2026-05-17 19:20:36,Ayun Alfiana,"pulsa ny kalo d isi cpt bgt brkrng g smpk 1m dah brkrng g suka jujr👊🏻🙄, tp intrnt ny enak si🙂‍↕️👍🏻"
playstore,indosat,2026-05-17 19:16:09,Tony Rastafara,gampang
playstore,indosat,2026-05-17 19:11:02,Evano Ajh,sangat membantu
playstore,indosat,2026-05-17 19:08:59,Itserick,"aplikasinya sih bagus,pelayanan ok,tapi game panjat kuota itu menurutku setingannya terlalu keliatan,aku udah main 30-40 menit-an dan gk dapet apa"",sia-sia gw habisin kuota ama waktu buat game yang setingan dan terlalu di lebih-lebih kan"
playstore,indosat,2026-05-17 19:00:59,Devi,sangat puas
playstore,indosat,2026-05-17 19:00:55,Anay Chan,ok
playstore,indosat,2026-05-17 18:57:54,Soleh 1981,jaringan sering ilang2an beli yg 100gb kyk ngemis kuota padahal udah 10thn lebih berlangganan
playstore,indosat,2026-05-17 18:54:41,Bambang sutopo,makasih untuk aplikasinya 'sangat membantu dan banyak fitur kuota pilihannya.
playstore,indosat,2026-05-17 18:36:12,Ardhilla Syafruddin,"IM3 neh agak-agak lain ya, masa beli paket baru, paket yang lama hilang tak bersisa, padahal masa aktif paket yg lama masih lama.. Jengkelin tau nggak.."
playstore,indosat,2026-05-17 18:33:19,Reynhar Renata,murahin dikit Napa
playstore,indosat,2026-05-17 18:31:11,Harjuna firdaus,"paketan utama msh Ada tpi pulsa tetep kesedot memang bener² gak beres indosat, kyk Telkom ama XL Ada fitur safe nya loh"
playstore,indosat,2026-05-17 18:28:43,Muhammad Ilyas,tolonglah adakan kuota 30 Gb Rp 50.000 yang 30 hari..jangan 28 hari
playstore,indosat,2026-05-17 18:26:33,KING BOKIR,keren
playstore,indosat,2026-05-17 18:23:43,farida wati,sangat bagus
playstore,indosat,2026-05-17 18:16:07,Eko Sunaryo,sangat bagus
playstore,indosat,2026-05-17 18:13:30,Vanesa Vanesa,ok
playstore,indosat,2026-05-17 18:10:24,Sarhani,bagus
playstore,indosat,2026-05-17 18:07:51,Siti Mutmainah,OK
playstore,indosat,2026-05-17 17:59:50,Kodel Putra12,keren sungguh praktis
playstore,indosat,2026-05-17 17:52:21,Huda Huda,sinyal jelek banget
playstore,indosat,2026-05-17 17:50:27,User Samsung,ok
playstore,indosat,2026-05-17 17:46:06,Hen Koto,"im3 payah, jaringan dalam kota aja lelet banget, harga kuota nya mahal, saya kasih bintang 1"
playstore,indosat,2026-05-17 17:41:57,Gabe,poinnya gak bisa di tukar buat pembayaran
playstore,indosat,2026-05-17 17:27:03,Sutari Mintarto,baik
playstore,indosat,2026-05-17 17:26:54,ilhamisgod Ilham,"ada in promo dong, mahal mahal banget kouta sekarang"
playstore,indosat,2026-05-17 17:20:48,RiftX Empty,udah mahal lag lagi💔💔
playstore,indosat,2026-05-17 17:18:35,Riyan Anggara pratama,kgk banyak komen pokoknya ok markitop
playstore,indosat,2026-05-17 17:17:33,rendi saputraja,bgus sih
playstore,indosat,2026-05-17 17:11:57,Muhamad Hisam,sinyal dikit ngelag sinyal banyak juga ngeleg gmn sih🗿
playstore,indosat,2026-05-17 17:08:31,Neng Yeni Rahmawati,mahall banget 😌
playstore,indosat,2026-05-17 17:06:42,Laksmana Cr7,pliss lah benerin jaringan Lo setan gue beli kuota ratusan ribu Ampe gak bisa kepake sama sekali mana tiap Minggu jaringan nya terus gangguan malahan sekarang udah ampir seminggu tuh jaringan nya ilang KLO bangrut bangrut lah sekalian jadi operator tolol banget kuota gue malah habis krna jangka waktu nya bukan karna di gunain
playstore,indosat,2026-05-17 17:01:28,Ahmad Suni,sangat bagus
playstore,indosat,2026-05-17 16:56:31,Ni Nyoman sari Baliana,ok
playstore,indosat,2026-05-17 16:54:01,Chaysar Triandi Elsya,Jangan pernah memakai IM3 lagi
playstore,indosat,2026-05-17 16:50:24,Chairul Raflizar,mantap 🥳
playstore,indosat,2026-05-17 16:47:11,purnamasari Sari,mantap
playstore,indosat,2026-05-17 16:40:37,Dwi Joeliati,puaaasssss
playstore,indosat,2026-05-17 16:37:45,Eltyzia Syahila,paket data sudah berakhir masih ada 12gb hilang ini tandanya Indosat koruptor
playstore,indosat,2026-05-17 16:36:20,ahmroni Sahroni,terbaikku
playstore,indosat,2026-05-17 16:35:06,Akang Zaed,sngt membantu
playstore,indosat,2026-05-17 16:33:48,Ikiy Ote,sangat puas
playstore,indosat,2026-05-17 16:30:13,Ibnu Sabil AlFathir,"Jujur sangat Tidak Direkomendasikan, Jaringan Lambat, Hanya muncul 2 Batang saja padahal di kota besar, area terbuka. kecepatan nya tidak stabil bahkan sering dibawah standar, kecewa besar karna sudah mengisi banyak kuota di kartu ini tapi jaringan nya tidak mendukung secara baik🤏🏻"
playstore,indosat,2026-05-17 16:22:36,Muhammad luthfi ilup,mantap
playstore,indosat,2026-05-17 16:16:47,Riska Yunianik,"kenapa ya udh bbrpa BLN ini tiap maketin paketan buat 1 bln selalu saja cuma dua mingguan kalo gak ya 3 mggu aja pdhl masih bnyak, dan tidak dalam masa tenggang pulsa juga ada ,tapi setiap hari pulsa kesedot"
playstore,indosat,2026-05-17 16:11:03,Arata Kasuga,"makin lama makin aneh, masa aktif 28 hari, mau transaksi gagal terus, kadang jaringan nya hilang, ntah lah bukannya bagusin performa malah kebanyakan bikin promo gaje"
playstore,indosat,2026-05-17 16:08:46,Hans,"Pulsa ku tiba² habis, dari 30 ribu jadi 1 ribu doang, padahal data seluler mati, pulsa nya belum ku pake sama sekali, wah jangan² operator nya korupsi pulsa"
playstore,indosat,2026-05-17 16:08:08,Ilham Manggala,sinyalnya donk .
playstore,indosat,2026-05-17 16:01:36,Hendar Henwi,baik
playstore,indosat,2026-05-17 15:58:04,Dede Godel,lumayan
playstore,indosat,2026-05-17 15:51:59,van idoll,keren
playstore,indosat,2026-05-17 15:46:20,Rohaeti Eti,good
playstore,indosat,2026-05-17 15:44:10,Peri Tawali,matap
playstore,indosat,2026-05-17 15:26:59,P4buaran 1945,"kocakk kartunyah ga minjem, gaapa malah ngurangin pulsa gua balikin kocak.kalo pengen uang jangan gini kocak"
playstore,indosat,2026-05-17 15:23:42,AREN COMMUNITY 2,provider taii ngelag terus
playstore,indosat,2026-05-17 15:08:52,Arifin Rumbia,top
playstore,indosat,2026-05-17 15:06:07,asep rostandi,sangat membantu
playstore,indosat,2026-05-17 14:54:20,Puji Anto,good app
playstore,indosat,2026-05-17 14:49:12,Redmi,sinyal d Mampang Prapatan Tegal parang susah/ jelek tolong di perbaiki tks
playstore,indosat,2026-05-17 14:41:11,Rachma Wati,lemot
playstore,indosat,2026-05-17 14:38:07,Ihsan Hutama,josss
playstore,indosat,2026-05-17 14:19:34,Ardana Nyoman,lemot
playstore,indosat,2026-05-17 14:08:22,Achmad Djawari,"Saya sdh hmpir 6 thn pakai provider ini, tetapi akhi² ini kualitasnya sangat mengecewakan JELEK!. Pkt 100GB Rp125 ribu yg dlu bisa dipkai untuk YouTube 1080p, Zoom, game, dan hotspot banyak perangkat kini hnya brthan skitar 16 hr. Bahkan menonton YT di 360p sj sering buffering lma, smntara kuota ttp tersedot SANGAT BOROS ! walau video tidak jalan. Restart HP dan mde pesawat hanya mmbantu sbntar. Krna kualitas jaringan makin BURUK! dan tidak sebanding dengan harga yg MAHAL!, sy PINDAH PROVIDER !"
playstore,indosat,2026-05-17 14:07:45,Zaskia Aulia Putri 9D,pulsa otomatis ke pake ketika kuota habis
playstore,indosat,2026-05-17 14:07:23,Wahyu Fajar,mau beli paket bukannya dipermudah malah di persulit gini amat emng silit
playstore,indosat,2026-05-17 13:51:14,Pinaringan Wicaksono,karena hari itu nomor telepon kode verifikasi secara manual dengan aplikasi lainnya. menyukai programming language atau kartu SIM lebih sempurna
playstore,indosat,2026-05-17 13:46:43,Rafli Boy,"Indosat kartu taii, udah mahal sinyal nya jelek jaringan jelek,kartu sampahhhhhhhhhh!!!!!!! lagi maen game jdi nya afk mulu taiiiiiiiiiii"
playstore,indosat,2026-05-17 13:27:35,D-lo Abuabup,oke
playstore,indosat,2026-05-17 13:13:41,musik indonisia,bagus terpercaya
playstore,indosat,2026-05-17 13:12:19,Septian Ukibaizuri,senang menggunakan myIM3
playstore,indosat,2026-05-17 13:10:50,Adad Mustopa,bagus sinyalnya
playstore,indosat,2026-05-17 12:34:42,Supri Yatna,"membantu, baik, amanah"
playstore,indosat,2026-05-17 12:34:15,Nova Astra,M3 SINYAL NYA SANGAT BURUK 👎🏼
playstore,indosat,2026-05-17 12:29:43,Luluk Holisatu zahroh,kartu nya bagus sih lumayan... tapi sering gangguan di tempat saya 😮‍💨
playstore,indosat,2026-05-17 12:27:37,Epepselamanya,ok
playstore,indosat,2026-05-17 12:18:31,Zeinedin Zidane,ok
playstore,indosat,2026-05-17 12:13:39,hed 21,"main panjat kuota uda 1 jam dpet 1gb kok ga masuk kuotanya penipuan jir,gua kasih bintang 5 biar keliatan"
playstore,indosat,2026-05-17 12:13:18,Umar Hadikusuma,"saya tidak pernah mengaktifkan atau memakai kuota darurat, tapi saya mendapatkan notifikasi bahwa kuota darurat aktif, setelah saya cek ternyata benar kuota darurat aktif tanpa konfirmasi atau persetujuan saya & ini bukan kali pertama tapi sebelumnya juga pernah kejadian hal yang sama."
playstore,indosat,2026-05-17 12:04:39,Papah Aidhan,"babi dimana aja gak stabil, sinyal busuk banget."
playstore,indosat,2026-05-17 11:32:30,Andri Aja,sangat 👍Baik
playstore,indosat,2026-05-17 11:16:14,Safaraz Aqiel akbar,"Woilah buat main ML di jaringan udah full tapi koneksi in game nya miris, tiap mau war masa iya hrs ngelag bulan bulanan dulu? Masa iya hrs nyala matiin mode pesawat biar jaringan kagak ngelag? apaan bgt sih benerin dulu lah tuh jaringan jgn kebanyakan promo doang! Percuma dong saya sudah beli kuota internet tapi dapat hasil yang seperti ini, buang buang duit ngerti gak! Buat nugas Canva doang juga loading setahun baru bisa muncul/kebuka filenya, buat chat an aja delay ngirim chatnya! Benerin!"
playstore,indosat,2026-05-17 11:12:43,Kharis Jamal,sinyal jelek
playstore,indosat,2026-05-17 11:12:37,harte nayla,buat paket promo yg lebih murah
playstore,indosat,2026-05-17 11:01:41,Robert Gallo,mantap
playstore,indosat,2026-05-17 10:57:05,Khairunnas,puas
playstore,indosat,2026-05-17 10:54:19,Muhamad rayhan rayhan,👍
playstore,indosat,2026-05-17 10:51:36,Dicky Dikwan Kholis,makin jelek sinyal makin mahal paketnya makin dikit masa aktif
playstore,indosat,2026-05-17 10:47:19,Guma Ramadhana,pelayanan yang baik
playstore,indosat,2026-05-17 10:43:52,Asro Ri,satukata
playstore,indosat,2026-05-17 10:41:54,Ferry Rusmana,mantap
playstore,indosat,2026-05-17 10:28:59,Juan Marsyah,good. syasuka aplikasi myIM3
playstore,indosat,2026-05-17 10:09:50,Ergin Diana Somantri,"gak jelas. paket perpanjang otomatis. pulsa habis percumah, kuota gak terpakai. makin scam aja ini. merusak kepercayaan costumer!"
playstore,indosat,2026-05-17 10:05:34,Made Gunung,paket mahal sinyal lelet
playstore,indosat,2026-05-17 09:50:42,theleaf,terimakasih my m3 setlah mendapat arahan signal kuat lagi ga lemot mantap m3
playstore,indosat,2026-05-17 09:32:00,Syahla,kasih promo kuota
playstore,indosat,2026-05-17 09:29:57,Dann Nime,"apk lemot ,jaringn sering jamping jamping sendiri di mana aja,layanan bantuan e gak ngasih nyelesain masalah tiap complain kontoll kontolll"
playstore,indosat,2026-05-17 09:21:39,Rini ria Mauly,signal ssah pdhal jakarta..hdueehh
playstore,indosat,2026-05-17 09:20:37,Subechi Tri Wicaksono,kuotanya mahal mahal bgt
playstore,indosat,2026-05-17 08:58:46,Dafa Sidorejo,bagus cepat amanah
playstore,indosat,2026-05-17 08:58:17,Bima Aji,lumayan mahal tapi baguslah sinyalnya
playstore,indosat,2026-05-17 08:58:14,AHMAD ASHARI,Makasih myIM3 semuanya menjadi mudah
playstore,indosat,2026-05-17 08:51:11,Si Bolang,mantap
playstore,indosat,2026-05-17 08:32:42,Semar Mesem,"lu baca yang bener ye..! cuma Indosat yang kalo ngisi kuota baru sisa kuota lama langsung hilang di maling, padahal kuota sisa masih ada waktu dua hari lagi eh malah di comot sama dia ! lain kali mending gak usah pake Indosat lagi maling dasar maliiiing !!!!!!"
playstore,indosat,2026-05-17 08:16:13,Iwan Vetto,buka yutub
playstore,indosat,2026-05-17 07:36:57,Abi Almira,bagus
playstore,indosat,2026-05-17 07:34:01,David Timpal,sangat bagus dan cepat transaksi isi pulsa 👍
playstore,indosat,2026-05-17 07:25:53,Sanggausanggau,sangat membantu dan permudahkan kita bertransaksi
playstore,indosat,2026-05-17 07:15:56,Muh Irfan,bagus
playstore,indosat,2026-05-17 06:59:50,Banjar Msn,"lu kalo mau jual jaringan diperbaiki dulu jaringan nya tempek,gua mau belajar aja susah banget asu,gua udah maklumin kalo ujan ngelag karna gua tinggal di Kalimantan,cuma gua masih diperkotaan bukan di desa kunyukkk,"
playstore,indosat,2026-05-17 06:45:07,Budi Tiono,manttap
playstore,indosat,2026-05-17 06:43:17,GERRALD DAMANIK,"penggunaan kuota nya sedikit sekali baru brapa gb di pakai sudah ada tandannya ""kuota anda habis padahal baru beli 100rb"" tolong di perbaiki lagi buat m3 ini pusing kepala tiba² kuota habis padahal baru brapa gb di pakai gak jls banget. penggunaan kuota nya sedikit sekali baru brapa gb di pakai sudah ada tandannya ""kuota anda habis padahal baru beli 100rb"" tolong di perbaiki lagi buat m3 ini pusing kepala tiba² kuota habis padahal baru brapa gb di pakai gak jls banget. tolong di perbaikan lgi"
playstore,indosat,2026-05-17 06:43:12,Pak Omank,"praktis, mantabs"
playstore,indosat,2026-05-17 06:37:19,Gopal Ardi,apalah jaringan full paket data banyak lag terus gimna lah cobak anjir gak jelas
playstore,indosat,2026-05-17 06:28:22,werkudara pa7ang,ini dr semalem belom bisa bener apa. ga konek sama sekali
playstore,indosat,2026-05-17 06:00:26,Wijaya Tunggal,kadang nyebelin ga bisa diakses
playstore,indosat,2026-05-17 05:52:55,Sahril Karisah,ngeleg
playstore,indosat,2026-05-17 05:30:43,Kurnia Nia,harga pulsa mahal
playstore,indosat,2026-05-17 05:17:32,Ahmad Noval,semoga bermanfaat
playstore,indosat,2026-05-17 04:49:12,Rise Empires,lemot nying apk burik
playstore,indosat,2026-05-17 04:35:56,Pak Uci,luarbiasa
playstore,indosat,2026-05-17 03:27:14,Muhrim Potabuga,terpercya
playstore,indosat,2026-05-17 02:50:38,Ivo Paypal,"gawat kali ini aplikasi penyedot pulsa. dia yg SMS ke nomor kita, pulsa kita pulak yg abis."
playstore,indosat,2026-05-17 02:44:35,Sarwan Putra,aplikasi keren
playstore,indosat,2026-05-17 02:25:58,Bagus kekki,"komen jaringan sering error trus di email restart hp tetapi masalah masih sama. diarahkan ke wa cs,solusinya apa coba tebak 🤣 gua disuruh menanyakan ke pengguna lain bermasalah kagak?🤣 kocak2 dah tahu banyak yg komplain malah disuruh nanya,nalarnya dimana coba.terakhir kali ini saja saya pakai indosat,setelah kuota paket habis akan pindah ke telkomsel aja atau axis"
playstore,indosat,2026-05-17 01:55:36,Ismail Saleh,Terbaik 👍👍🔥🔥
playstore,indosat,2026-05-17 01:34:15,Ilham Smc,layan bagus
playstore,indosat,2026-05-17 01:20:38,Utik Gunsu,"sinyal jelek paket mahal , saya komplen di indira mana balasnya pesan otomatis gak tau bahasa manusi , saya sudah pakai bahasa indon masih gak ngerti ,"
playstore,indosat,2026-05-17 01:02:37,Hamura Kenshin,Bagus
playstore,indosat,2026-05-17 00:37:38,Zyven,ada kendala min tidak bisa cek status paket data mohon di perbaiki
playstore,indosat,2026-05-17 00:37:08,Erny Sulthan_Dinar,error mulu
playstore,indosat,2026-05-17 00:26:12,Yukas Nurha,jaringan dungo jaringan lansung hilang padahal udah stabil sudah di pusat tower
playstore,indosat,2026-05-17 00:19:22,Caca Melbi,bagus
playstore,indosat,2026-05-16 23:51:46,Tajudin Udin,sangat bagus
playstore,indosat,2026-05-16 23:42:45,Djadmiko Tok,sinyalnya jelek
playstore,indosat,2026-05-16 23:39:08,Cahaya ilahi,"gangguan mulu jaringan nya di kalsel,kab tabalong, masukin vocher aja gak bisa"
playstore,indosat,2026-05-16 23:33:37,Arfa,sumpah ini kartu jelek skli anj..g memang
playstore,indosat,2026-05-16 23:30:18,Ardi ansyah,mantapp
playstore,indosat,2026-05-16 23:13:30,Yogi Saputra,good job
playstore,indosat,2026-05-16 23:12:14,Resti Dewi,"makin hari makin mahal biaya paket data... gak perlu ada paketan google gemini , telpon gratis atau sms gratis... cukup internet saja !!!! mending pindah deh ke provider lain"
playstore,indosat,2026-05-16 23:09:51,muhamad rijal,sinyal Indosat sekarang busuk banget padahal posisi di jakarta barat tolong dong di perbaiki parah buat brosing google aja kadang susah banget sampe separah itu
playstore,indosat,2026-05-16 22:39:18,Mhamd Rizal,mantap
playstore,indosat,2026-05-16 22:37:36,Fajar T.a13,"woi kalok mau iklan bilang lah, masak gw udah main menit 40+ adu retri ada lu ya kalah lah bujuk. apalagi di bawa chrome situ mau iklan apa mau nonton bk ups"
playstore,indosat,2026-05-16 22:26:23,Putri Jumiyanti,"makin kesini makin sering lemot padahal kuota yg di beli banyak, karna sering lemot jadi kuota gak terpakai trus berakhir hangus ketika masa pakai habis🙏"
playstore,indosat,2026-05-16 22:15:16,Boedak Lembur,tolong lah Indosat jaringan perbaikin lagi paket aja mahal jaringan leg leg trus kacau
playstore,indosat,2026-05-16 21:55:12,Got That,ok
playstore,indosat,2026-05-16 21:51:02,Bebas Bos ku,pengisian puas
playstore,indosat,2026-05-16 21:50:49,Satria,oke bagus
playstore,indosat,2026-05-16 21:44:15,Mudzakir Ae,cukup Baik
playstore,indosat,2026-05-16 21:42:10,Lucky Purba,kualitas sinyal tidak sesuai dengan harga paket yg terbilang mahal
playstore,indosat,2026-05-16 21:41:32,setiawan hartono,jaringan skrng lbh jelek harga kuota mahal anj
playstore,indosat,2026-05-16 21:39:16,Dony Saputro,oke
playstore,indosat,2026-05-16 21:34:45,Hard 702,Jaringannya jelek banget apalagi buat main game jelas udah kayak make wifi tetangga ngeleg nya
playstore,indosat,2026-05-16 21:34:02,fahryy ___ryy27,bagus sekali
playstore,indosat,2026-05-16 21:23:37,Zium Skuter,paketan mahal sinyal syulittt
playstore,indosat,2026-05-16 21:13:40,Ineu Putri,oke
playstore,indosat,2026-05-16 21:13:12,Dandy Purnama Indra 15,terbaik
playstore,indosat,2026-05-16 21:10:50,ziyadul msentara,"m3 bgsaaaattt,, selalu maksa buka chrome, lagi penting2nya, sehari selalu muncul 5x"
playstore,indosat,2026-05-16 21:08:59,Kevin Febriansyah,good
playstore,indosat,2026-05-16 21:05:24,Justian Haibi,"beli Quota mahal, massa aktip 28 hari, blum jatu tempo 28 hari SiM masuk massa tenggang, sisah Quota hangus, sangat2 merugikan konsument"
playstore,indosat,2026-05-16 20:55:49,Dani,ok
playstore,indosat,2026-05-16 20:50:49,Satri Satri,jaringan jelek
playstore,indosat,2026-05-16 20:49:13,ketut adjie,👍👍👍
playstore,indosat,2026-05-16 20:45:16,Bian FF,jaringan pler sinyal kadang hilang Mulu
playstore,indosat,2026-05-16 20:44:45,ibnu Nadhif,"dengan harga yang cukup tinggi dan kualitas jaringan yang diberikan, saya merasa provider ini tidak worth untuk digunakan. hanya untuk membuka aplikasi saja sangat sulit, buka video di internet loadingnya lama sekali"
playstore,indosat,2026-05-16 20:43:14,Hanif ridho zr,buruk kk buat daftar aplikasi dan beli kouta pulsanya mahal ga kaya aplikasi lain kaya Telkomsel AXIS dan lainnya
playstore,indosat,2026-05-16 20:34:19,Indahraya sbb,sinyalnya jelek bgt lemottttttt
playstore,indosat,2026-05-16 20:29:32,Alinda Linda,sinyal lelet ilang2 ang padahal kuota masih banyak CS nya juga krg memberi solusi. baru kali ini im3 sinyal jelek bgt
playstore,indosat,2026-05-16 20:28:25,Deddy Bagus,signal sulit lokasi maluku utara
playstore,indosat,2026-05-16 20:28:12,cobra isnanto,keren
playstore,indosat,2026-05-16 20:22:51,Iwanto Iwanto,tolong diperbaiki ya jaringan nya kalo gak membaik bubarin aja gak usah Jualan lagi
playstore,indosat,2026-05-16 20:19:47,adi wiraguna,suka ngelag anj masa si tengah kota sinyal nya gak ada kek dihutan Kalimantan aja udh gitu giliran dilaporkan masalah sinyal nya cuman bilang ada pengotimalan jaringan situ benerin apa ngerusakin emang paling bener ganti kartu aja.
playstore,indosat,2026-05-16 20:19:11,Ajis Arief,sangat baik dan lancar
playstore,indosat,2026-05-16 20:07:42,Almeera Azzahra Alfatunnissa,"sinyal udah kayak hantu. jadi sia² isi Kouta banyak. terbuang percuma, lebih baik ganti ke kartu lain daripada IM3. di tengah kota masih susah sinyal !!"
playstore,indosat,2026-05-16 20:06:59,Mas Qoyum,tolong di berbaikin lg tiap saat leg2 mulu buang aja paket data klau seperti ini truss
playstore,indosat,2026-05-16 20:03:34,Mas Satya,puas
playstore,indosat,2026-05-16 19:58:08,Aris NdonoNdene,PELIT MASA AKTIF KARTU
playstore,indosat,2026-05-16 19:57:04,Mad Madhadiyanto,bagus
playstore,indosat,2026-05-16 19:42:54,Joko Santoso,joooss
playstore,indosat,2026-05-16 19:42:18,Ageng Saptaaji,bagus
playstore,indosat,2026-05-16 19:37:19,mhd dinar,sinyal bapukk mending ganti kartuuu
playstore,indosat,2026-05-16 19:34:25,Moch Yusup barokah Yusup,ok mantap
playstore,indosat,2026-05-16 19:30:54,Imam Maulana,terbaik
playstore,indosat,2026-05-16 19:29:41,reii_zer0,"sumpah ini gak terurus apa gimana sih pulsa darurat gak masuk malah di suruh bayar, pemerasan jadi nya gak sih buat hal yang gak di dapat kan terus di suruh bayar + bunga nya"
playstore,indosat,2026-05-16 19:21:00,Novi Yanto,kalau bisa paket M3 nya di murahin lagi tapi GB nya di besarin
playstore,indosat,2026-05-16 19:17:12,Andi Mulia,kenapa jaringan IM3 makin jelek banget jaringan nya sering lag
playstore,indosat,2026-05-16 19:13:06,Rian Pratama,sinyal tidak stabil
playstore,indosat,2026-05-16 19:09:53,Zxxn Xzc,"lambat dalam pembayaran lolot , enggak bisa pake dana lagi lebih lolot kaya asu bikin dana aku hilang 20 dan enggak usah lama lah proses nya bikin pusing aja"
playstore,indosat,2026-05-16 18:50:43,Aisyah 20,"aplikasi sering eror, sehingga tidak bisa masuk apk"
playstore,indosat,2026-05-16 18:49:58,Dayat Dayat,"makin hari harga voucher makin mahal aja,plis lah turunin kartu lain perasaan segitu segitu aja sinyal pun bagus ini indosat udah mahal kuotanya pelit"
playstore,indosat,2026-05-16 18:47:04,Susi Lawati,"bagus si terbantu banget untuk ngecek pulsa & kuota, bisa tuker point juga tapi sayang untuk mbuka aplikasinya berat banget"
playstore,indosat,2026-05-16 18:41:46,Gallih Pangestu,sudah berapa hari aplikasi gagal dibuka padahal sudah reinstall dan ada jaringan
playstore,indosat,2026-05-16 18:35:09,Reen Ardianz,"mau cek kuota hari ini dari pagi kok gangguan terus ya? ada apa? buat nonton youtube jg tadi pagi sempet muter² videonya. ayo indosat, sehat dong..."
playstore,indosat,2026-05-16 18:33:54,Melki,sangat puas 🤩
playstore,indosat,2026-05-16 18:32:13,Dapa,jaringan sampah ga jelas banget
playstore,indosat,2026-05-16 18:22:38,Dodi Pinggiran2,👍👍👍👍
playstore,indosat,2026-05-16 18:21:14,Kuswanto 78 Wanto 78,mudah sekali
playstore,indosat,2026-05-16 18:15:29,Mas Amin,paketan puas
playstore,indosat,2026-05-16 18:00:05,naufal putra,bagus sekali dan tidak ngelag
playstore,indosat,2026-05-16 17:57:54,Fizz ZV URG,kemahalan
playstore,indosat,2026-05-16 17:53:34,louxz X srofzz,bagi tambahan paket 50 GB
playstore,indosat,2026-05-16 17:51:05,Jihan Putri,paketnya mantapp lah walau waktunya cuman 14 hari....
playstore,indosat,2026-05-16 17:50:41,violisise,Mantap aplikasinya bosku👍👍👍
playstore,indosat,2026-05-16 17:46:51,Liana Astuti,paket saya belum aktif
playstore,indosat,2026-05-16 17:43:52,Han Farhan,"BELAJAR NGITUNG DARI MANA 28 HARI = SEBULAN? APLIKASI KIKIR, KORUP!"
playstore,indosat,2026-05-16 17:42:03,Aji Sejen,sayang bagus
playstore,indosat,2026-05-16 17:37:30,ASRX MDG,Niceeeseee
playstore,indosat,2026-05-16 17:36:19,Andi irwan,bagus
playstore,indosat,2026-05-16 17:27:52,Rizqiansyah Syamil Sitompul,kartu tdk bisa di pakai WA sdh berulang kali mencoba feripikasi tp tak bisa
playstore,indosat,2026-05-16 17:16:36,didik yuuliardi,bagus
playstore,indosat,2026-05-16 17:12:15,Ahmad,perbaiki sinyal nya
playstore,indosat,2026-05-16 16:59:06,Zainul Abidin,mantap
playstore,indosat,2026-05-16 16:48:09,Deri Hidayah,mau merasakan sensasi jaringan murahan? pakai aja produk operator ini. gerimis dikit ditengah kota sinyal jelek parah
playstore,indosat,2026-05-16 16:47:47,Louisa Rooney,aneh nih im3 paket masih sisa dan masih aktif belum habis tapi ketika beli paket baru kenapa paket yang tersisa hilang? rugi yang ada mana jaringan sering eror kualitas nya makin anjlok nih
playstore,indosat,2026-05-16 16:44:29,DIAN PPPK2025,Sangat bagus
playstore,indosat,2026-05-16 16:42:09,Erin Erin tamfan,sangggt membantu
playstore,indosat,2026-05-16 16:32:25,ahmad nuruddin,bagus
playstore,indosat,2026-05-16 16:14:20,Qois Zamhariry,pengaduan ke live agent berasa ngomong sama tembok
playstore,indosat,2026-05-16 16:03:05,sujarwo Shaha,bagus
playstore,indosat,2026-05-16 15:51:00,Muchammad Aminulloh,asik
playstore,indosat,2026-05-16 15:43:44,Irsyad FA,jaringan kurang bagus
playstore,indosat,2026-05-16 15:42:37,vina lestari,"Dari dulu pake IM3 gak pernah ada rencana mau ganti kartu, tapi makin kesini IM3 banyak bikin kecewanya. Maaf sebelumnya kakak admin, beberapa kali saya isi pulsa dan masih sisa tapi sering banget habis/kepotong/kesedot sendiri, padahal saya tidak ada hutang pulsa SOS ataupun paketan saya habis, beberapa kali sering begini dan jujur bikin saya rugi. Masalahnya nominalnya 25 sampai 35 ribu, tiba-tiba kesedot sendiri. Jujur, kecewa banget dan ini sering terjadi."
playstore,indosat,2026-05-16 15:26:42,Jeje Permana,ok
playstore,indosat,2026-05-16 15:22:58,Muhamad Hafizh Albar,malas semenjak masa aktif g 30 hari dan paket besar rata-rata 14hari apalah
playstore,indosat,2026-05-16 15:20:51,DRMWN ASWAN,kalo beli paket internet kok paket sebelumnya langsung hangus. Lumayan loh sisanya masih ada beberapa GB. gak bener nih
playstore,indosat,2026-05-16 15:17:34,Lara Lara,baik
playstore,indosat,2026-05-16 15:07:53,Lalay Siang,kurang tepat
playstore,indosat,2026-05-16 14:59:00,amanulla fattah,sinyal nya lancar banget
playstore,indosat,2026-05-16 14:40:48,Who's -who,"sering tiba"" masuk ke chrome pas lagi seru"" nya main game emang gak jelas nih m3"
playstore,indosat,2026-05-16 14:29:17,Dewata Kopi,"Jaringan selalu lemot padahal masa paketan masih kurang 7hari dan kuota masih 80gb lebih. capek restart terus,kalau gak mampu kasih yang baik buat costumer bilang aja suruh ganti provider gak usah nyuruh restart."
playstore,indosat,2026-05-16 14:28:53,Bayu rajaspesial,sinyal gak stabil buat game mohon diperbaiki
playstore,indosat,2026-05-16 14:06:29,Aria Trisnawinata,astaga my ngeleg nya
playstore,indosat,2026-05-16 13:50:13,Dhany Darmawan,"sinyal nya buruk sekali sekarang, sinyalnya sering hilang dangl gangguan. saya kecewa sebagai pelanggan lama menghambat aktifitas kerja saya."
playstore,indosat,2026-05-16 13:29:24,Aro Setiawan,"baru di isi plsa mo di paketin...knpa Mlah lngsng ke ambl plsa nya,,,"
playstore,indosat,2026-05-16 13:26:22,Onny Hardianto Publicist,"pulsa dan kuota ..... jika tidak kepakek ..... seharus nya diakumulasikan ...... ke bulan berikut nya ...... supaya adil .... nggak merugikan pembeli pulsa. Penyebab inflasi di tengah tengah masyarakat itu karena : transportasi , BBM , gas elpiji untuk masak , telekomunikasi (pulsa) , rokok , kopi dan lombok ...... , Rp. 52 ribu zaman sekarang (2026) , sussah payah untuk mengumpulkan uang , dan beli pulsa nya jalan kaki siang siang yang terik , mudah mudahan konter hape nya bukak terus ...."
playstore,indosat,2026-05-16 12:51:58,ilham A,sinyal kurang mahal dan kalo Via dial 888 pelayanan Buruk Ga di Layanin hampir sejam
playstore,indosat,2026-05-16 12:47:14,Dedek Sgrt,bagus
playstore,indosat,2026-05-16 12:45:52,Tomy Doel,bisa ga gausah spam kirim sms tiap hari dan maksa langsung masuk google chrome. biar kenapa begitu??
playstore,indosat,2026-05-16 12:44:30,Latif22 Latif22,bagus
playstore,indosat,2026-05-16 12:43:23,Kadek Selfi,lancar
playstore,indosat,2026-05-16 12:23:03,Andika.m87 Andika.m87,sinyal tidak stabil Mulu di sama main game
playstore,indosat,2026-05-16 12:17:34,Candra,im3 babi udah mahal ngelag lagi
playstore,indosat,2026-05-16 12:09:56,FAREL Trii Aditia,kenapa sekarang Indosat jadi kek gini aneh jaringan padahall 4g Kouta masih 8 GB ga bisa di gunain tolong di update lagi biar ga trouble gini terus setiap ngecek di m3 ups ada gaguan 😮‍💨
playstore,indosat,2026-05-16 12:06:02,Firmansyah Putra,"aplikasi ngeselin, orang beli pulsa buat isi kuota malah dipotong 7000,boros banget"
playstore,indosat,2026-05-16 12:01:06,Raudhatul Jannah,ok
playstore,indosat,2026-05-16 12:00:41,Hanan Ataqi,kenapa si sekarang sinyal/jangan Indosat dambah parah ngirim Chet jga ngga ke kirim2
playstore,indosat,2026-05-16 11:53:18,Kiki Kurniawan,bagus
playstore,indosat,2026-05-16 11:38:21,Alby Aktar,"BUG MERESAHKAN SAAT AMBIL PULSA DARURAT EH GA MASUK,MY3 M=memeg"
playstore,indosat,2026-05-16 11:37:37,Dina Anggini,"provider tidak ok, menjual kartu im3 platinum tapi tidak memastikan kondisi nomor yg di jual apakah masih di pakai oleh orang lain atau tidak. merugikan waktu pengguna untuk mengurus sendiri ke pihak Whatsapp."
playstore,indosat,2026-05-16 11:37:07,Ramadhan anan,knpa gk dapat point padahal kalau beli paket pasti di harga diatas 50ribu solusinya dong
playstore,indosat,2026-05-16 11:31:48,Dewi angreiny,berharap sinyal m3 makin bagus
playstore,indosat,2026-05-16 11:31:13,Ribut Rossa,"Kenapa jaringannya makin luwemoootttttttttttttt...jaringan ilang"" terus....paraaah gk indosat gk tri disuruh restart device, kalo blm di lakukan segala cara gak mungkin lah sampk komplain gini"
playstore,indosat,2026-05-16 11:08:42,Toriq Firmansyah,"kok sekarang sinyalnya jelek amat yak. beli paket bulanan sekarang tambah mahal amat kayak 40 rb dapet 11 Gb 28 hari, 35 rb dapet 6 Gb 30 hari. cuma beda hari doang, apa ini permainan dari indosat kah untuk dapet untung banyak? minimal harga mahal sinyal bagus kek.... JUJUR KECEWA AMAT SAMA INDOSAT"
playstore,indosat,2026-05-16 10:45:48,Umi Khofifah,sangat bermanfaat untuk paket habis
playstore,indosat,2026-05-16 10:43:39,yan1985b,Ok
playstore,indosat,2026-05-16 10:32:42,Winda EAdi,mudah2an paketnya tetap murah dan sinyal lancar
playstore,indosat,2026-05-16 10:27:00,Bangsam,keren
playstore,indosat,2026-05-16 10:20:54,Rizwan,"hati"" sedot pulsa."
playstore,indosat,2026-05-16 10:09:29,Misbahul Munir,baik
playstore,indosat,2026-05-16 09:55:05,kaleng sarden,sering sekali mengalami gangguan kalo gak lemot saat mengirim pulsa tidak masuk atau gagal sangat menjengkel kan pake kartu indosat M3
playstore,indosat,2026-05-16 09:53:12,Alfarizky Rianti,mantap
playstore,indosat,2026-05-16 09:37:20,iluminata unyak,"jelek, pokoknya jelek, jelek banget. mati lampu dikit hilang sinyal. sekarang padahal LTE only aja masih lelet. MUAK SAT. gaada niatan apa perbarui jaringan dih. kesel banget"
playstore,indosat,2026-05-16 09:36:10,Vill hazee,woy gw ini kuota beli ye trus tolong jangan sering ngelag knp sih provider kikir bet
playstore,indosat,2026-05-16 09:19:51,elyan hefin,saya sudah ngikutin indosat hampir 25th semoga sinyalnya kuat trs
playstore,indosat,2026-05-16 09:17:09,Akbar Andhika,keren
playstore,indosat,2026-05-16 08:58:34,Suginah Sugi,Aplikasi M3kereeen sangat membantu🫰
playstore,indosat,2026-05-16 08:47:15,Dhanx ToNn,memuaskan
playstore,indosat,2026-05-16 08:43:08,Shendy haryadi,krena bagus dan dta nya aga boros
playstore,indosat,2026-05-16 08:29:11,Abc Zerows,sangat bagus
playstore,indosat,2026-05-16 08:23:23,Efraim anilan anilan,mantap
playstore,indosat,2026-05-16 08:14:47,Agni Viper,"aplikasi brengsek. sering maksa buka link. notice nya juga maksa. kalo gak karena pake nomernya, males pake aplikasi ini."
playstore,indosat,2026-05-16 08:11:18,Laila Laila,saat bagus dan baik
playstore,indosat,2026-05-16 08:09:44,Dapri Tadi,aplikasi ini sangat bagus
playstore,indosat,2026-05-16 08:04:06,BmaeyqogameFatrul,di mohon harga kuota murah ..
playstore,indosat,2026-05-16 08:04:00,Intan Putri,"haduhhhh ini gmn sihhh kartu ny padahal udah top up kuota udh berhasil kok malah ga masuk kuota ny emg lama""gajelas myim3"
playstore,indosat,2026-05-16 08:01:46,tutup pentil,kasih bintang dua dulu karena untuk main game signal nya sangat jelek.
playstore,indosat,2026-05-16 07:52:04,Anjungan Bergerak,the best
playstore,indosat,2026-05-16 07:36:28,Muhammad Ikhwan,josss
playstore,indosat,2026-05-16 07:36:24,ika rahayu,sangat baik 👍👍
playstore,indosat,2026-05-16 07:15:29,yulia yulianah,bagus kren
playstore,indosat,2026-05-16 07:15:13,Awang Setiantoro,kuota makin mahal tapi sinyal makin busuk
playstore,indosat,2026-05-16 06:59:38,arip resex,nice
playstore,indosat,2026-05-16 06:46:54,Indra Les,intinya terbaik
playstore,indosat,2026-05-16 06:46:23,Wahyudi,sinyalnya bener bener mengecewakan
playstore,indosat,2026-05-16 06:36:05,Mitra Aditia,Bagus Sangat membantu..
playstore,indosat,2026-05-16 06:16:54,Mazaya 23,cukup baik
playstore,indosat,2026-05-16 05:41:41,Aura cahya Agnia,"saya beli kuota 40k terus ternyata GA MASUK GARA GARA MASIH ADA SISA PAKET KUOTA 1GB SEBELUMNYA, lantas duit saya 40k hilang ditilep indosat. mana gabisa refund GA BANGET"
playstore,indosat,2026-05-16 05:34:04,Anisah _ajja,"sangat membantu, banyak promonya"
playstore,indosat,2026-05-16 05:09:40,Rahul Hidayat,harus ada kouta garatis nya
playstore,indosat,2026-05-16 05:00:13,Fathol latif Anwar,sangat puas hati.. pelayanan nya bagus. harga murah.
playstore,indosat,2026-05-16 05:00:11,YS Flanel Official,"saya sudah pasang aplikasi ini sudah lama dan bisa menikmati program2 nya selalu bila pulsa dan quota tidak pernah ada masalah, tapi sekarang aplikasi nya sudah tidak bisa saya pakai, karena harus pembaruan dan menginstal ulang , tapi saya tidak bisa instal karena harus menghapus aplikasi2 penting lainnya. Kenapa juga harus instal ulang ????????? bikin kecewa saja"
playstore,indosat,2026-05-16 04:24:05,Ahmad Saleh,knp TB kartu IM3 sy ngk BS aktt
playstore,indosat,2026-05-16 03:32:45,Ade Bayu Santana,Setelah di Update gagal² terus. ada gangguan terus. knapa ya?
playstore,indosat,2026-05-16 03:28:53,Irpan (Ipank),OK
playstore,indosat,2026-05-16 02:59:16,Arianto,mantap
playstore,indosat,2026-05-16 02:57:20,Jestin Melando,my IM3 Sagat membantu untuk melihat data dan pulsa aku kasih bintang lima
playstore,indosat,2026-05-16 02:33:23,Fazrian Agusti,"jaringannya jelek banget, beli kouta mahal mahal tapi jaringannya tetep aja udah nyobain yg premiumnya juga masih tetep aja jelek sinyalnya"
playstore,indosat,2026-05-16 01:29:59,Kim Kojang,bagus sekali
playstore,indosat,2026-05-16 00:57:32,Glen Taula,baik
playstore,indosat,2026-05-16 00:41:15,Cool ON_Brantas,sinyal tolol
playstore,indosat,2026-05-16 00:36:04,Rehan Dino,Baik Sekali
playstore,indosat,2026-05-16 00:22:53,Nuril Rahma,"semuanya udah oke, tapi kenapa di aku selalu ada notif tiba tiba muncul ya, mana diarahin ke website lagi pas lagi sibuk sibuinya atau kalau ga gitu pop up yang kalo ga di ilangin ga mati (pernah sampe semaleman ga mati cuma gara"" pop up dari im3 sebel kan, baterai abis jg semaleman nyala), dah itu aja. tolong ya kalo emg settingan apk nya dari aku bisa diperbaiki kasih tau terima kasih"
playstore,indosat,2026-05-16 00:20:19,Rodi Nabil,sangat puas
playstore,indosat,2026-05-15 23:43:56,Muhamad Arifin ilham,"bapuk, masa paket darurat 3500 pas di bayar jadi 5gb, korupsi nya gede bgt"
playstore,indosat,2026-05-15 23:33:56,Redmi12 Redmi12,ok
playstore,indosat,2026-05-15 23:31:44,Husen,kuota udah mahal sinyal muter Mulu ampun
playstore,indosat,2026-05-15 23:14:10,Ade Irwan,bagus
playstore,indosat,2026-05-15 23:03:35,rizal surya nugraha,tolong sinyalnya diperbaiki. emosi banget tiap hari begini lho
playstore,indosat,2026-05-15 22:46:27,Yogibb2 ganz,kalo di pedesaan ga recommended ni jaringan konyol banget malam-malam selalu AJA NGELEG GIMANA SIH? UDAH BAYAR LOH MAHAL2 SETAN! UDAH MASA BERLAKU KEPOTONG JADI 28 HARI DATANG LAGI PENYAKIT NGELEG DI JARINGAN hadeh..
playstore,indosat,2026-05-15 22:40:26,M. Yazid Mns01,sangat puas
playstore,indosat,2026-05-15 22:29:33,anggun diann,oke
playstore,indosat,2026-05-15 22:29:03,onny hardianto,"mbaak , tolong dipermudah , saya beli pulsa itu jalan kaki dari rumah , hanya untuk mendapatkan pulsa , beli di konter hape , Rp. 42.000 , Rp. 52.000 , tampilan nya memburam , nggak jelas , ini berapa rupiah untuk paket kuota nya , .... Seharusnya , jika kuota nggak dipakek , bisa di akumulasi kan .... ke bulan berikut nya , nggak dikit dikit hangus , dikit dikit hangus , Indosat IM3 nggak jujur masalah keuangan nya , seharusnya Di Audit , sesuai pemakaian , kayak Listrik PLN ... biar lebih Adil"
playstore,indosat,2026-05-15 22:24:31,cahya clewo,nyolong pulsa !!!! kuota ku masih banyak njirrr knp di sedot pulsanya !!!!
playstore,indosat,2026-05-15 22:23:52,Rizky Rizky,"jaringan nya sering gelek, apa lagi pakai main gem, nyesal aku beli kartunya"
playstore,indosat,2026-05-15 22:17:34,Adi Firmansyah,ok abis
playstore,indosat,2026-05-15 22:13:27,Eri Sumianti,"sial kurang kuat,,tolong di perluasan biar sinyal lebih kencang,,"
playstore,indosat,2026-05-15 22:01:42,Andri merandaru,Sinyal benar 2x buruk
playstore,indosat,2026-05-15 22:00:02,Ijma Maulana,terlalu mahal
playstore,indosat,2026-05-15 21:58:32,Yuli Andri (error 404),"signal indosat tambah hari tambah buruk saya turunin lagi bintang ,, mutu jelek promo hoak singnal kuat apan ngemenh.. profider paling buruk signal nya setau aku"
playstore,indosat,2026-05-15 21:57:14,Farhan Mr abdilah,jaringan jelek ni bos aduh gmn ini..
playstore,indosat,2026-05-15 21:49:58,Rizky Marbun,"bakaarr aja kartu nya, baru kali ini make indosat ngelag parah.."
playstore,indosat,2026-05-15 21:45:09,Adie1905@gmail.com Adie1905,makin ribet
playstore,indosat,2026-05-15 21:43:42,Muhamad Ilham,bagus..
playstore,indosat,2026-05-15 21:42:13,Drink Sky,jaringan jelek kuota mahal
playstore,indosat,2026-05-15 21:40:24,kaptenkocheng,jaringan lemot gk guna buat kalian semua mending ganti kartu aja ke smartfren atau XL atau gk telkomsel intinya jangan pakek im3 kalau hujan lemot gw review jujur
playstore,indosat,2026-05-15 21:38:57,Elvi Rouzah,paket internetnya kemahalan
playstore,indosat,2026-05-15 21:38:38,Ilham,mantap banyak promo murah😁😁😁👍👍
playstore,indosat,2026-05-15 21:36:36,Hanz Preset,gausah beli paket di sini sinyal nya jelek di kota aja ga bisa buat main game binatang emang
playstore,indosat,2026-05-15 21:19:26,Feras,"pelanggan gak butuh kata maaf dari kalian,kami udah beli paket data dri kalian tapi koneksi lemot sering putus2.sebagai pelanggan kami merasa di rugikan.perbaiki tuh jaringan internet nya."
playstore,indosat,2026-05-15 21:19:22,Elisa Diaz,"Harga paket semakin ga ngotak, udah 30 hari jadi cuma 28 hari, kalau lewat masa aktif hangus sisa paketnya. Harga paket yang gbnya kecil dimahalin biar konsumen beli yang mahal. Bapuki"
playstore,indosat,2026-05-15 21:11:12,Rizal Epep,anj saya lagi main maha ada notifikasi ke crom babi jadi kalah
playstore,indosat,2026-05-15 21:10:34,Estes,sinyal &a jaringan internet terburuk!!!
playstore,indosat,2026-05-15 21:00:03,TASLIKIN,"payahhhhhhh paket jangka waktu masih ada tp susah buat di gunakan.. padahal kuota masih 4,8 gb.. payah payah payahhhhh"
playstore,indosat,2026-05-15 20:58:10,Haris Winata,"""Kecewa parah! Beli pulsa terus diubah jadi paket kuota, baru dipakai 200 MB langsung hilang jadi 0 MB. Lapor lewat chat CS cuma diminta kata kunci, nggak dibantu sama sekali. Tolong perbaiki sistem dan layanannya, rugi banget pakai kartu ini 😤😭"""
playstore,indosat,2026-05-15 20:48:42,Bowo,murah
playstore,indosat,2026-05-15 20:43:48,Cowboy 123,Sangat puas
playstore,indosat,2026-05-15 20:40:50,Bagas Ap,good
playstore,indosat,2026-05-15 20:33:12,Ahyani Choerul amin,jaringan sangat lemot
playstore,indosat,2026-05-15 20:32:42,Ridwan Maulana,"jaringan leg parahhh, Kouta masih banyak jaringan ga ada anehh"
playstore,indosat,2026-05-15 20:26:27,RAHMAT,Bagus sih
playstore,indosat,2026-05-15 20:21:04,rivaldifatah,banyak pop up dan spam SMS yang menganggu
playstore,indosat,2026-05-15 20:20:03,omrudi csl csl,Terima kasih
playstore,indosat,2026-05-15 20:16:13,Erni Anwarrudin,hadeuh sudah diupgrade malah sinyal jelek banget lemot
playstore,indosat,2026-05-15 20:12:16,burung kicau,ok
playstore,indosat,2026-05-15 20:09:16,M Chamshani,IM3 memang mantap
playstore,indosat,2026-05-15 20:05:34,Saputraharyadi74gmail.com Haryadi,amanah saja tidak seperti tetangga sebelah
playstore,indosat,2026-05-15 19:59:02,Muhammad Sobirin,karena semakin lama dipakek semakin lemot ini m3 sinyalnya
playstore,indosat,2026-05-15 19:55:43,Kadek Bayu,"adain lagi dong potongan harga paket 100 rb 100 gb, plisss"
playstore,indosat,2026-05-15 19:54:38,Papahganteng Ganteng,semoga lebih baik lg..dn tetap jaya dn amanah
playstore,indosat,2026-05-15 19:54:09,Power Ranger,paket masih banyak di suruh login udh login tetap gk bisa buat internetan kocakkk
playstore,indosat,2026-05-15 19:53:44,Aku Adalah,bagus
playstore,indosat,2026-05-15 19:50:29,Konoo,nipu mulu
playstore,indosat,2026-05-15 19:49:44,Didik darmadi,Gak bisa top up game
playstore,indosat,2026-05-15 19:47:15,Berkah Madinah Corner,ok
playstore,indosat,2026-05-15 19:33:49,Pandu Nduu,karena amanah bagus
playstore,indosat,2026-05-15 19:32:38,Akame Oro,harga 67gb 100rb di ganti 50 gb 100rb malah jaringan ga stabil
playstore,indosat,2026-05-15 19:29:11,Mang Rojul,paket m3 emang murah cuman jaringan ga setabil apalagin ps ada hujan kaya takut tolong lah di perbaiki agar nyaman pelanggan nya
playstore,indosat,2026-05-15 19:27:54,Kembunk Lodis,makin mahal aja paketnyaa
playstore,indosat,2026-05-15 19:25:43,Slamet Yuliyanto,wow sip
playstore,indosat,2026-05-15 19:21:25,Riko Enriko meisandi,👍
playstore,indosat,2026-05-15 19:10:39,Esti Hestiani,"kenapa giliran lagi urgent banget lu malah error, pas gada apa apa lu spam notif giliran urgent lu ngilang, gua lagi begini aja lu kaga jelas, udah effort isi pulsa gara-gara apk ngelag lu eh pulsanya malah kesedot gara-gara notif wa, ayolah menurut lu ini cuma masalah gua tapi semuanya gara gara lu"
playstore,indosat,2026-05-15 19:10:14,HAMIM Mutohari,okee lah lumayam baik
playstore,indosat,2026-05-15 19:08:38,Sukron,puas
playstore,indosat,2026-05-15 18:57:00,Haxixi,👍👍👍👍👍
playstore,indosat,2026-05-15 18:53:57,Rhino Dinasty,parah bner sinyal lemot g sesuai sama harganya
playstore,indosat,2026-05-15 18:50:44,Pudding,mantap
playstore,indosat,2026-05-15 18:48:04,Rian Yudiana (Rian),kalo bisa harga paketnya lebih murah lagi
playstore,indosat,2026-05-15 18:47:24,Capruk,sinyal nya sekarang sangat susah
playstore,indosat,2026-05-15 18:42:29,Rama Dhan,bgus bisa seperti ini
playstore,indosat,2026-05-15 18:40:59,Halda Pardosi,sangat bagus
playstore,indosat,2026-05-15 18:39:52,Aditya Rifqi12,sangat membantu
playstore,indosat,2026-05-15 18:38:20,hendra hendra,sinyal bagus sekali
playstore,indosat,2026-05-15 18:35:24,Iyep Sandiana,sangat baik tapi kenapa ga bisa pinjam kuota darurat
playstore,indosat,2026-05-15 18:33:41,Gavin saputra,pulsanya sering kesedot
playstore,indosat,2026-05-15 18:32:28,Nengah Gungyii87,bagus
playstore,indosat,2026-05-15 18:32:24,Lai. Yahya,GOOOOOOOD 👍
playstore,indosat,2026-05-15 18:31:58,Hendri Ajach,"buat para user indosat sudahlah mau kita komplain kayak mana juga ga bakalan komplain kita di respon karena memang beginilah adanya provider satu ini.kalo memang mau nyari jaringan internet yg lancar mending pindah aja ke provider yg lain sebab kalo tetep bertahan di provider ini yg ada cuma kecewa dan sakit hati ,kita sudah komplain tapi ga ada respon apalagi perbaikan jaringan.yg katanya jaringan terluas terbaik tapia kenyataannya apa ."
playstore,indosat,2026-05-15 18:31:26,TONI PAISAL,sangat bagus
playstore,indosat,2026-05-15 18:29:16,Erlangga Angga,"beli paket mahal mahal, ehh malah loading terus liat tiktok liat yg lain, Indosat lemot"
playstore,indosat,2026-05-15 18:25:25,Salsa Raina,"udah 3 hari jaringan nya ntah kayak mana, kadang GPRS, egde, 4gnya lelet kali du cht adminnya ntah kayak mana balesannya"
playstore,indosat,2026-05-15 18:19:38,Kandis Saputra,"nomor sudah terdaftar, nomor aktif, tiap bulan isi pulsa dan paket data rutin 3 tahu, aplikasi myim3 baru, semua perizinan nyala.Sudah 4 hari ini gagal memuat konten di myim3, sistem pembayaran lewat pulsa tidak bisa."
playstore,indosat,2026-05-15 18:13:12,fahmil hakim,ok
playstore,indosat,2026-05-15 18:09:07,Sukoyono Joko,mantap sinyalnya
playstore,indosat,2026-05-15 18:07:40,Soleh Naylaku,nah gitu ada paketan 11GB &15GB cuman 50k 30hari kalau bisa terus kaya gini
playstore,indosat,2026-05-15 18:05:57,Kowe Ganteng,assalamualaikum saya kecewa buat liat tiktok gak bisa
playstore,indosat,2026-05-15 17:48:03,Rizal Sanjaya,jaringan nya buruk padahal di jakarta 👎👎
playstore,indosat,2026-05-15 17:41:07,Ahmad Ilyas,jaringan mantap
playstore,indosat,2026-05-15 17:24:31,Tempek Gatel,bagus
playstore,indosat,2026-05-15 17:23:58,Man Man,puass
playstore,indosat,2026-05-15 17:17:53,Bernard Paulinus,mudah pengaplikasiannya
playstore,indosat,2026-05-15 17:15:31,dwi apradika,aplikasi paling gak guna paling dk jelas beli esim 2 x ggal trus kode barcode gak ada najis kau im3 apus aja kau jangan jadi provider lagi
playstore,indosat,2026-05-15 17:05:39,Faisal Riski a,"iklan gila bener dah, maksa banget masuk browser. sehari nyampe 5x mana pas lagi main game malah masuk browser.."
playstore,indosat,2026-05-15 16:59:01,FisΏ̶̲ƪ ñz,SANGAT SANGAT LEMOT LEMOT SEKALI 4G MACAM 2G MENYESAL PAKE IM3 AMPUN TOBAT DAH. BINTANG 5 HANYA KIASAN
playstore,indosat,2026-05-15 16:57:00,Arief Pinkyboy,"makin aneh nih kartu, makin di beli makin mahal, anehnya lagi gw ngutang kuota 5gb an, terus katanya dipotong 6 gb an, eh GK taunya malah di potong 10gb, gimana ini im3 kok aneh, apa ada bunganya juga ngutang di im3 ini????"
playstore,indosat,2026-05-15 16:47:45,dini zahra,bagus
playstore,indosat,2026-05-15 16:40:31,Hady Thia,mau bangkrut kali sinyal susah amat
playstore,indosat,2026-05-15 16:38:12,Ahmad Risqi,puas banget
playstore,indosat,2026-05-15 16:35:54,New Furniture,cukup puas
playstore,indosat,2026-05-15 16:33:15,iruehaadytwjk7,"nih jaringan punya personal apa si , Jaringan full beeli kuota banyak , Daerah 5G tapi masih ajalu bikin ngeleg buat nonton sama game , OTaklu pake coba"
playstore,indosat,2026-05-15 16:28:05,Ikbal Paleska,semoga lebih baik
playstore,indosat,2026-05-15 16:14:47,Aldy Samadi,ckup baik
playstore,indosat,2026-05-15 16:03:58,Rini Kanza,👍👍👍
playstore,indosat,2026-05-15 15:55:26,Rahmawati 1992rahma,apk bagus
playstore,indosat,2026-05-15 15:29:13,KAL 25,paket di bawah 100.000 tidak ada yg 30 hari /perbulan.
playstore,indosat,2026-05-15 15:25:54,Alif Katama,manatap apk in
playstore,indosat,2026-05-15 15:19:15,Jajanan JF Bintaro,"Signal sangat buruk di wilayah pasi Pangmilang Singkawang Selatan mohon diperbaiki karena kami sebagai pelanggan sangat dirugikan, usaha terkendala signal yg buruk dari indosat"
playstore,indosat,2026-05-15 15:16:52,Ariobimo Alfatih Wijayanto,internet naik turun
playstore,indosat,2026-05-15 15:00:57,nurfaozah azza,hanya ingin cek kuota hrs kelayaban ke sini..makin ribet
playstore,indosat,2026-05-15 14:56:37,fajar aji prasetiyo,"JARINGAN apaan ini daerah Jabodetabek masa ngelag, GW BELI BUKAN MINTAAAAA"
playstore,indosat,2026-05-15 14:45:44,’Mikasa X SOL',beli paket mahal mahal buat apa coba kalo ga bisa di pake tolong lah benerin dari pagi ngelek terus
playstore,indosat,2026-05-15 14:36:22,Dici Cahyono,lemot
playstore,indosat,2026-05-15 14:33:11,Thika Zianka,sangan baik
playstore,indosat,2026-05-15 14:30:32,Antoh Antoh,bagus
playstore,indosat,2026-05-15 14:27:52,Edi Edi,Dara darurat
playstore,indosat,2026-05-15 14:23:36,Okie Atma Putra,mantap selalu menggunakan im3
playstore,indosat,2026-05-15 14:20:07,akun pribadi lingga,"sebagai penguna lama saya merasa sangat kecewa dengan penurunan sinyal,saya baru beli paket aja maen apa apa dikit"" loading dikit"" loading apalagi maen game ga enak banget jaringannya ayolah kita beli paket bukan pake daun pake uang tolong hargai perbaiki sinyalnya/jaringan nya biar semua pengua myIM3 bisa nyaman gunain kartu indosat nya kalo terus"" an gini ga nyaman perbaiki secepatnya.jangan kecewain pembeli."
playstore,indosat,2026-05-15 14:16:49,Fikrie Eden,"sinyal jelek parah, dimana2 sulit bgt dapet sinyal"
playstore,indosat,2026-05-15 14:16:10,Koncer Kaf,ok
playstore,indosat,2026-05-15 14:15:59,Dani Marbun!!!,"udah gak sebagus dulu. ku isi paket 42GB 30h. blem sampai 28/30 h udah habis. dan habisnya gak langsung kuotanya 0MB. masih ada 10GB lagi,gak bisa di pakek."
playstore,indosat,2026-05-15 14:05:34,Ikbal Iklil,jaringan buruk
playstore,indosat,2026-05-15 14:00:20,Gungun Gunnawann,baik'
playstore,indosat,2026-05-15 13:54:10,Gempasha Ruvasule Ruvasule,good
playstore,indosat,2026-05-15 13:52:10,Zia Jessica,jaringan lemot dan suka hilang² gajelas
playstore,indosat,2026-05-15 13:48:52,Rafael,sinyal jelek
playstore,indosat,2026-05-15 13:42:10,Exam Brocer,ok
playstore,indosat,2026-05-15 13:30:53,Ngadam Oke,nice
playstore,indosat,2026-05-15 13:22:20,Z Farras Fabi,Harga penjabat Sinyal bejat
playstore,indosat,2026-05-15 13:21:16,Bhayu Sabba,"semakin kesini signal sering hilang, sudah di mode pesawat, restart tetap tidak stabil, buruk sekali pemakaian lebih dari 8 tahun"
playstore,indosat,2026-05-15 13:11:37,Nurul Nurul,baik
playstore,indosat,2026-05-15 13:06:44,eka Ristyady,"sangat membantu, semoga sering ada promo diskon"
playstore,indosat,2026-05-15 12:53:50,supriyadi jabrig,"Jaringan mlehyooyy.. Sinyal bapuk, ga guna.. buang2 duit aja beli paketan... Tutup aja perusahaan lu.... sinyal ilang2an mulu... ngelek mulu..."
playstore,indosat,2026-05-15 12:37:35,Azimatus Saadah,"paketan kuota nya doang yang gede, tapi abisnya cepet. Dibanding provider sebelah. dengan pemakaian yang sama"
playstore,indosat,2026-05-15 12:34:59,Dayat Rahmat,keren
playstore,indosat,2026-05-15 12:29:27,Mars,"JANGAN CUMA KUOTA DI GEDEIN,JARINGANNYA AJA DI BENERIN, LAHHHHHHHHH.sebelum ada paket iya full jaringan.tapi sesudah di paket kok jadi turunn.padahal di tempat yg sama.masih sama tuh, atau gak di gubris kali ya☹️"
playstore,indosat,2026-05-15 12:27:16,Irfan Rifani,"Sangat buruk, sinyal internet parah.. sngat tidak stabil di cilegon, untuk komfrmasi penyelesaian maslah melalui indira jg susah.. cuma di bolak blik kembali ke menu tanpa mnyelesaikan masalah..."
playstore,indosat,2026-05-15 12:24:14,Alpianor,bagus
playstore,indosat,2026-05-15 12:20:21,ellena nadien,dijangkau
playstore,indosat,2026-05-15 12:17:51,Rifal Rifal,mantap
playstore,indosat,2026-05-15 12:01:35,Fabry Ajaja,bisa 5g sih tapi kok buat dwonload data/file cuma mentok di 5mbps ya?
playstore,indosat,2026-05-15 11:59:34,Edo Tensei,aplikasi ini kenapa sih selalu stuk setiap proses pembelian paket data ketika sebelumnya waktu paket data habis
playstore,indosat,2026-05-15 11:58:40,Maisah Handayani,keren
playstore,indosat,2026-05-15 11:58:27,Ahmad Mufti,bagus
playstore,indosat,2026-05-15 11:51:57,ikyy,murah in aja paket nya minimal murah 1000 500gb
playstore,indosat,2026-05-15 11:41:44,Nur Mirrah,jaringan im3 jelek banget pas main game pasti ngilang ngilang bikin kesel dikasih komentar cuma dibalas bot aja bukan adminnya nda tau keluh kesah pengguna im3 dasar admin lolot
playstore,indosat,2026-05-15 11:35:31,Apika,suka deh
playstore,indosat,2026-05-15 11:19:58,Teh Tawar,saya pakek kartu ini buat main game agak ngeleg tapi kalo buat nonton okelah + harga internet murah dan terjamin
playstore,indosat,2026-05-15 10:55:06,Adit Alfarizi,ok
playstore,indosat,2026-05-15 10:54:19,ABDUL WAHID KARIM,"Aplikasi nya bagus, terus paket internet nya murah"
playstore,indosat,2026-05-15 10:44:25,Aska Ajah,udh jaringannya ngeleg tiba tiba mati pelayanannya gak jelas
playstore,indosat,2026-05-15 10:44:18,Sri Miatun,"knp ya..pulsa im3 srg hbs/hilang ,padahal kuota data ada terus bahkan srg banyak tersisa dibatas akhir pemakaian."
playstore,indosat,2026-05-15 10:41:11,Lemon Segar,bagus
playstore,indosat,2026-05-15 10:17:44,kirana Canti,gangguan
playstore,indosat,2026-05-15 10:10:37,Irmha Yanthy,baik
playstore,indosat,2026-05-15 10:09:28,Asep Muksin,sinyal kalah dgn jaringan lain
playstore,indosat,2026-05-15 10:04:50,Achmad haris Haris,sangat nyaman
playstore,indosat,2026-05-15 10:04:37,sukma sukma,amatlah sangat bermanfaat
playstore,indosat,2026-05-15 10:03:30,alya okay,"bagus walau kadang eror. sekarang ulasannya ku tambahin aku dari 2026 , kenapa sih ini aplikasi ga bisa di buka kalo pakek paket sendiri kenapa kudu hospot baru bisa di buka"
playstore,indosat,2026-05-15 10:00:43,AKHMAD FAQIH (Akhmad),jozz.
playstore,indosat,2026-05-15 09:59:27,Ismail Royanul Alfan,mantap
playstore,indosat,2026-05-15 09:50:50,Muarif Ganteng,mahal yooo makin kikir aga ni dulu engga mau hagi kah
playstore,indosat,2026-05-15 09:50:29,Erna Marlina70,Memudahkan
playstore,indosat,2026-05-15 09:21:52,Ahlan Maulidan,apl taiii ngambilin plsa mulu gk punya utang sos juga
playstore,indosat,2026-05-15 09:20:59,Gembira Cell phone,udah kecewa banget sama IM3. udah paketnya makin mahal. kuota makin sedikit ditambah jaringan udah lelet parah. ga akan pakai im3 lagi
playstore,indosat,2026-05-15 09:18:00,Jejen MoaR91,muanteeep
playstore,indosat,2026-05-15 09:17:00,Rena apriliana,terbaik memang jaringan im3
playstore,indosat,2026-05-15 09:12:21,stok repeer,"pas main game atau buka aplikasi lain sering dapat notifikasi kenapa pas saya pencet batal malah masuk ke website????, saya fokus fokusnya main game pas buka gamenya lagi malah udah kalah, pls lah diperbaiki"
playstore,indosat,2026-05-15 09:10:02,Fila Akbar,mantap👌
playstore,indosat,2026-05-15 08:59:51,Naufal Nadhirrafi,jaringan superrr lemot
playstore,indosat,2026-05-15 08:59:25,Wardatul Khusnia,gajelas pake wifi kok ga bisa buka aplikasi
playstore,indosat,2026-05-15 08:43:44,NURMILA DESWITA NINGRUM,sinyal jelek
playstore,indosat,2026-05-15 08:16:22,Dewi Saputri,kecewaaaaaaaa!!!!!!!!!!! beli kuota baru ngga bisa di pake akses internet grgr paket lama blm di UNREG beli pake duit woyyyy!!! mempersulit hidup orang!!!!!
playstore,indosat,2026-05-15 07:42:40,Yuvenalis feryance Mali,sangat baik
playstore,indosat,2026-05-15 07:39:23,Joe Andre,"capek"" gua donlot malah ngebug dibilang "" akun ga wajar"", gua baru juga mau bikin akun!! bikin kapok aja"
playstore,indosat,2026-05-15 07:36:23,Undou wanto,sinyal lumayan bagus
playstore,indosat,2026-05-15 07:35:36,Bang safei,good untuk apk myIM3 sering-sering ngasih diskon yg gede dan tambahin paket gede tpi untuk harga lumayan
playstore,indosat,2026-05-15 07:27:51,Saepul mtrevel,lemot
playstore,indosat,2026-05-15 07:19:15,Rap aj,min kok tambah mahal? padahal dulu 12gb cuma 25k😭😭
playstore,indosat,2026-05-15 07:17:53,deryco ferry,good
playstore,indosat,2026-05-15 06:52:44,Jefri,bagus
playstore,indosat,2026-05-15 06:35:45,Gojek Jakarta,Mayan terjangkau
playstore,indosat,2026-05-15 06:21:56,Ryan Teguh Prasetya,awal awal sih bagus tapi lama lama lemot sumpah komplain kaga di denger tetep aja lemot tolong diperbaiki dong m3 jaringannya kan saya beli kuota pake uang bukan pake daun!
playstore,indosat,2026-05-15 06:05:11,Tubagus Maulana,sepuasnya min
playstore,indosat,2026-05-15 06:02:46,Sindang barang,keren
playstore,indosat,2026-05-15 05:51:56,Razka Aulia,bagus
playstore,indosat,2026-05-15 05:46:47,ramadonsyafii Syafii,sangat murah
playstore,indosat,2026-05-15 05:36:12,Sebab Akibat,ok
playstore,indosat,2026-05-15 05:26:39,Abdulloh Faqih,luar biasa
playstore,indosat,2026-05-15 04:56:59,Lukman,bgus
playstore,indosat,2026-05-15 04:43:37,Jagoer Slow,mantab okok
playstore,indosat,2026-05-15 04:40:48,Cia Chiro,dari malam sampai shubuh baru bisa masuk paketan Karena gagal terus
playstore,indosat,2026-05-15 04:23:49,Suardi Ardi,bagus
playstore,indosat,2026-05-15 04:18:39,Vania Cantika,good job bisnis soo goodluck
playstore,indosat,2026-05-15 04:12:51,SUGI YONO,baik
playstore,indosat,2026-05-15 03:38:45,Seprianto Paulusz,"aplikasi MyTelkomsel sangat baik, sangat bermanfaat 👍"
playstore,indosat,2026-05-15 03:15:29,Koko Purnama,"dulu pertama naik ke platinum perbulan bayarnya 85k skrg mahal,naiknya banyak banget perbulan bayar 111k, kasih penjelasan dong kenapa naiknya bisa mahal bnget gtu"
playstore,indosat,2026-05-15 02:37:29,Ahmad Ramdhani,aduh parah bangat pulsa baru beli 10 RB baru 2 hari udh ilang aja 6 RB sisa 4 RB doang
playstore,indosat,2026-05-15 01:42:11,Muhammad Sovi,aplikasi ini sangat membantu
playstore,indosat,2026-05-15 01:41:05,Nyanyang26 Nyanyang,ok
playstore,indosat,2026-05-15 01:37:44,Adi Novianto,goodpo
playstore,indosat,2026-05-15 01:33:03,Xiao Me,tolong ya INDOSAT PLATINUM.. JANGAN SPAM SPAM SMS ROAMING TERUS GA BUTUH ASLI.. GANGGU BANGET
playstore,indosat,2026-05-15 01:32:16,Amdap_project Bdg,area bandung Cidadap jgn pakai sinyalnya PARAH NOL MULU. malah pingin banting HP jadinya.
playstore,indosat,2026-05-15 01:07:48,Muhammad zidan Muzaki,sinyal leg bgt buat ml
playstore,indosat,2026-05-15 01:05:44,Arfan Jmb,bagus
playstore,indosat,2026-05-15 00:43:51,Heru Chanust,sangat membantu
playstore,indosat,2026-05-15 00:40:04,Ahmad Fauzan,"buat apa saya beli kuota mahal + bonus jika bonus nya tidak bisa digunakan? saya bonus apk vidio saat beli kuota,, setelah beli link aksesnya tidak bisa... mending hilangkan saja"
playstore,indosat,2026-05-15 00:35:59,PANZZETKUL,aplikasi ini sangat bagus sekali buat orng yang membutuh kan kuota
playstore,indosat,2026-05-15 00:22:09,Triyono Yono,Bagus
playstore,indosat,2026-05-15 00:13:29,Lukii Proo,puas
playstore,indosat,2026-05-14 23:45:52,Iksan,bagus. tingkat lagi sinyal biar sat set
playstore,indosat,2026-05-14 23:32:37,Hasan Albana,"harga mahal ga sesuai dengan kualitas sinyal,udh tinggal di Bekasi aja sinyal masih busuk!!!"
playstore,indosat,2026-05-14 23:29:00,Ahmad Jumali,sinyalnya parahhh bangett bangettt muter² truss buat apa beli kouta mahal sinyalnya jelek ginii sumpah sangat kecema Indosat
playstore,indosat,2026-05-14 23:24:44,Muhammad Adam ibrahim,mantap
playstore,indosat,2026-05-14 23:23:10,Amel Manja,bagus
playstore,indosat,2026-05-14 23:21:57,SYAHRAN M KASIM,semoga tetap stabil signalnya dimana lokasi berada aamiin .
playstore,indosat,2026-05-14 23:20:31,Iqbaal Alfahri,baguss
playstore,indosat,2026-05-14 23:19:01,Bang Feri,mantap
playstore,indosat,2026-05-14 23:18:59,Choi Mikaila,"JELEK SEKALI KALIAN. SERING POTONG PULSA GA JELAS, PADAHAL GA ADA PENGGUNAAN INTERNET DARI DATA SELULAR"
playstore,indosat,2026-05-14 23:01:54,Muhammad Ramadhan,setiap ngisi kouta pasti jaringan lambat
playstore,indosat,2026-05-14 22:56:55,jury Purba,super
playstore,indosat,2026-05-14 22:52:58,Firdaus.MZ75,Mantap
playstore,indosat,2026-05-14 22:49:41,ritt,"jaringan ngelag, sinyal ilang²an terus, harga kuota makin mahaaalllll"
playstore,indosat,2026-05-14 22:49:33,Afandi XR,jam malam di atas jam 10 sering trobel ni apk mau isi paket internet gagal terus
playstore,indosat,2026-05-14 22:46:25,Yunus Mahardi,good
playstore,indosat,2026-05-14 22:45:06,pong- pong,"sinyal makin ngk jelas, udah 5G tinggal di kota pula, sinyal masih bapuk, ngk jadi dh bintang 5"
playstore,indosat,2026-05-14 22:43:28,Rendy Ds,jaringan tidk stabil
playstore,indosat,2026-05-14 22:20:42,dhanu Yudha86,"udah pengguna im3 20 lebih yg saya rasakan kok malah lemot pulsa ndak dipakai berkurang dengan sendirinya, tambah lama tambah konyol im3"
playstore,indosat,2026-05-14 22:19:17,supri gm,sinyal makin buruk boros juga kuota
playstore,indosat,2026-05-14 22:14:35,rendi dwi,"saya beli kuota + gemini tapi tidak ada pesan aktivasi gemini masuk di sms, dan saya pun tidak bisa claim ke halaman manapun untuk kirim pesan ulang"
playstore,indosat,2026-05-14 22:10:12,Jaya Nusantara,Tiga Kali beli kouta plus AI ga pernah dapat AI pro Indosat omdonya kelewatan
playstore,indosat,2026-05-14 22:08:01,Ry Ry,kartu lagg parah mana harga malah bener
playstore,indosat,2026-05-14 22:02:13,M Aming,"ko sekarang jaringan nya sering ngleg yah padahal paket baru beli,udh 2 bulan ini jaringan nya ga bagus..."
playstore,indosat,2026-05-14 22:01:18,Agung Bimantoro,"Apa ya...klo hujan kadang sinyal ghoib, tapi gapapa sih. Just do your best!"
playstore,indosat,2026-05-14 21:59:58,Bandar Lampung,bagus
playstore,indosat,2026-05-14 21:59:35,Casmudi,"sinyal susah banget, main game ngelag mulu, buka aplikasi muter"". udah di matiin, udah mode pesawat masih sama aja parah - parah."
playstore,indosat,2026-05-14 21:58:51,Basri Batarin,"jaringan jelek, kuota mahal"
playstore,indosat,2026-05-14 21:50:16,Janes Deril Saputra,baik
playstore,indosat,2026-05-14 21:48:33,Sucrosa sui,"banyak pop up iklan, tolong kurangi"
playstore,indosat,2026-05-14 21:45:28,Riyo Sadewa99,mantapp
playstore,indosat,2026-05-14 21:41:52,KANG APING BKL,gangguan ya aplikasinya
playstore,indosat,2026-05-14 21:39:53,Rio Saputra,bagus
playstore,indosat,2026-05-14 21:39:53,Jeffri Saputra,"tolong dong jaringan di kampung saya 2 hari kemaren jelek banget, padahal sebelumnya bagus banget main medsos ataupun game lancar jaya , tapi Skrang malah jelek bngt , tolong dong min periksa tower jaringan dsini"
playstore,indosat,2026-05-14 21:37:44,Muhammad Solihin,terima kasih
playstore,indosat,2026-05-14 21:32:52,ecin kuraesin,Mudah dan cepat
playstore,indosat,2026-05-14 21:31:47,Dani Fayyadhi khairi,jelek aneh buka yg lain semua lag mlu main game giliran mati bagus giliran aga rame ngelag mlu/didepan musuh
playstore,indosat,2026-05-14 21:23:05,Unyil Ciwek,"notif lo ganggu parah, luncurkan browser luncurkan browser apaan lah"
playstore,indosat,2026-05-14 21:19:52,Boy Poer,Top .!! sinyal kuat dan variam pilihan paketan
playstore,indosat,2026-05-14 21:17:49,Gins Onyot,makin kesini makin lemot jelek banget sinyalnya mending ganti kartu lain dah jelek banget sumpah Im3 sekarang
playstore,indosat,2026-05-14 21:16:11,Slamet Mujiono,hei im3 bisa gag notifmu gag masuk browser tiba-tiba!?.. jujur bikin sumpek saya selaku pengguna.. enak2 main game tiba-tiba pindah langsung browser... jujur kalo bisa di blok.. langsung saya blok dan laporkan spam..👎
playstore,indosat,2026-05-14 21:10:13,Win Win,sinyal nya lemah lemot apa lagi hujan malam pokoknya masih banyak kekurangan Nya
playstore,indosat,2026-05-14 21:07:01,Aldy Kim,sangat bngus
playstore,indosat,2026-05-14 21:04:25,Arif nur Arifahh,bagus
playstore,indosat,2026-05-14 21:02:15,Taupik Hidayat,gak berubah jaringan ini tetap yg terburuk diantara yg buruk
playstore,indosat,2026-05-14 21:00:03,Ray Naufal,"jaringan jelek banget, ngeleg tiap pemakaian, udah coba berbagai macam cara, nyalain mode pesawat lahh, restart hp laa tetep aja ngeleg, gak di luar gak di rumah"
playstore,indosat,2026-05-14 20:56:39,Siti Fatimah,"kenapa jaringan selalu bermasalah padahal waktu masa aktif kuota masih ada beberapa jam ,dan juga kalau ada pulsa padahal data seluler tidak aktif tapi pulsa tetap terpotong , tolong perbaiki sistem nya, jangan cuma mau untung saja"
playstore,indosat,2026-05-14 20:51:37,Borges 1927,"seburuk inikah per paketan di indonesia? lemot banget loh ini,udh mahal2 beli tapi lemot"
playstore,indosat,2026-05-14 20:46:50,Wahyu Ramadhani,jaringan nya kendala terus sinyal ful tapi pas main game ngeleg mulu
playstore,indosat,2026-05-14 20:42:02,Tati Jahit,bagus
playstore,indosat,2026-05-14 20:38:12,Momy Erlin,"provider dengan kuota termahal tapi boros.. sering lemot hilang jaringan, provider paling rendah nih SE indonesi !!!"
playstore,indosat,2026-05-14 20:36:52,Rizky Fajar Prasetyo,perbaiki lagi kekuatan sinyalnya
playstore,indosat,2026-05-14 20:35:54,Asep Cool7,terkadang ada pesan dan sudah saya tekan batal tapi malah ke suatu web ini sangat menggangu indosat ajng
playstore,indosat,2026-05-14 20:26:20,Hamka Irawan,sat membutuhkan kami
playstore,indosat,2026-05-14 20:25:06,Syahrul Cahron,mantap
playstore,indosat,2026-05-14 20:18:08,Zawawi Imron,Aplikasi lemot payah
playstore,indosat,2026-05-14 20:16:37,Nu Rul,"masa gue beli pulsa kartu gue tetap kedaluarsa, terus SMS nya pembelian gagal lebih kocaknya uang gue dah di ambil t tapi SIM gue tetap kedaluarsa 😌"
playstore,indosat,2026-05-14 20:08:58,Irna Muzaffar,skrg lola
playstore,indosat,2026-05-14 20:08:55,Selo GZ,aplikasi sangat bagus kak
playstore,indosat,2026-05-14 20:07:33,Embe Embe,bagus banget
playstore,indosat,2026-05-14 20:05:23,hobi music,"makin parah. m3 aku enggak merasa ambil paket darurat tau² masuk paket darurat, pas bayar 2x lipat dari yang di bayar. hutang 7gb bayarnya 12 gb. sangat² merugikan. m3 sangat² buruk. pindah aja ke yg lain."
playstore,indosat,2026-05-14 20:00:52,Wahyu Putra ananda,bagus
playstore,indosat,2026-05-14 19:58:39,Juanda Juan,sangat membantu
playstore,indosat,2026-05-14 19:58:13,Sari Atun,pelayanan oke
playstore,indosat,2026-05-14 19:56:29,Rivanli Alberto T.,"jaringan ampas sekarang ga kaya setahun 2 tahun lalu, di kereta perjalanan jakarta-surabaya ampas, buka apk gagal semua di mode pesawat dan nyalain data baru normal gak lama ngadet lagi, data banyak, harga data makin mahal tapi kualitasnya ampas"
playstore,indosat,2026-05-14 19:56:16,sor 1234,nge lag dikit min sinyal nya disini
playstore,indosat,2026-05-14 19:55:21,Agus Budiarto,pokoknya...ok dah
playstore,indosat,2026-05-14 19:53:52,jul purbaya,kenapa cuma di desa saya sinyal jadi susah betul area desa rawa selapan dusun 2
playstore,indosat,2026-05-14 19:44:48,wal uyo,"aplikasi nya bagus cuman ngak ada pulsa safenya,tolong dong bikinin pulsa safenya masak iya pulsa baru masuk langsung kepotong,,, padahal ngak punya hutang operator tolong plis bikin pulsa safenya trimakasih 🙏🙏"
playstore,indosat,2026-05-14 19:37:00,Muhammad Fikram Al-Hadat,good
playstore,indosat,2026-05-14 19:36:12,ekik jon 03,paketan mahal jaringan sulit
playstore,indosat,2026-05-14 19:33:40,Daffa channel,Kecewa berat....Pulsa darurat tiba tiba turun...padahal bayarnya ga pernah lama....
playstore,indosat,2026-05-14 19:30:45,Reni,kenapa sekarang sinyal IM3 sangat sulit di daerah ku dan setiap kali buat tlpn seluler tidak dapat tersambung?
playstore,indosat,2026-05-14 19:30:13,Ar ia,(tolong saya miskin.saya butuh fredom internet only) jangan beri sesuatu yang tidak saya inginkan.
playstore,indosat,2026-05-14 19:28:45,Dani Efriyanto,"my im3 mantap, klo bisa paketnya lebih murah lagi, di jamin lebih banyak peminat"
playstore,indosat,2026-05-14 19:26:15,rian sulton,kuota mahal+lemot
playstore,indosat,2026-05-14 19:26:03,Eis Novitasari,mantap
playstore,indosat,2026-05-14 19:25:08,AIRUL,sangat nyaman.
playstore,indosat,2026-05-14 19:21:38,Dinzan,"akhir akhir ini jaringan nya jelek banget, main game jadi gak bener, scroll juga jadi terhambat"
playstore,indosat,2026-05-14 19:19:17,aldi khasbi,WOIII SINYALNYA GMNA GA JELAS
playstore,indosat,2026-05-14 19:12:27,IRSYAD Maulana,oke oke oke untuk penguna indosat
playstore,indosat,2026-05-14 19:12:05,Tedy Setiawan,bikin ngemudahin kami trimakasih
playstore,indosat,2026-05-14 19:09:57,Jampang,Sinyal nya sekarang makin susah.. Paketan makin mahall
playstore,indosat,2026-05-14 19:09:51,Udin Dahlan,lama amat buka aplikasi loading nya kelamaan
playstore,indosat,2026-05-14 19:07:45,Vindye Woodpecker,"gunain indosat dari tahun 2016 ,baru ini ngerasa kalo indosat ga guna ,dari siang bengong doang ni jaringan"
playstore,indosat,2026-05-14 19:06:51,Rampy Ariko,"Bentar² minta login, bentar² minta login. My Biru, My Merah, FB, WA cukup 1x login aja tuh, gak perlu bolak-balik login. Team IT nya amatiran semua kah? Akhir² ini ampas banget Indos*at, dapat sms katanya promo, pas dicek jauh kalah murah dibanding ""sebelah"". Andai bisa diblokir pasti sudah ku blokir, spam sms sampah soalnya. Mau ganti no, tapi no ini sudah dipake lama."
playstore,indosat,2026-05-14 19:06:36,Siti Rodiah,"apk scam lagi main panjat kouta malah tiba tiba crash ama metal sendiri , padahal. hp ga panas dan baterai masih full."
playstore,indosat,2026-05-14 19:02:38,Erik Ronaldi,"paket internet tambah mahal, padahal pelanggan lama."
playstore,indosat,2026-05-14 19:00:53,Imha Imha,sangat bagus
playstore,indosat,2026-05-14 19:00:16,Muhammad Nasiruddin,"pulsa sering hilang sendiri, padahal data ga pernah di hidupin.. baru isi pulsa langsung berkurang"
playstore,indosat,2026-05-14 18:58:50,Edward tb,gokil
playstore,indosat,2026-05-14 18:57:11,Lina Machdalena,👍
playstore,indosat,2026-05-14 18:52:03,Adrian,jaringan babi banget bisa gk sih jaringan nya yang bener gw main ml patah patah banget kalo jaringan aja jelek ngapain buat aplikasi ini? sampah
playstore,indosat,2026-05-14 18:51:35,Tofa Jamrong,mantap
playstore,indosat,2026-05-14 18:43:56,Adi Nurdin,"Tambah mahal aja nih provider, kalau masih mahal begini mending balik lagi pake Telkomsel karena harganya sama."
playstore,indosat,2026-05-14 18:42:31,Ipeyk Kipey,di aplikasi m3 .. kalau pulsa kurang dari 10 ribu bener bener mubazir tidak bisa dipake beli internet .. bener bener parah mending axsis ada paket warnet di my M3 pulsa 9 ribu juga tidak bisa d pake bener bener anjim
playstore,indosat,2026-05-14 18:41:32,Ani Setiani,"idiot,lagi main game online malah ngelag padahal paket data 6gb lagi terus bar internetnya full tapi lag banget aneh,buang buang uang buat beli paket datanya"
playstore,indosat,2026-05-14 18:40:07,Riyans,pulsa darurat ga pernah masuk tp ttp suruh bayar udh 2x
playstore,indosat,2026-05-14 18:39:48,Kelinci04 Per,"sinyalnya 0,0kb/d itu gimana deh, beli mahal"" ga bisa dipake, nyesel bgt beli mahal njir"
playstore,indosat,2026-05-14 18:35:08,Septa Bagaskara,top
playstore,indosat,2026-05-14 18:28:20,Firman Jhy,oke
playstore,indosat,2026-05-14 18:25:11,Baderi Supriyanto,Provider busuk. Tidak ada promo kuota
playstore,indosat,2026-05-14 18:24:54,Hanz Styl,teror. tiba tiba suka masuk ke web im3 sendiri. padahal g klik link atau apapun
playstore,indosat,2026-05-14 18:24:47,efaoktavianu halawa,mantap
playstore,indosat,2026-05-14 18:20:10,Ari Supatmi,ok
playstore,indosat,2026-05-14 18:16:11,Herru Saputra,Pelayanan buruk dan masuk kuota nya lama
playstore,indosat,2026-05-14 18:16:01,Geger Vinasti,Kuota banyak tapi tidak bisa di pakai jaringan 4G tapi ga bisa di pakai lemot seperti tidak ada kuota
playstore,indosat,2026-05-14 18:15:28,Sultan Hidayah,perbanyak bonus ny
playstore,indosat,2026-05-14 18:04:07,Delisa Inaralafatunisa,byak promo👍👍
playstore,indosat,2026-05-14 18:02:58,Muhammad Aditia,gak ngotak!!! kuota di kurangi trs dan harga di naikin
playstore,indosat,2026-05-14 17:58:51,Fiqri Ubaidillah,terbalik
playstore,indosat,2026-05-14 17:55:15,Irsanti Santi,puas
playstore,indosat,2026-05-14 17:51:21,Kesuma Cahaya,"min tolong hilangin promo yg nyuruh kita luncurkan launcher katanyaa, sumpah itu ganggu bgt pas main game jdi hilang sinyal nya."
playstore,indosat,2026-05-14 17:47:32,Mi Pyn,"cepat,dan tidak lemot."
playstore,indosat,2026-05-14 17:45:22,heksa siboy,"weee poke, jaringan 5G masih aja lemot, beli paket mahal"" jdi sia"" pokeee, minimal perbaiki jaringan toddd!!!"
playstore,indosat,2026-05-14 17:31:49,mutatoh hiriin,good
playstore,indosat,2026-05-14 17:22:19,Dewi Sartika,sangat Bagus
playstore,indosat,2026-05-14 17:21:40,zainal alimi,Mantap
playstore,indosat,2026-05-14 17:20:59,Bos Muda,mantep
playstore,indosat,2026-05-14 17:08:47,Firmansyah 12,utk TLP signal kurang jelas dan suara putus putus
playstore,indosat,2026-05-14 17:07:36,Sayid Muhammad,"Indosat makin ke sini sinyal tidak stabil, harga kuota mahal. Buat apa Kuota Mahal tapi jaringan tidak stabil. tolong upgrade jaringan agar di setiap daerah stabil, dan tidak Lemot. Terim Kasih"
playstore,indosat,2026-05-14 17:07:20,Erik Purjiawan,natang
playstore,indosat,2026-05-14 17:06:04,Alekk 8,hapus aja GK guna iklannya banyak amat
playstore,indosat,2026-05-14 17:01:12,Anto Wijaya,bagus
playstore,indosat,2026-05-14 16:38:25,Emot Batu #?,"sambungan internet kurang, suka hilang²an"
playstore,indosat,2026-05-14 16:35:52,Bunbun New,"Beli kartu perdana online, nomor recycle tapi bilang tidak. setelah pakai kartunya, tiba tiba ada nomor baru lain yang terverifikasi di akun google selain yang dibeli. beresiko diretas. layanan juga tidak membantu. jaringan makin tidak stabil,"
playstore,indosat,2026-05-14 16:34:43,Youdy Manis,sinyal semakinnn burukkkkkkkk
playstore,indosat,2026-05-14 16:32:58,Bunda Nadhifa,"yg mau pakai platinum mikir2 lagi deh,sinyalnya jelek,udah gitu paketan mahal.. apalagi pas di pake buka aplikasi toktok,putus2.."
playstore,indosat,2026-05-14 16:28:27,Devia Almahyra,bagus
playstore,indosat,2026-05-14 16:17:01,Hasmira Darwis,bagus
playstore,indosat,2026-05-14 16:14:29,Yuda Fikri,saya lebih sering menggunakan wifi karna itu saat bepergian sering menggunakan kuota darurat tetapi saat mau membayar hutangnya ternyata kuota yang di bayar melebihi kuota yang di terima sebelumnya dan pada saat peminjaman kuota darurat tidak di berikan rincian soal bunga yang harus di bayar
playstore,indosat,2026-05-14 15:53:55,Miqo Rizki,lag mulu
playstore,indosat,2026-05-14 15:53:08,Fatur Rahman,jaringan jelek
playstore,indosat,2026-05-14 15:49:05,Gibran Maulana,Layanan lancar
playstore,indosat,2026-05-14 15:43:52,YG acoustic,tai provider
playstore,indosat,2026-05-14 15:42:06,Sandi Saputra,mantap 🫪
playstore,indosat,2026-05-14 15:34:03,azid dua,jaringan gak gak stabil aneh banget udah mah paketan mahal jaringan kek pler turun naek lemot kek siput males banget pake indosat
playstore,indosat,2026-05-14 15:29:20,NEDN GM OFFICIAL,lu kalo ngelag kira² anjir bisa²nya sinyal full kok jaringanya ngelag aneh betul
playstore,indosat,2026-05-14 15:27:34,Muhammad Galih,"Lagi nge game tiba tiba ke web sndiri , gajelas , ga rekomen mahal pula , sangat jelek urusin itu yang ke web gblok"
playstore,indosat,2026-05-14 15:21:09,Niken Angelina,lemot!
playstore,indosat,2026-05-14 15:20:11,Zoolal Bio HAHAHAHHAHA,signal KONTOLLLLLLLLLLLLLLLL
playstore,indosat,2026-05-14 15:11:08,Sriii Rhyu,"jelek banget signalnya, jangan mau pakai Indosat udah skrng kuota pada mahal eh jaringan nyh lambat parah cuman ngehambur hamburin kuota doang"
playstore,indosat,2026-05-14 15:01:23,Firna Desiana,luar biasa
playstore,indosat,2026-05-14 14:58:02,Toto Sunarto,puas
playstore,indosat,2026-05-14 14:54:07,Husensevny Sevny,mudah hemat
playstore,indosat,2026-05-14 14:26:37,Taufiq firmansya,aplikasinya jelek lalot
playstore,indosat,2026-05-14 14:05:52,Fajar Kasih,setiap beli pulsa gak pernah dapet point sekarang oi
playstore,indosat,2026-05-14 14:04:43,Ratna Kartika,"lemot, sering dpt sms aneh yg otomatis potong pulsa"
playstore,indosat,2026-05-14 13:49:04,Daeng Fajar,bgus
playstore,indosat,2026-05-14 13:16:45,Juni Anisa Rosmayanti,ok lah
playstore,indosat,2026-05-14 13:13:27,Aby Rega,bagus
playstore,indosat,2026-05-14 13:00:49,Nita Frea,sangat bagusss
playstore,indosat,2026-05-14 12:56:46,Chai Asem,🥰
playstore,indosat,2026-05-14 12:44:59,Tegar Dewantara,"hati hati dengan sales im3, mereka menawarkan produk internet dengan contoh jangka 1 tahun seharga 800.000. Tolong tanyakan detail tentang penawaran dari sales tsb. Karena saya merasa terjebak dengan penawaran kuota tsb, karena itu merupakan strategi mereka untuk merubah nomor prabayar menjadi pascabayar"
playstore,indosat,2026-05-14 12:42:08,Bagas Saepull,"provider dungu, lemot provider ngga niat, mahalnya aja"
playstore,indosat,2026-05-14 12:35:43,Willo Willo,sangat puas dgan mengunakan myIM3
playstore,indosat,2026-05-14 12:32:57,Naruse Jun,TOLONG NOTIF PROMO YANG NONGOL DILAYAR DEPAN HAPUS!!! GANGGU BANGET TIBA TIBA KE BROWSER.. DARI NOTIF SMS SAMPE APLIKASI SMS DAN APLIKASI INI UDAH GW MATIIN TETEP AJA MASIH NONGOL.. GANGGUNYA LEBIH GANGGU BANGET DARIPADA TIBA TIBA ILANG JARINGAN
playstore,indosat,2026-05-14 12:31:45,danu unad,"sinyal di siang hari kadang erorr, kayak gak punya paket padahal paket masih ada. saya sudah beralih ke kartu lain. dengan harga kuota yang lebih murah dan tentunya jaringan stabil nggak kayak indosat ini yang suka gangguan."
playstore,indosat,2026-05-14 12:29:09,Yadi,"paket google Gemini 40 GB 28 hari, lemot banget...😤😤😤"
playstore,indosat,2026-05-14 12:28:58,Yuki Yudistira,sempurna
playstore,indosat,2026-05-14 12:19:06,sapi ompong,"sinyal jelek,paket boros pulsa sering hilang trus"
playstore,indosat,2026-05-14 12:15:39,Yanti Aja,baik
playstore,indosat,2026-05-14 12:09:42,Rido Antoni,"jaringan nya suka ngadet/macet sekarang, dan mahal mahal"
playstore,indosat,2026-05-14 12:07:38,Alpa 11,mantap
playstore,indosat,2026-05-14 12:06:42,Vicjel Tinau,jaringan jelek SMS nya muncul trus dari bawah ganggu amat kalau mau game jaringan lemot suka ngelag pas main game
playstore,indosat,2026-05-14 11:59:12,IBENX,"lumayan,emang rada2 sinyal im3 biasanya..."
playstore,indosat,2026-05-14 11:45:42,Adi Nugraha,good
playstore,indosat,2026-05-14 11:44:01,Cashadi Puryono,"sumpah ni aplikasi sampah banget, aplikasi buat beli kuota doang kerasa kek shopee, berat bgt, najis mending pake telkomsel aja"
playstore,indosat,2026-05-14 11:37:29,ARA ARA,"myIM3 kocak masaa iya kuota masih 2,8gb gk bisa digunain buat apa'!?"
playstore,indosat,2026-05-14 11:23:35,Galang,👍
playstore,indosat,2026-05-14 11:18:48,Predator Official,"Nyesel gua pake kartu ini😡Sinyal lemot, harga makin mahal😏"
playstore,indosat,2026-05-14 11:17:21,Gufron Lalelo22,M3 gendengg paket ngeleg to.lol
playstore,indosat,2026-05-14 11:10:05,Arjuna Sastra,jaringan internet nya jelek banget M3 sangat menjengkelkan
playstore,indosat,2026-05-14 11:06:44,M Haryanto,"sangat bagus dan mempermudahkan, cuma sayangnya paket nya terlalu mahal"
playstore,indosat,2026-05-14 10:37:31,Real permana official,"ini indosat gimanasih ada pls 150 d belilan satgas hot promo 150 g bs ktanya saldo tdk ckp dalam masa tenggang,pdl masa aktive masih tahun depan mksdnya apa coba"
playstore,indosat,2026-05-14 10:27:56,Iki Kibom,😊
playstore,indosat,2026-05-14 10:20:56,Fariz Farizi,bagi kuota dong🥺
playstore,indosat,2026-05-14 10:19:38,Fauzan Azmi,"sinyal parah, lag parah, jelek"
playstore,indosat,2026-05-14 10:19:29,Irgi Jotos,"udah lemot, kuota mahal nya gk ngotak...kalo ada yang lebih murah tapi kualitas signal nya sama kek Indosat gw pindah sumpah.."
playstore,indosat,2026-05-14 10:15:59,Ival Sondakh,sangat cepat dalam pengisian pulsa
playstore,indosat,2026-05-14 10:02:38,Okta Pramantio,mantap
playstore,indosat,2026-05-14 09:53:33,Bustanil Arifin,Ok
playstore,indosat,2026-05-14 09:46:37,Aldi Aldi,bagus banget saya suka kartu IM3 Indosat
playstore,indosat,2026-05-14 09:39:03,Mr Johan,sinyalnya makin parah
playstore,indosat,2026-05-14 09:38:42,Charli M,bagus cm g ada bonus kuotanya skarang... harganya turunin lg donk..
playstore,indosat,2026-05-14 09:22:21,Akbar Dwi maulana,mantap
playstore,indosat,2026-05-14 09:12:36,DEWI Cahyasari,Sinyal kuat dan jaringan sangat baik dan fleksibel
playstore,indosat,2026-05-14 09:01:51,Sitii Hawaa,baik
playstore,indosat,2026-05-14 09:00:11,Lucky Koed,jaringan tida bagus
playstore,indosat,2026-05-14 08:49:46,Hary Sanjaya Email Umum,SINYAL FULL 4G TAPI GA ADA KONEKTIVITAS. GIMANA INI? SELALU TERJADI KETIKA WEEKEND DAN HARI RAYA
playstore,indosat,2026-05-14 08:46:04,Js Store123,internet nggak stabil
playstore,indosat,2026-05-14 08:41:45,Helmi Nur akhfas,"harga sama dari 20gb sekarang makin turun jadi 13gb , haduh mahal sekarang"
playstore,indosat,2026-05-14 08:36:05,Dian Sabono,aku sangat senang memakai kartu ini
playstore,indosat,2026-05-14 08:05:54,Akbar Maulana,harga semakin hari makin mahal
playstore,indosat,2026-05-14 08:05:04,Ardhiyana,"Dri thn 2005 sampai saat ini,knpa tidak ada perbaikan Qualitas jaringan bos,apalgi di musim hujan. Dulu setiap mendung/hujan indosat buruk,eh udah thn 2025 jga sma buruk y,dimna t3knologi y ini.. indosat semakin gila beli kuota 70gb/28h..seminggu sudah habis..jangan2 di korupsi"
playstore,indosat,2026-05-14 07:51:44,Lina Abizar,sangat mudah untuk digunakan
playstore,indosat,2026-05-14 07:49:41,Suyanto,"tolong perbaiki sistemnya, pulsa sering berkurang padahal ga dipakai."
playstore,indosat,2026-05-14 07:45:58,Abdul Azis,puas
playstore,indosat,2026-05-14 07:40:50,Ni kadek Devi ayu patmi,apilalkasi yg bagus 👍👍👍👍
playstore,indosat,2026-05-14 07:29:20,Alvin Stevanus,bagus cepat
playstore,indosat,2026-05-14 07:15:56,asfan cay,nice
playstore,indosat,2026-05-14 07:08:11,naufal razin,bagus
playstore,indosat,2026-05-14 07:03:07,RATU REINKARNASI,pemaksaan masa paket saya masih ada 20+gb tiba-tiba ada notif pengambilan paket darurat telah berhasil
playstore,indosat,2026-05-14 06:54:12,Achmad Bukhori,mantap
playstore,indosat,2026-05-14 05:58:33,Fatimah Azahra,mahal²
playstore,indosat,2026-05-14 05:24:14,Aidil,sangat membantu
playstore,indosat,2026-05-14 05:20:52,AlfianAriefwildan Wildan,woy min kemarin udah ngisi paket data ko engga ada tulisan Tanggal Terakhir Kartu Min Biasa Waktu Ngisi pulsa Selalu Bertambah ini kaga
playstore,indosat,2026-05-14 05:15:44,Retno Dwi,"selalu ngelag setiap masanya mau habis,kurang bagus"
playstore,indosat,2026-05-14 04:40:35,Xmen Mex,indosat ajing sinyal jlek mlu
playstore,indosat,2026-05-14 03:21:19,Tomi Ruhay,mantap
playstore,indosat,2026-05-14 03:01:30,Johan Welly Hutahaean,"saya ojol, mohon bantuan promo🙏🙏"
playstore,indosat,2026-05-14 02:16:13,Je Kancil,"yag bener woiii indosat.,beli paketan freedom internet bulanan berhasil kok saldo pulsa masih terkuras.....pd hal ada keterangan internet aman dengan save pulsa......makin ngaco aja nie....terus buat apa beli paketan freedom internet kalo masih nguras saldo pulsa......anda telah merugikan konsumen......."
playstore,indosat,2026-05-14 02:05:59,Ade Uum permana,mantap
playstore,indosat,2026-05-14 01:36:25,Sincan 05,ok
playstore,indosat,2026-05-14 00:29:02,Elija Aulia Riski Dalimunthe,"bobrok bgt! saya beli pake, pembayaran pake VA BRI, dr BRI dinyatakan berhasil dr IM3 dinyatakan gagal. dana saya blm dibalikin , saat saya hubungi kontak aduan IM3 di WhatsApp, malah dikatakan nomor wa anda tidak pakai IM3. kartu IM3 saya, saya pakai hanya untuk paket internet, bukan wa, kalau ga ada wa saya, terus saya mengadu kemana? tolonglah IM3 yg jelas dikit pengaduannya gmn. dana saya hangus 150k lho!!!"
playstore,indosat,2026-05-14 00:18:36,Aldi Septian,apaansi ngelag banget sinyal hilang-hilangan paketan mahal
playstore,indosat,2026-05-13 23:58:55,Selvi Anggraini,internet sering lemot padahal sinyal full hp juga suport 5g gjl ni lama lama
playstore,indosat,2026-05-13 23:45:17,Wahyu Email,"bisa gak hapus benefit extra goggle gemini, paket data di aplikasi im3 semakin oferprice gara gara semenjak ada benefit extra goggle gemini paket data tidak sampai 1 bulan cuma 28 hari 🙄 kembalikan awal aja paket nya tanpa extra google gemini, seperti dulu harga paket di aplikasi bersahabat, bukan oferpice."
playstore,indosat,2026-05-13 23:26:53,kuncung Cung123,"kenapa kalo setiap malem sinyal Indosat itu lemot banget sihhh Tolong dong daerah kebon jeruk jakbar, itu sinyal nya di perbaiki lagi hujan atau malem hari pasti lemot sekali sinyal nya , udah skrng juga kouta nya mahal"
playstore,indosat,2026-05-13 23:17:34,Erin Triandari,"kuota data hilang sendiri,hati hati"
playstore,indosat,2026-05-13 23:13:54,Roufur Rosyid,tolong kasih poin untuk tukar kuota
playstore,indosat,2026-05-13 23:02:57,Ridwan Dolay,Alhamdulilah sangat membantu aplikasi ini untik saya
playstore,indosat,2026-05-13 22:56:10,hadi juni,"sinyal nya makin lama makin parah, kadang dan data makin lemot mau jam brp pun sama aja"
playstore,indosat,2026-05-13 22:15:30,Rizky Adi,"sinyal yang biasa full skarang hanya 1 bar itupun sudah berbulan bulan ,tempatnya di lampung tubaba pulung kencana ,ntah apa penyebabnya semoga bisa di pahami dan diperbaiki karna jaringan untuk masyarakat sekitar juga terhambat sangat terganggu."
playstore,indosat,2026-05-13 22:13:40,Tomi Harto,"bnyak bgt msalah, lemot, isi kuota gagal saldo tetep berkurang, kuota gk ada, mau tanya customerservise, robot mulu yg jawab nya gk ada solusi, kalo bukan karena nomor nya udah pake lama, udah ganti sih"
playstore,indosat,2026-05-13 22:13:05,Rian Gaming,"3x bayar transaksi, ga masuk-masuk datanya, tapi duit mah ngurang, ilang 300 malem"" kocak"
playstore,indosat,2026-05-13 22:11:28,Hendra Teguh,"beli paket mau TF gagal,gak taunya saldo rekening saya berkurang tapi paket data gagal dikirim.tolong dibenahi agar tidak mengecewakan.mana pcc penting lagi, bisa-bisanya gagal trus saldo ikut berkurang"
playstore,indosat,2026-05-13 22:05:55,Pratama Azka,Enga tau kenpa signal. jadi lemottt kadang hilang.. beli kuota ratusan giga signal hilang mulu kaya di dalam hutan tolong donk perbaiki jaringan nya. klo masih lemot aku ganti sekalin
playstore,indosat,2026-05-13 22:03:32,Maula Ahmad,"customer service terlalu slow respon, padahal mau laporan tapi lama dibales"
playstore,indosat,2026-05-13 21:58:57,Ema Nova,ini indebes
playstore,indosat,2026-05-13 21:58:23,Bocil Pulen,"hampir 20 tahun saya pakai M3 baru ini pakai kuota darurat. parah pake kuota darurat 7 GB dan 1 GB masa dipotong nya 21 GB, bukan main potongan kuotanya. kecewa si kita pemakai no lama"
playstore,indosat,2026-05-13 21:54:40,Mariani Mawar,sinyal bagus ngga pernah lelet
playstore,indosat,2026-05-13 21:53:05,muhammad ichsan ihsan,kenapa lelet kali sinyal kalian woy.lebih bagus sinyal punya sebelah...😠😤
playstore,indosat,2026-05-13 21:51:30,Deliapitriani adel,"woy benerin lah sinyal nya jelek banget, masa dah beli mahal² sinyal nya jelek ga worit banget, udah beli data 20 GB tapi koneksi nya jelek banget, tolong woy di perbaiki sinyal nya"
playstore,indosat,2026-05-13 21:51:01,purna ramadhan,bonusnya
playstore,indosat,2026-05-13 21:49:38,Anton Kaw,ok
playstore,indosat,2026-05-13 21:48:23,Supratmin 02,good
playstore,indosat,2026-05-13 21:28:48,Kang Fauzi,"sudah jadi langganan sejak 2007 harga mahal gak konsisten, yang 30hr jadi 28hr."
playstore,indosat,2026-05-13 21:19:19,Rizki toger,sangat cocok
playstore,indosat,2026-05-13 21:12:25,Zaza Bila,Mempermudah Dan Efisien
playstore,indosat,2026-05-13 21:11:14,Abdul Wahab Rajabi,Sinyal putus2 paketan mahal
playstore,indosat,2026-05-13 21:05:02,laianss uwuwu,"sinyalnya jelek, saran mending merah walaupun lebih mahal tpi ga beda jauh, ketimbang ini udah ngelag ada iklan waktu ngegame, aku lgi war malah muncul ni iklan, udah di pencet batal malah buka web kek maksa ck😂😂, sinyal lemot padahal perasaan dlu ga jelek amat sekarang malah gini jaringannya wkwk"
playstore,indosat,2026-05-13 21:04:33,Narwa Yanti,baru caba jga
playstore,indosat,2026-05-13 21:04:13,Dimas Prasetyo,bnyak spam SMS bala ganggu
playstore,indosat,2026-05-13 21:00:41,Muhammadzakifikri,kalo di tambah promo tiap minggu baguss
playstore,indosat,2026-05-13 20:51:00,Amanda Putri,"ngisi pulsa kota 30 gb 5 hari, pembayaran pakai Qris masa 1 kode bisa 2 x transaksi, saldo udah kepotong 2 x tapi kuota tidak masuk dan tidak Da notifikasi apa apa dari Indosat"
playstore,indosat,2026-05-13 20:47:10,Anah Anah,banyak jebakan...sinyalnya skrng jelek..pilihan paket juga tidak menarik...
playstore,indosat,2026-05-13 20:45:14,rahmat saparudin,good
playstore,indosat,2026-05-13 20:41:04,intan galbiana,"gajelas sinyalnya , mau di dlm ruangan or luar ttp aj jelek lelet , harga doang maen tp kecepatan sinyalnya bintang 0"
playstore,indosat,2026-05-13 20:39:01,Tempat Terendah,gue beli pulsa 12500 kenapa yg masuk cuma 10k?!
playstore,indosat,2026-05-13 20:32:10,Aliyatur Raafiah,Indosat kenapa saya ada kuota darurat 3hari padahal saya tidak daftarkan kuota SOS ini karna saya punya kuota utama baru beli .seminggu yg lalu dan nantinya saya kalau beli kuota lagi akan kena potong . kan aneh saya tidak daftarkan kuota SOS
playstore,indosat,2026-05-13 20:27:15,Nawawi Ba,sangat lancar kota nya
playstore,indosat,2026-05-13 20:26:21,Karo Kapitaloka,aplikasi dan signal super buruk
playstore,indosat,2026-05-13 20:16:01,Reno Alfredo,Bagus & Mudah
playstore,indosat,2026-05-13 20:14:02,Aditya Agus,"udah mahal, tidak pernah ada promo murah, internetnya juga lemot"
playstore,indosat,2026-05-13 20:13:27,Andika Dwi Listiyanto,"signyal makin hari makin buruk,,, gimana sih ini,, ngaa di tangani malah di biarin,, merugikan customr"
playstore,indosat,2026-05-13 20:08:56,Ahmad Hanif Asshidik,"iklan promo anda sangat menggangu saya,bisakah anda perbaiki hal tersebut, seperti bukan hanya saya yang terganggu notif tersebut, tapi seluruh pengguna kartu Indosat juga merasakkannya"
playstore,indosat,2026-05-13 20:05:18,Nur Rochim,"kenapa harus daftar ulang? sebelumnya udah masuk, bikin repot, susah lagi daftarnya"
playstore,indosat,2026-05-13 20:03:46,Maz Brayy,praktis
playstore,indosat,2026-05-13 20:02:29,Triprasetyo Hadi,sangat nyaman pakai paketan Indosat
playstore,indosat,2026-05-13 19:58:26,Erlina Wulandari,😍
playstore,indosat,2026-05-13 19:57:21,Alfian qiboy_,"buat tampilan dark mode dong, agar widgetnya jadi warna gelap"
playstore,indosat,2026-05-13 19:56:39,bojes sejob,"sinyalmu di Denpasar selatan kak, jngn cuan trs dong fasilitasnya di pikir jg apa ini buffering2 Mulu 4 harian"
playstore,indosat,2026-05-13 19:54:14,Wahyudi Waluyo,"im3 yth: kenapa sinyal anda jelek sekali. padahal saya di jakarta loh. sinyal nya ampun dah, ,jelek sekali."
playstore,indosat,2026-05-13 19:48:43,koko wahyuwinoto,"aplikasi ribet, buat susah pengguna"
playstore,indosat,2026-05-13 19:31:10,RADICAL INPALA PUTRA,sangat puas
playstore,indosat,2026-05-13 19:26:13,ricky hermawan,ok baik
playstore,indosat,2026-05-13 19:24:58,YT read,jaringan super lemot.. tambah dong bts bts nya...
playstore,indosat,2026-05-13 19:24:47,Sunandar Ndar,bagus
playstore,indosat,2026-05-13 19:20:26,Caca Wiguna,bagusin sinyal lu orang pada ngeluh kalo bagus ga gue kasih bintang satu paket mahal ta sesuai dengan harga bagusin ngapa biyar enak kalo bagus GE kasih bintang 🌟🌟🌟🌟🌟
playstore,indosat,2026-05-13 19:16:31,Zainul Muhaimin,enak banget
playstore,indosat,2026-05-13 19:16:24,Saiful Ajir,"kuota besar, tapi jangka waktunya cuma 2 atau 3 hari"
playstore,indosat,2026-05-13 19:15:23,Mas Tejo,Dari semua merek kartu indosat Jaringan terburuk
playstore,indosat,2026-05-13 19:07:40,Heru Prianto,KUALITAS DOWNLOAD PARAH !!!
playstore,indosat,2026-05-13 19:06:04,Muezza,sinyal lumayan kuat
playstore,indosat,2026-05-13 19:01:16,Watiar Tiar,mantapppp
playstore,indosat,2026-05-13 18:59:27,Allber Wondha,sangat memuaskan
playstore,indosat,2026-05-13 18:54:07,Rizal Rizal,baik
playstore,indosat,2026-05-13 18:49:20,Kuma Bear,"untuk perolehan impoin selalu aneh, udah isi pulsa dan paketan tetap gk ada impoin sama sekali. tolong benerin lah, udh dari tahun lalu selalu ini masalahnya kagak benar benar, ntr kalo masuk udh dekat tenggat hangus. mana belum ada perbaikan"
playstore,indosat,2026-05-13 18:42:24,Alam Setiawan,sangat baik
playstore,indosat,2026-05-13 18:40:30,Randi Refaldi,perbanyak promo
playstore,indosat,2026-05-13 18:33:38,Aep Ajj,sering eror
playstore,indosat,2026-05-13 18:32:28,Albar Januar,sangat mudah dan cepat
playstore,indosat,2026-05-13 18:20:54,Gazoloid Channel edisi gabut,"saya sebagai pengguna aktif di IM3 ini merasa sangat kecewa, bisa kasih opsi paket internet tanpa gemini ai atau hal hal ai lainnya? dan bicara soal harga tolong dibuat gak terlalu mahal diatas 60.000 buat paket bulanannya terutama di antara 11 hingga 20 gb. jangan jawab pakai sistem, i know you. again, jawab tanpa sistem. sekali lagi jawab tanpa sistem alias langsung. jangan jawab pakai jawaban tamplate."
playstore,indosat,2026-05-13 18:10:15,Jumardin,"bagus,,,, semoga kedepan Ada promo lebih murah"
playstore,indosat,2026-05-13 18:08:39,Lilis Fidayanti,kenapa naik trus sih harga paket y🥴
playstore,indosat,2026-05-13 17:57:33,yogiz yogi,apa apaan nomor saya di jual lagi di kartu baru?
playstore,indosat,2026-05-13 17:57:14,Rifky ripcull Ripcul,jaringan babi
playstore,indosat,2026-05-13 17:42:46,Cefi Hidayat,perbaikan soal jaringan atau sesuai kan harga dengan kualitas aja
playstore,indosat,2026-05-13 17:42:12,Abdul Khobir,sangat bagus
playstore,indosat,2026-05-13 17:33:12,SEVEN,👍baik dan lancar
playstore,indosat,2026-05-13 17:33:00,Suliya Wati,netral
playstore,indosat,2026-05-13 17:28:33,Teddy Ginanjar,proses top up cepat
playstore,indosat,2026-05-13 17:26:13,Fakih Bonang,mantapp
playstore,indosat,2026-05-13 17:15:29,din,bgus fiturnya ya penambahan aja terkadang suka lag apknya
playstore,indosat,2026-05-13 16:58:12,SYARMA OFFICIAL,mantep
playstore,indosat,2026-05-13 16:49:24,Munir Munir,sinyal busuk
playstore,indosat,2026-05-13 16:36:27,Alice System Informasi,"maaf saya berhenti jadi pelanggan IM3 ooredo karena paket internet sangat mahal kemaren 18 50ribu eh sekarang jadi 13 50 ribu udah keterlaluan mahalll,, gak berkualitas banget paket internet nya banyak yang gak perlu di cantumin di paket ,, kamu itu cuma perlu quota utama ,, GK perlu paket telepon,google Gemini dll.. saya muak sama pihak ooredo udah kaya penjajahh"
playstore,indosat,2026-05-13 16:34:04,Rizkia Nuari,"Di daerah bandung spesifiknya di cibiru, jaringan sering lemot atau lag dikarenakan membeli paket yang include gemini plus, tolong lebih dioptimalkan lagi."
playstore,indosat,2026-05-13 16:24:42,Eve kuru,"Apa ini kok makin lama jadi makin mahal ajh , kapitalis bgt Luh kuota sebulan di kasih 28 hari Luh pikir 12 bulan ini isi nya bulan Febuari semua sat..."
playstore,indosat,2026-05-13 16:24:10,muhamad ramdan,kenapa yah jaringannya jadi jelek banget padahal kemarin lancar lancar aja tapi udh 2 minggu jaringan di daerah saya jelek banget sering naik turun. jadi tolong perbaiki jaringannya
playstore,indosat,2026-05-13 16:10:05,Ali Munar,"jujur ya im3 makin mahal isinya sedikit, yang wort it to buy cuma 150gb-150ribu & 250GB-250ribu dan jujur saya gak beli itu paket dikarenakan saya pernah coba beli yang 150 sisanya masih banyak kali gak terpakai jadi mubazir, yang kita ketahui setiap sisa paket pasti akan hangus jika aktifin paket baru, padahal paket dari harga 30rb /30gb ~ 50GB&40GB harga 50ribu, sampai 100GB & 80gb harga 100ribu itu paket sangat membantu dan isinya mencukupi & tidak mubazir, tpi sekarang makin MAHAL isi KURANG"
playstore,indosat,2026-05-13 16:09:13,RIFKI 01 GAMING,saya sungguh sangat menyayangkan dengan adanya fitur pintasan dilayar utama
playstore,indosat,2026-05-13 15:59:20,Deni Hidayat,"SARAN AJA BUAT PENGGUNA IM3 KALO BELI PAKET JGN PAKE MY IM3, SAYA PENGGUNA LAMA IM3 NAMUN SEKARANG DI BUAT KECEWA PEMBELIAN PAKET GAGAL, NAMUN SALDO TERPOTONG DAN TIDAK LANGSUNG DI REFUND,"
playstore,indosat,2026-05-13 15:58:03,Nur Zharifah Ramadhani,"Mohon harga kuota lebih murah sediakan untuk kalangan yang tidak membutuhkan Satspam dan Google Gemini. Saya sebagai konsumen tidak menginginkan fitur itu, yang diinginkan adalah harga lebih murah. Saya tidak minta untuk menghapus fitur itu krn sdar bahwa ada sekelompok org yg butuh & tdk. Tolong suara ini dijadikan pertimbangan agar konsumen tdk kabur berlangganan kartu lain yg lebih murah. Saya penggemar Im3 bertahun-tahun, setiap masukan konsumen berarti, sprt ibu rumah tangga tdk membutukan"
playstore,indosat,2026-05-13 15:47:06,Faizzzxx X,mantab
playstore,indosat,2026-05-13 15:15:09,Renaldy Akbr,paket mahal
playstore,indosat,2026-05-13 15:01:04,Ridho Dp,bukannya kuota makin mahal makin bagus malah makin anjur
playstore,indosat,2026-05-13 14:55:49,VnMDrK17,"rusak aplikasinya, tiap mau login, layar putih, tiap scroll layar putih, aneh"
playstore,indosat,2026-05-13 14:53:12,Ahmad Zunaidi,mantaabb
playstore,indosat,2026-05-13 14:50:20,Aldi hzd,"Jelek jangan dibeli nanti nyesel, sinyal jelek hrg tambah mahal"
playstore,indosat,2026-05-13 14:42:17,Ucill,"gimana sih lu tiba"" muncul notif,, di pencet no malah masuk di web,, dan kadang tiba"" malah langsung masuk web nyaa,, maksa bangett notif lu, gue pas main serius jadinya terganggu banget dahh Ama notif lu maksa banget nyuruh buka web nyaa"
playstore,indosat,2026-05-13 14:32:18,Riyan Hidayat Tanjung,"beli paket 75gb 55rb status paket gagal,tapi gaada pengembalian dana"
playstore,indosat,2026-05-13 13:43:31,THE MINING,"masa ngisi pulsa darurat 10k pulsa nya gak masuk masuk kirain bug pas coba beli pulsa beneran kepotong dan coba lagi pulsa darurat eh gak masuk lagi tapi tagihan tetep ada, jengkelin bangett sumpah"
playstore,indosat,2026-05-13 13:41:21,M MAULANA (maul),mahal mahal beli yang platinum tapi malah di telepon in Mulu males bet
playstore,indosat,2026-05-13 13:37:21,Danish 'Atha Anas,"jaringan pler, padahal jaringan full tp nge lag, buat nge game nge lag buat sosmed ngelag, nyesel beli ni kartu ampasss!!!!!"
playstore,indosat,2026-05-13 13:13:48,Rasiman Sampur,tolong sinyalnya di perbaiki aduh.. baru beli paketan dah begini
playstore,indosat,2026-05-13 13:07:48,Maulana tech,aplikasi yang sangat membantu sekali
playstore,indosat,2026-05-13 12:47:21,carel faesya,jaringan nya butut
playstore,indosat,2026-05-13 12:44:00,Wahyu Hidayat,"m3 sekarang sinyal sangat buruk, tolong diperbaiki"
playstore,indosat,2026-05-13 12:39:57,Bis Milah,siip
playstore,indosat,2026-05-13 12:36:36,Erwin Kurniawan,"buat pengguna baru,mikir 2x kalau mau pakai m3..saya terganggu aktifitas sy yg menggunakan internet,,jaringan internet selalu gangguan dan parah,sy sudah laporan mana ada perbaikan,"
playstore,indosat,2026-05-13 12:31:11,Adzkia Shaqueena,bagus mahal
playstore,indosat,2026-05-13 12:24:04,Rofik Udin,baik
playstore,indosat,2026-05-13 12:07:14,vio firmandhani29,baik
playstore,indosat,2026-05-13 11:49:17,Lukman Nurhakim,"gimana ini, sinyal selalu gangguan, tiap hari ada aja down nya🤦🏻‍♂️"
playstore,indosat,2026-05-13 11:43:05,R_Maxmuscle,ampun w mah sama sinyal IM3.. ngadat terus ky motor mau mogok
playstore,indosat,2026-05-13 11:38:09,Ariasa Ari,goodjob
playstore,indosat,2026-05-13 11:37:03,I Ika Jipakzxx,saya senang
playstore,indosat,2026-05-13 11:36:40,Rangga Perdamaian,indosat koplak kuata aku GK di pake hbs sendiri parah males. maen Indosat lagi
playstore,indosat,2026-05-13 11:31:11,Faris Sujanma,"Beli paket freedom internet 25gb 60rb lewat aplikasi myIM3 hilang, sudah bayar paket masuk 25gb,tapi esoknya jadi 9gb. HATI HATI untuk pemakai indosat, biar tidak tertipu. Indosat sangat tidak rekomen."
playstore,indosat,2026-05-13 11:19:24,Herman Suherman,sunguh puas
playstore,indosat,2026-05-13 10:38:08,Fer Y,keren
playstore,indosat,2026-05-13 10:34:24,Iwan Andesta,m3 lama lama makin brengsek biasa saya bli 60ribu 25 gb skrng berubah 18 gb mudahan cepat bangkrut dan pelanggan pada pindah kartu lain
playstore,indosat,2026-05-13 10:32:41,Romanus Sanduritan,Semoga jadi yang terbaik
playstore,indosat,2026-05-13 10:25:44,Amalia Sampe,mantap
playstore,indosat,2026-05-13 10:23:23,Bintang Alor,"jaringan internet kurang bagus, untuk wilayah Papua, Indosat jaringan paling susah"
playstore,indosat,2026-05-13 10:20:37,Tameka Dickerson,sinyal ngeleg bae gimana si
playstore,indosat,2026-05-13 10:16:49,Vale KilleR MLBB,"Harga paket semakin hari semakin naik tapi jaringan nggak bisa dinikmati,hadehh"
playstore,indosat,2026-05-13 10:15:05,Efendi Ktc,"mantap bangat kalo bisa peporma internet lebih kencang lagi,masih ada gangguan dikit sering lhilang jaringan internetnya"
playstore,indosat,2026-05-13 10:11:37,Maynah Perfume,keren
playstore,indosat,2026-05-13 10:07:50,danis maulanas,"sangat tidak memuaskan, sering mengalami hilang jaringan dan gangguan, sangat kecewa"
playstore,indosat,2026-05-13 09:51:12,Bean Bean,"jaringan sering terputus dan lelet, merugikan costumer nya"
playstore,indosat,2026-05-13 09:43:15,Syafar gg,Jaringan apa ini buat whatsapp aja ngejam padahal 4g full dan kouta utama masih 5 gb nyesel beli indosat
playstore,indosat,2026-05-13 09:43:05,Muhammad Algifary,bagus sekali cuma gak 30 hari
playstore,indosat,2026-05-13 09:40:45,Gelang Tak,apky bagss bisa beli pake
playstore,indosat,2026-05-13 09:40:00,Imaji Nasi,ok
playstore,indosat,2026-05-13 09:39:16,SYAMSUL BAHRI,"IM3 YTH TERHORMAT... UTK FITUR DLM APKNYA CUKUP BAGUS, HANYA SAJA KETIKA SAYA UPDATE UTK FITUR TAMPILAN PAKET HARIAN, BULANANNYA SANGAT LELET UTK DILIHAT. ENTAH KARENA KARINGANKAH, ATAU APALAH... TOLONG DIPERBAIKI BUGNYA 🙏 YG LAIN SDH OKE 👌 TERIMAKASIH"
playstore,indosat,2026-05-13 09:36:51,Jamadi Solo,jaringan bagus mantap m3
playstore,indosat,2026-05-13 09:30:31,Erna Wati (Nana),"pulsa berkurang tapi paket data tidak aktif, katanya kesalahan teknis, tanya ke customer care tidak ada transaksi katanya. kemna hilangnya pulsa ku?"
playstore,indosat,2026-05-13 09:28:55,Syaiful Abidin,Parto
playstore,indosat,2026-05-13 09:02:29,Wahyu Mariana,mantap
playstore,indosat,2026-05-13 08:59:44,Husen Longor,bagus
playstore,indosat,2026-05-13 08:44:03,masrif Arif,knp paket 30hr di hapus
playstore,indosat,2026-05-13 08:42:44,Suryana,banyak pop up iklan yg sangat ganggu banyak iklan yang ga perlu
playstore,indosat,2026-05-13 08:41:32,Risal Hoaratan,bgus sekali
playstore,indosat,2026-05-13 08:37:24,I Made Yasa,"kalau ada rating dibawah bintang satu, udah gw rating di bawah bintang satu."
playstore,indosat,2026-05-13 08:27:18,Agus Surata GABLOG,menurut saya enak buat jualan pulsa harganya lebih murah
playstore,indosat,2026-05-13 08:15:38,viki fetrik,ok bangus
playstore,indosat,2026-05-13 08:13:03,Doni Talo,bagus
playstore,indosat,2026-05-13 08:10:53,Asep Shg,"Ups, sedang ada gangguan sudah lemot internetnya terus sekedar melihat sisa kuota saja sering bermasalah"
playstore,indosat,2026-05-13 08:09:50,Naufal Foes,sange
playstore,indosat,2026-05-13 08:08:58,Andi Hilux82,sangat puas
playstore,indosat,2026-05-13 08:01:57,Putri Haya,baik
playstore,indosat,2026-05-13 07:36:42,cristian josua josua,keren
playstore,indosat,2026-05-13 07:25:13,Lisda Latifah,sangat baik
playstore,indosat,2026-05-13 07:09:23,Lisi Monica,"sedih sih saya gk bisa pake kuota darurat lagi, padahal selalu ganti, hari ini masa aktif paket saya habis, dan mau beli ayam geprek, tpi saya pikir ah aku pake Kouta darurat dulu buat bayar ayam geprek nanti sampe rumah langsung beli kuota biar langsung ganti kuota darurat ny Krena gada kuota kan internet gk aktif, jadi harus ada wifi dllu baru bisa buka dana atau gopay buat isi kuota, tapi Krena internet gada harus login wifi dllu tapi tadi baru liat ternyata udah GK bisa😣"
playstore,indosat,2026-05-13 07:08:28,Febi Andika Putra,bagus dan keren
playstore,indosat,2026-05-13 07:04:15,Rolaspitu telulas,bagus
playstore,indosat,2026-05-13 06:55:16,Efan Cahya,baik
playstore,indosat,2026-05-13 06:47:47,Tokisaki Kurumi,"GILAAAA makin mahal aja nih heran,waktu yg biasanya 30 hari di pangkas jadi 28,paketnya makin mahal speed nya juga makin lemot gila emng indosat ini"
playstore,indosat,2026-05-13 06:32:47,Faisal,masih mahal kadang jaringan gk stabil GK sesuai harga🙏🙏
playstore,indosat,2026-05-13 06:30:59,Josua Anes,ok
playstore,indosat,2026-05-13 06:29:14,Lina Marlina,baik
playstore,indosat,2026-05-13 06:26:03,at&t palm,good
playstore,indosat,2026-05-13 06:21:16,pisabqori,ok
playstore,indosat,2026-05-13 06:13:13,willjames moriarty,"SUPER MAHAL, NO REKOMEND."
playstore,indosat,2026-05-13 05:54:34,Olivia Logan,"saya beli data 7 hari baru make 2 hari terus gangguan sampe data nya habis waktunya,terus besoknya langsung gak gangguan lagi"
playstore,indosat,2026-05-13 05:44:52,lea renata,maknyos hanyot nyo pancen oke 👍🏻
playstore,indosat,2026-05-13 05:31:20,Indra Iimlesmana,baik mantap
playstore,indosat,2026-05-13 05:29:22,StvnZ Tmbjg,sangat bagus
playstore,indosat,2026-05-13 05:15:59,Deden Nurdin,mantap
playstore,indosat,2026-05-13 04:44:00,PEY FF,"ini gimana si saya beli kuota katanya pulsa tidak cukup, jelas-jelas pulsa saya cukup!! perbaikin dong!!!"
playstore,indosat,2026-05-13 03:30:10,Muhammad Husni,banyak pilihan paketnya
playstore,indosat,2026-05-13 03:05:40,Irfan Fandi,sangat bagus
playstore,indosat,2026-05-13 03:05:30,Siti Laila,Terima kasih🙏
playstore,indosat,2026-05-13 02:34:46,Princes the java,oks
playstore,indosat,2026-05-13 02:03:38,meidy aldiansyah,Sinyal Indosat di Tanggerang Deket bandara Soekarno Hatta terburukkkk!!!!
playstore,indosat,2026-05-13 01:54:49,Rio Indrawan,baik
playstore,indosat,2026-05-13 01:51:10,Dewa naggo,Bagus sekali
playstore,indosat,2026-05-13 01:33:39,Rosidi Ajah,sangat bagus
playstore,indosat,2026-05-13 01:10:33,Amang Riyo,bagusss
playstore,indosat,2026-05-13 00:51:36,Julio Lopes,"mahal2 bangat paketnya, beli aja kartu lain"
playstore,indosat,2026-05-13 00:32:21,Bagas Abdurrahman,"tidak punya hutang pulsa sos, beli paketan kena potong setiap beli paketan"
playstore,indosat,2026-05-13 00:21:52,Halimun Riwut,kenapa sering lemot
playstore,indosat,2026-05-13 00:21:02,Muhammad Maulana,"Ini kenapa jaringan M3 gabisa buka game, sosmed delay padahal signal full, Kouta banyak, gajelas."
playstore,indosat,2026-05-13 00:17:56,Guntoro Setiawan,i like
playstore,indosat,2026-05-13 00:13:41,Dillah Agustin,"malam malam butuh kuota, sudah berhasil transfer lewat VA, di aplikasi myim3 malah gagal. Tanya lewat WhatsApp IM3 malah suruh tunggu 3-5 hari buat refund dana. GILAAAAA, ini butuh internet anjirrrr ga bisa di andelin bgt. kecewa bgt si makin lama makin...."
playstore,indosat,2026-05-12 23:37:59,muhammadrago wijaya,baik
playstore,indosat,2026-05-12 23:37:45,Arter Trisatria,"gabisa pulsa sos anjir, padahal udah langganan prabayar tetep aja gabisa, udah lapor malah gajelas yang hubunginnya"
playstore,indosat,2026-05-12 23:32:26,Danar Handriyanto,sangat baik
playstore,indosat,2026-05-12 23:23:51,Dedi Dedi,ringkas
playstore,indosat,2026-05-12 23:21:20,Hendri Hendrianur,sangat membantu dan lebih jelas
playstore,indosat,2026-05-12 23:07:34,IamEza United,SINYAL NYA BAPUK LAH!!!!!!!!!!! NGLAG PARAH!!!!!!!!!!!
playstore,indosat,2026-05-12 23:01:47,Muhammad Jarrot,sipppp
playstore,indosat,2026-05-12 22:58:14,Gigin Muizull,jaringan sekarang jadi lemot banget!
playstore,indosat,2026-05-12 22:53:41,Noone Supermacy.,"tolong banget ini mah, next update biarin pulsa darurat masuk sebagai balance utama, jangan di sembunyikan di panggilan telepon (*888#) masa pulsa darurat cuma bisa di pake di panggilan biasa, gak bisa di pake di aplikasi, mana balance menunjukkan pulsa sebelumnya tanpa nambah pulsa darurat, sedangkan tagihan sudah berjalan, jadi pengguna awam gak ngerti gimana cara gunakan pulsa darurat... jadi tolong di next update, pulsa darurat biarin satu sama balance utama supaya bisa di gunakan di apknya!"
playstore,indosat,2026-05-12 22:50:26,Ari Yanto,puas
playstore,indosat,2026-05-12 22:41:24,Dea Aprilia,pelayanannya sangat bagus trutama sinyal nya aku sangat puas
playstore,indosat,2026-05-12 22:39:16,Jho Harto,"sangat membantu, lebih mudah untuk beli paket internetnya"
playstore,indosat,2026-05-12 22:16:59,Iyan Gokil,"masa buka game aja gak kuat,"
playstore,indosat,2026-05-12 22:15:26,Dhika Pamungkas,kasih harga yg masuk akal sedikit lah masak kuota 5 gb hampir 60 ribu
playstore,indosat,2026-05-12 22:07:23,Wajibersyukur Bersyukur,sangat jelek sinyalnya entar gak pake im3
playstore,indosat,2026-05-12 22:01:54,Boma Katulampa,semakin lama semakin. parah jaringan .tidak ada apa sih buat setting antena provider ... jaringan hilng²an terus .lantas buat apa beli kuota 100gb .gak k guna juga kayanya. #Daerah jakbar Cengkareng & sekitarnya
playstore,indosat,2026-05-12 21:56:49,Sahidin Sahid,mantap baik sangat membantu
playstore,indosat,2026-05-12 21:54:05,Deni zuliawan,good
playstore,indosat,2026-05-12 21:48:34,M Tegar Saputra,main game ping merah sosmed jelek nonton yt lag gua udh pake bertahun tahun kaga ada perubahan mana skrg paketan mahal²
playstore,indosat,2026-05-12 21:47:58,Ahdi ranau,ok lh bagus
playstore,indosat,2026-05-12 21:47:34,Irham adam,mantap
playstore,indosat,2026-05-12 21:38:34,Nadya Nadyani,IM3 sangat cepat dalam mem proses pembayaran
playstore,indosat,2026-05-12 21:36:59,alfin,kuota nya mahal
playstore,indosat,2026-05-12 21:31:40,Yan Mahendra,ok
playstore,indosat,2026-05-12 21:27:09,Rahmat Hidayat,"paket hanya 28 hari. Terus kalo paket belum habis, tapi waktunya yg habis paket malah hangus padahal sudah kita bayar"
playstore,indosat,2026-05-12 21:23:37,hadan,"yang baru mau beli kartu ime ,saya sarankan jangan sinyal nya jlek bnget"
playstore,indosat,2026-05-12 21:14:41,Salmankan Salman,mempermudah
playstore,indosat,2026-05-12 21:12:46,Ikhsan Akbari,"tidak bagus, sinyal nya jelak sering ganguan"
playstore,indosat,2026-05-12 21:11:59,Asep Purnama,mao beli kuota . pas buka aplikasi nya malah gangguan mulu . udah seminggu ini gangguan terus . apa karna kartu masa tenggang. jdi gabisa aplikasi indosat
playstore,indosat,2026-05-12 21:10:22,OzedbezO,"min, tolong banget ini mh min, sudah hampir seminggu sinyal Indosat di tempat saya sangat amat buruk sekali, semua teman teman saya juga merasakan hal yang sama, tolong dong min di cek dan diperbaiki terimakasih!"
playstore,indosat,2026-05-12 21:03:44,Fikri Gacor,Sangat Cepat Dan Semu paket Kota data Mura
playstore,indosat,2026-05-12 21:03:05,Rasa Sakit,"makin kesini myim3 makin lelet banget jaringan internet nya..mending tutup ajah sekali,,"
playstore,indosat,2026-05-12 20:52:10,Bang Fer,🤗
playstore,indosat,2026-05-12 20:46:05,Farel Saputra,"sinyal ilang mulu apalah paket makin mahal, mending ganti kartu Smartfren aja"
playstore,indosat,2026-05-12 20:30:58,Adhe Farmansyah,ok bangeut .. sungguh membantu. skrng knp jadi macet? nyuruh update juga ga ada..
playstore,indosat,2026-05-12 20:29:51,Patorriku Bar Bar,"perbaikin notif, tiap main game suka kepental ke chrome, ganggu kenyamanan pengguna"
playstore,indosat,2026-05-12 20:27:26,Abdullah Siregar,baik sekali
playstore,indosat,2026-05-12 20:22:41,Yoppy Van jodi,sangat mengecewakan..... paket saya selalu cepat habis . dan setiap pengisian sekarang dipotong kouta . saya pelanggan lama merasa sangat kecewa sekali
playstore,indosat,2026-05-12 20:04:28,Herman Alif,sangat puas
playstore,indosat,2026-05-12 19:55:31,Andi Ikram,oke
playstore,indosat,2026-05-12 19:41:04,Boriel Dhevy,kok susash buat beli paket dari td sore. sering eror
playstore,indosat,2026-05-12 19:35:42,Hendrik Barbar,"sinyal taiii sering ganguan paket mahal"" otw ganti kartu ... lama"" konsumen m3 pada pindah ... udh paket mahal kualitas sinyal malah down parah ... minimal sesuaikan kan lah paket mahal kualitas juga bagus,10 tahun make m3 by terima kasih gua mending gnti kartu dri pada emosi soal jaringan"
playstore,indosat,2026-05-12 19:30:26,anisa arif,Makin mahal paket nya dan yaps jaringan internetnya tambah lambat
playstore,indosat,2026-05-12 19:27:11,Safnaalmaera,ok
playstore,indosat,2026-05-12 19:26:09,رحمن,bagus
playstore,indosat,2026-05-12 19:22:34,muksan muksan186,bermanfaat
playstore,indosat,2026-05-12 19:17:34,Pengguna Google,"semakin di beli kautaya smakin mahal, harga tetap kauta di kurangi, masa berlaku jg di kurangi, ampas lama"" m3"
playstore,indosat,2026-05-12 19:15:04,Meri Meriana,mantap
playstore,indosat,2026-05-12 19:12:28,Fiqri Fahmi,"Tolong HILANGKAN POP UP Iklan yang langsung mengarah ke web, dikarenakan sangat mengganggu!!"
playstore,indosat,2026-05-12 19:09:35,Bibang Bi,"saya kirim paket kuota, ke nomer hp saudara saya tetapi kuotanya tidak terkirim ke nomer saudara saya, tapi kuotanya malahan aktif di hp milik saya sendiri, inih gimanah ya konsepnya"
playstore,indosat,2026-05-12 19:05:23,Yazid Manan,"harganya mahal, sinyal nya kurang"
playstore,indosat,2026-05-12 19:04:26,Hisukawa Taiki,"buset tambah hari tambah mahal banget ni Indosat, dlu Indosat tu paling murah stelah exis dan XL, skrng indosat mahal bngt njir peningkatan kualitas apaan buat maen game mobile legends aja ngelag mlu heran ping ijo paling bagus stuck di 80ms kocak kualitas apaan"
playstore,indosat,2026-05-12 19:04:08,Gaspol Remblonk,sangat beanfaat
playstore,indosat,2026-05-12 19:01:32,Syehan Abdika,"kenapa sekarang susah x mau cek paket internet,di cek dari *888# di kasih sms suruh cek di *123# pas di cek malah disuruh lagi pakai *888# makin lama makin gak genah ni m3 udah belik pulsa biar memperpanjang masa tenggang karna kuota internet masih banyak eeh pulsa habis di sedot kuota internet pun disedot,ini aku kasih bintang 2 klau udh baik lagi program nya aku tambahin lagi bintang nya nanti dan komen ini aku hapus,klau komen ini belum di hapus berarti belum di perbaikin"
playstore,indosat,2026-05-12 18:58:18,Andi Rohman,bagus selali
playstore,indosat,2026-05-12 18:57:26,Bintang,"tolong dong uang saya hilang 65rb, pdhl udh dibayar tpi ga masuk, jadi beli 2 kali deh...hadehhh kacaw"
playstore,indosat,2026-05-12 18:57:07,Faiz Firmansyah,"makin kesini makin parah lemot sinyalnya, gak cocok buat internetan"
playstore,indosat,2026-05-12 18:56:41,Madina Cakep,oke
playstore,indosat,2026-05-12 18:55:40,Ahmad Nur Azkia,dengerin woy keluhan customer!
playstore,indosat,2026-05-12 18:49:00,Andre Pancin,mantap dan bagus
playstore,indosat,2026-05-12 18:45:20,nabilah putri,bagusss
playstore,indosat,2026-05-12 18:36:16,ADP. 87,signal jelek
playstore,indosat,2026-05-12 18:29:05,Pino Bastian,klo bisa kurangin 10 rb
playstore,indosat,2026-05-12 18:27:48,Syahruni Uni,"sangat membantu, di harap agar paketnya lebih murah lagi"
playstore,indosat,2026-05-12 18:26:43,Stevanus Yonas,semoga jaringan internet nyata baik
playstore,indosat,2026-05-12 18:23:57,Narkotika Jakarta,sinyal sering berhenti
playstore,indosat,2026-05-12 18:18:45,Redii Jr,sangat bagus
playstore,indosat,2026-05-12 18:15:43,Ari Ana,Indosat Ooredoo menu luncurkan broser buka Google croom pemberitahuan ini sangat mengganggu dan tidak bisa di hentikan notifikasi nya lagi enak² main game muncul spam notifikasi seperti itu gak rekomendasi untuk pengguna game dah gitu paket datanya sekarang mahal malah lebih murah sebelah yg biru noh.... yaelah dah banyak spam SMS promo belum spam menu Indosat Ooredoo parah promonya mahal gak guna
playstore,indosat,2026-05-12 18:14:59,Yana Anay,cepet abis kuotanya kalo pake aplikasi
playstore,indosat,2026-05-12 18:13:19,Rafi Rafi,sinyal buruk harga kouta mahal mahal
playstore,indosat,2026-05-12 18:11:37,Heri Irawan,siyal lemot
playstore,indosat,2026-05-12 18:02:12,cristal gaming 09 cristal gaming 09,"ini gimana si paket saya masih 7 gb saya mau beli lagi 20 gb nah yang 7 nya ilang gak nalar sumpah, mane harganya mahal""lagi mau haji lu?minimal kalo sinyalnya jamping di turunin lah bos harganya"
playstore,indosat,2026-05-12 17:59:51,Dena Sumaryat,ok
playstore,indosat,2026-05-12 17:56:37,permesinan smkn1cinangka,"kesel banget sama Indosat,setiap isi pulsa selalu kepotong pulsanya tanpa sebab,pdahal ga ikut langganan apaapaa"
playstore,indosat,2026-05-12 17:39:44,Panji Prayoga,WOIII DND LO RUSUH BGT TIAP HARI SELALU ADA IKLAN MASUK DI HP GW. BINTANG 1 GANGGU AKTIFITAS ORANG AJA
playstore,indosat,2026-05-12 17:26:14,EEER Hidayat,"minimal kalau mau nikin harga kuota, ya sinylanya jga harus di taikin kualitanya lah, ini mh kuota makin mahal, jaringan makin lemot"
playstore,indosat,2026-05-12 17:24:48,Berkah Jaya,bagus
playstore,indosat,2026-05-12 17:22:02,komah mah,sinyal sering bermasalah
playstore,indosat,2026-05-12 17:13:03,Arye,tambah kesini sinyal muter2 tolong diperbaiki terima kasih
playstore,indosat,2026-05-12 17:11:18,HENDRA DAMIEN,lemot banget ya.
playstore,indosat,2026-05-12 17:10:51,Hadiman,aplikasi ini sangat menyenangkan
playstore,indosat,2026-05-12 16:58:33,Ilham Wicaksono,kepada jajaran pimpinan Indosat yang terhormat tolong kalau ada pengguna provider / user komplain tolong di respon tiba tiba pulsa saya terpotong untuk paket internet padahal saya tidak ber langganan/ membeli paket tertentu mohon respon dan bantuan solusi nya karena ketika saya komplain lewat Indira ataupun cs saya tidak mendapatkan solusi pulsa saya 3 kali sudah berkurang tolong jangan semena mena memotong pulsa customer tanpa konfirmasi terima kasih 🙏🙏
playstore,indosat,2026-05-12 16:47:11,Retno Dablek,"semakin buruk pelayanannya paket masih bnyak kok bisa habis tanpa pemberitahuan sebelumnya...aneh21 GB hbis GK tahu kemana sisa tinggal 4 GB sore ini,,siang td sisa 11 GB sore da sisa 4 GB..aneh..... IM3 skrg sperti nipu masak paket data saya 21 GB dalam 3 hari sisa 4 GB katany hemat nyatanya nipu????..masak iya baru 3 hari pakai hbis 17 GB hanya nonton drama saja....GK logika lagi Indosat ini...bagus beralih lah sebelum jdi sperti sya rincian jg GK tahu pdhl setiap hari sya cek"
playstore,indosat,2026-05-12 16:46:33,Jimmi Rahend,sangat bagus
playstore,indosat,2026-05-12 16:38:02,Audiya,ok
playstore,indosat,2026-05-12 16:35:01,nazwa ananda,iklan nya maksa bgt. tiba tiba ke browser sendiri. ganggu bgt. tolonglah di ilangin.
playstore,indosat,2026-05-12 16:33:45,Afaizin Muhammad,kenapa waktu saya transaksi sering gagal
playstore,indosat,2026-05-12 16:22:39,DENI RENGGANA,Mantaap
playstore,indosat,2026-05-12 16:11:16,Mann,"ga jelas masa lagi main game tb"" ke chrome suruh ngisi ini itu"
playstore,indosat,2026-05-12 16:08:01,Alesha,bagus sekali
playstore,indosat,2026-05-12 16:02:46,Azidan Zikri,layanan yang cepat dan simpel 👍🏻
playstore,indosat,2026-05-12 16:01:28,Azka Junior,sinyal nya makin jelek sekarang
playstore,indosat,2026-05-12 15:56:42,Daeng Isran,puas
playstore,indosat,2026-05-12 15:43:48,Gilang Ferdian,bintang 5
playstore,indosat,2026-05-12 15:43:22,Rifa'i Aldiansyah,terlalu mahal
playstore,indosat,2026-05-12 15:22:04,INDRA CAHYANI SAPUTRA,provider gak jelas selalu bikin risih Mulu kebanyakan pop up dan tiba tiba dibawa masuk web memang bikin risih terus sampe kapan kayak gini Mulu pake provider ginian
playstore,indosat,2026-05-12 15:14:50,Alumina yolanda,mantap
playstore,indosat,2026-05-12 15:05:28,carlos ahmad,paket mahal sinyal lelet kek siput dasar kocak nih myim3
playstore,indosat,2026-05-12 14:58:07,Steven Wahyudi,"makin mahal aja su, dulu² 50gb masih bisa dapat 20gb keatas bahkan kadang 30gb. tahun lalu akhir² turun dpt 18gb eh sekarang 13gb. makin ga ngotak aja 😂"
playstore,indosat,2026-05-12 14:52:21,Yusril Yusril,"kuota internet masih ada, tapi gak bisa di pake, padahal waktu habis nya 30 menit lagi, tapi gak bisa di pake"
playstore,indosat,2026-05-12 14:52:07,Askadi Soetardjo,"beli paket cepat sekali dilayani, jaringan bagus di daerah depok jawa barat, puas banget"
playstore,indosat,2026-05-12 14:52:04,Rofik Hidayat,"baik, mudah"
playstore,indosat,2026-05-12 14:26:11,ceu kay,Jadi ribet jadi susah buat bayar pulsa darurat nya 😅
playstore,indosat,2026-05-12 14:18:00,Izhura Avb,"sudah 2 hari sinyal nya buruk, beli kuota mahal2 tetap aja sinyal zonk"
playstore,indosat,2026-05-12 14:04:12,Jaka Selebew,gaknapa sih selalu 4g trus pernah 5g
playstore,indosat,2026-05-12 13:48:07,Maymunah Maymunah,terlalu banyak potongan sangat merugikan kami konsumen
playstore,indosat,2026-05-12 13:38:33,Rahma Keitoru,"makin gak ada akhlak sinyal indosat ih 😑 masa cuma 1/2 bar, kecepatan sinyal gak sampe 10kb/s. padahal di kota tapi sinyal burik bukannya tambah bagus malah tambah bosok sinyalnya paketan mahal tapi sinyal bosok"
playstore,indosat,2026-05-12 13:28:24,Dyah Sewings,trimaa ksihh
playstore,indosat,2026-05-12 13:23:49,Asep S,"tolong di benahi lagi admin nya, masa pulsa di ambil terus walaupun tidak banyak Rp 100 - 700 tapi merugikan konsumen, contoh sy udah membeli pulsa 50 rb buat beli paket internet tiba ² pulsa berkurang Rp 100 berarti kan kita musti beli pulsa lagi buat nutupin tgl 2/05 sy beli pulsa 5000 sekarang 6/05 pulsa nya 4340 padahal tidak di pakai internet & tgl 3/05 melakukan panggilan telpon tapi tidak terhubung 12/05/26 stop ambil pulsa"
playstore,indosat,2026-05-12 13:22:36,Kakang,sinyal m3 didaerah saya sekarang payah sangat lemah
playstore,indosat,2026-05-12 13:18:52,Salsabila 09,jaringan nya minn ihhhh lemot bangetttt😤
playstore,indosat,2026-05-12 13:18:20,Hamdan Ncek,bagus
playstore,indosat,2026-05-12 13:12:02,Diah Diah123,aplikasi ini bagus
playstore,indosat,2026-05-12 13:11:46,Muhammad Nurfatukh Amarizqi,"sinyal kek babi tolong dong benerin nih sinyal biar ga lemot percuma beli mahal"" klo sinyal lemot. dari dulu sampe sekarang masi sama aja sinyal ngelag terus"
playstore,indosat,2026-05-12 12:59:50,Nur hikmahyani,terdapat banyak promo kuota di dalamnya setiap hari ada ajah promonya. makasih Indosat sangat membantu sekali loveeee
playstore,indosat,2026-05-12 12:56:02,Kholilur Rohman,👍
playstore,indosat,2026-05-12 12:53:16,M.DANI RIZQI,baru isi pulsa langsung ilang gada safe pulsa nya sama sekali
playstore,indosat,2026-05-12 12:52:13,Jesika amelia Jesika,karna suka nyolong cangcut
playstore,indosat,2026-05-12 12:51:14,Kusoyaro Sekai,"aplikasi nya bagus, jaringan nya ngajak ribut"
playstore,indosat,2026-05-12 12:50:06,muhammad fadhilah taqy,tolong lah jangan suka ngasi notifikasi yg muncul depan layar itu sangat mengganggu
playstore,indosat,2026-05-12 12:49:55,Than Yatrin,lag mulu gak guna
playstore,indosat,2026-05-12 12:49:17,Nady Kus,baik
playstore,indosat,2026-05-12 12:49:12,Akbarul Hakim,👌
playstore,indosat,2026-05-12 12:45:44,RyueN X SoL,woi benerin jaringan elu mbut ngeleg mlu
playstore,indosat,2026-05-12 12:44:39,Digo Tirtayasha,"sinyalnya beda sama di iklan,, lelet bangett"
playstore,indosat,2026-05-12 12:43:14,jar wo,bagus sih banyak promo nya
playstore,indosat,2026-05-12 12:38:07,Ikoiko,dasar penipuan saya beli kuota 10k ama 20k nga masuk
playstore,indosat,2026-05-12 12:36:34,Moslem Jago,baik
playstore,indosat,2026-05-12 12:34:39,Engkus Kusnadi,cukup menarik
playstore,indosat,2026-05-12 12:32:49,Inspektur Anan,"nyesel gw beli yang premium, sinyal kek taik gini , bentar bentar hilang.. bikin badmood aja tiap main game, ngelag mulu. abis gini, kubuang jauh jauh ini kartu.. muak liatnya"
playstore,indosat,2026-05-12 12:26:01,Rio S,"sinyal im3 ampas banget. jangan pakai im3 lagi, apalagi kalo siang paraaahhhh. im3 sinyal paling lemot"
playstore,indosat,2026-05-12 12:23:49,Nanang Hidayat,sinyal kaya d hutan d jakarta padahal gila Indosat padahal langganan ngeleg parah
playstore,indosat,2026-05-12 12:22:10,Mualfi Fahrul Fanani,sangat puas
playstore,indosat,2026-05-12 12:18:29,NENDY SARNAFIL,ok
playstore,indosat,2026-05-12 12:15:30,Ali Sofwan,ini kuota ato wifi dah sinyal nya jelek bgt pdahal udh beli yg paket 50k 16gb tpi buat main game aja patah' ada apa dgn konter elu dh
playstore,indosat,2026-05-12 12:03:01,ok ky,promo 300GB kok gk ada??
playstore,indosat,2026-05-12 11:52:10,Adam Firdaus,tak kasih bintang 5 karna sinyal nya yg sangat buruk harga kuota makin mahal kualitas jaringan makin buruk hebat ni Indosat 👏
playstore,indosat,2026-05-12 11:38:19,Pitri Sari,"jaringan lo mudah banget gangguan nya ajg?! why?!!!?? mana lemot parah lagi, ya ampun🤦‍♀️ emng sih jaringannya 4G tapi lemotnya itu loh, ga habis pikir gw mana mudah banget gangguan, itu jaringan apa mental? mudah bgt keganggu tolong lah ya, itu ga rispek bgt wok☹️ promo promo lo bagus emng, tapi jaringan lo jelek lemot parah, ganggu banget mana sering kepotong lagi kuota yg gw beli gegara sering bgt gangguan hadeuh, lemot lemot"
playstore,indosat,2026-05-12 11:32:36,Fauzan Noerrohman,"Gilaa sih m3 sekarang jaringan nya anjlok parah bener bener jelek sumpah ga bhong beli paket mahal mahal dapet kwalitas jelek parah, perbaiki secepatnya!!!"
playstore,indosat,2026-05-12 11:31:59,Wandi Kurniawan 1980,Mantap 🔥🔥🔥
playstore,indosat,2026-05-12 11:20:28,Parls Jacqqu,mangtabbss good
playstore,indosat,2026-05-12 10:57:34,Mochnari Mochamadnarijokotole,teruskan perjuangan nya indosat jangan kalah sama yg lain
playstore,indosat,2026-05-12 10:56:53,Rachma Kinaya,makasih 💜
playstore,indosat,2026-05-12 10:55:42,Irham Walid,bagus
playstore,indosat,2026-05-12 10:46:24,Aditya Brahmantya,tambah mahal ajj ya paketan data nich mana sisa paketan lama hilang kalo isi paketan baru..pokoknya mantap deh MY M3 nya... jos
playstore,indosat,2026-05-12 10:40:54,Eva Velicia 4,paket di kurangin harga di naikin heran banget gw sama indonyet ini
playstore,indosat,2026-05-12 10:38:38,Yoon Oh,"Mau nonaktifkan nomor gara² kejebak platinum. ga bisa lagi di prabayarin. Platinum nya sih gak masalah yah harga berapapun, cuma sekarang 2026 jaringannya parah, kayak nebeng wifi tetangga 😭. Ga rekomendasi, kecuali ada perubahan jaringan 🙏"
playstore,indosat,2026-05-12 10:17:33,Edward Dawson,makin lama pake kartu ini bukannya enak malah tambah stres jaringan lemot kadang eror kadang hilang sinyalnya dulu gak kayak gini
playstore,indosat,2026-05-12 10:14:41,Arif Nugroho,TUKANG NILEP DUIT
playstore,indosat,2026-05-12 10:14:07,Ndienbenedict,M3 gua kagak bisa dipakai aj
playstore,indosat,2026-05-12 10:11:36,Cenkkall Entertaiment,sinyalnya kayak siput
playstore,indosat,2026-05-12 10:10:12,Sudrajat S,puas
playstore,indosat,2026-05-12 09:58:14,Asep Rianto,tolong harga paketnya jangan di naikin lagi ia pa Bu kerna saya penggan setia
playstore,indosat,2026-05-12 09:44:27,Iput Garmek,masih gak bisa sayang kuhh capek nih lama lama ganti byu
playstore,indosat,2026-05-12 09:38:45,puspa kirti,terlalu cepat berlalu
playstore,indosat,2026-05-12 09:28:36,Bang nono,Gerai im3 palangka raya palangka raya pelayanan nya sangat ramah dan mudah
playstore,indosat,2026-05-12 09:20:44,Anwar Pauji,👍
playstore,indosat,2026-05-12 09:08:14,Erod Rodiman,ok
playstore,indosat,2026-05-12 09:00:12,Rahmansyah Welan,jumlah kuota di kurangi banyak tapi harga tetap mahal jelek parah coq
playstore,indosat,2026-05-12 08:46:46,Yayah santy,puas
playstore,indosat,2026-05-12 08:46:38,Ari Yanto,ok
playstore,indosat,2026-05-12 08:32:50,Zahran Ilham,paket hangus tanggal 12 jam 06.58 tapi pas saya sempetin jam 06.52 buat isi biar ga hangus tapi tetep aja hangus gada tanda tanda perpanjang paket padahal udh tercantum segera isi kembali paket yang sama dan mendapatkan perpanjangan waktu paket tapi mana cuman omong kosong saran sih jangan sampe make kartu ini nyesel saya pake ini cuman saya terpaksa trus memakai sinyal ini karena aktif nomor masih 2 taun saran sebelum kartu sinyal kalian aktif nya udh lama buru buru pindah aja ke kartu lain
playstore,indosat,2026-05-12 08:24:06,Dev Alfin 3112,jaringan suka ilaang sendiri
playstore,indosat,2026-05-12 08:14:38,veronika Wulan,bagus
playstore,indosat,2026-05-12 08:08:22,Lianzimoet,aplikasi sangat bagus dan membantu
playstore,indosat,2026-05-12 07:50:49,Irwan Irwan,sagat puas
playstore,indosat,2026-05-12 07:45:51,Muklis Subagja,regis kartu aja susah amat heran
playstore,indosat,2026-05-12 07:42:55,Srinoto Saja,puas
playstore,indosat,2026-05-12 07:33:43,Wahyu Hidayat,"masa beli pulsa kadang ga masuk,rusak ni indosat"
playstore,indosat,2026-05-12 07:31:08,Angelina juvanca,luar biasa bagus
playstore,indosat,2026-05-12 07:28:17,Naldisgn Naldi,mantap
playstore,indosat,2026-05-12 07:10:13,Sumarun,hari ini saya beli pket freedom internet 5gb 2 hari knp ga masuk
playstore,indosat,2026-05-12 06:43:17,Aruan Rio Cool,GooD..........👍
playstore,indosat,2026-05-12 06:33:47,dirajeneponto,👍🏻
playstore,indosat,2026-05-12 06:28:17,Muhammad Arif,ga ada paket gratisannya
playstore,indosat,2026-05-12 06:26:57,Mas Yusuf Official,"Apaan sih makin ngelunjak aja😏 apa susahnya 30 hari? kenapa harus 28 hari tinggal kasih 2 hari aja pelit banget banget!!!!! padahal walaupun 28 hari kadang ada yg gak sampai harinya udah habis loh, mimin ganteng cantik dan baik hati, kasih yg 30 hari lagi dong yah okehh😂"
playstore,indosat,2026-05-12 06:13:32,Mama Dafa,harganya lebih terjangkau
playstore,indosat,2026-05-12 06:12:28,akun reaper chell,sunguh puass
playstore,indosat,2026-05-12 05:49:05,jonas,cuma muter2 gak karuan kebanyakan iklan padahal gw cuma mau beli paket doang
playstore,indosat,2026-05-12 05:37:33,Andi Ono,Mohon diperbaiki..
playstore,indosat,2026-05-12 05:04:27,yelika agustina,memudahkan saya
playstore,indosat,2026-05-12 03:38:14,Nugraha uyye,ok
playstore,indosat,2026-05-12 02:07:56,Muhammad Fathurrabbani,"habis di update malah ga jelas, mau beli kuota malah ga muncul dasar sampah"
playstore,indosat,2026-05-12 01:52:37,Lok Zer,gajelas ni kartu sinyal kek pepek
playstore,indosat,2026-05-12 01:19:20,Destiana Pradita,sinyal jelekkkkkkkkkk lemot
playstore,indosat,2026-05-12 01:02:21,Eman Sulaiman,bagus sekali aplikasi ini bisa melihat pulsa atau kuata
playstore,indosat,2026-05-12 00:26:10,Bolla Bolla,ok
playstore,indosat,2026-05-12 00:03:21,Sam Khan,ok
playstore,indosat,2026-05-11 23:55:08,Mr Blue,kau makan paket mu yang mahal itu
playstore,indosat,2026-05-11 23:51:10,RAMDAN,ini saya pake indosat setiap abis hujan sinyal bagus tapi knpa masih loading??? tolong dong Indosat perbaiki lah hadehh....
playstore,indosat,2026-05-11 23:44:41,Aprilla novianti Br sembiring,bagus
playstore,indosat,2026-05-11 23:38:34,Bhawy Hazell,kadang suka ilang ilangan jaringan nya tolong di perbaiki
playstore,indosat,2026-05-11 23:29:37,Zidan Ardana,myim3 ga pernah mengecewakan
playstore,indosat,2026-05-11 23:18:48,Hesti Sulistiyowati,ok
playstore,indosat,2026-05-11 23:09:23,kristianto simamora,harga paket lo terlalu mahal
playstore,indosat,2026-05-11 23:09:20,Abdullah Abdullah,sinyal harus bagus
playstore,indosat,2026-05-11 23:03:24,Slamet Rahayu (Mas_Hay),Alhamdulillah
playstore,indosat,2026-05-11 22:51:04,Muhammad Suryana,good
playstore,indosat,2026-05-11 22:44:11,Dio Siburian,"fee dri pinjam Kouta lebih gila dri fe minjem duit ke bank minjem Kouta cuma 12 giga fee nya sampe 20 giga cuma 2 hari,, masuk logika kah????"
playstore,indosat,2026-05-11 22:44:07,E Pin,parah leg
playstore,indosat,2026-05-11 22:43:19,Diki Ganteng,gua udah hampir 6 tahun lebih dari kuota biasa sampe sekarang kuota Platinum makin ke sini sinyal makin parah gila kita pelanggan harus bayar tepat waktu tetapi sinyal tidak pernah di perbaiki apalagi jika lewat pergedungan atau besmsnt pasti sinyal nya hilang coba nonton di aplikasi video sering muter² gila² bulan sekarang jujur gua gak akan ikut platinum lagi udah kecewa sih kata nya prioritas tapi sinyal hilang² terus harus oprator bekerja keras stabil sinyal² yang jelek
playstore,indosat,2026-05-11 22:34:59,Ojan Rikiyanto,terima kasih
playstore,indosat,2026-05-11 22:33:53,Yuo this,mantab dan beguna sekali
playstore,indosat,2026-05-11 22:27:35,Heriyanto Aza,Baik
playstore,indosat,2026-05-11 22:20:12,soni kerta,"Jaringan indosat makin lama makin jelek aja gapernah dibenerin apa gimana, saya buat pakai buka aplikasi sosmed saja ngelag apalagi buat main game sinyalnya tidak stabil bikin emosi. tolong ya indosat dibenerin jaringannya saya sudah 4 tahun pakai indosat dulu tidak pernah seperti ini akhir akhir ini malah sering banget hilang jaringannya."
playstore,indosat,2026-05-11 22:19:47,Yadi Martadiredja,aplikasi gangguan mulu ini woi
playstore,indosat,2026-05-11 22:18:33,Riccardo Jamal,sinyal nya bukan main masa setiap chat ni syaa harus matiin nyalain data/mode pesawat atau ga nonaktifkan kartu nya parah banget ini Indosat jelek nya kebangetan
playstore,indosat,2026-05-11 22:13:55,Mobile Legend,"Halah mahal bosssss, 3 bulan 200rb 50gb, harusnya 150k normal itu"
playstore,indosat,2026-05-11 22:13:11,Ahmad Rosadi,cepat
playstore,indosat,2026-05-11 22:08:01,Setyo Nugroho,jangan mahal mahal bos
playstore,indosat,2026-05-11 22:00:58,Marko Adityo,jaringan cellular paling lemot blo'on di antara jaringan cellular lainnya yang pernah saya rasakan
playstore,indosat,2026-05-11 21:57:56,Babang Raffa,ok
playstore,indosat,2026-05-11 21:50:11,Hii Pay,"sinyal nya jelek banget buat game, padahal gw beli kuota gk pernah ngutang tapi sinyal nya jelek banget, kapan sinyal temen gw mah bagus banget lancar banget padahal ngutang terus"
playstore,indosat,2026-05-11 21:49:44,Muttaqin Taqin,bgus bnget
playstore,indosat,2026-05-11 21:45:19,Riszki Ajrai,jaringan bagus
playstore,indosat,2026-05-11 21:44:14,Boi Marchel,"kalo ga niat bikin jaringan gausah buat layanan, sok sok an mahal mahalin harga paket, kualitasnya aja gaada, macam makek kartu smartfren awak kelen buat"
playstore,indosat,2026-05-11 21:41:18,Azril Rafif,bagus banget
playstore,indosat,2026-05-11 21:40:14,Dimas Ilahi,mantapp
playstore,indosat,2026-05-11 21:34:40,WHAY PBG,"gila,,, beli data 20 gb langsung ilang 10 gb kemana data ku..."
playstore,indosat,2026-05-11 21:28:57,Angga Julian,mantap
playstore,indosat,2026-05-11 21:27:55,Muhammad Taufik,kadang ilang pas mati lampu
playstore,indosat,2026-05-11 21:25:49,Samsir MSS,bagus
playstore,indosat,2026-05-11 21:24:29,Nabila Fitri,sangat bagus dan cepat
playstore,indosat,2026-05-11 21:07:30,Agus Mawardin13,mantap banyak promonya
playstore,indosat,2026-05-11 21:04:52,Anjas Mara,sinyal susah daerah belitang okutimur kecamatan buay madang timur desa srikaton
playstore,indosat,2026-05-11 21:04:12,Novita Sari,bagus
playstore,indosat,2026-05-11 21:00:05,Ray Z,"Aplikasi gjls suka logout sendiri, beli paket diproses mulu ga masuk"" mending gosok kartu aja daripada beli paket di aplikasi sampah. padahal sinyal bagus tpi gabisa masuk nih aplikasi binatang"
