"css-175oi2r href","css-9pa8cd src","css-1jxf684","css-1jxf684 2","css-146c3p1 href","css-146c3p1","css-175oi2r href 4","css-9pa8cd src 2","css-1jxf684 4","css-1jxf684 5","css-1jxf684 6","css-1jxf684 7","css-175oi2r href 5","css-1jxf684 8","css-1jxf684 9","r-4qtqp9 src","r-4qtqp9 src 2","css-1jxf684 10","css-1jxf684 11","css-1jxf684 12","css-1jxf684 13","css-1jxf684 15","css-1jxf684 17","css-1jxf684 18","css-9pa8cd src 3","css-175oi2r href 6","css-146c3p1 2","css-1jxf684 href 6"
"https://x.com/Jewwpeace","https://pbs.twimg.com/profile_images/1972631824930136064/z2CO3VkE_normal.jpg","eyi.","@Jewwpeace","https://x.com/Jewwpeace/status/2052720600372896155","7h","https://help.x.com/rules-and-policies/authenticity","https://abs.twimg.com/responsive-web/client-web/parody-mask.92274f0a.svg","Fan account","XL","lagi eror? Kok sinyalku ilang-ilangan, udah restart tetep aja gitu","4","https://x.com/Jewwpeace/status/2052720600372896155/analytics","132","","","","","","","","","","","","","",""
"https://x.com/kueezya","https://pbs.twimg.com/profile_images/1882143046445469696/ug_J8g9t_normal.jpg","kes, oWyul","@kueezya","https://x.com/kueezya/status/2052781617303970143","3h","","","","xl","telkom e","1","https://x.com/kueezya/status/2052781617303970143/analytics","64","mkin menurun prah hampir e
m3 mid
smf sama aja ky telkom","https://abs.twimg.com/emoji/v2/svg/1f607.svg","https://abs.twimg.com/emoji/v2/svg/1f607.svg","1","","","","","","","","","",""
"https://x.com/laboucheedilya","https://pbs.twimg.com/profile_images/2040878132983681024/fACHx2aM_normal.jpg","𝕚𝕝𝕪𝕒.","@laboucheedilya","https://x.com/laboucheedilya/status/2052704111578218609","8h","","","","XL","Sekarang aku ga takut lagi buat scroll sosmed kapan aja karena pake","45","https://x.com/laboucheedilya/status/2052704111578218609/analytics","1.6K","ULTRA 5G+ di Kabupaten Gresik secepat itu, speed testnya di atas 300 Mbps. Yuk download aplikasi myXL dan aktifin","https://abs.twimg.com/emoji/v2/svg/2728.svg","https://abs.twimg.com/emoji/v2/svg/1faf5-1f3fb.svg","81","XL","ULTRA 5G+","#myXL","#XLUltra5G","0:27","83","","","",""
"https://x.com/feelshouten","https://pbs.twimg.com/profile_images/2043737527379738624/hFOCenIV_normal.jpg","` nand","@feelshouten","https://x.com/feelshouten/status/2052656787304964292","11h","","","","XL","Speed test aku di Kabupaten Deli Serdang ternyata bikin kaget.  Padahal lagi rame dan banyak yang online, tapi","100","https://x.com/feelshouten/status/2052656787304964292/analytics","549","ULTRA 5G+ tetep ngebut banget.

Upload konten jadi lancar, scrolling nyaman, langsung cek","https://abs.twimg.com/emoji/v2/svg/1f680.svg","","92","XL","ULTRA 5G+ di aplikasi myXL yaa!","#Ultra5G","#SecepatItu","","","https://pbs.twimg.com/amplify_video_thumb/2052656393040297984/img/mIpPP_BotQ0_Nuz0.jpg","","",""
"https://x.com/vcdkz","https://pbs.twimg.com/profile_images/2050221019957440512/LWN-CK9l_normal.jpg","kyumne/ᐠ≽•𐃷•≼マ","@vcdkz","https://x.com/vcdkz/status/2052778871972646955","3h","","","","xl","Jaringan","1","https://x.com/vcdkz/status/2052778871972646955/analytics","41","klo bentuk nya manusia udh gua pukulin sampai meninggal 
Terima kasih","","","3","","","","","","","","","",""
"https://x.com/tanyakanrl","https://pbs.twimg.com/profile_images/1980598133001175040/0Bs5vDOY_normal.jpg","Tanyarl","@tanyakanrl","https://x.com/tanyakanrl/status/2036744945432760590","Mar 25","","","Automated by","XL","ini serius","33","https://x.com/tanyakanrl/status/2036744945432760590/analytics","10K","gak ada promo atau opsi lain?
Udah gw diemin 3 bulanan tetep aja gak muncul promo","https://abs.twimg.com/emoji/v2/svg/1f49a.svg","","19","","","@CPtanyarl","","","","https://pbs.twimg.com/media/HEP4vBvW0AAErvE?format=jpg&name=small","https://x.com/tanyakanrl/status/2036744945432760590/photo/1","",""
"https://x.com/tanyarlfes","https://pbs.twimg.com/profile_images/1610613801526890500/aBOa83uV_normal.jpg","Tanyarlfes","@tanyarlfes","https://x.com/tanyarlfes/status/1998413604781965772","Dec 9, 2025","","","Automated by","XL","GUYS SARANIN KARTU YANG HARGA KOUTANYA MURAH DONG","133","https://x.com/tanyarlfes/status/1998413604781965772/analytics","87K","KU MAKE 3 KARTU DARI","https://abs.twimg.com/emoji/v2/svg/1f49a.svg","https://abs.twimg.com/emoji/v2/svg/1f62d.svg","45","",", SMARTFREN SAMA TELKOMSEL MAHAL SEMUA WOYY","@CPtanyarl","","","679","","","",""
"https://x.com/moonneverdeath","https://pbs.twimg.com/profile_images/1878793738363056128/3zmopNKW_normal.jpg","taaaa","@moonneverdeath","https://x.com/moonneverdeath/status/2052727158561464684","7h","","","komunitas murah-murah","XL","Tawarin tas main dongg, sama atasan fit body tp","35","https://x.com/moonneverdeath/status/2052727158561464684/analytics","888","","https://abs.twimg.com/emoji/v2/svg/1f64f.svg","https://abs.twimg.com/emoji/v2/svg/1f64f.svg","5","","","","","","","","","",""
"https://x.com/discountfess","https://pbs.twimg.com/profile_images/1984666156624723973/Yld5U6gU_normal.jpg","/DF - Base Discountfess","@discountfess","https://x.com/discountfess/status/2036978035149189503","Mar 26","","","Automated by","XL","Pamer kuota murah","114","https://x.com/discountfess/status/2036978035149189503/analytics","331K","prioritas nih ges 24 bulan unlimited kontrak 24 bulan cuma bayar 1,6jt, belinya harus offline ya di outlet Erafone/","","","72","XL","center.","@pampamdf","","","1K","https://pbs.twimg.com/media/HETMuoKWwAAmOsF?format=jpg&name=small","https://x.com/discountfess/status/2036978035149189503/photo/1","",""
"https://x.com/laboucheedilya","https://pbs.twimg.com/profile_images/2040878132983681024/fACHx2aM_normal.jpg","𝕚𝕝𝕪𝕒.","@laboucheedilya","https://x.com/laboucheedilya/status/2052704111578218609","8h","","","","XL","Sekarang aku ga takut lagi buat scroll sosmed kapan aja karena pake","45","https://x.com/laboucheedilya/status/2052704111578218609/analytics","1.6K","ULTRA 5G+ di Kabupaten Gresik secepat itu, speed testnya di atas 300 Mbps. Yuk download aplikasi myXL dan aktifin","https://abs.twimg.com/emoji/v2/svg/2728.svg","https://abs.twimg.com/emoji/v2/svg/1faf5-1f3fb.svg","81","XL","ULTRA 5G+","#myXL","#XLUltra5G","","83","https://pbs.twimg.com/amplify_video_thumb/2052703991797370880/img/62FY9rLmgCzHIoR8.jpg","","",""
"https://x.com/feelshouten","https://pbs.twimg.com/profile_images/2043737527379738624/hFOCenIV_normal.jpg","` nand","@feelshouten","https://x.com/feelshouten/status/2052656787304964292","11h","","","","XL","Speed test aku di Kabupaten Deli Serdang ternyata bikin kaget.  Padahal lagi rame dan banyak yang online, tapi","100","https://x.com/feelshouten/status/2052656787304964292/analytics","549","ULTRA 5G+ tetep ngebut banget.

Upload konten jadi lancar, scrolling nyaman, langsung cek","https://abs.twimg.com/emoji/v2/svg/1f680.svg","","92","XL","ULTRA 5G+ di aplikasi myXL yaa!","#Ultra5G","#SecepatItu","","","https://pbs.twimg.com/amplify_video_thumb/2052656393040297984/img/mIpPP_BotQ0_Nuz0.jpg","","",""
"https://x.com/discountfess","https://pbs.twimg.com/profile_images/1984666156624723973/Yld5U6gU_normal.jpg","/DF - Base Discountfess","@discountfess","https://x.com/discountfess/status/2036978035149189503","Mar 26","https://x.com/discountfess/status/2036978035149189503/photo/1","https://pbs.twimg.com/media/HETMuoKWwAAmOsF?format=jpg&name=small","Automated by","@pampamdf","Pamer kuota murah","XL","https://x.com/discountfess/status/2036978035149189503/analytics","prioritas nih ges 24 bulan unlimited kontrak 24 bulan cuma bayar 1,6jt, belinya harus offline ya di outlet Erafone/","XL","","","center.","114","72","1K","","","","","","",""
"https://x.com/realSakhileGina","https://pbs.twimg.com/profile_images/2045897315333070848/j6uFNpof_normal.jpg","BUKHOSINI","@realSakhileGina","https://x.com/realSakhileGina/status/2052804078439219598","2h","","","and","","Always find XL","1","https://x.com/realSakhileGina/status/2052804078439219598/analytics","58","","https://abs.twimg.com/emoji/v2/svg/1f629.svg","","","","","","","@VillageGuluva","","","","Replying to","https://x.com/VillageGuluva"
"https://x.com/XLa2tuie","https://pbs.twimg.com/profile_images/2047744776653479936/jA_Fp8E1_normal.jpg","XL","@XLa2tuie","https://x.com/XLa2tuie/status/2052817678776356879","1h","","","","Translated from Chinese","I haven't slept yet.","26","https://x.com/XLa2tuie/status/2052817678776356879/analytics","116","","","","","Show original","","","","@wo_dao3092","","","","Replying to","https://x.com/wo_dao3092"
"https://x.com/Shankar32269496","https://pbs.twimg.com/profile_images/2017240801127153665/RNeVArm1_normal.jpg","Shankar JSP","@Shankar32269496","https://x.com/Shankar32269496/status/2052734674930487699","6h","","","","Translated from Estonian","At least put an XL super plant in Kurnool, sir... what are you doing, Babu, are you working out at the gym?","5","https://x.com/Shankar32269496/status/2052734674930487699/analytics","922","Did you even visit Kurnool once, or what, being the minister there?","","","","Show original","","","GIF","@ncbn","","","","Replying to","https://x.com/ncbn"
"https://x.com/XLa2tuie","https://pbs.twimg.com/profile_images/2047744776653479936/jA_Fp8E1_normal.jpg","XL","@XLa2tuie","https://x.com/XLa2tuie/status/2052751076517187750","5h","","","","Translated from Chinese","Come on","35","https://x.com/XLa2tuie/status/2052751076517187750/analytics","86","","","","","Show original","","","","@Qnnoom","","","","Replying to","https://x.com/Qnnoom"
"https://x.com/XLa2tuie","https://pbs.twimg.com/profile_images/2047744776653479936/jA_Fp8E1_normal.jpg","XL","@XLa2tuie","https://x.com/XLa2tuie/status/2052802544137916712","2h","","","","","怎么了","8","https://x.com/XLa2tuie/status/2052802544137916712/analytics","75","","","","","","","","","@ashdshde1924971","","","","Replying to","https://x.com/ashdshde1924971"
"https://x.com/matt10729846","https://pbs.twimg.com/profile_images/1763214726639550464/9CtZ_jIu_normal.jpg","lemattso","@matt10729846","https://x.com/matt10729846/status/2052803050281038210","2h","","","","XL","J’ai","1","https://x.com/matt10729846/status/2052803050281038210/analytics","10","si jamais haha","","","1","","","","","@AlexW__7","","","","Replying to","https://x.com/AlexW__7"
"https://x.com/XLa2tuie","https://pbs.twimg.com/profile_images/2047744776653479936/jA_Fp8E1_normal.jpg","XL","@XLa2tuie","https://x.com/XLa2tuie/status/2052800202663489742","2h","","","","","我","1","https://x.com/XLa2tuie/status/2052800202663489742/analytics","204","","","","31","","","","","@Chelsey_u_","","","","Replying to","https://x.com/Chelsey_u_"
"https://x.com/XLa2tuie","https://pbs.twimg.com/profile_images/2047744776653479936/jA_Fp8E1_normal.jpg","XL","@XLa2tuie","https://x.com/XLa2tuie/status/2052807831607562493","1h","","","","","来","4","https://x.com/XLa2tuie/status/2052807831607562493/analytics","152","","","","","","","","","@rouovop","","","","Replying to","https://x.com/rouovop"
"https://x.com/MDlol75","https://pbs.twimg.com/profile_images/1439856007635558404/wYBRBcwy_normal.jpg","XL","@MDlol75","https://x.com/MDlol75/status/2052776737835303141","3h","","","and","","HOMETOWN ROMANCE EP6","2","https://x.com/MDlol75/status/2052776737835303141/analytics","48","","https://abs.twimg.com/emoji/v2/svg/1f602.svg","https://abs.twimg.com/emoji/v2/svg/1f602.svg","1","","","#คุณแฟนบ้านนอกEP6","","@sonyasarann","","","","Replying to","https://x.com/sonyasarann"
"https://x.com/longofflongoff","https://pbs.twimg.com/profile_images/1952077381759352832/g2IAIosz_normal.jpg","French Fries","@longofflongoff","https://x.com/longofflongoff/status/2052815376329900495","1h","","","","Xl","DC is nothing but “Leg ke Lapedu","1","https://x.com/longofflongoff/status/2052815376329900495/analytics","9","”","","","","","","","","","","","","",""
"https://x.com/ukejail","https://pbs.twimg.com/profile_images/2048173825075056640/J9uJIhU-_normal.jpg","general","@ukejail","https://x.com/ukejail/status/2052808005490516079","1h","","","","xl","is so cute. i want to spend all my time perving on him","2","https://x.com/ukejail/status/2052808005490516079/analytics","38","","","","","","","","","","","","","",""
"https://x.com/tuzlufistik0634","https://pbs.twimg.com/profile_images/1818589965564977152/OBjnS51T_normal.jpg","otostopcu","@tuzlufistik0634","https://x.com/tuzlufistik0634/status/2052811319221318096","1h","","","","Translated from Turkish","Sorry for the trouble, fuck my mom, ya, no need to call a courier or anything, I'll toss it from the balcony if I have to, the Popeyes Maxi XL menu","1","https://x.com/tuzlufistik0634/status/2052811319221318096/analytics","330","","","","","Show original","","","","@bpthaber","","","","Replying to","https://x.com/bpthaber"
"https://x.com/guinn_oneal","https://pbs.twimg.com/profile_images/2032925744456937474/efGKvt6A_normal.jpg","MAGA Hillbilly","@guinn_oneal","https://x.com/guinn_oneal/status/2052799537597575592","2h","","","","XL","350 4 stroke","1","https://x.com/guinn_oneal/status/2052799537597575592/analytics","46","","","","","","","","","@lippyent","","https://pbs.twimg.com/media/HH0CTK4WwAMwb3h?format=jpg&name=small","https://x.com/guinn_oneal/status/2052799537597575592/photo/1","Replying to","https://x.com/lippyent"
"https://x.com/lobodemontania","https://pbs.twimg.com/profile_images/1867687273556279296/Car80lOh_normal.jpg","Lukə","@lobodemontania","https://x.com/lobodemontania/status/2052820974072991877","56m","","","","XL","Sin miedo al éxito! Ranger","1","https://x.com/lobodemontania/status/2052820974072991877/analytics","26","2025 2.0 turbo","https://abs.twimg.com/emoji/v2/svg/1f64c-1f3fc.svg","https://abs.twimg.com/emoji/v2/svg/1f525.svg","1","","","","","@lunita_loop","","https://pbs.twimg.com/media/HH0Vxp7WsAIrbzp?format=jpg&name=small","https://x.com/lobodemontania/status/2052820974072991877/photo/1","Replying to","https://x.com/lunita_loop"
"https://x.com/RA_nole71","https://pbs.twimg.com/profile_images/490648576096079872/8HsK4OYz_normal.jpeg","R A Nole","@RA_nole71","https://x.com/RA_nole71/status/2052822024326709455","52m","","","","XL","","1","https://x.com/RA_nole71/status/2052822024326709455/analytics","2","","","","","","","","","@YankeesPod","","","","Replying to","https://x.com/YankeesPod"
"https://x.com/XeunLawal","https://pbs.twimg.com/profile_images/1717622577546264576/_bSrTHF1_normal.jpg","THE XL","@XeunLawal","https://x.com/XeunLawal/status/2052696010598576551","9h","","","","","The short form will be Ramandan instead of Amanda","4","https://x.com/XeunLawal/status/2052696010598576551/analytics","6.1K","","","","70","","","","","@KikelomoSowore","","","","Replying to","https://x.com/KikelomoSowore"
"https://x.com/kaleylovesyuri","https://pbs.twimg.com/profile_images/2049627664219021312/llPfFU9f_normal.jpg","kαley","@kaleylovesyuri","https://x.com/kaleylovesyuri/status/2052788582247514601","3h","","","and","xl","dont forget gd at the end of that too, you can add stuff to the search and youll find a ton of low viewed videos of peoples levels

3. just search random words with long","1","https://x.com/kaleylovesyuri/status/2052788582247514601/analytics","22","filter and go to low likes again, youll find a ton of stuff !!!","","","2","","","","","@kaleylovesyuri","","","","Replying to","https://x.com/kaleylovesyuri"
"https://x.com/LadyboyLover77","https://pbs.twimg.com/profile_images/2030349880556957696/Q9uoBVu9_normal.jpg","XL","@LadyboyLover77","https://x.com/LadyboyLover77/status/2052828011662369260","28m","","","","","Yes","2","https://x.com/LadyboyLover77/status/2052828011662369260/analytics","15","","","","","","","","","@_CheriiPop","","","","Replying to","https://x.com/_CheriiPop"
"https://x.com/RIreland29776","https://pbs.twimg.com/profile_images/1805971994074083329/Ov7twKyE_normal.jpg","RedandWhite Ireland","@RIreland29776","https://x.com/RIreland29776/status/2052817704604610631","1h","https://t.co/ERsWKOj64c","https://pbs.twimg.com/card_img/2052093936555212800/6XwfYxSO?format=jpg&name=small","Woman bitten in face after husband encouraged XL Bully dog to bite her, Kildare court claim","","","1","https://x.com/RIreland29776/status/2052817704604610631/analytics","27","","","","","","","","","@gerheffernan23","","","","Replying to","https://x.com/gerheffernan23"
"https://x.com/Huangle40533913","https://pbs.twimg.com/profile_images/2050279824036364288/3wYHag7X_normal.jpg","Santy","@Huangle40533913","https://x.com/Huangle40533913/status/2052577222909669755","17h","","https://pbs.twimg.com/tweet_video_thumb/HHw4GYvW4AI2_vY.jpg","","Translated from Spanish","HELL, THE DUDES FROM SALAS REMEMBERING THAT THE PRIZE WAS A TRIPLE XL WHOPPER FROM BURGER","6","https://x.com/Huangle40533913/status/2052577222909669755/analytics","2.5K","","","","73","Show original","","","GIF","@SpiderCarp23","","","","Replying to","https://x.com/SpiderCarp23"
"https://x.com/hakikatsurgunu1","https://pbs.twimg.com/profile_images/2040081399940874240/CThDQCJG_normal.jpg","kerim rahmi koç","@hakikatsurgunu1","https://x.com/hakikatsurgunu1/status/2052777714281586992","3h","","","Translated from Turkish","xl","Bütün ağırsağlam ürünlerimi isteyene veririm bedenler","5","https://x.com/hakikatsurgunu1/status/2052777714281586992/analytics","151","müracaat dm benim abim sakattır meczuptur ciddiye almayın","","","","","","","","Quote","","","","5h",""
"https://x.com/XlXlmi99506","https://pbs.twimg.com/profile_images/1819429963965067264/Ab843dI7_normal.jpg","xlmi XL","@XlXlmi99506","https://x.com/XlXlmi99506/status/2052780093345522139","3h","","","","","man's best friends... speak the truth...","2","https://x.com/XlXlmi99506/status/2052780093345522139/analytics","86","","","","","","","","","@lovetocook12345","","","","Replying to","https://x.com/lovetocook12345"
"https://x.com/FredStian","https://pbs.twimg.com/profile_images/1984426382651170816/JWDx8KaC_normal.jpg","Fred Stian","@FredStian","https://x.com/FredStian/status/2052786814314770800","3h","https://t.co/NMdrHl5iDO","https://pbs.twimg.com/card_img/2052786729581481991/PYqk6x_4?format=jpg&name=240x240","nrk.no","","The exact same thing happened in Norway","1","https://x.com/FredStian/status/2052786814314770800/analytics","120","","","","","Fann spor av UFO-landinga i Forsvarets hemmelege arkiv","","","","@RedPandaKoala","","","https://t.co/NMdrHl5iDO","Replying to","https://x.com/RedPandaKoala"
"https://x.com/dittoheadAZ","https://pbs.twimg.com/profile_images/2039334174126129152/BpreGHLZ_normal.jpg","Paul from Occupy Intelligence","@dittoheadAZ","https://x.com/dittoheadAZ/status/2052792420048490503","2h","","","and","XL","If she's on it, it's automatically","1","https://x.com/dittoheadAZ/status/2052792420048490503/analytics","4",".","","","","","","","","@WoodbridgeGOP","","","","Replying to","https://x.com/WoodbridgeGOP"
"https://x.com/Huangle40533913","https://pbs.twimg.com/profile_images/2050279824036364288/3wYHag7X_normal.jpg","Santy","@Huangle40533913","https://x.com/Huangle40533913/status/2052577222909669755","17h","","","","Translated from Spanish","HELL, THE DUDES FROM SALAS REMEMBERING THAT THE PRIZE WAS A TRIPLE XL WHOPPER FROM BURGER","6","https://x.com/Huangle40533913/status/2052577222909669755/analytics","2.5K","","","","73","Show original","","","GIF","@SpiderCarp23","","","","Replying to","https://x.com/SpiderCarp23"
"https://x.com/Kachelmann","https://pbs.twimg.com/profile_images/1089680200764452864/gviQhlJ7_normal.jpg","Jörg @kachelmann anderswo: @realkachelmann","@Kachelmann","https://x.com/Kachelmann/status/2052636621585936810","13h","","","","Translated from German",".","27","https://x.com/Kachelmann/status/2052636621585936810/analytics","12K","is lying. Even on a completely cloudless sky, purely mathematically, 16 hours of sunshine are currently not possible anywhere in Germany.

Likewise, no model shows the possibility of a maximum temperature of 28 degrees for Passau.","","","37","Show original","","","","","486","https://pbs.twimg.com/media/HHxuGVVWoAMeha5?format=png&name=small","https://x.com/Kachelmann/status/2052636621585936810/photo/1","",""
"https://x.com/jhenhawk17","https://pbs.twimg.com/profile_images/1402856995103911943/Vaswp2nT_normal.jpg","Jake Henhawk","@jhenhawk17","https://x.com/jhenhawk17/status/2052747985163784396","5h","","","","XL","I need this shirt in a","4","https://x.com/jhenhawk17/status/2052747985163784396/analytics","95","","","","3","","","","","@Chris_Collins33","","","","Replying to","https://x.com/Chris_Collins33"
"https://x.com/Sainoleno","https://pbs.twimg.com/profile_images/2021951344047718400/cJepDOOb_normal.jpg","Saino","@Sainoleno","https://x.com/Sainoleno/status/2052794016446484846","2h","","","and","XL","gQuip","1","https://x.com/Sainoleno/status/2052794016446484846/analytics","6","","","","","","","","","@XLmeta_x","","","","Replying to","https://x.com/XLmeta_x"
"https://x.com/Carlos76Estrell","https://pbs.twimg.com/profile_images/2000306859895345155/dfa-n9d-_normal.jpg","Carlos Estrella","@Carlos76Estrell","https://x.com/Carlos76Estrell/status/2052787079004701121","3h","","","","XL","Una camiseta memorable...de no ser por las rayas","1","https://x.com/Carlos76Estrell/status/2052787079004701121/analytics","13","","","","","","","","","@Luis_JFT97","","","","Replying to","https://x.com/Luis_JFT97"
"https://x.com/XlXlmi99506","https://pbs.twimg.com/profile_images/1819429963965067264/Ab843dI7_normal.jpg","xlmi XL","@XlXlmi99506","https://x.com/XlXlmi99506/status/2052777964492972332","3h","","","","","Love this guy... he's real... something the dems/commies can't replicate... ever...","3","https://x.com/XlXlmi99506/status/2052777964492972332/analytics","34","","","","","","","","","@nicksortor","","","","Replying to","https://x.com/nicksortor"
"https://x.com/trilllqueen","https://pbs.twimg.com/profile_images/2034696234120998912/cTbIBvaY_normal.jpg","areola grande","@trilllqueen","https://x.com/trilllqueen/status/2052760387984982347","4h","","","","xl","im so eepy, i need an","8","https://x.com/trilllqueen/status/2052760387984982347/analytics","113","macchiato STAT","","","","","","","","","","","","",""
"https://x.com/_Pretty_Miraa","https://pbs.twimg.com/profile_images/2038331828084383744/hoGIgitI_normal.jpg","Pretty Mira","@_Pretty_Miraa","https://x.com/_Pretty_Miraa/status/2052779699319795867","3h","","","","XL","Happy Friday mood","1","https://x.com/_Pretty_Miraa/status/2052779699319795867/analytics","11","Let your energy remain soft and your heart stay emotionally light today calm","","","","","","","","@XLmeta_x","","","","Replying to","https://x.com/XLmeta_x"
"https://x.com/ceomirrorselfie","https://pbs.twimg.com/profile_images/1962870381511147520/QN2EjKoM_normal.jpg","shaannn","@ceomirrorselfie","https://x.com/ceomirrorselfie/status/2052407234123141395","May 7","","","","xl","Kuota","2","https://x.com/ceomirrorselfie/status/2052407234123141395/analytics","642","karena dia pake jaringan 5g boros bgt kuota yg dipakee","https://abs.twimg.com/emoji/v2/svg/1f605.svg","","7","","","","","","","","","",""
"https://x.com/tanyakanrl","https://pbs.twimg.com/profile_images/1980598133001175040/0Bs5vDOY_normal.jpg","Tanyarl","@tanyakanrl","https://x.com/tanyakanrl/status/1995651407794348225","Dec 2, 2025","","","Automated by","XL","Provider kuota yang murah tu apa sihhh,","240","https://x.com/tanyakanrl/status/1995651407794348225/analytics","133K","makin ga ngotakk. rencananya mau beli sebulan pake sim ini, sebulan lagi sim ini gt nyari yang lebih murahh","https://abs.twimg.com/emoji/v2/svg/1f49a.svg","","50","","","@CPtanyarl","","","433","https://pbs.twimg.com/media/G7H6YRAXsAAtVWH?format=jpg&name=small","https://x.com/tanyakanrl/status/1995651407794348225/photo/1","",""
"https://x.com/iluvmusic86","https://pbs.twimg.com/profile_images/1554778957/iluvmusic_normal.JPG","iluvmusic86","@iluvmusic86","https://x.com/iluvmusic86/status/2052426329534984317","May 7","","","","XL","","1","https://x.com/iluvmusic86/status/2052426329534984317/analytics","30","","","","2","","","","","@YankeesPod","","","","Replying to","https://x.com/YankeesPod"
"https://x.com/myXLCare","https://pbs.twimg.com/profile_images/1374609369183051777/N_owBmDb_normal.jpg","myXLCare","@myXLCare","https://x.com/myXLCare/status/2049408132615671969","Apr 29","https://x.com/myXLCare/status/2049408132615671969/photo/1","https://pbs.twimg.com/media/HHD1DwjawAIPuPG?format=jpg&name=360x360","","","G I V E A W A Y","1K","https://x.com/myXLCare/status/2049408132615671969/analytics","23K","Halo Teman Maya!","https://abs.twimg.com/emoji/v2/svg/2728.svg","https://abs.twimg.com/emoji/v2/svg/1f499.svg","496","","Siapa nih yang mau hadiah SALDO GOPAY lagi? 

Yuk ikutan","#QuizSeruMaya","","","552","https://pbs.twimg.com/media/HHD1Gdka0AAM4HE?format=jpg&name=360x360","https://x.com/myXLCare/status/2049408132615671969/photo/2","",""
"https://x.com/xlsatu_","https://pbs.twimg.com/profile_images/1759861414473465856/-B85dEo3_normal.jpg","XL SATU","@xlsatu_","https://x.com/xlsatu_/status/2052448801278017844","May 8","","","","XL","Hi Ibu Dahlia, maaf ya sementara ini kami tidak bisa merespon mention/DM yang Anda kirim ke Twitter","4","https://x.com/xlsatu_/status/2052448801278017844/analytics","37",". Tapi jangan khawatir, kami akan tetap bantu Anda melalui DM Facebook","","","","","SATU ya :) Thanks  - ^Aditya","","","@BangunDahl63922","","","","Replying to","https://x.com/BangunDahl63922"
"https://x.com/MTrax68794","https://pbs.twimg.com/profile_images/1912150161477738496/l649P2Rc_normal.jpg","M4TRAX XL","@MTrax68794","https://x.com/MTrax68794/status/2052492943273890166","22h","","","","Translated from Turkish","Offf you're amazing gorgeous","11","https://x.com/MTrax68794/status/2052492943273890166/analytics","1K","","https://abs.twimg.com/emoji/v2/svg/1f60b.svg","https://abs.twimg.com/emoji/v2/svg/1f60b.svg","","Show original","","","","@fatma124590","","","","Replying to","https://x.com/fatma124590"
"https://x.com/Amonmrk","https://pbs.twimg.com/profile_images/1914076433544056832/VfpQJfZN_normal.jpg","J","@Amonmrk","https://x.com/Amonmrk/status/2052791490867335350","2h","","","and","XL","Bacon double cheeseburger","1","https://x.com/Amonmrk/status/2052791490867335350/analytics","46","is the one","","","2","","","","","@TJayyyy_1","","","","Replying to","https://x.com/TJayyyy_1"
"https://x.com/supafemcees","https://pbs.twimg.com/profile_images/2047060135403556864/YfMXzFiz_normal.jpg","xl tchotchke milkshake plz","@supafemcees","https://x.com/supafemcees/status/2052827580668018874","30m","https://x.com/supafemcees/status/2052827580668018874/photo/1","https://pbs.twimg.com/media/HH0bzjKXAAQhpMg?format=jpg&name=360x360","","","Okay well her other albums for start but these albums have similar vibes. Other albums: Electric Circus by Common, Floetic by Floetry, Black On Both Sides, Buhloone Mindstate, A Love Story by Vivian Green, Your Woman by Sunshine Anderson and Even Closer by Goapele","1","https://x.com/supafemcees/status/2052827580668018874/analytics","17","","","","1","","","","","@gooddaymp3","","https://pbs.twimg.com/media/HH0bzjNWsAAvTmH?format=jpg&name=360x360","https://x.com/supafemcees/status/2052827580668018874/photo/2","Replying to","https://x.com/gooddaymp3"
"https://x.com/naaazzzs","https://pbs.twimg.com/profile_images/2044450028203425792/FynaGMrD_normal.jpg","Nazz","@naaazzzs","https://x.com/naaazzzs/status/2052091966025031861","May 7","","","","XL","guys adakah yg mau beli pulsaa dengan harga miring?? cuma mau abisin poin ajaa","66","https://x.com/naaazzzs/status/2052091966025031861/analytics","9.6K","bisa indosat, telkomsel, 3 ,","https://abs.twimg.com/emoji/v2/svg/1f62d.svg","https://abs.twimg.com/emoji/v2/svg/1f62d.svg","2","","200,000 > jadi 168,500
150,000 > jadi 120,000
100,000 > jadi 78,000
50,000 > jadi 38,500","","","","86","","","",""
"https://x.com/memorylanefc","https://pbs.twimg.com/profile_images/1849478823081082880/Tc9k99QS_normal.jpg","Jake Anyon","@memorylanefc","https://x.com/memorylanefc/status/2052798766785478902","2h","","","","XL","LA Galaxy long sleeve - medium -Beckham £65

Brazil 94 3 star - large - Ronaldo £105

River Plate 11 -","1","https://x.com/memorylanefc/status/2052798766785478902/analytics","263","- Trezeguet £55","","","2","","","","","@memorylanefc","","https://pbs.twimg.com/media/HH0BlnRaYAAZ-05?format=jpg&name=small","https://x.com/memorylanefc/status/2052798766785478902/photo/1","Replying to","https://x.com/memorylanefc"
"https://x.com/2juillett","https://pbs.twimg.com/profile_images/2028218879739133953/YtXIdzyo_normal.jpg","´´","@2juillett","https://x.com/2juillett/status/2052487821756076204","23h","","","","Translated from French","girls can we talk about the Zara XS that's actually an XL please it's driving me crazy","17","https://x.com/2juillett/status/2052487821756076204/analytics","100K","","","","120","Show original","","","","","549","","","",""
"https://x.com/logicfgs","https://pbs.twimg.com/profile_images/1535236437188218881/-pTDCdnp_normal.jpg","xL","@logicfgs","https://x.com/logicfgs/status/2052797969666027674","2h","","https://pbs.twimg.com/tweet_video_thumb/HH0A29nWcAsaNOo.jpg","","","NSNV crooners Una","3","https://x.com/logicfgs/status/2052797969666027674/analytics","1.9K","","","","1","","","","GIF","","15","","","",""
"https://x.com/MTrax68794","https://pbs.twimg.com/profile_images/1912150161477738496/l649P2Rc_normal.jpg","M4TRAX XL","@MTrax68794","https://x.com/MTrax68794/status/2052798892111020520","2h","","","","","Dm gel","1","https://x.com/MTrax68794/status/2052798892111020520/analytics","31","","","","","","","","","@Balkutusuu016","","","","Replying to","https://x.com/Balkutusuu016"
"https://x.com/calledxL","https://pbs.twimg.com/profile_images/2021561977282387969/yWNgTZOd_normal.jpg","xL","@calledxL","https://x.com/calledxL/status/2052798078558585019","2h","","","","","gmdr","1","https://x.com/calledxL/status/2052798078558585019/analytics","22","","","","","","","","","@LoneRogue8","","","","Replying to","https://x.com/LoneRogue8"
"https://x.com/logicfgs","https://pbs.twimg.com/profile_images/1535236437188218881/-pTDCdnp_normal.jpg","xL","@logicfgs","https://x.com/logicfgs/status/2052772876663640236","4h","","","","","Fair enough","2","https://x.com/logicfgs/status/2052772876663640236/analytics","1.2K","","https://abs.twimg.com/emoji/v2/svg/1f602.svg","","","","","","","@bengrym101","","","","Replying to","https://x.com/bengrym101"
"https://x.com/GeekyTechyIn","https://pbs.twimg.com/profile_images/1633845266406313986/lpk9850B_normal.jpg","Geeky Techy","@GeekyTechyIn","https://x.com/GeekyTechyIn/status/2052788489763045658","3h","","","","XL","Samsung HW-B650F/","1","https://x.com/GeekyTechyIn/status/2052788489763045658/analytics","323","Soundbar @ Rs.11,840*","","","","","Lowest Price of the sale!!","","","","","","","",""
"https://x.com/Dw69XRP","https://pbs.twimg.com/profile_images/1878218800702664704/Yp_8vJi-_normal.jpg","H BAR","@Dw69XRP","https://x.com/Dw69XRP/status/2052789832301334909","3h","","","and","xl","Because Trump put you in your place when he opened  the","1","https://x.com/Dw69XRP/status/2052789832301334909/analytics","27","keystone pipeline project things changed real quick","","","","","","","","@MarkJCarney","","","","Replying to","https://x.com/MarkJCarney"
"https://x.com/komemedesu","https://pbs.twimg.com/profile_images/1960755538394013700/o_uKcYw7_normal.png","☆ флеш карамбола ☆","@komemedesu","https://x.com/komemedesu/status/2052822002491163053","52m","","","","Translated from Russian","clothing. mass market? buy it for a thousand or for 6k - shoes fall apart after a season, clothes wear out fast. you gotta find decent stuff and figure it out. plus they sew it for nobody, if it doesn't fit anyone by size, neither xs nor xl","1","https://x.com/komemedesu/status/2052822002491163053/analytics","11","","","","","Show original","","","","@susnyan","","","","Replying to","https://x.com/susnyan"
"https://x.com/XLRECORDINGS","https://pbs.twimg.com/profile_images/1797932474816708608/dmaEcyVO_normal.jpg","XL RECORDINGS","@XLRECORDINGS","https://x.com/XLRECORDINGS/status/2052483984861413726","23h","","","","","OVERMONO - PURE DEVOTION
The new album coming summer 2026.","5","https://x.com/XLRECORDINGS/status/2052483984861413726/analytics","38K","","","","66","","","","","","342","https://pbs.twimg.com/amplify_video_thumb/2052483880779661318/img/PylI8aNdHWRcBQ-u.jpg","","",""
"https://x.com/logicfgs","https://pbs.twimg.com/profile_images/1535236437188218881/-pTDCdnp_normal.jpg","xL","@logicfgs","https://x.com/logicfgs/status/2052797969666027674","2h","","","","","NSNV crooners Una","3","https://x.com/logicfgs/status/2052797969666027674/analytics","1.9K","","","","1","","","","GIF","","15","","","",""
"https://x.com/jackpot_1117","https://pbs.twimg.com/profile_images/2039385142339543040/j8PjMOdV_normal.jpg","JACKPOT","@jackpot_1117","https://x.com/jackpot_1117/status/2052717520034144424","7h","https://help.x.com/rules-and-policies/authenticity","https://abs.twimg.com/responsive-web/client-web/parody-mask.92274f0a.svg","Fan account","Translated from Korean","260508 Incheon University
XL (Extra Love) _ [PRE_CAM]

* Focus on Jackie","11","https://x.com/jackpot_1117/status/2052717520034144424/analytics","702","","","","23","Show original","","#ICHILLIN","#JACKIE","","#쟄과콩나물","https://pbs.twimg.com/amplify_video_thumb/2052717333731495936/img/krHCbl_MBp-pnEap.jpg","","","https://x.com/hashtag/%EC%9F%84%EA%B3%BC%EC%BD%A9%EB%82%98%EB%AC%BC?src=hashtag_click"
"https://x.com/XLRECORDINGS","https://pbs.twimg.com/profile_images/1797932474816708608/dmaEcyVO_normal.jpg","XL RECORDINGS","@XLRECORDINGS","https://x.com/XLRECORDINGS/status/2052483984861413726","23h","","","","","OVERMONO - PURE DEVOTION
The new album coming summer 2026.","5","https://x.com/XLRECORDINGS/status/2052483984861413726/analytics","38K","","","","66","","","","","0:58","342","","","",""
"https://x.com/elpatanbb","https://pbs.twimg.com/profile_images/2035791545979514880/mZ4F8bqB_normal.jpg","El Patan XL","@elpatanbb","https://x.com/elpatanbb/status/2052767171399266641","4h","https://help.x.com/rules-and-policies/authenticity","https://abs.twimg.com/responsive-web/client-web/parody-mask.92274f0a.svg","Parody account","Translated from Spanish","That light blue water color ain't normal","3","https://x.com/elpatanbb/status/2052767171399266641/analytics","400","","https://abs.twimg.com/emoji/v2/svg/1f923.svg","","","Show original","","","","@PayasoTristeAlv","","","","Replying to","https://x.com/PayasoTristeAlv"
"https://x.com/gyulets","https://pbs.twimg.com/profile_images/2019914498753097728/JY25dXaq_normal.jpg","boovalu (","@gyulets","https://x.com/gyulets/status/2052794092724052371","2h","","https://pbs.twimg.com/tweet_video_thumb/HHz9V-ZWsAMSeyE.jpg","","xl","en celo","1","https://x.com/gyulets/status/2052794092724052371/analytics","95","","","","4","","","","GIF","@hyunuspring","","","","Replying to","https://x.com/hyunuspring"
"https://x.com/aditi_lee","https://pbs.twimg.com/profile_images/1164725427706875905/xn0DGsWu_normal.jpg","Aditi Lee","@aditi_lee","https://x.com/aditi_lee/status/2052753896230281245","5h","","","","Translated from Chinese","This game was ruined first by the merchants, false claims, faux leather pretending to be genuine leather, synthetic fibers posing as pure cotton, clearly only XL size available, yet listed as 4 sizes,... so shoddy it's outrageously absurd...","5","https://x.com/aditi_lee/status/2052753896230281245/analytics","1.3K","","","","","Show original","","","","@yantanzhang","","","","Replying to","https://x.com/yantanzhang"
"https://x.com/yasinustaTS61","https://pbs.twimg.com/profile_images/1873355514207203328/coyqVkK__normal.jpg","yasin-usta","@yasinustaTS61","https://x.com/yasinustaTS61/status/2052667747272716625","11h","","","","Translated from Turkish","The solution is simple, you put it on a plane and send it back, and in the explanation you write ""I had ordered L, XL arrived"" and that's it, done.","1","https://x.com/yasinustaTS61/status/2052667747272716625/analytics","4.1K","","","","72","Show original","","","","@futbomob","","","","Replying to","https://x.com/futbomob"
"https://x.com/tthoughtts101","https://pbs.twimg.com/profile_images/2029622611681103874/zehw7RJ4_normal.jpg","letterswontdoit","@tthoughtts101","https://x.com/tthoughtts101/status/2052651128001647103","12h","","","","XL","White Tee
14k.
Available in sizes L /","1","https://x.com/tthoughtts101/status/2052651128001647103/analytics","3.1K","","","","4","","","","","","12","https://pbs.twimg.com/media/HHx7UFbWkAQ8CfF?format=jpg&name=small","https://x.com/tthoughtts101/status/2052651128001647103/photo/1","",""
"https://x.com/logicfgs","https://pbs.twimg.com/profile_images/1535236437188218881/-pTDCdnp_normal.jpg","xL","@logicfgs","https://x.com/logicfgs/status/2052770708762042689","4h","","","and","","Rim effect","1","https://x.com/logicfgs/status/2052770708762042689/analytics","1K","","","","","","","","","@chefJud3","","","","Replying to","https://x.com/chefJud3"
"https://x.com/XLRECORDINGS","https://pbs.twimg.com/profile_images/1797932474816708608/dmaEcyVO_normal.jpg","XL RECORDINGS","@XLRECORDINGS","https://x.com/XLRECORDINGS/status/2052483984861413726","23h","","","0:03 / 1:00","","OVERMONO - PURE DEVOTION
The new album coming summer 2026.","5","https://x.com/XLRECORDINGS/status/2052483984861413726/analytics","38K","","","","66","","","","","","342","","","",""
"https://x.com/gyulets","https://pbs.twimg.com/profile_images/2019914498753097728/JY25dXaq_normal.jpg","boovalu (","@gyulets","https://x.com/gyulets/status/2052794092724052371","2h","","","","xl","en celo","1","https://x.com/gyulets/status/2052794092724052371/analytics","95","","","","4","","","","GIF","@hyunuspring","","","","Replying to","https://x.com/hyunuspring"
"https://x.com/1010XL","https://pbs.twimg.com/profile_images/1831432168335130624/DIFGWYX8_normal.jpg","1010 XL / 92.5 FM","@1010XL","https://x.com/1010XL/status/2052818175968846211","1h","","","@RyanGreen1010XL","#DUUUVAL","Do you think the Jaguars' roster has IMPROVED this offseason?

We asked the hosts of 1010XL to give us their thoughts heading into rookie mini-camp!","1","https://x.com/1010XL/status/2052818175968846211/analytics","991","|","","","5","","","#Jaguars","@md_1010xl","","4","https://pbs.twimg.com/amplify_video_thumb/2052817405953392641/img/DrSVzoTWN1FZvTFv.jpg","","",""
"https://x.com/underthepale","https://pbs.twimg.com/profile_images/1150940998/underthepail_normal.jpg","UnderThePale","@underthepale","https://x.com/underthepale/status/2052704400557183188","8h","","","","XL","Dear idiots:

Biden's $5 a gallon was brought to you by him (illegally) ending Keystone","2","https://x.com/underthepale/status/2052704400557183188/analytics","471",".

Trump's $5 a gallon is also because of that.

Hope this helps.","https://abs.twimg.com/emoji/v2/svg/1f595-1f3fb.svg","","1","","","","","@reddit_lies","17","","","Replying to","https://x.com/reddit_lies"
"https://x.com/maireta13","https://pbs.twimg.com/profile_images/1956355360370896901/rks-johS_normal.jpg","Maireta","@maireta13","https://x.com/maireta13/status/2052782310550835424","3h","","","","xl","Potser q es dediquin a vigilar els riscos d’anar","1","https://x.com/maireta13/status/2052782310550835424/analytics","39","carrer sense q t’atraquin, o t’apunyalin… q ja tenen prou feina","","","2","","","","","@3CatInfo","","","","Replying to","https://x.com/3CatInfo"
"https://x.com/logicfgs","https://pbs.twimg.com/profile_images/1535236437188218881/-pTDCdnp_normal.jpg","xL","@logicfgs","https://x.com/logicfgs/status/2052794548921716856","2h","","","","","Na just lyrics turn Wahala like this","1","https://x.com/logicfgs/status/2052794548921716856/analytics","416","","https://abs.twimg.com/emoji/v2/svg/1f602.svg","","","","","","","@Lolade4PF","","","","Replying to","https://x.com/Lolade4PF"
"https://x.com/ngochhn01","https://pbs.twimg.com/profile_images/1918124635801174016/4EZ9bzdM_normal.jpg","ngochhn1","@ngochhn01","https://x.com/ngochhn01/status/2052775506307919899","3h","https://help.x.com/rules-and-policies/authenticity","https://abs.twimg.com/responsive-web/client-web/parody-mask.92274f0a.svg","Fan account","Translated from Vietnamese","The price of a belated apology after 9 years.","2","https://x.com/ngochhn01/status/2052775506307919899/analytics","242","","","","","Show original","","","","@lingormemtoiday","","","","Replying to","https://x.com/lingormemtoiday"
"https://x.com/xinlongfan","https://pbs.twimg.com/profile_images/2031397932264751104/0d2g2VcQ_normal.jpg","","@xinlongfan","https://x.com/xinlongfan/status/2052772115913511084","4h","","","","xl","sometimes i still think about that one k-hate tweet back from b2p where they said","3","https://x.com/xinlongfan/status/2052772115913511084/analytics","1.5K","won’t fit the lineup bc he looks too big and manly or whatever and he’ll stick out too much… cut to him being the smallest (and imo cutest) in the group","","","6","","","","","","71","","","",""
"https://x.com/N25sAmia","https://pbs.twimg.com/profile_images/2041304606819614720/yPArf4Yh_normal.jpg","꒰♡꒱˚₊ ‧ 𝘢𝘮𝘪𝘢. ⊹ ₊꒰♡꒱","@N25sAmia","https://x.com/N25sAmia/status/2052575403076698301","17h","","https://pbs.twimg.com/ext_tw_video_thumb/2052481019161272320/pu/img/iRlQU-KV4qPPp4tD.jpg","","xl","this is me when mafuyu tells the waiter at the diner to make my fries","2","https://x.com/N25sAmia/status/2052575403076698301/analytics","3.6K","sized instead of medium","","","46","","","","","Quote","306","","","23h",""
"https://x.com/1010XL","https://pbs.twimg.com/profile_images/1831432168335130624/DIFGWYX8_normal.jpg","1010 XL / 92.5 FM","@1010XL","https://x.com/1010XL/status/2052818175968846211","1h","","","@RyanGreen1010XL","#DUUUVAL","Do you think the Jaguars' roster has IMPROVED this offseason?

We asked the hosts of 1010XL to give us their thoughts heading into rookie mini-camp!","1","https://x.com/1010XL/status/2052818175968846211/analytics","991","|","","","5","","","#Jaguars","@md_1010xl","2:50","4","","","",""
"https://x.com/r4therfordb","https://pbs.twimg.com/profile_images/2037992640726130689/aFop-XRF_normal.jpg","yok","@r4therfordb","https://x.com/r4therfordb/status/2052795699918475673","2h","","","","xl","artik bunyem maxi","1","https://x.com/r4therfordb/status/2052795699918475673/analytics","10","kaldiramiyor mlsf","","","","","","","","","","","","",""
"https://x.com/0o0_Vv","https://pbs.twimg.com/profile_images/1956934197232472064/PoScNgIG_normal.jpg","농노","@0o0_Vv","https://x.com/0o0_Vv/status/2052798219453956130","2h","","","","Translated from Korean","My expected clothing size: Tall XL, So M","1","https://x.com/0o0_Vv/status/2052798219453956130/analytics","78","","","","3","Show original","","","","","","","","",""
"https://x.com/dandouglas","https://pbs.twimg.com/profile_images/2006727651466035201/q-n6dasO_normal.jpg","Dan Douglas","@dandouglas","https://x.com/dandouglas/status/2052688971361079528","9h","","","","XL","also what the fuck do your family eat that can’t feasibly be carried over a few trips over the course of a week (if you’re able bodied)? do your kids munch big sacks of gravel washed down with gallons of Pepsi","1","https://x.com/dandouglas/status/2052688971361079528/analytics","964","Fructose edition which can only fit in your PramCrusher 5000 truck?","","","1","","","","","@dandouglas","18","","","Replying to","https://x.com/dandouglas"
"https://x.com/mahoumoreno","https://pbs.twimg.com/profile_images/1809332981862928384/2DbvtEpi_normal.jpg","Malcolm XL","@mahoumoreno","https://x.com/mahoumoreno/status/2052819679266099310","1h","","","","","KOGANAWARA","1","https://x.com/mahoumoreno/status/2052819679266099310/analytics","132","","","","","","","","","","","","","",""
"https://x.com/Ximeminus1","https://pbs.twimg.com/profile_images/2023180391130214400/PawV2s7V_normal.jpg","Ximena3DSi XL & knuckles","@Ximeminus1","https://x.com/Ximeminus1/status/2052676206760165488","10h","","","and","","cada dia mas cerquita :D","2","https://x.com/Ximeminus1/status/2052676206760165488/analytics","800","","","","45","","","","","@yklcamzz","","https://pbs.twimg.com/media/HHySGYmXMAAGoB4?format=png&name=240x240","https://x.com/Ximeminus1/status/2052676206760165488/photo/1","Replying to","https://x.com/yklcamzz"
"https://x.com/1010XL","https://pbs.twimg.com/profile_images/1831432168335130624/DIFGWYX8_normal.jpg","1010 XL / 92.5 FM","@1010XL","https://x.com/1010XL/status/2052818175968846211","1h","","","@RyanGreen1010XL","#DUUUVAL","Do you think the Jaguars' roster has IMPROVED this offseason?

We asked the hosts of 1010XL to give us their thoughts heading into rookie mini-camp!","1","https://x.com/1010XL/status/2052818175968846211/analytics","991","|","","","5","","","#Jaguars","@md_1010xl","0:02 / 2:52","4","","","",""
"https://x.com/kaleylovesyuri","https://pbs.twimg.com/profile_images/2049627664219021312/llPfFU9f_normal.jpg","kαley","@kaleylovesyuri","https://x.com/kaleylovesyuri/status/2052788378077135228","3h","","","","xl","1. use a random song that was somewhat popular back then, then set length to long and","1","https://x.com/kaleylovesyuri/status/2052788378077135228/analytics","30","and just scroll to the 10-30 likes range, youll find a ton of levels that are completed but havent been played in years

2. go on youtube and do before:2017 ""by"" ""me"", and youll find stuff","","","2","","","","","@MelTheRockQueen","","","","Replying to","https://x.com/MelTheRockQueen"
"https://x.com/tseurii","https://pbs.twimg.com/profile_images/2040468440117559296/nGrmDl4A_normal.jpg","𝗥𝗶𝗿𝗶","@tseurii","https://x.com/tseurii/status/2052037920631214556","May 6","","","","XL","sinyal u mcm sampah bingittttt","2","https://x.com/tseurii/status/2052037920631214556/analytics","271","","","","2","","","","","","","","","",""
"https://x.com/N25sAmia","https://pbs.twimg.com/profile_images/2041304606819614720/yPArf4Yh_normal.jpg","꒰♡꒱˚₊ ‧ 𝘢𝘮𝘪𝘢. ⊹ ₊꒰♡꒱","@N25sAmia","https://x.com/N25sAmia/status/2052575403076698301","17h","","","0:06","xl","this is me when mafuyu tells the waiter at the diner to make my fries","2","https://x.com/N25sAmia/status/2052575403076698301/analytics","3.6K","sized instead of medium","","","46","","","","","Quote","306","","","23h",""
"https://x.com/Xl258016Xl","https://pbs.twimg.com/profile_images/1673781452259950594/AaaXyDZs_normal.png","Miguel XL","@Xl258016Xl","https://x.com/Xl258016Xl/status/2052792767701561595","2h","","","","Translated from Spanish","Why don't you go live in those countries you work for? With your kids and that big-nosed rat of a husband","1","https://x.com/Xl258016Xl/status/2052792767701561595/analytics","4","","","","","Show original","","","","@IreneMontero","","","","Replying to","https://x.com/IreneMontero"
"https://x.com/_Pretty_Miraa","https://pbs.twimg.com/profile_images/2038331828084383744/hoGIgitI_normal.jpg","Pretty Mira","@_Pretty_Miraa","https://x.com/_Pretty_Miraa/status/2052792997352177679","2h","","","and","XL","Good evening","1","https://x.com/_Pretty_Miraa/status/2052792997352177679/analytics","16","May your soul feel light tonight, free from stress and surrounded by emotional calmness","","","","","","","","@XLmeta_x","","","","Replying to","https://x.com/XLmeta_x"
"https://x.com/Destroyah89","https://pbs.twimg.com/profile_images/2030058213702283264/FLpaWEey_normal.jpg","CHAO$","@Destroyah89","https://x.com/Destroyah89/status/2052796454515642434","2h","","","","XL","Thats the reason i was happy we drafted him. He uses his hands pretty well unlike","1","https://x.com/Destroyah89/status/2052796454515642434/analytics","286",".","","","","XL","catches with his body","","","@lilrocketnasa","","","","Replying to","https://x.com/lilrocketnasa"
"https://x.com/kaleylovesyuri","https://pbs.twimg.com/profile_images/2049627664219021312/llPfFU9f_normal.jpg","kαley","@kaleylovesyuri","https://x.com/kaleylovesyuri/status/2052800852193128715","2h","","","","xl","i was considering it but the problem is that if you have any other filters on apart from long/","1","https://x.com/kaleylovesyuri/status/2052800852193128715/analytics","9","and song it automatically defaults to only rated levels which SUCKS","","","","","","","","@MelTheRockQueen","","","","Replying to","https://x.com/MelTheRockQueen"
"https://x.com/Sandstorm_XL","https://pbs.twimg.com/profile_images/1731003278291607552/xPHRGXtb_normal.jpg","Sandstorm XL","@Sandstorm_XL","https://x.com/Sandstorm_XL/status/2052794175985439066","2h","","","","","All have to say is Nashville brothas are looking BAD right about now. Literally anywhere else phone calls would be made and carloads of brothas would riding looking for his ass!","1","https://x.com/Sandstorm_XL/status/2052794175985439066/analytics","130","","","","","","","","","@TheBHentel","","","","Replying to","https://x.com/TheBHentel"
"https://x.com/ovo5cecilia","https://pbs.twimg.com/profile_images/2050876008698724352/chHdbKA2_normal.jpg","一枝莓","@ovo5cecilia","https://x.com/ovo5cecilia/status/2052784396579877001","3h","","","","Translated from Chinese","Listening to everyone's words, whenever I get greedy I slap my own mouth—now my pants are still XL, but I've become an M.","1","https://x.com/ovo5cecilia/status/2052784396579877001/analytics","54","","","","","Show original","","","","","","","","",""
"https://x.com/memorylanefc","https://pbs.twimg.com/profile_images/1849478823081082880/Tc9k99QS_normal.jpg","Jake Anyon","@memorylanefc","https://x.com/memorylanefc/status/2052800558222946622","2h","","","","XL","Japan 94 home fits medium £100

Korea training fits medium £25

Basque large £55

Scotland 03","3","https://x.com/memorylanefc/status/2052800558222946622/analytics","262","£65

Japan 90s training medium £30

Denmark 90s jacket large £75","","","2","","","","","@memorylanefc","","https://pbs.twimg.com/media/HH0DN2EacAA2hAw?format=jpg&name=small","https://x.com/memorylanefc/status/2052800558222946622/photo/1","Replying to","https://x.com/memorylanefc"
"https://x.com/N25sAmia","https://pbs.twimg.com/profile_images/2041304606819614720/yPArf4Yh_normal.jpg","꒰♡꒱˚₊ ‧ 𝘢𝘮𝘪𝘢. ⊹ ₊꒰♡꒱","@N25sAmia","https://x.com/N25sAmia/status/2052575403076698301","17h","","","0:03 / 0:08","xl","this is me when mafuyu tells the waiter at the diner to make my fries","2","https://x.com/N25sAmia/status/2052575403076698301/analytics","3.6K","sized instead of medium","","","46","","","","","Quote","306","","","23h",""
"https://x.com/xixnms","https://pbs.twimg.com/profile_images/2018803858818973697/KHgptJZ2_normal.jpg","anemia","@xixnms","https://x.com/xixnms/status/2052801223485481180","2h","","","","xl","dare sharing the","2","https://x.com/xixnms/status/2052801223485481180/analytics","89","fucked from behind??... winks.. smirks... teheee...","","","2","","","","","@dianxias_flower","","","","Replying to","https://x.com/dianxias_flower"
"https://x.com/urprogrammed","https://pbs.twimg.com/profile_images/2052161518473482246/22Ry6XG0_normal.jpg","Computa Guy","@urprogrammed","https://x.com/urprogrammed/status/2052736525931012552","6h","","","","XL","Computa order an uber","4","https://x.com/urprogrammed/status/2052736525931012552/analytics","368","for my red headed throat goat","","","1","","","","","","12","","","",""
"https://x.com/Zanio_XL","https://pbs.twimg.com/profile_images/1816426058964480000/2XEOYMuF_normal.jpg","Zanio XL","@Zanio_XL","https://x.com/Zanio_XL/status/2052802009691000876","2h","","","","","The two birds in that one gumball episode for some reason:","1","https://x.com/Zanio_XL/status/2052802009691000876/analytics","1.1K","","","","","","","","","@AvoAnimations","","","","Replying to","https://x.com/AvoAnimations"
"https://x.com/hmnn72","https://pbs.twimg.com/profile_images/2040766201832562688/xeCIUjDX_normal.jpg","Herman","@hmnn72","https://x.com/hmnn72/status/2052806609198571957","1h","https://t.co/iMar0qwWe4","https://pbs.twimg.com/card_img/2052806611014742016/y3i0oiA2?format=jpg&name=small","Paket 3 Pcs Celana Cargo Pendek Pria/ Wanita Bawahan Dewasa Cargo Bahan Fleece Tebal Kargo Distro...","XL","Paket 3 Pcs Celana Cargo Pendek Pria/ Wanita Bawahan Dewasa Cargo Bahan Fleece Tebal Kargo Distro Santai Simple Size M L","1","https://x.com/hmnn72/status/2052806609198571957/analytics","2","XXL  Shorts Casual 4 Saku Funsional","","","1","","","","","","","","","",""
"https://x.com/XL_mumu","https://pbs.twimg.com/profile_images/2031959256019451905/ZF3X8-Tb_normal.jpg","แมงกะเบื้อมุเน้ก","@XL_mumu","https://x.com/XL_mumu/status/2052704953119256650","8h","","","","Translated from Thai","I was secretly shocked because I had no idea that Thai kids play volleyball. Normally they just kick a ball, beat a drum, and love necking.","5","https://x.com/XL_mumu/status/2052704953119256650/analytics","48K","","","","2.8K","Show original","","","","","3.2K","","","",""
"https://x.com/hananezumiart","https://pbs.twimg.com/profile_images/1954195781956911105/DfKfgeRj_normal.jpg","Lazary","@hananezumiart","https://x.com/hananezumiart/status/2052753452619694409","5h","","","","xl","What if","28","https://x.com/hananezumiart/status/2052753452619694409/analytics","693","get so embarrassed and frustrated he started acting bratty, sulking in the corner. Hc has to take a long time saying sorry","https://abs.twimg.com/emoji/v2/svg/1f614.svg","https://abs.twimg.com/emoji/v2/svg/1f64f-1f3fb.svg","","","","","","@bunnnieya","","","","Replying to","https://x.com/bunnnieya"
"https://x.com/towatowatowa123","https://pbs.twimg.com/profile_images/1974801577602158592/LV3R9QOP_normal.jpg","5歳のしゅう君","@towatowatowa123","https://x.com/towatowatowa123/status/2052775132666671267","3h","","","","XL","までしかないだろう(T_T)諦めよう","1","https://x.com/towatowatowa123/status/2052775132666671267/analytics","37","","","","3","","","","","@kobachan1003gt","","","","Replying to","https://x.com/kobachan1003gt"
"https://x.com/Beanie_weani","https://pbs.twimg.com/profile_images/2035100545799921665/JJ8saq80_normal.jpg","Beanz","@Beanie_weani","https://x.com/Beanie_weani/status/2052806731726803370","1h","","","","XL","my boss does this thing where she is convinced everyone is smaller than what they say, and she constantly down sizes when ordering uniforms. 

I asked for","2","https://x.com/Beanie_weani/status/2052806731726803370/analytics","11","pants because I have long legs, she got me an L and guess what don’t fit well","","","","","","","","","","","","",""
"https://x.com/xlw_01","https://pbs.twimg.com/profile_images/1809806893004550145/VDnEY3J__normal.jpg","XL W","@xlw_01","https://x.com/xlw_01/status/2052762863974912131","4h","","","","","Iran while maintaining combat readiness rhetoric, appears to have completely switched to negotiations mode. It is becoming unclear now who is begging for negotiations. The US appears to be actively looking for a window to attack and Iran still stuck waiting for good faith talks.","1","https://x.com/xlw_01/status/2052762863974912131/analytics","996","","","","1","","","","","@pati_marins64","1","","","Replying to","https://x.com/pati_marins64"
"https://x.com/merzb0w","https://pbs.twimg.com/profile_images/1640456006445723649/Zga9y4kS_normal.jpg","Fivel","@merzb0w","https://x.com/merzb0w/status/2052115854335316328","May 7","https://x.com/merzb0w/status/2052115854335316328/photo/1","https://pbs.twimg.com/media/HHqUDA2a4AAgo30?format=jpg&name=small","","XL","another friendly reminder i'll be vending @ FWA in the 18+ dealers den which is located in the HYATT!! sharing a booth w/ friends @ the YARD SARD!!
i'll have limited","11","https://x.com/merzb0w/status/2052115854335316328/analytics","17K","mousepads, stickerz, original gouache paintings & more.
I dont have an online store so these are con exclusive!","","","49","","","","","","803","https://pbs.twimg.com/media/HHqUWbzbgAAaBSJ?format=jpg&name=360x360","https://x.com/merzb0w/status/2052115854335316328/photo/2","",""
"https://x.com/dabiban1acc","https://pbs.twimg.com/profile_images/2017619981601804288/SPI6Q14m_normal.jpg","Ngoài Orm sòm đứa nào ồn đá vô cuống họng","@dabiban1acc","https://x.com/dabiban1acc/status/2052775669709566111","3h","","","","Translated from Vietnamese","How could clam king possibly get verified in just half a year without some kind of ulterior motive?","1","https://x.com/dabiban1acc/status/2052775669709566111/analytics","148","","","","1","Show original","","","","@SamnguyenLO","","","","Replying to","https://x.com/SamnguyenLO"
"https://x.com/ellnore_pad_267","https://pbs.twimg.com/profile_images/1700736891589648384/wWC7V1yp_normal.jpg","xL(おおきなえる)","@ellnore_pad_267","https://x.com/ellnore_pad_267/status/2052800120778002796","2h","","","","","だめだマジ頭痛い、今日きっつい。","1","https://x.com/ellnore_pad_267/status/2052800120778002796/analytics","43","","","","","","","","","","","","","",""
"https://x.com/discord","https://pbs.twimg.com/profile_images/2052128308754866176/4_YWX7wV_normal.png","Discord","@discord","https://x.com/discord/status/806952795819610112","Dec 9, 2016","","","","XL","You got that","1","https://x.com/discord/status/806952795819610112/analytics","","Discord! J/k. We'll get it fixed shortly.","","","","","","","","@meharryp_","","","","Replying to","https://x.com/meharryp_"
"https://x.com/wmatt5391","https://pbs.twimg.com/profile_images/2025958256204529664/DENOKLRW_normal.jpg","MAGA MATT / God Bless the USA / JD Vance 2028","@wmatt5391","https://x.com/wmatt5391/status/2052819109428006914","1h","","https://pbs.twimg.com/tweet_video_thumb/HH0UGNNWQAQz6CE.jpg","","XL","Fani Willis","5","https://x.com/wmatt5391/status/2052819109428006914/analytics","11","!!!!!","","","","","","","GIF","@ChatByCC","","","","Replying to","https://x.com/ChatByCC"
"https://x.com/XL03184","https://pbs.twimg.com/profile_images/2021867352951037952/tG_HDGid_normal.jpg","XL","@XL03184","https://x.com/XL03184/status/2052787049007337493","3h","","","","Translated from Chinese","I believe you like me now.","1","https://x.com/XL03184/status/2052787049007337493/analytics","11","","","","","Show original","","","","","","https://pbs.twimg.com/media/HHz27k6a0AYKtGL?format=jpg&name=small","https://x.com/XL03184/status/2052787049007337493/photo/1","",""
"https://x.com/gisxtq","https://pbs.twimg.com/profile_images/1811570073422753793/oRT2H9H8_normal.jpg","XL","@gisxtq","https://x.com/gisxtq/status/2052798850730016862","2h","","","","Translated from Portuguese","the work being a breeze","1","https://x.com/gisxtq/status/2052798850730016862/analytics","2.1K","","","","57","Show original","","","","@arianaporca","","https://pbs.twimg.com/media/HH0Bol9XgAIwDVN?format=jpg&name=small","https://x.com/gisxtq/status/2052798850730016862/photo/1","Replying to","https://x.com/arianaporca"
"https://x.com/logicfgs","https://pbs.twimg.com/profile_images/1535236437188218881/-pTDCdnp_normal.jpg","xL","@logicfgs","https://x.com/logicfgs/status/2052792759883329950","2h","","","","","Oloun","1","https://x.com/logicfgs/status/2052792759883329950/analytics","535","","","","","","","","","@omogbollashow","","","","Replying to","https://x.com/omogbollashow"
"https://x.com/fasahmeta_x","https://pbs.twimg.com/profile_images/2017539166175731712/hK92JpYN_normal.jpg","Fasah","@fasahmeta_x","https://x.com/fasahmeta_x/status/2052768782792212486","4h","","","","XL","Hello","1","https://x.com/fasahmeta_x/status/2052768782792212486/analytics","8","","","","1","","","","","@XLmeta_x","","","","Replying to","https://x.com/XLmeta_x"
"https://x.com/wmatt5391","https://pbs.twimg.com/profile_images/2025958256204529664/DENOKLRW_normal.jpg","MAGA MATT / God Bless the USA / JD Vance 2028","@wmatt5391","https://x.com/wmatt5391/status/2052819109428006914","1h","","","","XL","Fani Willis","5","https://x.com/wmatt5391/status/2052819109428006914/analytics","11","!!!!!","","","","","","","GIF","@ChatByCC","","","","Replying to","https://x.com/ChatByCC"
"https://x.com/ellnore_pad_267","https://pbs.twimg.com/profile_images/1700736891589648384/wWC7V1yp_normal.jpg","xL(おおきなえる)","@ellnore_pad_267","https://x.com/ellnore_pad_267/status/2052802800996978875","2h","","","","","クライアントワークでバリュー発揮できるだけの「人間力」みたいなのがないと辛い仕事だからねぇ・・・

手は動くけど極度のコミュ症、みたいな奴は合わないと思う。
そういう人はもっと研究開発的な所とかゴリゴリに実装するベンチャーとかの方が幸せだと思う。","1","https://x.com/ellnore_pad_267/status/2052802800996978875/analytics","23","","","","1","","","","","@Anubis_369","","","","Replying to","https://x.com/Anubis_369"
"https://x.com/ShoeGuyOtis","https://pbs.twimg.com/profile_images/1534244553670148102/dZlJ18LH_normal.jpg","StyledByOtis","@ShoeGuyOtis","https://x.com/ShoeGuyOtis/status/2052756971451773137","5h","https://x.com/ShoeGuyOtis/status/2052756971451773137/photo/1","https://pbs.twimg.com/media/HHzbk83WUAARXAY?format=jpg&name=360x360","","XL","M L","8","https://x.com/ShoeGuyOtis/status/2052756971451773137/analytics","349","XXL 

45,000","","","8","","","","","","","https://pbs.twimg.com/media/HHzbk84WkAAAO31?format=jpg&name=360x360","https://x.com/ShoeGuyOtis/status/2052756971451773137/photo/2","",""
"https://x.com/du_zouz","https://pbs.twimg.com/profile_images/2049955618862075904/fCCwJC_K_normal.jpg","choupi","@du_zouz","https://x.com/du_zouz/status/2052737577761804579","6h","","","","Translated from French","I think I must be seriously overweight bc XL at my place fits like an M lmao","21","https://x.com/du_zouz/status/2052737577761804579/analytics","1.7K","","","","","Show original","","","","@2juillett","","","","Replying to","https://x.com/2juillett"
"https://x.com/1010XL","https://pbs.twimg.com/profile_images/1831432168335130624/DIFGWYX8_normal.jpg","1010 XL / 92.5 FM","@1010XL","https://x.com/1010XL/status/2052827670216405474","30m","","","","","The only way to start your Friday","1","https://x.com/1010XL/status/2052827670216405474/analytics","283","","https://abs.twimg.com/emoji/v2/svg/1f602.svg","https://abs.twimg.com/emoji/v2/svg/2600.svg","","","|","#1010XL","","","","https://pbs.twimg.com/amplify_video_thumb/2052827570979106817/img/CBOLxVODK__HVXAE.jpg","","",""
"https://x.com/Kazzwyld0123","https://pbs.twimg.com/profile_images/2044668356440309760/PJpmUF1D_normal.jpg","澪","@Kazzwyld0123","https://x.com/Kazzwyld0123/status/2052785250930135071","3h","","","","XL","レディースの","1","https://x.com/Kazzwyld0123/status/2052785250930135071/analytics","52","サイズ
女装をなめとる","https://abs.twimg.com/emoji/v2/svg/1f611.svg","","2","","","","","","","","","",""
"https://x.com/logicfgs","https://pbs.twimg.com/profile_images/1535236437188218881/-pTDCdnp_normal.jpg","xL","@logicfgs","https://x.com/logicfgs/status/2052788265221042253","3h","","","","","Which kind Wahala be this","4","https://x.com/logicfgs/status/2052788265221042253/analytics","4K","","","","19","","","","","","","","","",""
"https://x.com/FlviaTeixe73196","https://pbs.twimg.com/profile_images/2049414940558053376/soift6x0_normal.jpg","Flávia Teixeira","@FlviaTeixe73196","https://x.com/FlviaTeixe73196/status/2052779491563380935","3h","","","","","""I admired Elon for his humanity and the heart he showed.""","1","https://x.com/FlviaTeixe73196/status/2052779491563380935/analytics","3","","","","2","","","","","@zeeekkk","","","","Replying to","https://x.com/zeeekkk"
"https://x.com/elpatanbb","https://pbs.twimg.com/profile_images/2035791545979514880/mZ4F8bqB_normal.jpg","El Patan XL","@elpatanbb","https://x.com/elpatanbb/status/2052767682299146241","4h","https://help.x.com/rules-and-policies/authenticity","https://abs.twimg.com/responsive-web/client-web/parody-mask.92274f0a.svg","Parody account","Translated from Spanish","How delicious it is to shit, no matter the time, place, or however it may be—God's honest truth.","2","https://x.com/elpatanbb/status/2052767682299146241/analytics","593","","https://abs.twimg.com/emoji/v2/svg/1f924.svg","","9","Show original","","","","","","","","",""
"https://x.com/yrzXlZARNuPcPsv","https://pbs.twimg.com/profile_images/1548788424999858176/YLXsZYQQ_normal.jpg","健康最高","@yrzXlZARNuPcPsv","https://x.com/yrzXlZARNuPcPsv/status/2052221056447058427","May 7","","","","Translated from Japanese","I think I'm being laughed at by the restaurant.","190","https://x.com/yrzXlZARNuPcPsv/status/2052221056447058427/analytics","196K","","","","166","Show original","","","","","3.1K","https://pbs.twimg.com/media/HHr0LCqaAAAg6xS?format=jpg&name=small","https://x.com/yrzXlZARNuPcPsv/status/2052221056447058427/photo/1","",""
"https://x.com/DETH5656","https://pbs.twimg.com/profile_images/2010017762874404865/1Ccrbzcd_normal.jpg","DETH@でーえす","@DETH5656","https://x.com/DETH5656/status/2052767146640544130","4h","","","","Translated from Japanese","Even with the string set up for kids' looping to make it easy for me to do double loops, using the 65cm XL size, it sags a bit when the kid uses it.  
Maybe shorten it by a few more cm, or switch back to Fat.  

If I keep investigating like this, I might end up with a complete","1","https://x.com/DETH5656/status/2052767146640544130/analytics","145","","","","2","Show original","","","Show more","","","","","",""
"https://x.com/FPFO_Podcast","https://pbs.twimg.com/profile_images/1995285148489695232/Pz0bLHNn_normal.jpg","For Panthers Fans Only (Podcast)","@FPFO_Podcast","https://x.com/FPFO_Podcast/status/2052798968908726417","2h","","","","XL","Brazzell gonna take XLs job so fast and swift","3","https://x.com/FPFO_Podcast/status/2052798968908726417/analytics","588","ain’t making these catches unfortunately","","","37","","","","","","","https://pbs.twimg.com/amplify_video_thumb/2052778951596990469/img/f5ZrSH9KjdM677EO.jpg","","",""
"https://x.com/1010XL","https://pbs.twimg.com/profile_images/1831432168335130624/DIFGWYX8_normal.jpg","1010 XL / 92.5 FM","@1010XL","https://x.com/1010XL/status/2052827670216405474","30m","","","","","The only way to start your Friday","1","https://x.com/1010XL/status/2052827670216405474/analytics","283","","https://abs.twimg.com/emoji/v2/svg/1f602.svg","https://abs.twimg.com/emoji/v2/svg/2600.svg","","","|","#1010XL","","0:01 / 1:42","","","","",""
"https://x.com/wata_hide","https://pbs.twimg.com/profile_images/378800000143023982/ae9a71cd277fc376a961c25544dbc531_normal.jpeg","watahide","@wata_hide","https://x.com/wata_hide/status/2052747555969352179","5h","https://x.com/wata_hide/status/2052747555969352179/photo/1","https://pbs.twimg.com/media/HHzTBK4aUAAd21Y?format=jpg&name=360x360","Translated from Japanese","Translated from Japanese","Last season's","3","https://x.com/wata_hide/status/2052747555969352179/analytics","370","hockey jersey (XL),","https://abs.twimg.com/emoji/v2/svg/2b1b.svg","https://abs.twimg.com/emoji/v2/svg/2b1b.svg","6","Show original","primary logo T-shirt (L)—if anyone wants to wear them to tomorrow's Lara Ali, I can lend them out, so please let me know.  
You can return them to me at Fan Appreciation.  
If anyone's interested.","#Gunma","#Risona","Quote","#Gunma","https://pbs.twimg.com/media/HHzTBRna8AA650s?format=jpg&name=360x360","https://x.com/wata_hide/status/2052747555969352179/photo/2","May 7",""
"https://x.com/saya_onilove","https://pbs.twimg.com/profile_images/1942199633351942144/BOFfHT7O_normal.jpg","さや","@saya_onilove","https://x.com/saya_onilove/status/2052800157058777445","2h","","","","XL","パーカー着るならオーバーサイズで着たいﾆﾝｹﾞﾝなので","3","https://x.com/saya_onilove/status/2052800157058777445/analytics","167","が欲しいかもぉぉぉぉ
連打できないのが悔しくて強めの一発(？)押しといたっ

鮮やかめのパーカーが欲しいと思ってたんです天才??しかもこのデザインなら着れそうだしっっっっ","","","","","","#おにラブ","","","","https://pbs.twimg.com/media/HH0C3MQaUAA-5kn?format=jpg&name=small","https://x.com/saya_onilove/status/2052800157058777445/photo/1","",""
"https://x.com/FPFO_Podcast","https://pbs.twimg.com/profile_images/1995285148489695232/Pz0bLHNn_normal.jpg","For Panthers Fans Only (Podcast)","@FPFO_Podcast","https://x.com/FPFO_Podcast/status/2052798968908726417","2h","","https://pbs.twimg.com/profile_images/1961944935868874752/0Bi3RJhL_normal.jpg","From","XL","Brazzell gonna take XLs job so fast and swift","3","https://x.com/FPFO_Podcast/status/2052798968908726417/analytics","588","ain’t making these catches unfortunately","","","37","Nick Carboni","","","","0:05","","","","",""
"https://x.com/sam7lov","https://pbs.twimg.com/profile_images/2051068369642668033/TljQZDzZ_normal.jpg","titiss","@sam7lov","https://x.com/sam7lov/status/2052659114044453104","11h","","","Translated from French","Translated from French","It's more like the XL that fits XS lmao","1","https://x.com/sam7lov/status/2052659114044453104/analytics","620","","","","6","Show original","","","","Quote","21","","","23h",""
"https://x.com/JohnWayneUtley","https://pbs.twimg.com/profile_images/1785445324489715712/SWK-1uAy_normal.jpg","Nancy Pelosi's Empty Vodka Bottle","@JohnWayneUtley","https://x.com/JohnWayneUtley/status/2052806645760036942","1h","","","and","XL","Can I get an","9","https://x.com/JohnWayneUtley/status/2052806645760036942/analytics","59","?   I’ll bring it by the jail so you can sign it.","","","","","","","","@SenLouiseLucas","","","","Replying to","https://x.com/SenLouiseLucas"
"https://x.com/FPFO_Podcast","https://pbs.twimg.com/profile_images/1995285148489695232/Pz0bLHNn_normal.jpg","For Panthers Fans Only (Podcast)","@FPFO_Podcast","https://x.com/FPFO_Podcast/status/2052798968908726417","2h","","https://pbs.twimg.com/profile_images/1961944935868874752/0Bi3RJhL_normal.jpg","Nick Carboni","XL","Brazzell gonna take XLs job so fast and swift","3","https://x.com/FPFO_Podcast/status/2052798968908726417/analytics","588","ain’t making these catches unfortunately","","","37","","","","","0:03 / 0:07","","","","From",""
"https://x.com/CoachAaronKnows","https://pbs.twimg.com/profile_images/2004600970190147585/A3m9b6GW_normal.jpg","Aaron","@CoachAaronKnows","https://x.com/CoachAaronKnows/status/2052834967743271206","1m","https://x.com/CoachAaronKnows/status/2052834967743271206/photo/1","https://pbs.twimg.com/media/HH0id0FWkAYGg_n?format=jpg&name=small","and 2 others","XL","Big time","1","https://x.com/CoachAaronKnows/status/2052834967743271206/analytics","7","win today. 

Needed pants for NYC since I live in humidity hell down here in Florida.

Tried on an","https://abs.twimg.com/emoji/v2/svg/1f62c.svg","https://abs.twimg.com/emoji/v2/svg/1f480.svg","1","","today… too big.

Size L, here I come. Holy shit.

I wore a 5XL 900+ days ago","#FrankWalks","","","1","https://pbs.twimg.com/media/HH0id0CXAAkkF92?format=jpg&name=small","https://x.com/CoachAaronKnows/status/2052834967743271206/photo/2","",""
"https://x.com/1010XL","https://pbs.twimg.com/profile_images/1831432168335130624/DIFGWYX8_normal.jpg","1010 XL / 92.5 FM","@1010XL","https://x.com/1010XL/status/2052799380449591407","2h","","","","","Walk Off Charities celebrated the completion of its 9th year today, reaching a milestone of 10,000 kids attending their clinics over the years through nearly 70 events","4","https://x.com/1010XL/status/2052799380449591407/analytics","1.6K","","https://abs.twimg.com/emoji/v2/svg/1f44f.svg","","8","","|","#WalkOffCharities","#YouthSports","","#Baseball","https://pbs.twimg.com/amplify_video_thumb/2052797136056520706/img/EuO1gU0uy_8ZZskg.jpg","","","https://x.com/hashtag/Baseball?src=hashtag_click"
"https://x.com/ngochhn01","https://pbs.twimg.com/profile_images/1918124635801174016/4EZ9bzdM_normal.jpg","ngochhn1","@ngochhn01","https://x.com/ngochhn01/status/2052773415057260576","4h","https://help.x.com/rules-and-policies/authenticity","https://abs.twimg.com/responsive-web/client-web/parody-mask.92274f0a.svg","Fan account","Translated from Vietnamese","Last week it was all lovey-dovey on the xl, who would've thought this week they'd let LO make a cameo. But not to avoid getting cussed out, nah. Cuss like usual, xl that ass.","1","https://x.com/ngochhn01/status/2052773415057260576/analytics","177","","","","2","Show original","","","","","","","","",""
"https://x.com/MDAevents","https://pbs.twimg.com/profile_images/2012849565481766913/de4jOOtF_normal.jpg","MDA EVENTS","@MDAevents","https://x.com/MDAevents/status/2052805152701132960","2h","","","","","ARMAGEDDON XL","1","https://x.com/MDAevents/status/2052805152701132960/analytics","127","ELVIS HAS ENTERED THE BUILDING!

Ricky Sudale is on his way in Leicester!","https://abs.twimg.com/emoji/v2/svg/1f9b8-200d-2642-fe0f.svg","https://abs.twimg.com/emoji/v2/svg/1f9b8-200d-2642-fe0f.svg","","","","","","","","https://pbs.twimg.com/ext_tw_video_thumb/2052805102554005518/pu/img/OTvEb6qZG3Qqq45n.jpg","","",""
"https://x.com/CoachAaronKnows","https://pbs.twimg.com/profile_images/2004600970190147585/A3m9b6GW_normal.jpg","Aaron","@CoachAaronKnows","https://x.com/CoachAaronKnows/status/2052834967743271206","1m","https://x.com/CoachAaronKnows/status/2052834967743271206/photo/1","https://pbs.twimg.com/media/HH0id0FWkAYGg_n?format=jpg&name=small","and 2 others","XL","Big time","1","https://x.com/CoachAaronKnows/status/2052834967743271206/analytics","7","win today. 

Needed pants for NYC since I live in humidity hell down here in Florida.

Tried on an","https://abs.twimg.com/emoji/v2/svg/1f62c.svg","https://abs.twimg.com/emoji/v2/svg/1f480.svg","1","0:10","today… too big.

Size L, here I come. Holy shit.

I wore a 5XL 900+ days ago","#FrankWalks","","","1","https://pbs.twimg.com/media/HH0id0CXAAkkF92?format=jpg&name=small","https://x.com/CoachAaronKnows/status/2052834967743271206/photo/2","",""
"https://x.com/ShanghaiDRoller","https://pbs.twimg.com/profile_images/1840064482476691456/Z-yY2WyA_normal.jpg","しゃでぃこ@世界のテーマパーク","@ShanghaiDRoller","https://x.com/ShanghaiDRoller/status/2052734297270849852","6h","","https://pbs.twimg.com/amplify_video_thumb/2052734193294077956/img/UTLccBjfH2q26sCj.jpg","","Translated from Japanese","【Big One】
One of the last two existing Hyper Coasters manufactured by Arrow Dynamics.
Given that the other coasters in the park aren't particularly large, it gives an overwhelming sense of height. It starts with a first drop where you forcibly curve to the right while falling,","10","https://x.com/ShanghaiDRoller/status/2052734297270849852/analytics","1K","","","","","Show original","","","Show more","","","https://pbs.twimg.com/media/HHzG33nWUAIvNTh?format=jpg&name=360x360","https://x.com/ShanghaiDRoller/status/2052734297270849852/photo/2","",""
"https://x.com/RightPulseNewss","https://pbs.twimg.com/profile_images/1952372159948701696/6HwuNbDO_normal.jpg","Right Pulse News","@RightPulseNewss","https://x.com/RightPulseNewss/status/2052393564718457302","May 7","","","","XL","BOOM! President Trump just signed a major Presidential Permit reviving Keystone","1.1K","https://x.com/RightPulseNewss/status/2052393564718457302/analytics","626K","assets for the new Bridger Pipeline Expansion!

This beast will move over 500,000 barrels per day of Canadian crude straight to U.S. refineries — crushing delays, slashing reliance on foreign","https://abs.twimg.com/emoji/v2/svg/1f6a8.svg","","5.4K","","","","Show more","","22K","https://pbs.twimg.com/amplify_video_thumb/2052393473047744513/img/_OQGxACfDz4thqV6.jpg","","",""
"https://x.com/CoachAaronKnows","https://pbs.twimg.com/profile_images/2004600970190147585/A3m9b6GW_normal.jpg","Aaron","@CoachAaronKnows","https://x.com/CoachAaronKnows/status/2052834967743271206","1m","https://x.com/CoachAaronKnows/status/2052834967743271206/photo/1","https://pbs.twimg.com/media/HH0id0FWkAYGg_n?format=jpg&name=small","and 2 others","XL","Big time","1","https://x.com/CoachAaronKnows/status/2052834967743271206/analytics","7","win today. 

Needed pants for NYC since I live in humidity hell down here in Florida.

Tried on an","https://abs.twimg.com/emoji/v2/svg/1f62c.svg","https://abs.twimg.com/emoji/v2/svg/1f480.svg","1","0:09","today… too big.

Size L, here I come. Holy shit.

I wore a 5XL 900+ days ago","#FrankWalks","","","1","https://pbs.twimg.com/media/HH0id0CXAAkkF92?format=jpg&name=small","https://x.com/CoachAaronKnows/status/2052834967743271206/photo/2","",""
"https://x.com/1010XL","https://pbs.twimg.com/profile_images/1831432168335130624/DIFGWYX8_normal.jpg","1010 XL / 92.5 FM","@1010XL","https://x.com/1010XL/status/2052799380449591407","2h","","","","","Walk Off Charities celebrated the completion of its 9th year today, reaching a milestone of 10,000 kids attending their clinics over the years through nearly 70 events","4","https://x.com/1010XL/status/2052799380449591407/analytics","1.6K","","https://abs.twimg.com/emoji/v2/svg/1f44f.svg","","8","","|","#WalkOffCharities","#YouthSports","0:17","#Baseball","","","","https://x.com/hashtag/Baseball?src=hashtag_click"
"https://x.com/meselayani78","https://pbs.twimg.com/profile_images/2052691584899055618/hnAueaQR_normal.jpg","B","@meselayani78","https://x.com/meselayani78/status/2052698113689755869","9h","","","","Translated from German","Popeyes Maxi XL menu","10","https://x.com/meselayani78/status/2052698113689755869/analytics","80K","","","","79","Show original","","","","","1.7K","https://pbs.twimg.com/amplify_video_thumb/2046273350570217472/img/fds5-ZKzSTVwfZhs.jpg","","",""
"https://x.com/1010XL","https://pbs.twimg.com/profile_images/1831432168335130624/DIFGWYX8_normal.jpg","1010 XL / 92.5 FM","@1010XL","https://x.com/1010XL/status/2052799380449591407","2h","","","","","Walk Off Charities celebrated the completion of its 9th year today, reaching a milestone of 10,000 kids attending their clinics over the years through nearly 70 events","4","https://x.com/1010XL/status/2052799380449591407/analytics","1.6K","","https://abs.twimg.com/emoji/v2/svg/1f44f.svg","","8","","|","#WalkOffCharities","#YouthSports","0:03 / 0:20","#Baseball","","","","https://x.com/hashtag/Baseball?src=hashtag_click"
"https://x.com/ShanghaiDRoller","https://pbs.twimg.com/profile_images/1840064482476691456/Z-yY2WyA_normal.jpg","しゃでぃこ@世界のテーマパーク","@ShanghaiDRoller","https://x.com/ShanghaiDRoller/status/2052734297270849852","6h","","","0:11","Translated from Japanese","【Big One】
One of the last two existing Hyper Coasters manufactured by Arrow Dynamics.
Given that the other coasters in the park aren't particularly large, it gives an overwhelming sense of height. It starts with a first drop where you forcibly curve to the right while falling,","10","https://x.com/ShanghaiDRoller/status/2052734297270849852/analytics","1K","","","","","Show original","","","Show more","","","https://pbs.twimg.com/media/HHzG33nWUAIvNTh?format=jpg&name=360x360","https://x.com/ShanghaiDRoller/status/2052734297270849852/photo/2","",""
"https://x.com/Abraxas0Anansi","https://pbs.twimg.com/profile_images/1974762652854304768/VRI2ODcG_normal.jpg","☭","@Abraxas0Anansi","https://x.com/Abraxas0Anansi/status/2052807823847760060","1h","","","","Translated from French","I'm ficello and I only wear L or XL, I like having some volume. Last third of the 2000s I wore slim jeans like an idiot and the liberation it was to wear wide stuff with suspenders sah","1","https://x.com/Abraxas0Anansi/status/2052807823847760060/analytics","131","","https://abs.twimg.com/emoji/v2/svg/1f62e-200d-1f4a8.svg","","","Show original","","","","@KickSama","","","","Replying to","https://x.com/KickSama"
"https://x.com/maickel1979","https://pbs.twimg.com/profile_images/2028001915951325184/K3lRDX65_normal.jpg","🅜🅐🅘🅒🅚🅔🅛1979","@maickel1979","https://x.com/maickel1979/status/2052692948962488592","9h","","","","Translated from Dutch","This XL mega Stitch is only 999 baht.... That's about €27
That's not expensive, is it????","13","https://x.com/maickel1979/status/2052692948962488592/analytics","1.5K","","","","20","Show original","","#Miniso","#Stitch","","#pastnietinkoffer","https://pbs.twimg.com/media/HHyhWiIbUAA9Cz7?format=jpg&name=small","https://x.com/maickel1979/status/2052692948962488592/photo/1","","https://x.com/hashtag/pastnietinkoffer?src=hashtag_click"
"https://x.com/GunmaLibrasHail","https://pbs.twimg.com/profile_images/2035574903102218240/kq0jq8vd_normal.jpg","Gunma’s Gallery","@GunmaLibrasHail","https://x.com/GunmaLibrasHail/status/2052613734632452605","14h","","","","XL","Daily Gradius

Day 46:","2","https://x.com/GunmaLibrasHail/status/2052613734632452605/analytics","438","-07 (Lightyear version) 

A suspiciously Vic Viper shaped star fighter","","","10","","","#Gradius","","","19","https://pbs.twimg.com/media/HHxZT3SbsAATZXo?format=jpg&name=small","https://x.com/GunmaLibrasHail/status/2052613734632452605/photo/1","",""
"https://x.com/ShanghaiDRoller","https://pbs.twimg.com/profile_images/1840064482476691456/Z-yY2WyA_normal.jpg","しゃでぃこ@世界のテーマパーク","@ShanghaiDRoller","https://x.com/ShanghaiDRoller/status/2052734297270849852","6h","","","0:10","Translated from Japanese","【Big One】
One of the last two existing Hyper Coasters manufactured by Arrow Dynamics.
Given that the other coasters in the park aren't particularly large, it gives an overwhelming sense of height. It starts with a first drop where you forcibly curve to the right while falling,","10","https://x.com/ShanghaiDRoller/status/2052734297270849852/analytics","1K","","","","","Show original","","","Show more","","","https://pbs.twimg.com/media/HHzG33nWUAIvNTh?format=jpg&name=360x360","https://x.com/ShanghaiDRoller/status/2052734297270849852/photo/2","",""
"https://x.com/RightPulseNewss","https://pbs.twimg.com/profile_images/1952372159948701696/6HwuNbDO_normal.jpg","Right Pulse News","@RightPulseNewss","https://x.com/RightPulseNewss/status/2052393564718457302","May 7","","","0:01 / 1:08","XL","BOOM! President Trump just signed a major Presidential Permit reviving Keystone","1.1K","https://x.com/RightPulseNewss/status/2052393564718457302/analytics","626K","assets for the new Bridger Pipeline Expansion!

This beast will move over 500,000 barrels per day of Canadian crude straight to U.S. refineries — crushing delays, slashing reliance on foreign","https://abs.twimg.com/emoji/v2/svg/1f6a8.svg","","5.4K","","","","Show more","","22K","","","",""
"https://x.com/Cameraman2014","https://pbs.twimg.com/profile_images/1837953743788138496/bR21C_-3_normal.jpg","The Trichome Enthusiast","@Cameraman2014","https://x.com/Cameraman2014/status/2052796234662907905","2h","","","","XL","Sweet ride when I was a kid I had a 1974 Honda","1","https://x.com/Cameraman2014/status/2052796234662907905/analytics","6","175 with a nice orange gas tank. Top speed 60 miles an hour used to beat the shit out of that bike and it always came back for more. Traded it in when I bought a Yamaha 1982 RD 350 another great bike sold that and bought a car","","","","","","","","@lippyent","","","","Replying to","https://x.com/lippyent"
"https://x.com/supafemcees","https://pbs.twimg.com/profile_images/2047060135403556864/YfMXzFiz_normal.jpg","xl tchotchke milkshake plz","@supafemcees","https://x.com/supafemcees/status/2052788167032365069","3h","","","","","They could’ve thrown in brown sugar or one of Queen latifah’s old movies if they wanted to keep the 2000s romcom vibe","1","https://x.com/supafemcees/status/2052788167032365069/analytics","18","","","","2","","","","","@szassolarpanel","","","","Replying to","https://x.com/szassolarpanel"
"https://x.com/Aural_Xl","https://pbs.twimg.com/profile_images/2043224987004182528/OrjkzSfM_normal.jpg","Aural","@Aural_Xl","https://x.com/Aural_Xl/status/2052750562744021393","5h","https://help.x.com/rules-and-policies/authenticity","https://abs.twimg.com/responsive-web/client-web/parody-mask.92274f0a.svg","Fan account","","Can you Guess the player 

100% Impossible","52","https://x.com/Aural_Xl/status/2052750562744021393/analytics","1.4K","","https://abs.twimg.com/emoji/v2/svg/1faf5.svg","https://abs.twimg.com/emoji/v2/svg/1faf5.svg","56","","","","","","95","https://pbs.twimg.com/media/HHzVqVjXIAA8DKi?format=jpg&name=small","https://x.com/Aural_Xl/status/2052750562744021393/photo/1","",""
"https://x.com/Death__awaits","https://pbs.twimg.com/profile_images/1410594763930161156/x6ICCHwW_normal.jpg","Летний вечер","@Death__awaits","https://x.com/Death__awaits/status/2052775554374381975","3h","","","and","Translated from Russian","As a person who wears xs-s size, I say: in Massmarket, Zolla, Ostin, and the like, sizes are only m-xxl. And you'll be very lucky to find at least an s that won't look like a sack on me  
Even xs t-shirts, because of the oversized fashion trend, look like xl to me, down to my","1","https://x.com/Death__awaits/status/2052775554374381975/analytics","325","","","","13","Show original","","","Show more","@jiang_yanliholi","","","","Replying to","https://x.com/jiang_yanliholi"
"https://x.com/Average_Jonas","https://pbs.twimg.com/profile_images/1643191411377074188/38Fw4ZYp_normal.jpg","AverageJonas","@Average_Jonas","https://x.com/Average_Jonas/status/2052757900850843846","5h","","","","xl","I have the secretlab magnus pro","1","https://x.com/Average_Jonas/status/2052757900850843846/analytics","637","right now with my case mounted to one of these electric legs","","","2","","","","","@JhowGamesX","","","","Replying to","https://x.com/JhowGamesX"
"https://x.com/VipulGajer7371","https://pbs.twimg.com/profile_images/1914378418990235648/Lsd85t2Z_normal.jpg","Radhe fashion_182","@VipulGajer7371","https://x.com/VipulGajer7371/status/2052763679666614643","4h","https://x.com/VipulGajer7371/status/2052763679666614643/photo/1","https://pbs.twimg.com/media/HHzhsAXbUAE5zhm?format=jpg&name=small","Neha Singh Rathore","XL","250/-","1","https://x.com/VipulGajer7371/status/2052763679666614643/analytics","19","ટોપ ટ્યુનિક","https://abs.twimg.com/emoji/v2/svg/1f457.svg","https://abs.twimg.com/emoji/v2/svg/1f970.svg","2","","Look beautiful in our New Cotton Short top with Work detailing for all day comfort available in beautiful design colours","#reels","#trending","","#fashi","https://pbs.twimg.com/media/HHzhsAzbcAAPe27?format=jpg&name=small","https://x.com/VipulGajer7371/status/2052763679666614643/photo/2","","https://x.com/hashtag/fashi?src=hashtag_click"
"https://x.com/EllieW526","https://pbs.twimg.com/profile_images/2039323955392372736/w9G_QemY_normal.jpg","XinlongFollower•","@EllieW526","https://x.com/EllieW526/status/2052704178842313131","8h","","","","XL","Based on the recent","1","https://x.com/EllieW526/status/2052704178842313131/analytics","1.1K","schedule, it really seems like","https://abs.twimg.com/emoji/v2/svg/1f1ef-1f1f5.svg","https://abs.twimg.com/emoji/v2/svg/1f1ef-1f1f5.svg","2","","dislike","","Show more","","15","","","",""
"https://x.com/logicfgs","https://pbs.twimg.com/profile_images/1535236437188218881/-pTDCdnp_normal.jpg","xL","@logicfgs","https://x.com/logicfgs/status/2052721549493346366","7h","","","","","Fast money coming slow","1","https://x.com/logicfgs/status/2052721549493346366/analytics","838","","","","17","","","","","","","","","",""
"https://x.com/zhaojpeg","https://pbs.twimg.com/profile_images/2052538895254888449/nGZrzbzZ_normal.jpg","ಣ𓈒ֵ۫ ˚paris","@zhaojpeg","https://x.com/zhaojpeg/status/2052763915285618776","4h","","","","Translated from Spanish","Today it's eaten complete XL with homemade mayo","6","https://x.com/zhaojpeg/status/2052763915285618776/analytics","128","","","","2","Show original","","","","","","","","",""
"https://x.com/LittleGear_","https://pbs.twimg.com/profile_images/1912779951646076930/anNexuyZ_normal.jpg","Pedagang Bekasi","@LittleGear_","https://x.com/LittleGear_/status/2052749507478290929","5h","https://x.com/LittleGear_/status/2052749507478290929/photo/1","https://pbs.twimg.com/media/HHzUymibYAAnlTv?format=jpg&name=360x360","","XL","WTS Fullbike Tsunami SNM 100 size","2","https://x.com/LittleGear_/status/2052749507478290929/analytics","473","(size jarang), spek klik ALT
Used, good condition, minor lecet pemakaian 

3,5jt","","","","","","#fnfjb","","","","https://pbs.twimg.com/media/HHzUymibwAAZ0D_?format=jpg&name=360x360","https://x.com/LittleGear_/status/2052749507478290929/photo/2","",""
"https://x.com/IanDannis","https://pbs.twimg.com/profile_images/1933540076308361216/H_dxiUpP_normal.jpg","Niven and Lord Mac","@IanDannis","https://x.com/IanDannis/status/2052820394168471844","1h","","","and","xl","Which would be desperate shame…
As I’m quite partial to a bacon","1","https://x.com/IanDannis/status/2052820394168471844/analytics","15","double…

Or 2…","","","1","","","","","@petehardie","","","","Replying to","https://x.com/petehardie"
"https://x.com/gadgethub_ug","https://pbs.twimg.com/profile_images/1839775968828788736/bKKqop8U_normal.jpg","gadgethub.ug","@gadgethub_ug","https://x.com/gadgethub_ug/status/2052760038616269149","5h","https://x.com/gadgethub_ug/status/2052760038616269149/photo/1","https://pbs.twimg.com/media/HHzeXb7WsAAbyDf?format=jpg&name=360x360","and","XL","Power, Precision & Possibility","2","https://x.com/gadgethub_ug/status/2052760038616269149/analytics","73",". Google Pixel 9 Pro | Pro","https://abs.twimg.com/emoji/v2/svg/2728.svg","https://abs.twimg.com/emoji/v2/svg/2705.svg","3","","( 128/256/512GB ). Best rates, shop now!","Mimi Hearts","","","","https://pbs.twimg.com/media/HHzeXb7WQAUbXTH?format=jpg&name=360x360","https://x.com/gadgethub_ug/status/2052760038616269149/photo/2","",""
"https://x.com/latulip54365388","https://pbs.twimg.com/profile_images/1874835620859629568/BFmxeJD__normal.jpg","James LaFleur Sawyer","@latulip54365388","https://x.com/latulip54365388/status/2052784035546407376","3h","","https://pbs.twimg.com/tweet_video_thumb/HHz0Mo3WMAEujRk.jpg","","XL","Mbappé …","1","https://x.com/latulip54365388/status/2052784035546407376/analytics","917","","https://abs.twimg.com/emoji/v2/svg/1f921.svg","https://abs.twimg.com/emoji/v2/svg/1f440.svg","","","","","GIF","@_3emeOeil","","","","Replying to","https://x.com/_3emeOeil"
"https://x.com/Farouk_Mokwa","https://pbs.twimg.com/profile_images/2012815642869542912/eAtI4cQY_normal.jpg","Farouk J.M Mokwa","@Farouk_Mokwa","https://x.com/Farouk_Mokwa/status/2052634270036812054","13h","https://x.com/Farouk_Mokwa/status/2052634270036812054/photo/1","https://pbs.twimg.com/media/HHxr-9eXgAELBE7?format=jpg&name=small","","XL","2016 Hyundai Santa Fe","2","https://x.com/Farouk_Mokwa/status/2052634270036812054/analytics","1.2K","· 

Available for Buying and Shipping","","","6","","","","","","17","https://pbs.twimg.com/media/HHxr_KrXgAQziJE?format=jpg&name=small","https://x.com/Farouk_Mokwa/status/2052634270036812054/photo/2","",""
"https://x.com/ellnore_pad_267","https://pbs.twimg.com/profile_images/1700736891589648384/wWC7V1yp_normal.jpg","xL(おおきなえる)","@ellnore_pad_267","https://x.com/ellnore_pad_267/status/2052783848468222397","3h","","","","","Invesco QQQ Trust, Series 1
707.78USD","2","https://x.com/ellnore_pad_267/status/2052783848468222397/analytics","49","","","","","","","","","","","","","",""
"https://x.com/fjlr174","https://pbs.twimg.com/profile_images/509015581203636224/8fUgTVCO_normal.jpeg","XL","@fjlr174","https://x.com/fjlr174/status/2052767361434865733","4h","","","","Translated from Spanish","Talking about pornography. When will you lot stop being such asses?","1","https://x.com/fjlr174/status/2052767361434865733/analytics","227","","","","2","Show original","","","","@sanchezcastejon","","","","Replying to","https://x.com/sanchezcastejon"
"https://x.com/papillonaok","https://pbs.twimg.com/profile_images/1120136558378491905/zZhyILNE_normal.jpg","ぱぴよん@葱と柳と雪椿、ずっとユキヲタ","@papillonaok","https://x.com/papillonaok/status/2052794656124280891","2h","","","","XL","GW第二部スタート、そして久しぶりのチーム","1","https://x.com/papillonaok/status/2052794656124280891/analytics","8","出動！","","","","","","","","","","","","",""
"https://x.com/AkeGuQui","https://pbs.twimg.com/profile_images/1859093954521665536/pt_t8tuo_normal.jpg","Don Lover","@AkeGuQui","https://x.com/AkeGuQui/status/2052830024391168287","22m","","","","Translated from Spanish","Neither the flours nor anything, and yet I'm still XL size.","3","https://x.com/AkeGuQui/status/2052830024391168287/analytics","124","","","","","Show original","","","","@Indie5051","","","","Replying to","https://x.com/Indie5051"
"https://x.com/ellnore_pad_267","https://pbs.twimg.com/profile_images/1700736891589648384/wWC7V1yp_normal.jpg","xL(おおきなえる)","@ellnore_pad_267","https://x.com/ellnore_pad_267/status/2052803740835738093","2h","","","","Translated from Japanese","Well, like it or not, it's the service industry, you know—and the ones who just don't get that are totally incompatible with it...","1","https://x.com/ellnore_pad_267/status/2052803740835738093/analytics","12","","","","","Show original","","","","@Anubis_369","","","","Replying to","https://x.com/Anubis_369"
"https://x.com/nignstar","https://pbs.twimg.com/profile_images/1665759839493169153/teBDW_Gi_normal.png","Экстремисткая тревожная звездочка","@nignstar","https://x.com/nignstar/status/2052788435115528459","3h","","","","Translated from Russian","L - XL, and God willing 2XL  
And in BeFree, fuck, right now in stores, they mostly stock the biggest size L, and if you need XL-2XL, go fuck yourselves to their online store  
And fine, if only they had sizes for the main models there, but no, they have completely different","3","https://x.com/nignstar/status/2052788435115528459/analytics","24","","","","","Show original","","","Show more","@nignstar","","","","Replying to","https://x.com/nignstar"
"https://x.com/greyREDROY","https://pbs.twimg.com/profile_images/1457037387486408708/lRUZRLRg_normal.jpg","Fai moment","@greyREDROY","https://x.com/greyREDROY/status/2052808878023151747","1h","","","and","Translated from Russian","Based on how many mass-market stores I've managed to visit in 3 countries, this is literally not true. At most, I'm grudgingly willing to agree that maybe they stock L-XL sizes in the same quantities, and they're snapped up right away, so they're nowhere to be found. But even","1","https://x.com/greyREDROY/status/2052808878023151747/analytics","130","","","","7","Show original","","","Show more","@rainbowwsoul","","","","Replying to","https://x.com/rainbowwsoul"
"https://x.com/latulip54365388","https://pbs.twimg.com/profile_images/1874835620859629568/BFmxeJD__normal.jpg","James LaFleur Sawyer","@latulip54365388","https://x.com/latulip54365388/status/2052784035546407376","3h","","","","XL","Mbappé …","1","https://x.com/latulip54365388/status/2052784035546407376/analytics","917","","https://abs.twimg.com/emoji/v2/svg/1f921.svg","https://abs.twimg.com/emoji/v2/svg/1f440.svg","","","","","GIF","@_3emeOeil","","","","Replying to","https://x.com/_3emeOeil"
"https://x.com/BFuenlabrada","https://pbs.twimg.com/profile_images/2046153070006951937/1AXy-F_-_normal.jpg","Flexicar Fuenlabrada","@BFuenlabrada","https://x.com/BFuenlabrada/status/2052725967760556062","7h","","","","Translated from Spanish","I have something to tell you all…

We have a special batch of Partizan de Fuenlabrada shirts!","1","https://x.com/BFuenlabrada/status/2052725967760556062/analytics","2.3K","","https://abs.twimg.com/emoji/v2/svg/1f62c.svg","https://abs.twimg.com/emoji/v2/svg/1f5a4.svg","6","Show original","Thanks to the friends at","#FuenlADN","","0:16","32","","","",""
"https://x.com/DaveMasonBOL","https://pbs.twimg.com/profile_images/892476720590331909/DSq7HaLR_normal.jpg","Dave Mason","@DaveMasonBOL","https://x.com/DaveMasonBOL/status/2052790993083097326","2h","","","","XL","Updated Stanley Cup odds and house needs (best to worst)

Ducks +2500 (","4","https://x.com/DaveMasonBOL/status/2052790993083097326/analytics","3.3K","Win)
Canes +160 (","","","3","XL","W)
Flyers +20000 (","XL","","","11","","","",""
"https://x.com/BV0491138981764","https://pbs.twimg.com/profile_images/1942867920205303808/HevEz28O_normal.jpg","京都ロケットナウ配達員19号","@BV0491138981764","https://x.com/BV0491138981764/status/2052765039439048705","4h","","","","XL","バーグマンストリートまとめ
ヘルメットインは大きくないがヤマハリーウインズ","1","https://x.com/BV0491138981764/status/2052765039439048705/analytics","49","は入る。アイドリングストップを毎回オフにするのは気にならない。総じて値段相応で、高身長の人なら配達にも問題ないが、そうで無い人は辞めた方がいい。俺はもうDio辺りにしとけば良かったとチラチラ思ってる","","","1","","","","","@BV0491138981764","","","","Replying to","https://x.com/BV0491138981764"
"https://x.com/jyoooo04","https://pbs.twimg.com/profile_images/2049897603710754816/ZbhySqSj_normal.jpg","bou","@jyoooo04","https://x.com/jyoooo04/status/2052818004396937566","1h","","","","Translated from Japanese","If anyone wants to take this week off, please DM me  
Wanna use my XL dick?","3","https://x.com/jyoooo04/status/2052818004396937566/analytics","58","","","","","Show original","","#裏垢男子","#裏アカ女子と繋がりたい","","#大阪","","","","https://x.com/hashtag/%E5%A4%A7%E9%98%AA?src=hashtag_click"
"https://x.com/ru4047122016736","https://pbs.twimg.com/profile_images/2018958730751246336/k_gP7jYL_normal.jpg","黑蒜饼干","@ru4047122016736","https://x.com/ru4047122016736/status/2052737481213374719","6h","","","","Translated from Japanese","As expected, the Japanese side doesn't give XL any preferential treatment at all. Every time there's a Japanese event, there are so few opportunities for her to perform, and the screen time she gets is extremely limited.  
I mean, why is she treated so poorly? She worked so hard","2","https://x.com/ru4047122016736/status/2052737481213374719/analytics","113","","","","7","Show original","","","Show more","","","","","",""
"https://x.com/1010XL","https://pbs.twimg.com/profile_images/1831432168335130624/DIFGWYX8_normal.jpg","1010 XL / 92.5 FM","@1010XL","https://x.com/1010XL/status/2052810626821509398","1h","https://x.com/i/broadcasts/1pKkOyvnAzXKj","https://pbs.twimg.com/card_img/2052834785433636870/c2Wri3uG?format=jpg&name=orig","LIVE","","Jacksonville Jaguars l NFL Primetime Games l NFL Schedule News l Rookie Minicamp l H&H 5-8","2","https://x.com/1010XL/status/2052810626821509398/analytics","396","","","","2","120 views","","","1010 XL / 92.5 FM","Jacksonville Jaguars l NFL Primetime Games l NFL Schedule News l Rookie Minicamp l H&H 5-8","","https://pbs.twimg.com/profile_images/1831432168335130624/DIFGWYX8_mini.jpg","","",""
"https://x.com/JurgenStander","https://pbs.twimg.com/profile_images/1503417945745248260/vpvggBRB_normal.jpg","XL Bully","@JurgenStander","https://x.com/JurgenStander/status/2052788087768359270","3h","","","","","Sagt mal Gips bei al di gute nudeln?","1","https://x.com/JurgenStander/status/2052788087768359270/analytics","91","","","","3","","","","","","","","","",""
"https://x.com/Helianthus_1990","https://pbs.twimg.com/profile_images/2047557957983064064/DqEj-pXR_normal.jpg","(REST)𝗛𝗘𝗟𝗜𝗜","@Helianthus_1990","https://x.com/Helianthus_1990/status/2052755274667290857","5h","https://x.com/Helianthus_1990/status/2052755274667290857/photo/1","https://pbs.twimg.com/media/HHzaCd8b0AATIeD?format=jpg&name=small","Translated from Thai","XL","ไซส์เสื้อหน้าคอน","9","https://x.com/Helianthus_1990/status/2052755274667290857/analytics","716","บอกอก 42 ยาว25.5
ของจริง อกหน้าผ้า 48 ยาว29 อหหหหห!!!
ใหญ่แบบโคตรใหญ่ ใครเป็นคนวัดไซส์ถามจริง","https://abs.twimg.com/emoji/v2/svg/1f624.svg","https://abs.twimg.com/emoji/v2/svg/1f367.svg","4","@i3aifern_i3Pz","✿พี่เฮลิอุนยายน้องภาวนา✿","","","Quote","","https://pbs.twimg.com/media/HHzaCd7acAEH8H1?format=jpg&name=360x360","https://x.com/Helianthus_1990/status/2052755274667290857/photo/2","9h",""
"https://x.com/BFuenlabrada","https://pbs.twimg.com/profile_images/2046153070006951937/1AXy-F_-_normal.jpg","Flexicar Fuenlabrada","@BFuenlabrada","https://x.com/BFuenlabrada/status/2052725967760556062","7h","","","","Translated from Spanish","I have something to tell you all…

We have a special batch of Partizan de Fuenlabrada shirts!","1","https://x.com/BFuenlabrada/status/2052725967760556062/analytics","2.3K","","https://abs.twimg.com/emoji/v2/svg/1f62c.svg","https://abs.twimg.com/emoji/v2/svg/1f5a4.svg","6","Show original","Thanks to the friends at","#FuenlADN","","0:06 / 0:21","32","","","",""
"https://x.com/1010XL","https://pbs.twimg.com/profile_images/1831432168335130624/DIFGWYX8_normal.jpg","1010 XL / 92.5 FM","@1010XL","https://x.com/1010XL/status/2052810626821509398","1h","https://x.com/i/broadcasts/1pKkOyvnAzXKj","","LIVE","","Jacksonville Jaguars l NFL Primetime Games l NFL Schedule News l Rookie Minicamp l H&H 5-8","2","https://x.com/1010XL/status/2052810626821509398/analytics","396","","","","2","120 views","","","1010 XL / 92.5 FM","Jacksonville Jaguars l NFL Primetime Games l NFL Schedule News l Rookie Minicamp l H&H 5-8","","https://pbs.twimg.com/profile_images/1831432168335130624/DIFGWYX8_mini.jpg","","",""
"https://x.com/1010XL","https://pbs.twimg.com/profile_images/1831432168335130624/DIFGWYX8_normal.jpg","1010 XL / 92.5 FM","@1010XL","https://x.com/1010XL/status/2052780943589482974","3h","https://x.com/i/broadcasts/1qxvvkVZmXQxB","https://pbs.twimg.com/card_img/2052795591898304519/TdKWrb9E?format=jpg&name=orig","","XL","Jags Rookie Camp |","1","https://x.com/1010XL/status/2052780943589482974/analytics","548","Primetime 5-8-26","","","","","","","1010 XL / 92.5 FM","Jags Rookie Camp | XL Primetime 5-8-26","","https://pbs.twimg.com/profile_images/1831432168335130624/DIFGWYX8_mini.jpg","","",""
"https://x.com/yankeelov3r","https://pbs.twimg.com/profile_images/1285513196669894656/N1CUrYDg_normal.jpg","Yankee Girl","@yankeelov3r","https://x.com/yankeelov3r/status/2052824797004902505","43m","","","","Xl","pls","1","https://x.com/yankeelov3r/status/2052824797004902505/analytics","6","","","","","","","","","@YankeesPod","","","","Replying to","https://x.com/YankeesPod"
"https://x.com/slowbird0501","https://pbs.twimg.com/profile_images/1998408072029675520/619H47_7_normal.jpg","SlowBird きくさん","@slowbird0501","https://x.com/slowbird0501/status/2052826835466309910","34m","https://x.com/slowbird0501/status/2052826835466309910/photo/1","https://pbs.twimg.com/media/HH0a-vla0AE_l8i?format=jpg&name=360x360","","Translated from Japanese","The reservation slots for the 8th anniversary long-sleeved T-shirts are now down to just a few remaining.  
Delivery will be slightly delayed, with shipping starting from mid-to-late May.

【Stock Quantity】20 shirts remaining  
White L 3 / XL 2 / XXL 2  
Black L 3 / XL 1 / XXL 2","1","https://x.com/slowbird0501/status/2052826835466309910/analytics","25","","","","","Show original","","","Show more","","","https://pbs.twimg.com/media/HH0a-vxakAACph2?format=jpg&name=360x360","https://x.com/slowbird0501/status/2052826835466309910/photo/2","",""
"https://x.com/SkinnyBrallan","https://pbs.twimg.com/profile_images/2022397853117624321/U0AlcOvn_normal.jpg","Brian Johnson","@SkinnyBrallan","https://x.com/SkinnyBrallan/status/2052750289837453663","5h","","","and","XL","If he's gotta go, he just goes. Thus the","1","https://x.com/SkinnyBrallan/status/2052750289837453663/analytics","18","depends.","","","1","","","","","@AZ_Brittney","2","","","Replying to","https://x.com/AZ_Brittney"
"https://x.com/DieSpottdrossel","https://pbs.twimg.com/profile_images/1064216266058141696/pX6zaxfW_normal.jpg","SFFan","@DieSpottdrossel","https://x.com/DieSpottdrossel/status/2052821462273122485","56m","","","","Translated from German","Today at the DHL Packstation: I scan the pickup code and the XL(!) compartment opens up.  
After a brief shock moment, I remember again that I didn’t order anything big and muster the courage to look inside the compartment. Sure enough, no XL package. Is this the new DHL humor","2","https://x.com/DieSpottdrossel/status/2052821462273122485/analytics","200","","","","11","Show original","","","Show more","","","","","",""
"https://x.com/NailsRockard","https://pbs.twimg.com/profile_images/2047084709466050560/Q5D6AXCX_normal.jpg","Michael","@NailsRockard","https://x.com/NailsRockard/status/2052820372895232123","1h","","","","XL","Mr DumbStick","1","https://x.com/NailsRockard/status/2052820372895232123/analytics","71","lol","","","","","","","","@JamiesAct","","","","Replying to","https://x.com/JamiesAct"
"https://x.com/itsJJsax","https://pbs.twimg.com/profile_images/2015564680589373440/vlPJupFR_normal.jpg","JJsax","@itsJJsax","https://x.com/itsJJsax/status/2052805695050059807","1h","","","","XL","Subscribed!!","1","https://x.com/itsJJsax/status/2052805695050059807/analytics","34","Please","","","","","","","","@YankeesPod","","","","Replying to","https://x.com/YankeesPod"
"https://x.com/alien_not_enemy","https://pbs.twimg.com/profile_images/2045843122400497664/tlWw_vdE_normal.jpg","XLフィン@トリッカル","@alien_not_enemy","https://x.com/alien_not_enemy/status/2052695391767032168","9h","","","","Translated from Japanese","Kyak Carrot... Is my little sister cute?","1","https://x.com/alien_not_enemy/status/2052695391767032168/analytics","5.7K","","","","3","Show original","","","","@Kurone_N","41","","","Replying to","https://x.com/Kurone_N"
"https://x.com/1010XL","https://pbs.twimg.com/profile_images/1831432168335130624/DIFGWYX8_normal.jpg","1010 XL / 92.5 FM","@1010XL","https://x.com/1010XL/status/2052810626821509398","1h","https://x.com/i/broadcasts/1pKkOyvnAzXKj","https://pbs.twimg.com/profile_images/1831432168335130624/DIFGWYX8_mini.jpg","LIVE","","Jacksonville Jaguars l NFL Primetime Games l NFL Schedule News l Rookie Minicamp l H&H 5-8","2","https://x.com/1010XL/status/2052810626821509398/analytics","396","","","","2","1010 XL / 92.5 FM","","","1010 XL / 92.5 FM","Jacksonville Jaguars l NFL Primetime Games l NFL Schedule News l Rookie Minicamp l H&H 5-8","","https://pbs.twimg.com/profile_images/1831432168335130624/DIFGWYX8_mini.jpg","","",""
"https://x.com/1010XL","https://pbs.twimg.com/profile_images/1831432168335130624/DIFGWYX8_normal.jpg","1010 XL / 92.5 FM","@1010XL","https://x.com/1010XL/status/2052780943589482974","3h","https://x.com/i/broadcasts/1qxvvkVZmXQxB","","","XL","Jags Rookie Camp |","1","https://x.com/1010XL/status/2052780943589482974/analytics","548","Primetime 5-8-26","","","","118 views","","","1010 XL / 92.5 FM","Jags Rookie Camp | XL Primetime 5-8-26","1:53:11","https://pbs.twimg.com/profile_images/1831432168335130624/DIFGWYX8_mini.jpg","","",""
"https://x.com/PanameXL_","https://pbs.twimg.com/profile_images/2050686758535204865/bzawupDf_normal.jpg","Paname XL","@PanameXL_","https://x.com/PanameXL_/status/2052817811378962611","1h","","","","Translated from French","New page 100% dedicated to PSG","2","https://x.com/PanameXL_/status/2052817811378962611/analytics","58","Here, you'll find all the latest on Paris Saint-Germain in real time: news, statements, transfers, matches, behind-the-scenes, and so much more.","https://abs.twimg.com/emoji/v2/svg/1f6a8.svg","https://abs.twimg.com/emoji/v2/svg/1f534.svg","4","Show original","We're starting from scratch in a world full of big accounts, but every great adventure","","Show more","","","","","",""
"https://x.com/Astyriix","https://pbs.twimg.com/profile_images/1519025715487948801/31ZEEd19_normal.png","Astyrix XL","@Astyriix","https://x.com/Astyriix/status/2052786348596031880","3h","","","","Translated from French","You claim to be a geopolitician, you are just ridiculous.","1","https://x.com/Astyriix/status/2052786348596031880/analytics","13","","","","","Show original","","","","@ObsDelphi","","","","Replying to","https://x.com/ObsDelphi"
"https://x.com/SatoruSf","https://pbs.twimg.com/profile_images/2032895167376797698/yW2Xi_Kw_normal.jpg","satoru.十一.juuichi","@SatoruSf","https://x.com/SatoruSf/status/2052685571433386269","9h","https://x.com/SatoruSf/status/2052685571433386269/photo/1","https://pbs.twimg.com/media/HHyaouQawAAcw8a?format=jpg&name=360x360","","Translated from Japanese","【Juichi T-Shirt Re-Release Announcement】  
We've received a lot of requests  
for the black / white versions, so we're re-releasing them.  
Sizes available:  
S / M / L / XL / XXL / XXXL  
And even larger sizes  
can be made to order if you reserve them.  
Price: 5,000 yen","1","https://x.com/SatoruSf/status/2052685571433386269/analytics","386","","","","4","Show original","","","Show more","","14","https://pbs.twimg.com/media/HHyaouQbgAACWte?format=jpg&name=360x360","https://x.com/SatoruSf/status/2052685571433386269/photo/2","",""
"https://x.com/1010XL","https://pbs.twimg.com/profile_images/1831432168335130624/DIFGWYX8_normal.jpg","1010 XL / 92.5 FM","@1010XL","https://x.com/1010XL/status/2052780943589482974","3h","https://x.com/i/broadcasts/1qxvvkVZmXQxB","https://pbs.twimg.com/profile_images/1831432168335130624/DIFGWYX8_mini.jpg","","XL","Jags Rookie Camp |","1","https://x.com/1010XL/status/2052780943589482974/analytics","548","Primetime 5-8-26","","","","1010 XL / 92.5 FM","","","1010 XL / 92.5 FM","Jags Rookie Camp | XL Primetime 5-8-26","","https://pbs.twimg.com/profile_images/1831432168335130624/DIFGWYX8_mini.jpg","","",""
"https://x.com/caterinz_01","https://pbs.twimg.com/profile_images/1989272126122233856/LbaXKP8I_normal.jpg","BUNNYLEONE","@caterinz_01","https://x.com/caterinz_01/status/2052746891545448931","5h","https://help.x.com/rules-and-policies/authenticity","https://pbs.twimg.com/profile_images/2051640439279644682/LsRcVkXy_mini.jpg","IT'S ISG #MAYJU","XL","XXXL.   XXL.","1","https://x.com/caterinz_01/status/2052746891545448931/analytics","386",".    L.    M.     S.","https://abs.twimg.com/emoji/v2/svg/1f62d.svg","","5","Parody account","@isgvlad2","·","","Quote","","https://abs.twimg.com/responsive-web/client-web/parody-mask.92274f0a.svg","https://x.com/isgvlad2/status/2052681926087971160/photo/1","10h",""
"https://x.com/lkMR__78","https://pbs.twimg.com/profile_images/2031086356735123456/PRVI-DtN_normal.jpg","ابن يوسف","@lkMR__78","https://x.com/lkMR__78/status/2052791377067393414","2h","","","","xl","Mon gars t'es juste un bandeurs les vrais choses c'est krousty factory les","1","https://x.com/lkMR__78/status/2052791377067393414/analytics","131","là bababa","","","1","","","","","@ZORO__667","","","","Replying to","https://x.com/ZORO__667"
"https://x.com/sole_cam_","https://pbs.twimg.com/profile_images/2038276309961605120/CTEH8N-e_normal.jpg","","@sole_cam_","https://x.com/sole_cam_/status/2052774261056807295","4h","https://x.com/sole_cam_/status/2052774261056807295/photo/1","https://pbs.twimg.com/media/HHzrTxjboAAaVzy?format=jpg&name=small","","XL","이거크로노 기준","2","https://x.com/sole_cam_/status/2052774261056807295/analytics","483","원피스마냥입어봄
(안에바지입엇어요)
근데 케이고티도 지금 입고있는데 길이비슷함 이건L로삼","","","2","","","","","","","https://pbs.twimg.com/media/HHzrTxibsAAXck9?format=jpg&name=small","https://x.com/sole_cam_/status/2052774261056807295/photo/2","",""
"https://x.com/logicfgs","https://pbs.twimg.com/profile_images/1535236437188218881/-pTDCdnp_normal.jpg","xL","@logicfgs","https://x.com/logicfgs/status/2052655237756813578","11h","","","","","That first track production is so sick","2","https://x.com/logicfgs/status/2052655237756813578/analytics","1.7K",", Zlatan is one of one with Adlibs","https://abs.twimg.com/emoji/v2/svg/1f525.svg","https://abs.twimg.com/emoji/v2/svg/1f602.svg","1","","","","","","20","","","",""
"https://x.com/LadyDanesa","https://pbs.twimg.com/profile_images/2047910226385645568/xzsGk3El_normal.jpg","Yo le digo Mierdita pero se llama Arthur","@LadyDanesa","https://x.com/LadyDanesa/status/2052813565795434868","1h","","","","Translated from Spanish","The problem they had was with the sizes. They didn't understand how an XL could be bigger than an L...","2","https://x.com/LadyDanesa/status/2052813565795434868/analytics","28","","","","","Show original","","","","@cuerdo_de","","","","Replying to","https://x.com/cuerdo_de"
"https://x.com/mxttsco","https://pbs.twimg.com/profile_images/2021149482948362242/AKDwg7k9_normal.jpg","Matt","@mxttsco","https://x.com/mxttsco/status/2052780577447649518","3h","https://x.com/mxttsco/status/2052665631913250855/photo/2","https://pbs.twimg.com/amplify_video_thumb/2052664150136958976/img/fO7sd_-3b5NUnzvc.jpg","@LuckyHashWin","XL","If you haven't already, click below for a chance to win 15x of the new Infinity Loop","1","https://x.com/mxttsco/status/2052780577447649518/analytics","66","scratchcards from","https://abs.twimg.com/emoji/v2/svg/1f447.svg","","3","scratchcard has evolved and now has a 1 XRP version, with a 1200","","","","Quote","","https://pbs.twimg.com/media/HHyHk4DW0AMSOSz?format=jpg&name=360x360","","11h",""
"https://x.com/bunnnieya","https://pbs.twimg.com/profile_images/2030735970585493504/GVDlcnbW_normal.jpg","neena","@bunnnieya","https://x.com/bunnnieya/status/2052750844370784535","5h","","","","xl","hua cheng bullying xie lian to the point that he's so frustrated and forced to initiate everything. hua cheng acting all clueless when","5","https://x.com/bunnnieya/status/2052750844370784535/analytics","5.3K","is obviously asking for a kiss. but he's not giving him what he wants until","","","28","xl","actually says the words, completely flushed","","","","533","","","",""
"https://x.com/Verin_palerider","https://pbs.twimg.com/profile_images/2003084624671764480/ImqF7Tsf_normal.jpg","Verin/Pozzy","@Verin_palerider","https://x.com/Verin_palerider/status/2052742727943741639","6h","","","","Translated from Japanese","Cube S is a cube with each side 10cm  
Cube M is a cube with each side 20cm  
Cube L is a cube with each side 40cm  
Cube XL is a cube with each side 80cm","1","https://x.com/Verin_palerider/status/2052742727943741639/analytics","144","","","","8","Show original","","","","@Verin_palerider","","https://pbs.twimg.com/media/HHzOPcBaoAAYVm2?format=jpg&name=small","https://x.com/Verin_palerider/status/2052742727943741639/photo/1","Replying to","https://x.com/Verin_palerider"
"https://x.com/ellnore_pad_267","https://pbs.twimg.com/profile_images/1700736891589648384/wWC7V1yp_normal.jpg","xL(おおきなえる)","@ellnore_pad_267","https://x.com/ellnore_pad_267/status/2052793932443209759","2h","","","","Translated from Japanese","I was knocked out by the low pressure for about three hours,  
so I'm going to end up staying up late for another three hours or so after this.  

This is how my sleep rhythm gets thrown off, you know.","1","https://x.com/ellnore_pad_267/status/2052793932443209759/analytics","91","","","","3","Show original","","","","","","","","",""
"https://x.com/jiang_yanliholi","https://pbs.twimg.com/profile_images/1986883673224855552/CZakunz-_normal.jpg","С.А.Ш.А (устала)","@jiang_yanliholi","https://x.com/jiang_yanliholi/status/2052728233884357100","7h","","","Translated from Russian","Translated from Russian","After all, everyone knows that the rarest size grids in mass-market are XS and S, not L/XL/XXL and larger.","25","https://x.com/jiang_yanliholi/status/2052728233884357100/analytics","36K","","","","7","Show original","","","","Quote","811","https://pbs.twimg.com/media/HHuwUBYXAAAFa9u?format=jpg&name=small","https://x.com/Che_Lera/status/2052427919561998385/photo/1","May 7",""
"https://x.com/mxttsco","https://pbs.twimg.com/profile_images/2021149482948362242/AKDwg7k9_normal.jpg","Matt","@mxttsco","https://x.com/mxttsco/status/2052780577447649518","3h","https://x.com/mxttsco/status/2052665631913250855/photo/2","","@LuckyHashWin","XL","If you haven't already, click below for a chance to win 15x of the new Infinity Loop","1","https://x.com/mxttsco/status/2052780577447649518/analytics","66","scratchcards from","https://abs.twimg.com/emoji/v2/svg/1f447.svg","","3","scratchcard has evolved and now has a 1 XRP version, with a 1200","0:31","","","Quote","","https://pbs.twimg.com/media/HHyHk4DW0AMSOSz?format=jpg&name=360x360","","11h",""
"https://x.com/jiang_yanliholi","https://pbs.twimg.com/profile_images/1986883673224855552/CZakunz-_normal.jpg","С.А.Ш.А (устала)","@jiang_yanliholi","https://x.com/jiang_yanliholi/status/2052728233884357100","7h","","","Translated from Russian","Translated from Russian","After all, everyone knows that the rarest size grids in mass-market are XS and S, not L/XL/XXL and larger.","25","https://x.com/jiang_yanliholi/status/2052728233884357100/analytics","36K","","","","7","Show original","","","","Quote","813","https://pbs.twimg.com/media/HHuwUBYXAAAFa9u?format=jpg&name=small","https://x.com/Che_Lera/status/2052427919561998385/photo/1","May 7",""
"https://x.com/logicfgs","https://pbs.twimg.com/profile_images/1535236437188218881/-pTDCdnp_normal.jpg","xL","@logicfgs","https://x.com/logicfgs/status/2052517282908180635","21h","","https://pbs.twimg.com/amplify_video_thumb/1820973381908398080/img/QaerDeLZmZrwrDcR.jpg","","","What a show man","13","https://x.com/logicfgs/status/2052517282908180635/analytics","11K","","","","8","","","","","Quote","80","","","May 7",""
"https://x.com/teewithicecream","https://pbs.twimg.com/profile_images/1893354917747630080/kffAi5PB_normal.jpg","мороженка с чаем","@teewithicecream","https://x.com/teewithicecream/status/2052770048461128183","4h","","","","Translated from Russian","And it pisses me off so much that sizes XL and up are made for fatasses, not for tall guys. What the fuck am I supposed to do when M is too short on me and L+ is already a cloak-tent.","1","https://x.com/teewithicecream/status/2052770048461128183/analytics","2.4K","","","","17","Show original","","","","@jiang_yanliholi","","","","Replying to","https://x.com/jiang_yanliholi"
"https://x.com/ellnore_pad_267","https://pbs.twimg.com/profile_images/1700736891589648384/wWC7V1yp_normal.jpg","xL(おおきなえる)","@ellnore_pad_267","https://x.com/ellnore_pad_267/status/2052800590019952954","2h","","","","","おいおいおい、確かに暖かくなってきたが夏はまだこれからが本番じゃねえか・・・ちょっと早いぜ。。","1","https://x.com/ellnore_pad_267/status/2052800590019952954/analytics","17","","","","","","","","","@Anubis_369","","","","Replying to","https://x.com/Anubis_369"
"https://x.com/memorylanefc","https://pbs.twimg.com/profile_images/1849478823081082880/Tc9k99QS_normal.jpg","Jake Anyon","@memorylanefc","https://x.com/memorylanefc/status/2052799213252313320","2h","","","","XL","Monaco 99 home - large - £55

Cagliari 99 - medium - £65

Ajax training - large - £50

Man City training -","1","https://x.com/memorylanefc/status/2052799213252313320/analytics","252","- £55

Ajax sweater fits medium £50

Rangers 92 away - medium £70","","","2","","","","","@memorylanefc","","https://pbs.twimg.com/media/HH0B_kGa4AAiwL9?format=jpg&name=small","https://x.com/memorylanefc/status/2052799213252313320/photo/1","Replying to","https://x.com/memorylanefc"
"https://x.com/mxttsco","https://pbs.twimg.com/profile_images/2021149482948362242/AKDwg7k9_normal.jpg","Matt","@mxttsco","https://x.com/mxttsco/status/2052780577447649518","3h","https://x.com/mxttsco/status/2052665631913250855/photo/2","","@LuckyHashWin","XL","If you haven't already, click below for a chance to win 15x of the new Infinity Loop","1","https://x.com/mxttsco/status/2052780577447649518/analytics","66","scratchcards from","https://abs.twimg.com/emoji/v2/svg/1f447.svg","","3","scratchcard has evolved and now has a 1 XRP version, with a 1200","0:30","","","Quote","","https://pbs.twimg.com/media/HHyHk4DW0AMSOSz?format=jpg&name=360x360","","11h",""
"https://x.com/logicfgs","https://pbs.twimg.com/profile_images/1535236437188218881/-pTDCdnp_normal.jpg","xL","@logicfgs","https://x.com/logicfgs/status/2052517282908180635","21h","","https://pbs.twimg.com/profile_images/1379144684807856132/Pc0AeV8v_normal.jpg","0:18","From","What a show man","13","https://x.com/logicfgs/status/2052517282908180635/analytics","11K","Ziggy_Sobotka","","","8","","","","","Quote","80","","","May 7",""
"https://x.com/adigaraad","https://pbs.twimg.com/profile_images/2046304643383500800/F22BqleP_normal.jpg","Раад абзах","@adigaraad","https://x.com/adigaraad/status/2052806716631179634","1h","https://x.com/adigaraad/status/2052806716631179634/photo/1","https://pbs.twimg.com/media/HH0I1FLXkAYYOEk?format=jpg&name=small","","Translated from Arabic","HyperX XL Gaming Mouse for Sale  
In bulk, all with the same design  
Each piece for 13  
Dimensions: 90 cm x 42 cm, thickness 4 mm","2","https://x.com/adigaraad/status/2052806716631179634/analytics","143","","","","","Show original","","","","","","https://pbs.twimg.com/media/HH0I1HPWQAMLoIG?format=jpg&name=small","https://x.com/adigaraad/status/2052806716631179634/photo/2","",""
"https://x.com/susunaused","https://pbs.twimg.com/profile_images/2041459051528392704/C9GSrZAt_normal.jpg","susunaused2hand /CFใต้รูป แคปทักมาเลยค่ะ","@susunaused","https://x.com/susunaused/status/2052745078087836049","6h","https://x.com/susunaused/status/2052745078087836049/photo/1","https://pbs.twimg.com/media/HHzQvxgbAAE-YlP?format=jpg&name=360x360","","XL","gracier M-","1","https://x.com/susunaused/status/2052745078087836049/analytics","190","เปื้อนจังข้างแขนนิดนึงค่ะแต่งานจริงสวย
อก:         36-48
ยาว:       32","https://abs.twimg.com/emoji/v2/svg/1f963.svg","https://abs.twimg.com/emoji/v2/svg/1f380.svg","3","","Price: 50","#ส่งต่อเสื้อผ้า","#เสื้อผ้ามือสองสภาพดี","@susunaused","","https://pbs.twimg.com/media/HHzQvxYaQAAaGiK?format=jpg&name=360x360","https://x.com/susunaused/status/2052745078087836049/photo/2","Replying to","https://x.com/susunaused"
"https://x.com/1010XL","https://pbs.twimg.com/profile_images/1831432168335130624/DIFGWYX8_normal.jpg","1010 XL / 92.5 FM","@1010XL","https://x.com/1010XL/status/2052803216002396513","2h","","","","#DUUUVAL","""All of the rookies want to show they are worthy of the pick""

Former Jaguar Tom McManus gives his thoughts on their potential!","2","https://x.com/1010XL/status/2052803216002396513/analytics","861","WATCH CATCHING UP WITH TOMMY MAC HERE","https://abs.twimg.com/emoji/v2/svg/1f4fd.svg","https://abs.twimg.com/emoji/v2/svg/2b07.svg","9","",":","#Jaguars","","","","https://pbs.twimg.com/amplify_video_thumb/2052787150471462918/img/ETcmGo_A_nGV4llq.jpg","","",""
"https://x.com/logicfgs","https://pbs.twimg.com/profile_images/1535236437188218881/-pTDCdnp_normal.jpg","xL","@logicfgs","https://x.com/logicfgs/status/2052517282908180635","21h","","https://pbs.twimg.com/profile_images/1379144684807856132/Pc0AeV8v_normal.jpg","0:04 / 0:22","Ziggy_Sobotka","What a show man","13","https://x.com/logicfgs/status/2052517282908180635/analytics","11K","","","","8","","","","","Quote","80","","","May 7",""
"https://x.com/1010XL","https://pbs.twimg.com/profile_images/1831432168335130624/DIFGWYX8_normal.jpg","1010 XL / 92.5 FM","@1010XL","https://x.com/1010XL/status/2052803216002396513","2h","","","","#DUUUVAL","""All of the rookies want to show they are worthy of the pick""

Former Jaguar Tom McManus gives his thoughts on their potential!","2","https://x.com/1010XL/status/2052803216002396513/analytics","861","WATCH CATCHING UP WITH TOMMY MAC HERE","https://abs.twimg.com/emoji/v2/svg/1f4fd.svg","https://abs.twimg.com/emoji/v2/svg/2b07.svg","9","",":","#Jaguars","","0:51","","","","",""
"https://x.com/shizuku__0901","https://pbs.twimg.com/profile_images/1621229935934476289/J6FAD86w_normal.jpg","しずく","@shizuku__0901","https://x.com/shizuku__0901/status/2052786348365631905","3h","","","","","背の高い胸デカイ肩幅でかい細身？女なので...XLやねんなサイズ","2","https://x.com/shizuku__0901/status/2052786348365631905/analytics","25","でも細いからS着れると思われる謎世界","https://abs.twimg.com/emoji/v2/svg/1f97a.svg","","","","","","","","","","","",""
"https://x.com/SEIRA_1011","https://pbs.twimg.com/profile_images/1960356360140599296/wv8ikL2s_normal.jpg","Sierra★!","@SEIRA_1011","https://x.com/SEIRA_1011/status/2052735880465625284","6h","https://x.com/SEIRA_1011/status/2052735880465625284/photo/1","https://pbs.twimg.com/media/HHzIZuHbsAAdJ_0?format=jpg&name=small","","XL","個人的にはタイトめが好きなんだけど、そもそもオーバーサイズのつくりじゃしょうがない","5","https://x.com/SEIRA_1011/status/2052735880465625284/analytics","1.9K","ホワイトもチャコールっぽいブラックもよい感じ","https://abs.twimg.com/emoji/v2/svg/1f62e-200d-1f4a8.svg","https://abs.twimg.com/emoji/v2/svg/1f44c.svg","2","","何より背面プリントなのがポイント高い","","","","50","https://pbs.twimg.com/media/HHzIZsabcAAHmhh?format=jpg&name=small","https://x.com/SEIRA_1011/status/2052735880465625284/photo/2","",""
"https://x.com/Over82Much","https://pbs.twimg.com/profile_images/2001300938892390400/0I18x-UZ_normal.jpg","Over82much","@Over82Much","https://x.com/Over82Much/status/2052773473433403740","4h","","","","xl","Fresh outta the shower. Do you think anyone will notice I scarfed down 10 wings and an","4","https://x.com/Over82Much/status/2052773473433403740/analytics","53","pizza last night???","","","","","","#fatboy","#maleweightgain","","","https://pbs.twimg.com/media/HHzqmFSXwAY0FPu?format=jpg&name=small","https://x.com/Over82Much/status/2052773473433403740/photo/1","",""
"https://x.com/Eru_Hiragi","https://pbs.twimg.com/profile_images/1767521870226796544/gKZliZQg_normal.jpg","柊エル","@Eru_Hiragi","https://x.com/Eru_Hiragi/status/2052701670950498492","8h","https://x.com/vgf_festa/status/2052687235204735477/photo/1","https://pbs.twimg.com/media/HHybylBa4AALDXE?format=jpg&name=360x360","Translated from Japanese","Translated from Japanese","- ̗̀","1","https://x.com/Eru_Hiragi/status/2052701670950498492/analytics","382","The XL size T-shirts are sold out, but we're also accepting orders for them!!","https://abs.twimg.com/emoji/v2/svg/1f4e3.svg","https://abs.twimg.com/emoji/v2/svg/1f455.svg","7","Show original","Until today!!","Nb9","https://","Quote","15","https://pbs.twimg.com/media/HHyb1N_aYAA8Pah?format=jpg&name=360x360","https://x.com/vgf_festa/status/2052687235204735477/photo/2","9h",""
"https://x.com/1010XL","https://pbs.twimg.com/profile_images/1831432168335130624/DIFGWYX8_normal.jpg","1010 XL / 92.5 FM","@1010XL","https://x.com/1010XL/status/2052803216002396513","2h","","","0:02 / 0:53","#DUUUVAL","""All of the rookies want to show they are worthy of the pick""

Former Jaguar Tom McManus gives his thoughts on their potential!","2","https://x.com/1010XL/status/2052803216002396513/analytics","861","WATCH CATCHING UP WITH TOMMY MAC HERE","https://abs.twimg.com/emoji/v2/svg/1f4fd.svg","https://abs.twimg.com/emoji/v2/svg/2b07.svg","9","",":","#Jaguars","","","","","","",""
"https://x.com/logicfgs","https://pbs.twimg.com/profile_images/1535236437188218881/-pTDCdnp_normal.jpg","xL","@logicfgs","https://x.com/logicfgs/status/2052794318583156870","2h","","","","","It wasn’t suppose to be like this , we no even mean am that way","1","https://x.com/logicfgs/status/2052794318583156870/analytics","415","","","","2","","","","","@notwenry","","","","Replying to","https://x.com/notwenry"
"https://x.com/gekirock","https://pbs.twimg.com/profile_images/2236595315/twitter_thumb_normal.jpg","激ロック","@gekirock","https://x.com/gekirock/status/2052660813958394137","11h","","","","Translated from Japanese","【Follow & RT to Enter】  
DAMNED T-shirt (XL size) + Handwritten Signatures from All Members on Shikishi Giveaway!  
The dream stage we're facing with determination to forge the future: Spotify O-WEST one-man show on 6/16! Interview with the rising stars of Visual Kei Loud ×","137","https://x.com/gekirock/status/2052660813958394137/analytics","6.2K","","","","83","Show original","","","Show more","","","https://pbs.twimg.com/media/HHyEFwtbAAAdCfN?format=jpg&name=small","https://x.com/gekirock/status/2052660813958394137/photo/1","",""
"https://x.com/PostModernHatun","https://pbs.twimg.com/profile_images/1898164370246352896/PAJp32Ze_normal.jpg","PostModernHatun","@PostModernHatun","https://x.com/PostModernHatun/status/2052802592187601229","2h","","","","Translated from Turkish","I'm heading to the XL concert in a bit, my friend couldn't leave the house, foundation got on my outfit, changed my costume at the last minute, seriously, my blood pressure's spiking right now.","3","https://x.com/PostModernHatun/status/2052802592187601229/analytics","45","","","","","Show original","","","","","","","","",""
"https://x.com/Xl2dEieZniwWXrC","https://pbs.twimg.com/profile_images/1417424894468313092/eE1x-XZ-_normal.jpg","小田切光","@Xl2dEieZniwWXrC","https://x.com/Xl2dEieZniwWXrC/status/2052677965012709566","10h","https://x.com/Xl2dEieZniwWXrC/status/2052677965012709566/photo/1","https://pbs.twimg.com/media/HHyTujwaAAAsUiN?format=jpg&name=360x360","","Translated from Japanese","Today, the girl from Glory Veins was born safely—","7","https://x.com/Xl2dEieZniwWXrC/status/2052677965012709566/analytics","5.3K","She's the little sister of Oyatsu no Jikan-chan, right?  
She's the biggest among the siblings!!  
I hope she grows up healthy","https://abs.twimg.com/emoji/v2/svg/1f389.svg","https://abs.twimg.com/emoji/v2/svg/1f606.svg","40","Show original","","","","","329","https://pbs.twimg.com/media/HHyTujwaIAA3Z2H?format=jpg&name=360x360","https://x.com/Xl2dEieZniwWXrC/status/2052677965012709566/photo/2","",""
"https://x.com/shizuku__0901","https://pbs.twimg.com/profile_images/1621229935934476289/J6FAD86w_normal.jpg","しずく","@shizuku__0901","https://x.com/shizuku__0901/status/2052786604499251571","3h","","","","Translated from Japanese","I wonder if it's partly because of my slouchy posture... In terms of height, I thought at least M, right!?! But reality is L to XL.","2","https://x.com/shizuku__0901/status/2052786604499251571/analytics","15","","","","","Show original","","","","","","","","",""
"https://x.com/elpatanbb","https://pbs.twimg.com/profile_images/2035791545979514880/mZ4F8bqB_normal.jpg","El Patan XL","@elpatanbb","https://x.com/elpatanbb/status/2052770334688841950","4h","https://help.x.com/rules-and-policies/authenticity","https://abs.twimg.com/responsive-web/client-web/parody-mask.92274f0a.svg","Parody account","","Vótate a la vrga!","1","https://x.com/elpatanbb/status/2052770334688841950/analytics","50","","","","1","","","","","@pnchechicharo","","https://pbs.twimg.com/media/HHznvY_XQAIU9Dg?format=jpg&name=small","https://x.com/elpatanbb/status/2052770334688841950/photo/1","Replying to","https://x.com/pnchechicharo"
"https://x.com/shizuku__0901","https://pbs.twimg.com/profile_images/1621229935934476289/J6FAD86w_normal.jpg","しずく","@shizuku__0901","https://x.com/shizuku__0901/status/2052786807121875159","3h","","","","Translated from Japanese","The store's clothes are all M sizes... I do have a few XLs, but they disappear if other girls wear them, so I also want some dedicated ones. No, I already have some, but I want new sexy ones for cabaret ( )","3","https://x.com/shizuku__0901/status/2052786807121875159/analytics","28","","","","","Show original","","","","","","","","",""
"https://x.com/nignstar","https://pbs.twimg.com/profile_images/1665759839493169153/teBDW_Gi_normal.png","Экстремисткая тревожная звездочка","@nignstar","https://x.com/nignstar/status/2052788429285396731","3h","","","Translated from Russian","Translated from Russian","SHORT STORY  
There are these stores befree and gloria jeans where I used to buy clothes for myself all the time. I'm L - XL and before their clothes fit me perfectly but now they've shrunk their size charts and nothing fucking fits me anymore  
If anything I haven't gained","1","https://x.com/nignstar/status/2052788429285396731/analytics","90","","","","3","Show original","","","Show more","Quote","","","","7h",""
"https://x.com/9lJHdJ3Oirop2L1","https://pbs.twimg.com/profile_images/1987485285853310978/_m6EUbLb_normal.jpg","サキ太郎","@9lJHdJ3Oirop2L1","https://x.com/9lJHdJ3Oirop2L1/status/2052688453234729410","9h","","","","XL","Tシャツ届いてた！！","4","https://x.com/9lJHdJ3Oirop2L1/status/2052688453234729410/analytics","135","にしたよ！！
ぶかぶかでめちゃ可愛い♡初めてのグッズがすごくかわいくてもっと買いたいぃ！！","https://abs.twimg.com/emoji/v2/svg/1f338.svg","https://abs.twimg.com/emoji/v2/svg/1faf6.svg","1","","いっぱい着ます！大事にします！","#華時さくら","","","7","https://pbs.twimg.com/media/HHydQ9ja0AAYIMz?format=jpg&name=small","https://x.com/9lJHdJ3Oirop2L1/status/2052688453234729410/photo/1","",""
"https://x.com/yakari4567","https://pbs.twimg.com/profile_images/2007078603918393344/0EjDrXkj_normal.jpg","ghilloo23","@yakari4567","https://x.com/yakari4567/status/2052754653654171748","5h","","","","Translated from French","Mbappé would put on an XL, I don't believe it, especially in 2019","1","https://x.com/yakari4567/status/2052754653654171748/analytics","3.1K","","","","25","Show original","","","","@_3emeOeil","","","","Replying to","https://x.com/_3emeOeil"
"https://x.com/ellnore_pad_267","https://pbs.twimg.com/profile_images/1700736891589648384/wWC7V1yp_normal.jpg","xL(おおきなえる)","@ellnore_pad_267","https://x.com/ellnore_pad_267/status/2052764308627759570","4h","","","","Translated from Japanese","Twitterland is seriously full of too many crazy bastards, right...?","2","https://x.com/ellnore_pad_267/status/2052764308627759570/analytics","742","","","","1","Show original","","","","","15","","","",""
"https://x.com/mahoumoreno","https://pbs.twimg.com/profile_images/1809332981862928384/2DbvtEpi_normal.jpg","Malcolm XL","@mahoumoreno","https://x.com/mahoumoreno/status/2051757846639898759","May 6","https://x.com/mahoumoreno/status/2051757846639898759/photo/1","https://pbs.twimg.com/media/HHlO4rWXIAIrf02?format=jpg&name=360x360","","","","55","https://x.com/mahoumoreno/status/2051757846639898759/analytics","212K","","","","319","","","","","","10K","https://pbs.twimg.com/media/HHlO4t3W0Akudi6?format=jpg&name=small","https://x.com/mahoumoreno/status/2051757846639898759/photo/2","",""
"https://x.com/ellnore_pad_267","https://pbs.twimg.com/profile_images/1700736891589648384/wWC7V1yp_normal.jpg","xL(おおきなえる)","@ellnore_pad_267","https://x.com/ellnore_pad_267/status/2052729983383257518","7h","","","","","業後即落ちてそのまま死んでた、もはや生き返ったと言っても良い。","1","https://x.com/ellnore_pad_267/status/2052729983383257518/analytics","251","","","","12","","","","","","","","","",""
"https://x.com/pcbuildwizard","https://pbs.twimg.com/profile_images/1248710209461194754/UEmy_EKO_normal.jpg","PC Build Wizard","@pcbuildwizard","https://x.com/pcbuildwizard/status/2052834536547852612","5m","","","","Translated from Portuguese","SuperFrame Pro Player XL Gray, 490 x 420 x 4mm

R$ 99.99

Rating:","3","https://x.com/pcbuildwizard/status/2052834536547852612/analytics","179","","https://abs.twimg.com/emoji/v2/svg/2b50.svg","https://abs.twimg.com/emoji/v2/svg/2b50.svg","","Show original","Store: Terabyte","","","","","https://pbs.twimg.com/media/HH0iD_XWsAE1p7n?format=jpg&name=small","https://x.com/pcbuildwizard/status/2052834536547852612/photo/1","",""
"https://x.com/logicfgs","https://pbs.twimg.com/profile_images/1535236437188218881/-pTDCdnp_normal.jpg","xL","@logicfgs","https://x.com/logicfgs/status/2052768606203650119","4h","","","","","He got fitness and became worse , his final destination is a LCB","1","https://x.com/logicfgs/status/2052768606203650119/analytics","1.9K","","","","49","","","","","@StillFeechi","","","","Replying to","https://x.com/StillFeechi"
"https://x.com/RG7XL","https://pbs.twimg.com/profile_images/2038762855949099008/Visin12Z_normal.jpg","RG7.xl","@RG7XL","https://x.com/RG7XL/status/2052813039548653894","1h","","","","Translated from Portuguese","And what about those who live with sick parents, what do they do? That crowd over there must live in a parallel universe kkkkk no other explanation","1","https://x.com/RG7XL/status/2052813039548653894/analytics","181","","","","2","Show original","","","","@_juleona","","","","Replying to","https://x.com/_juleona"
"https://x.com/seppovague","https://pbs.twimg.com/profile_images/1992949972371718144/tIBTJ43z_normal.jpg","Age of Empires II Definitive Edition","@seppovague","https://x.com/seppovague/status/2052787074428707177","3h","","","","xl","wenn dir","1","https://x.com/seppovague/status/2052787074428707177/analytics","15","passt xD","","","1","","","","","@chickenmcegg","","","","Replying to","https://x.com/chickenmcegg"
"https://x.com/kanae_noaf","https://pbs.twimg.com/profile_images/2028475399865618432/aTDgvJ8f_normal.jpg","心安かなえ NO❤︎AF(ﾉｰｱﾌ)","@kanae_noaf","https://x.com/kanae_noaf/status/2052762730051113004","4h","","","Translated from Japanese","Translated from Japanese","【Tour T-Shirt Sales Notice】","1","https://x.com/kanae_noaf/status/2052762730051113004/analytics","697","Sizes: M, S, L, XL, XXL, XXXL  
XXL, XXXL +¥500  
Member color purchase limited to tour participants only  
(Pickup available at any venue)  

Member color T-shirts are made-to-order ↓","","","17","Show original","","#ノーアフワンマン0810","https://","Quote","","","https://x.com/SKA_noaf/status/2052689405530538466/photo/1","9h",""
"https://x.com/WinksFootball","https://pbs.twimg.com/profile_images/1856671345737613312/bgjkyhBZ_normal.jpg","🆆🅸🅽🅺🆂 - Football Shirts","@WinksFootball","https://x.com/WinksFootball/status/2052796756996358455","2h","","https://pbs.twimg.com/amplify_video_thumb/2049838959933435904/img/4aKE50268er4ITCB.jpg","","XL","Botafogo","1","https://x.com/WinksFootball/status/2052796756996358455/analytics","623","home 25-26 - £50
Botafogo","https://abs.twimg.com/emoji/v2/svg/1f5a4.svg","","3","XL","third  25-26 -£50
Bayern","XL","XL","Quote","XL","","","Apr 30",""
"https://x.com/FPFO_Podcast","https://pbs.twimg.com/profile_images/1995285148489695232/Pz0bLHNn_normal.jpg","For Panthers Fans Only (Podcast)","@FPFO_Podcast","https://x.com/FPFO_Podcast/status/2052802606993395769","2h","","","","XL","Damn the","1","https://x.com/FPFO_Podcast/status/2052802606993395769/analytics","1K","experiment is really over","","","2","","","","","","37","https://pbs.twimg.com/amplify_video_thumb/2052781530137645062/img/geuR-CBfq5vyfoVV.jpg","","",""
"https://x.com/1010XL","https://pbs.twimg.com/profile_images/1831432168335130624/DIFGWYX8_normal.jpg","1010 XL / 92.5 FM","@1010XL","https://x.com/1010XL/status/2052795036870353077","2h","","","","#DUUUVAL","BREAKING: The NFL has announced the 2026 schedule release will take place next Thursday, May 14th","9","https://x.com/1010XL/status/2052795036870353077/analytics","1.9K","|","","","32","","|","#Jaguars","","","","https://pbs.twimg.com/media/HHz-DmAWYAMyHqj?format=jpg&name=small","https://x.com/1010XL/status/2052795036870353077/photo/1","",""
"https://x.com/WinksFootball","https://pbs.twimg.com/profile_images/1856671345737613312/bgjkyhBZ_normal.jpg","🆆🅸🅽🅺🆂 - Football Shirts","@WinksFootball","https://x.com/WinksFootball/status/2052796756996358455","2h","","","2:16","XL","Botafogo","1","https://x.com/WinksFootball/status/2052796756996358455/analytics","623","home 25-26 - £50
Botafogo","https://abs.twimg.com/emoji/v2/svg/1f5a4.svg","","3","XL","third  25-26 -£50
Bayern","XL","XL","Quote","XL","","","Apr 30",""
"https://x.com/SwishTales","https://pbs.twimg.com/profile_images/2034636839676526593/hxLo7qX2_normal.jpg","Fuck ICE","@SwishTales","https://x.com/SwishTales/status/2052773363135705177","4h","","","","XL","XS, S, and","1","https://x.com/SwishTales/status/2052773363135705177/analytics","1.3K","are available still. I got","","","6","XL","and I'm gonna hem it or something.","","","@Renee__4","","","","Replying to","https://x.com/Renee__4"
"https://x.com/chamomile_lilac","https://pbs.twimg.com/profile_images/2050903446778503168/vxuyF65x_normal.jpg","⁽⁰⁶¹³⁾𝖼𝗁𝖺𝗆𝗈𝗆𝗂𝗅𝖾","@chamomile_lilac","https://x.com/chamomile_lilac/status/2052773681244549415","4h","","","","xl","ไซส์ S แบบร้านบังคับสั่ง หนูเปิด","83","https://x.com/chamomile_lilac/status/2052773681244549415/analytics","2.9K","ให้แม่ด่วนลูก อร่อยมากกกกกก ได้เยอะมากกกกกก นี่กิน 4 คนหมดพอดีอ่ะ เริชชชชช","","","161","","","#kongjiro","","","","https://pbs.twimg.com/media/HHzqxo6aAAAZCzh?format=jpg&name=small","https://x.com/chamomile_lilac/status/2052773681244549415/photo/1","",""
"https://x.com/WinksFootball","https://pbs.twimg.com/profile_images/1856671345737613312/bgjkyhBZ_normal.jpg","🆆🅸🅽🅺🆂 - Football Shirts","@WinksFootball","https://x.com/WinksFootball/status/2052796756996358455","2h","","","0:03 / 2:19","XL","Botafogo","1","https://x.com/WinksFootball/status/2052796756996358455/analytics","623","home 25-26 - £50
Botafogo","https://abs.twimg.com/emoji/v2/svg/1f5a4.svg","","3","XL","third  25-26 -£50
Bayern","XL","XL","Quote","XL","","","Apr 30",""
"https://x.com/FPFO_Podcast","https://pbs.twimg.com/profile_images/1995285148489695232/Pz0bLHNn_normal.jpg","For Panthers Fans Only (Podcast)","@FPFO_Podcast","https://x.com/FPFO_Podcast/status/2052802606993395769","2h","","https://pbs.twimg.com/profile_images/1806379328126533632/hSbEjCI3_normal.jpg","Mike Kaye","XL","Damn the","1","https://x.com/FPFO_Podcast/status/2052802606993395769/analytics","1K","experiment is really over","","","2","","","","","0:01 / 0:11","37","","","From",""
"https://x.com/Steam","https://pbs.twimg.com/profile_images/1702008325112741888/G6YzrWya_normal.jpg","Steam","@Steam","https://x.com/Steam/status/1153749246354444288","Jul 24, 2019","https://t.co/lQU2579cEN","","store.steampowered.com","XL","DAILY DEAL","3","https://x.com/Steam/status/1153749246354444288/analytics","","Save 20% on Skater","https://abs.twimg.com/emoji/v2/svg/1f539.svg","https://abs.twimg.com/emoji/v2/svg/1f539.svg","15","Experience unparalleled board control and responsiveness while you skate iconic real-world skate spots. This is the evolution of skateboarding gameplay. With Independent Foot Control and unique...","","#SteamDeals","","Skater XL - The Ultimate Skateboarding Game on Steam","134","","https://t.co/lQU2579cEN","",""
"https://x.com/XL03mu","https://pbs.twimg.com/profile_images/2025863876890525696/hlHICpSW_normal.jpg","卯兎‎‎‎","@XL03mu","https://x.com/XL03mu/status/2051966167229890651","May 6","","","","Translated from Japanese","To LOVE-Ru / Golden Darkness","48","https://x.com/XL03mu/status/2051966167229890651/analytics","197K",""" I hate lewd things ""","https://abs.twimg.com/emoji/v2/svg/1f49b.svg","","650","Show original","","","","","15K","https://pbs.twimg.com/media/HHoMWfca8AAks4F?format=jpg&name=small","https://x.com/XL03mu/status/2051966167229890651/photo/1","",""
"https://x.com/1010XL","https://pbs.twimg.com/profile_images/1831432168335130624/DIFGWYX8_normal.jpg","1010 XL / 92.5 FM","@1010XL","https://x.com/1010XL/status/2052791814512628113","2h","https://x.com/i/broadcasts/1NGaravdNOEJj","https://pbs.twimg.com/card_img/2052835610562330624/UxEQOIRH?format=jpg&name=orig","@RyanGreen1010XL","","Florida Gators Stay HOT in Recruiting | Gator Bytes w/","3","https://x.com/1010XL/status/2052791814512628113/analytics","586","&","","","2","","5-8-26","#Gators","1010 XL / 92.5 FM","Florida Gators Stay HOT in Recruiting | Gator Bytes w/ @PatricYoung4 & @RyanGreen1010XL 5-8-26 #Gators | #FloridaGators","","https://pbs.twimg.com/profile_images/1831432168335130624/DIFGWYX8_mini.jpg","","",""
"https://x.com/shotguncaio","https://pbs.twimg.com/profile_images/1998451042661392384/ETpdA0TG_normal.jpg","shotgun","@shotguncaio","https://x.com/shotguncaio/status/2052825927592136932","39m","","","","","gngn XL","1","https://x.com/shotguncaio/status/2052825927592136932/analytics","7","","https://abs.twimg.com/emoji/v2/svg/1f4a4.svg","","1","","","","","@XLmeta_x","","","","Replying to","https://x.com/XLmeta_x"
"https://x.com/SKA_noaf","https://pbs.twimg.com/profile_images/1959721266220605440/c-_j43Iq_normal.jpg","NO❤︎AF【公式】","@SKA_noaf","https://x.com/SKA_noaf/status/2052689405530538466","9h","","","","Translated from Japanese","／

Pick it up!!TOUR T-shirt  
Member Color T Pre-order Starts","6","https://x.com/SKA_noaf/status/2052689405530538466/analytics","1.9K","＼  

SIZE M,L,XL,XXL,XXXL  
PRICE ¥3,500 XXL,XXXL¥4,000  
Reception Period ~5/31 23:59","https://abs.twimg.com/emoji/v2/svg/1f3c1.svg","","30","Show original","","","","","","https://pbs.twimg.com/media/HHyeIkIaYAACkGR?format=jpg&name=small","https://x.com/SKA_noaf/status/2052689405530538466/photo/1","",""
"https://x.com/1010XL","https://pbs.twimg.com/profile_images/1831432168335130624/DIFGWYX8_normal.jpg","1010 XL / 92.5 FM","@1010XL","https://x.com/1010XL/status/2052791814512628113","2h","https://x.com/i/broadcasts/1NGaravdNOEJj","","@RyanGreen1010XL","","Florida Gators Stay HOT in Recruiting | Gator Bytes w/","3","https://x.com/1010XL/status/2052791814512628113/analytics","586","&","","","2","152 views","5-8-26","#Gators","1010 XL / 92.5 FM","Florida Gators Stay HOT in Recruiting | Gator Bytes w/ @PatricYoung4 & @RyanGreen1010XL 5-8-26 #Gators | #FloridaGators","30:15","https://pbs.twimg.com/profile_images/1831432168335130624/DIFGWYX8_mini.jpg","","",""
"https://x.com/Morethanakit","https://pbs.twimg.com/profile_images/1673447900683161601/HCL1-h7t_normal.jpg","More Than A Kit","@Morethanakit","https://x.com/Morethanakit/status/2052786462664376584","3h","https://x.com/Morethanakit/status/2052786462664376584/photo/1","https://pbs.twimg.com/media/HHz2aMoWoAQy0Pa?format=jpg&name=360x360","","XL","Goalie Tops","1","https://x.com/Morethanakit/status/2052786462664376584/analytics","661","1992 Adidas - Large £125
2012 Umbro Unsponsored -","https://abs.twimg.com/emoji/v2/svg/1f534.svg","https://abs.twimg.com/emoji/v2/svg/26aa.svg","8","","£65

Prices include postage","#RangersFC","","","","https://pbs.twimg.com/media/HHz2aNRWsAAyTmj?format=jpg&name=360x360","https://x.com/Morethanakit/status/2052786462664376584/photo/2","",""
"https://x.com/JurgenStander","https://pbs.twimg.com/profile_images/1503417945745248260/vpvggBRB_normal.jpg","XL Bully","@JurgenStander","https://x.com/JurgenStander/status/2052744694119924129","6h","https://x.com/mussbessermache/status/2052665150642216985/photo/2","https://pbs.twimg.com/media/HHyIEfYakAACe4t?format=jpg&name=360x360","Translated from German","","Hell yeah","1","https://x.com/JurgenStander/status/2052744694119924129/analytics","175","","","","8","","","","","Quote","","https://pbs.twimg.com/media/HHyIEfYbkAAu92Q?format=jpg&name=360x360","https://x.com/mussbessermache/status/2052665150642216985/photo/1","11h",""
"https://x.com/Darts_World","https://pbs.twimg.com/profile_images/2021224133598846976/tsACQfEf_normal.jpg","DartsWorld","@Darts_World","https://x.com/Darts_World/status/2052798365029560381","2h","https://x.com/Darts_World/status/2052798365029560381/photo/1","https://pbs.twimg.com/media/HH0BO9TWYAMoLnl?format=jpg&name=360x360","","XL","ARMAGEDDON","1","https://x.com/Darts_World/status/2052798365029560381/analytics","259","","https://abs.twimg.com/emoji/v2/svg/1f9b8-200d-2642-fe0f.svg","https://abs.twimg.com/emoji/v2/svg/1f3af.svg","","","Our VIP meet and greet session is ongoing in Leicester.","","","","","https://pbs.twimg.com/media/HH0BO9xWAAY2KDS?format=jpg&name=360x360","https://x.com/Darts_World/status/2052798365029560381/photo/2","",""
"https://x.com/1010XL","https://pbs.twimg.com/profile_images/1831432168335130624/DIFGWYX8_normal.jpg","1010 XL / 92.5 FM","@1010XL","https://x.com/1010XL/status/2052791814512628113","2h","https://x.com/i/broadcasts/1NGaravdNOEJj","https://pbs.twimg.com/profile_images/1831432168335130624/DIFGWYX8_mini.jpg","@RyanGreen1010XL","","Florida Gators Stay HOT in Recruiting | Gator Bytes w/","3","https://x.com/1010XL/status/2052791814512628113/analytics","586","&","","","2","1010 XL / 92.5 FM","5-8-26","#Gators","1010 XL / 92.5 FM","Florida Gators Stay HOT in Recruiting | Gator Bytes w/ @PatricYoung4 & @RyanGreen1010XL 5-8-26 #Gators | #FloridaGators","","https://pbs.twimg.com/profile_images/1831432168335130624/DIFGWYX8_mini.jpg","","",""
"https://x.com/riut1103","https://pbs.twimg.com/profile_images/1968982224965107712/z4_uB1DC_normal.jpg","riu___りう","@riut1103","https://x.com/riut1103/status/2052802621690556657","2h","","","","XL","え、、、可愛い","3","https://x.com/riut1103/status/2052802621690556657/analytics","132","ほしい♡♡
身長あるから","https://abs.twimg.com/emoji/v2/svg/1f60d.svg","https://abs.twimg.com/emoji/v2/svg/1f60d.svg","","","だと嬉しい♡♡

みっちゃんまだお仕事してるの？？

私たち、ラバ4人でビデオ通話中","#おにラブ","","","","https://pbs.twimg.com/media/HH0FGk1aEAA0g33?format=jpg&name=small","https://x.com/riut1103/status/2052802621690556657/photo/1","",""
"https://x.com/yamaha_bike","https://pbs.twimg.com/profile_images/1889573649553956868/FV2makB6_normal.jpg","ヤマハ バイク","@yamaha_bike","https://x.com/yamaha_bike/status/2052674848778752175","10h","https://x.com/yamaha_bike/status/2052674848778752175/photo/1","https://pbs.twimg.com/media/HHyQ5JUbsAA_GBL?format=jpg&name=360x360","","Translated from Japanese","╭━━━━━━━━━━━╮
　Honing its sportiness while
　also steadily evolving its practicality","2","https://x.com/yamaha_bike/status/2052674848778752175/analytics","4K","╰━━━━━ｖ━━━━━╯","https://abs.twimg.com/emoji/v2/svg/2728.svg","https://abs.twimg.com/emoji/v2/svg/2705.svg","13","Show original","Throttle grip with a natural operating feel","","Show more","@yamaha_bike","","https://pbs.twimg.com/media/HHyQ5JNbsAEy4po?format=jpg&name=360x360","https://x.com/yamaha_bike/status/2052674848778752175/photo/2","Replying to","https://x.com/yamaha_bike"
"https://x.com/VXLCGMS","https://pbs.twimg.com/profile_images/1544133825298661377/fSoLIaUv_normal.jpg","XL","@VXLCGMS","https://x.com/VXLCGMS/status/2052817767170990095","1h","","","","Translated from Portuguese","Some little slut to be my mistress and betray my wife?","1","https://x.com/VXLCGMS/status/2052817767170990095/analytics","183","","","","6","Show original","","#XOTAAWARDSㅤ","#PINTOAWARDS","","","","","",""
"https://x.com/mahoumoreno","https://pbs.twimg.com/profile_images/1809332981862928384/2DbvtEpi_normal.jpg","Malcolm XL","@mahoumoreno","https://x.com/mahoumoreno/status/2052823676630770018","48m","","","","","and her name is ME and she loves ME more then you’ll ever know.. and I finally see that loving you and loving ME just don’t seem to work at all","2","https://x.com/mahoumoreno/status/2052823676630770018/analytics","119","","","","","","","","","","","","","",""
"https://x.com/24hzwwrin","https://pbs.twimg.com/profile_images/2047791764455710720/_96Z-wH8_normal.jpg","24hz","@24hzwwrin","https://x.com/24hzwwrin/status/2052684951976657103","10h","","","and","XL",".                                                 S","54","https://x.com/24hzwwrin/status/2052684951976657103/analytics","1.5K","Phu.uuuuuuu","","","162","FIFA","","#phuphasrp","","","","https://pbs.twimg.com/media/HHyaE8FboAARhFh?format=jpg&name=small","https://x.com/24hzwwrin/status/2052684951976657103/photo/1","",""
"https://x.com/ellnore_pad_267","https://pbs.twimg.com/profile_images/1700736891589648384/wWC7V1yp_normal.jpg","xL(おおきなえる)","@ellnore_pad_267","https://x.com/ellnore_pad_267/status/2052768245380419939","4h","","","Translated from Japanese","Translated from Japanese","It's so spot-on it's ridiculous lol

I thought AI was a tool like the Evil King's Flame Murder Black Dragon Wave that makes the strong even stronger, but it turns out it also has the effect of making the incompetent even more incompetent... Isn't that just the ultimate?","5","https://x.com/ellnore_pad_267/status/2052768245380419939/analytics","228","","","","","Show original","","","","Quote","","","","16h",""
"https://x.com/FlviaTeixe73196","https://pbs.twimg.com/profile_images/2049414940558053376/soift6x0_normal.jpg","Flávia Teixeira","@FlviaTeixe73196","https://x.com/FlviaTeixe73196/status/2052812746756915503","1h","","","","Translated from Portuguese","Crying not disappointed but that he lost me it was he not me!","1","https://x.com/FlviaTeixe73196/status/2052812746756915503/analytics","28","","https://abs.twimg.com/emoji/v2/svg/1f60a.svg","","4","Show original","","","","@zeeekkk","7","","","Replying to","https://x.com/zeeekkk"
"https://x.com/kayanoai_0913","https://pbs.twimg.com/profile_images/1921388373119275008/PezPXNbH_normal.jpg","茅野愛衣","@kayanoai_0913","https://x.com/kayanoai_0913/status/2052680907463840060","10h","https://x.com/kayanoai_0913/status/2052680907463840060/photo/1","https://pbs.twimg.com/media/HHyWW2rbQAA9ue2?format=jpg&name=360x360","","Translated from Japanese","XL Edo","7","https://x.com/kayanoai_0913/status/2052680907463840060/analytics","21K","(Kaya)","https://abs.twimg.com/emoji/v2/svg/1f455.svg","https://abs.twimg.com/emoji/v2/svg/1f430.svg","47","Show original","","#kayafesu2026","","","395","https://pbs.twimg.com/media/HHyWW2sbYAAnDBq?format=jpg&name=360x360","https://x.com/kayanoai_0913/status/2052680907463840060/photo/2","",""
"https://x.com/1010XL","https://pbs.twimg.com/profile_images/1831432168335130624/DIFGWYX8_normal.jpg","1010 XL / 92.5 FM","@1010XL","https://x.com/1010XL/status/2052750680020975964","5h","https://x.com/i/broadcasts/1AGRnaWzQVyGl","https://pbs.twimg.com/card_img/2052834999012139008/DfNl2dhZ?format=jpg&name=orig","","","Jacksonville Jaguars sign 9 of 10 from Rookie Class l Josh Hines-Allen l","1","https://x.com/1010XL/status/2052750680020975964/analytics","749","at 11:15 l NFL l Rookie Minicamp l Jags Today 5-8","","","3","","","","1010 XL / 92.5 FM","Jacksonville Jaguars sign 9 of 10 from Rookie Class l Josh Hines-Allen l @KainaniStevens at 11:15 l NFL l Rookie Minicamp l Jags Today 5-8","7","https://pbs.twimg.com/profile_images/1831432168335130624/DIFGWYX8_mini.jpg","","",""
"https://x.com/supafemcees","https://pbs.twimg.com/profile_images/2047060135403556864/YfMXzFiz_normal.jpg","xl tchotchke milkshake plz","@supafemcees","https://x.com/supafemcees/status/2052793755485217017","2h","","","","","YESSSSSSSS GO ALEX","1","https://x.com/supafemcees/status/2052793755485217017/analytics","16","","","","1","","","","","@nawdianagrande","","","","Replying to","https://x.com/nawdianagrande"
"https://x.com/logicfgs","https://pbs.twimg.com/profile_images/1535236437188218881/-pTDCdnp_normal.jpg","xL","@logicfgs","https://x.com/logicfgs/status/2052727068811468999","7h","","","","","Cardio is essential for all body types, the only thing that needs to be slow down is duration and intensity for skinny people","3","https://x.com/logicfgs/status/2052727068811468999/analytics","2.8K","","","","25","","","","","Quote","","","","May 7",""
"https://x.com/suno_BIGLOVE","https://pbs.twimg.com/profile_images/1791682614438641665/G7c9yEBo_normal.jpg","スノ翔","@suno_BIGLOVE","https://x.com/suno_BIGLOVE/status/2052832044040982533","15m","https://x.com/suno_BIGLOVE/status/2052832044040982533/photo/1","https://pbs.twimg.com/media/HH0f3QgaUAALujc?format=jpg&name=small","","Translated from Japanese","Good morning  
Will we hit 200,000 today, I wonder...  
Emergency live stream! or something","3","https://x.com/suno_BIGLOVE/status/2052832044040982533/analytics","27","Looking forward to it  
While I head off to work today too...  
Gonna give it my all again today","https://abs.twimg.com/emoji/v2/svg/263a.svg","https://abs.twimg.com/emoji/v2/svg/1f44a.svg","","Show original","When the heck does Micchan even sleep?  
Don't push yourself too hard, okay  
I","","Show more","","","https://pbs.twimg.com/media/HH0f3QfbwAA5pxO?format=jpg&name=360x360","https://x.com/suno_BIGLOVE/status/2052832044040982533/photo/2","",""
"https://x.com/ellnore_pad_267","https://pbs.twimg.com/profile_images/1700736891589648384/wWC7V1yp_normal.jpg","xL(おおきなえる)","@ellnore_pad_267","https://x.com/ellnore_pad_267/status/2052801297146069492","2h","","","","Translated from Japanese","If it's gonna clear up, I wanna go for a walk—hell, I was even thinking of doing a long-distance one—but damn, that's not happening, condition-wise.","1","https://x.com/ellnore_pad_267/status/2052801297146069492/analytics","44","","","","","Show original","","","","","","","","",""
"https://x.com/1010XL","https://pbs.twimg.com/profile_images/1831432168335130624/DIFGWYX8_normal.jpg","1010 XL / 92.5 FM","@1010XL","https://x.com/1010XL/status/2052750680020975964","5h","https://x.com/i/broadcasts/1AGRnaWzQVyGl","https://pbs.twimg.com/profile_images/1831432168335130624/DIFGWYX8_mini.jpg","","","Jacksonville Jaguars sign 9 of 10 from Rookie Class l Josh Hines-Allen l","1","https://x.com/1010XL/status/2052750680020975964/analytics","749","at 11:15 l NFL l Rookie Minicamp l Jags Today 5-8","","","3","1010 XL / 92.5 FM","","","1010 XL / 92.5 FM","Jacksonville Jaguars sign 9 of 10 from Rookie Class l Josh Hines-Allen l @KainaniStevens at 11:15 l NFL l Rookie Minicamp l Jags Today 5-8","7","https://pbs.twimg.com/profile_images/1831432168335130624/DIFGWYX8_mini.jpg","","",""
"https://x.com/ellnore_pad_267","https://pbs.twimg.com/profile_images/1700736891589648384/wWC7V1yp_normal.jpg","xL(おおきなえる)","@ellnore_pad_267","https://x.com/ellnore_pad_267/status/2052791341680349681","2h","","","","Translated from Japanese","I originally joined a contract development company right out of college, but I end up thinking SES is better than that (mainly because it's more advantageous for cash flow).  
That said, this job has such extreme aptitude mismatches that it's just...","1","https://x.com/ellnore_pad_267/status/2052791341680349681/analytics","332","","","","1","Show original","","","","","2","","","",""
"https://x.com/towervinyl","https://pbs.twimg.com/profile_images/1777570149937410048/XWUQqXNu_normal.jpg","TOWER VINYL SHIBUYA","@towervinyl","https://x.com/towervinyl/status/2052650878453383383","12h","","","","Translated from Japanese","【Richard Russell】
Wow! Richard Russell, the head of the British indie record label <XL Recordings> and known for Everything Is Recorded, visited our store!
Thank you so much","2","https://x.com/towervinyl/status/2052650878453383383/analytics","5.9K","","https://abs.twimg.com/emoji/v2/svg/1f525.svg","","6","Show original","","","","","14","https://pbs.twimg.com/media/HHx677-a4AAOdqc?format=jpg&name=small","https://x.com/towervinyl/status/2052650878453383383/photo/1","",""
"https://x.com/Story_of_Erina","https://pbs.twimg.com/profile_images/3288268338/a631a7a3961e93ed867a51b8b1abeb0a_normal.jpeg","エリナ神Fine＠ぶーぶー(っ＞ω＜c)","@Story_of_Erina","https://x.com/Story_of_Erina/status/2052742340759150986","6h","https://t.co/KUfDs13BNF","https://pbs.twimg.com/card_img/2051321473651052544/EbbRr3Ii?format=png&name=small","【ライブ用追加受注】隠 杏珠 夏服 オーバーＴシャツＭ～XL","Translated from Japanese","【Live Additional Orders】Hidden Anju Summer Clothes Over T-Shirt M~XL","1","https://x.com/Story_of_Erina/status/2052742340759150986/analytics","121","","","","2","Show original","","#storesjp","","","","","","",""
"https://x.com/COMRIZED1","https://pbs.twimg.com/profile_images/1997525565218467840/8f7uc47K_normal.jpg","COMRIZED management【公式】","@COMRIZED1","https://x.com/COMRIZED1/status/2052782832695873658","3h","https://t.co/eCl6Kuz6fE","https://pbs.twimg.com/card_img/2052781370863439872/wR1sn83J?format=jpg&name=small","【COMRIZED T-shirt2026】＃アパレル | 『ステイホームラン-プロジェクト』","Translated from Japanese","【COMRIZED T-shirt2026】","4","https://x.com/COMRIZED1/status/2052782832695873658/analytics","243","XL size

Cancellations after purchase cannot be accommodated.
Shipping will take place after payment confirmation.
Thank you for your understanding.","","","","Show original","","#Apparel","","","","","","",""
"https://x.com/Lonely2s2","https://pbs.twimg.com/profile_images/1923913963252695040/Wsx52V8B_normal.jpg","Lonely²＜3【公式】","@Lonely2s2","https://x.com/Lonely2s2/status/2052719827006218284","7h","","","","Translated from Japanese","Anniversary Commemorative Group T-Shirt Sale","13","https://x.com/Lonely2s2/status/2052719827006218284/analytics","3K","","https://abs.twimg.com/emoji/v2/svg/1f49f.svg","https://abs.twimg.com/emoji/v2/svg/1f49f.svg","34","Show original","Black  ¥3800","","","","","https://pbs.twimg.com/media/HHy5KzCa4AA7nIO?format=jpg&name=small","https://x.com/Lonely2s2/status/2052719827006218284/photo/1","",""
"https://x.com/ashtrayhrtt","https://pbs.twimg.com/profile_images/1923786578050060288/6cTPLpRp_normal.jpg","ashtray heart #НетВойне ₊˚ෆ⊹₊","@ashtrayhrtt","https://x.com/ashtrayhrtt/status/2052828977027309922","28m","","","","Xl","то есть ок если носить размер в размер как нормальный человек то мне нужен L-","1","https://x.com/ashtrayhrtt/status/2052828977027309922/analytics","15","Но я блять ненавижу прилегающую одежду к телу
Найти не что-то уебищное хотя бы 2XL это огромная победа и значит что нужно купить несколько одинаковых айтемов 

Как часто нахожу не онлайн? Раз в 2 года","","","1","","","","","@ashtrayhrtt","","","","Replying to","https://x.com/ashtrayhrtt"
"https://x.com/SSC_Arena","https://pbs.twimg.com/profile_images/1982721329070526464/STbzZP4B_normal.jpg","SSC_Arena","@SSC_Arena","https://x.com/SSC_Arena/status/2052662558784475174","11h","https://x.com/SSC_Arena/status/2050580267572645958/photo/2","https://pbs.twimg.com/media/HHUf38pXUAACM6F?format=jpg&name=120x120","… 

Please Like & RT","XL","OUR PLAIN COLORED T-SHIRTS….
SIZES: M, L,","90","https://x.com/SSC_Arena/status/2052662558784475174/analytics","788",", 2XL, 3XL & 4XL.","https://abs.twimg.com/emoji/v2/svg/1f3f7.svg","https://abs.twimg.com/emoji/v2/svg/1f69a.svg","85","","N5,000 EACH. 
100% COTTON. 

NATION WIDE DELIVERY","wa.me/message/E7GX3G","","Quote","","https://pbs.twimg.com/media/HHyFtnHWAAE3_7l?format=jpg&name=small","https://x.com/SSC_Arena/status/2052662558784475174/photo/1","May 2",""
"https://x.com/EuropeanWatchCo","https://pbs.twimg.com/profile_images/1636163382192766977/2yqRBhJZ_normal.jpg","European Watch Co","@EuropeanWatchCo","https://x.com/EuropeanWatchCo/status/2052780767000789102","3h","https://x.com/EuropeanWatchCo/status/2052780767000789102/photo/1","https://pbs.twimg.com/media/HHzxMzrXAAYZrNT?format=jpg&name=360x360","","XL","What if a watch didn’t just track two time zones, but showed all you the mechanics behind both?","16","https://x.com/EuropeanWatchCo/status/2052780767000789102/analytics","1.3K","This Cartier Privé Tonneau","https://abs.twimg.com/emoji/v2/svg/1f440.svg","","","","Dual Time Skeleton ref. WHTN0013 is one of those watches that makes you stop scrolling, because it’s doing a lot without looking like anything else.","","Show more","","","https://pbs.twimg.com/media/HHzxNRDWwAAZlEb?format=jpg&name=360x360","https://x.com/EuropeanWatchCo/status/2052780767000789102/photo/2","",""
"https://x.com/Xl258016Xl","https://pbs.twimg.com/profile_images/1673781452259950594/AaaXyDZs_normal.png","Miguel XL","@Xl258016Xl","https://x.com/Xl258016Xl/status/2052792977727094846","2h","","","and","Translated from Spanish","It's really bad and it's going super well","1","https://x.com/Xl258016Xl/status/2052792977727094846/analytics","15","","","","","Show original","","","","@carribeland","","","","Replying to","https://x.com/carribeland"
"https://x.com/Buckeye__Mike","https://pbs.twimg.com/profile_images/1883839004593770496/jHLWHrNf_normal.jpg","Buckeye Mike","@Buckeye__Mike","https://x.com/Buckeye__Mike/status/2052726402890211346","7h","","","","XL","I just got gas. With all the cries of doom and gloom, I was expecting to pay $10 per gallon. Gas prices are still less than the cost of eggs when the zombie was president, and since I'm only paying $0.85 for a dozen","2","https://x.com/Buckeye__Mike/status/2052726402890211346/analytics","119","eggs, I'm a happy camper.","","","7","","","","","","","","","",""
"https://x.com/MrCloud75","https://pbs.twimg.com/profile_images/2005737020463661056/oLkLuAMg_normal.jpg","Jose Maria Lopez","@MrCloud75","https://x.com/MrCloud75/status/2052806662998688202","1h","","","","Translated from Spanish","If it's XL, send it to me, hahahaha","1","https://x.com/MrCloud75/status/2052806662998688202/analytics","5","","","","1","Show original","","","","@EvaFarto","","","","Replying to","https://x.com/EvaFarto"
"https://x.com/ooki2525","https://pbs.twimg.com/profile_images/1999726269886529537/q0EDjGVR_normal.jpg","ハニー大木","@ooki2525","https://x.com/ooki2525/status/2052785273604595775","3h","","","","XL","でよければ差し上げますよ","1","https://x.com/ooki2525/status/2052785273604595775/analytics","55","","https://abs.twimg.com/emoji/v2/svg/1f455.svg","","1","","","","","@makoya444","","","","Replying to","https://x.com/makoya444"
"https://x.com/ellnore_pad_267","https://pbs.twimg.com/profile_images/1700736891589648384/wWC7V1yp_normal.jpg","xL(おおきなえる)","@ellnore_pad_267","https://x.com/ellnore_pad_267/status/2052768465162006849","4h","","","","","おれが SNS（と言うかもっとストレートにTwitter）をやってて思うのは、

『コンプレックス拗らせて徘徊してるやつが一番ヤバい』

ってことかな・・・。","5","https://x.com/ellnore_pad_267/status/2052768465162006849/analytics","119","","","","","","","","","","","","","",""
"https://x.com/JurgenStander","https://pbs.twimg.com/profile_images/1503417945745248260/vpvggBRB_normal.jpg","XL Bully","@JurgenStander","https://x.com/JurgenStander/status/2052773172521378171","4h","","","","","Woah","1","https://x.com/JurgenStander/status/2052773172521378171/analytics","102","","","","6","","","","","","","https://pbs.twimg.com/media/HHzqUjCWYAMU0Kt?format=jpg&name=small","https://x.com/JurgenStander/status/2052773172521378171/photo/1","",""
"https://x.com/elgatoPT","https://pbs.twimg.com/profile_images/1947642729346846722/PUrlAX4j_normal.jpg","Elgato PT - BR","@elgatoPT","https://x.com/elgatoPT/status/2052810877456253266","1h","","","","Translated from Portuguese","The Stream Deck + XL is the most powerful Stream Deck we've ever created.","2","https://x.com/elgatoPT/status/2052810877456253266/analytics","109","36 customizable keys","https://abs.twimg.com/emoji/v2/svg/23f9.svg","https://abs.twimg.com/emoji/v2/svg/1f39b.svg","","Show original","6 multifunctional dials","","","","","https://pbs.twimg.com/media/HH0MmQ8XcAQab9G?format=jpg&name=small","https://x.com/elgatoPT/status/2052810877456253266/photo/1","",""
"https://x.com/skypeace_staff","https://pbs.twimg.com/profile_images/1732656730021224449/S0hsi4nq_normal.jpg","スカイピース【STAFF】","@skypeace_staff","https://x.com/skypeace_staff/status/2052660627777389025","11h","","","","Translated from Japanese","[Thank You]  
Tour Final!!  
T-shirt XL  
Proof Photo Sticker  
have sold out!!","10","https://x.com/skypeace_staff/status/2052660627777389025/analytics","5.1K","","","","174","Show original","","","","","","https://pbs.twimg.com/media/HHyD9RJbUAAg0vD?format=jpg&name=small","https://x.com/skypeace_staff/status/2052660627777389025/photo/1","",""
"https://x.com/valjiabout","https://pbs.twimg.com/profile_images/2001260855661326336/QruM82c4_normal.jpg","пані чешира","@valjiabout","https://x.com/valjiabout/status/2052790873419604139","2h","","","","Translated from Ukrainian","I'm probably annoying you, but there'll be another flea market, this time of summer stuff in sizes XL-XXL","19","https://x.com/valjiabout/status/2052790873419604139/analytics","632","I could literally sell off my entire wardrobe (I'll just walk around in the ""To live, one must live"" t-shirt and grumble)","https://abs.twimg.com/emoji/v2/svg/1f648.svg","","","Show original","","","","","","","","",""
"https://x.com/flo_rka","https://pbs.twimg.com/profile_images/1407433719640625153/WWXTCLCm_normal.jpg","geek princess","@flo_rka","https://x.com/flo_rka/status/2052831798950871378","17m","","","Translated from Russian","Translated from Russian","The biggest misconception is that oversized on S is just the same clothing, but in size XL

Every time I read takes like that, I laugh nervously.","2","https://x.com/flo_rka/status/2052831798950871378/analytics","23","@jiang_yanliholi","","","","Show original","","","","Quote","","","","5h",""
"https://x.com/ellnore_pad_267","https://pbs.twimg.com/profile_images/1700736891589648384/wWC7V1yp_normal.jpg","xL(おおきなえる)","@ellnore_pad_267","https://x.com/ellnore_pad_267/status/2052813534556479924","1h","","","Translated from Japanese","Translated from Japanese","It must be tough when there are so many people around, huh...

Once you get to the size of an account where anything you post goes viral, just checking all the notifications takes an insane amount of effort...

Anyone who's had a post hit a million views a few times can","1","https://x.com/ellnore_pad_267/status/2052813534556479924/analytics","76","","","","","Show original","@ホロライブ3期生","","Show more","Quote","","","","8h",""
"https://x.com/xlhc_22","https://pbs.twimg.com/profile_images/1907892627178962944/MNVDdZqq_normal.jpg","A.","@xlhc_22","https://x.com/xlhc_22/status/2052591418590347305","16h","","","Translated from Spanish","Translated from Spanish","XL: I grabbed the last one!!","1","https://x.com/xlhc_22/status/2052591418590347305/analytics","517","","","","3","Show original","","","#ChangGu","Quote","43","https://pbs.twimg.com/media/HHxE-jyWMAMO3gJ?format=jpg&name=small","https://x.com/xlhc_22/status/2052591418590347305/photo/1","May 7",""
"https://x.com/stroberilongkek","https://pbs.twimg.com/profile_images/1971680842708930564/Q3Y0BaAV_normal.jpg","jevin","@stroberilongkek","https://x.com/stroberilongkek/status/2052670402082812187","10h","","","","XL","Xixi jumbo bgt anjiirrr kek ukuran","1","https://x.com/stroberilongkek/status/2052670402082812187/analytics","1K",", Zhaozhao malah secimit itu kek ukuran M","https://abs.twimg.com/emoji/v2/svg/1f62d.svg","https://abs.twimg.com/emoji/v2/svg/1f62d.svg","7","","Ini kalo Zhaozhao digeprek sama Xixi... Waduh, abis lu Zhao penyet tak bersisa","","","","112","https://pbs.twimg.com/media/HHyM2kHaQAAULK5?format=jpg&name=small","https://x.com/stroberilongkek/status/2052670402082812187/photo/1","",""
"https://x.com/JustJim_K","https://pbs.twimg.com/profile_images/1375232353291923461/CAxn5twh_normal.jpg","✭✭ Jim ✭✭","@JustJim_K","https://x.com/JustJim_K/status/2052823425773621395","50m","","","","Xl","Subscribed","1","https://x.com/JustJim_K/status/2052823425773621395/analytics","8","","","","","","","","","@YankeesPod","","","","Replying to","https://x.com/YankeesPod"
"https://x.com/yearnxiaolongin","https://pbs.twimg.com/profile_images/1984328451936174082/bKoL8TBg_normal.jpg","yearn xl @","@yearnxiaolongin","https://x.com/yearnxiaolongin/status/2052814825668169804","1h","","","","","going to refer to yang with extremely lesbian and butch terms out of spite instead of contribute to the discourse ngl. be impervious to the heat brother call yang a packer","1","https://x.com/yearnxiaolongin/status/2052814825668169804/analytics","104","","https://abs.twimg.com/emoji/v2/svg/1f4a5.svg","https://abs.twimg.com/emoji/v2/svg/1f4a5.svg","10","","","","","","","","","",""
"https://x.com/p_pimsri1","https://pbs.twimg.com/profile_images/2033562105170051072/xC0PftxB_normal.jpg","ผักชีไงในใจผลิต","@p_pimsri1","https://x.com/p_pimsri1/status/2052719255783965152","7h","https://x.com/p_pimsri1/status/2052719255783965152/photo/1","https://pbs.twimg.com/media/HHy5N9AbwAAfsDQ?format=jpg&name=360x360","Translated from Thai","XL","กรี้ดดดดด!!! เสื้อมาแล้ววว 
เสื้อสวยมาก แต่รีวิวยังไงให้สวยสมเสื้อ กลัวไซส์","3","https://x.com/p_pimsri1/status/2052719255783965152/analytics","955","จะหลวมไป อ้าววว...พอดีเลย นึกว่าตัวเล็กลง","https://abs.twimg.com/emoji/v2/svg/1f605.svg","","49","@peckpalit","GIF","#เป๊กผลิตโชค","#เป๊กผลิตโชค","Quote","19","https://pbs.twimg.com/media/HHy5O3UaEAAm3kY?format=jpg&name=360x360","https://x.com/p_pimsri1/status/2052719255783965152/photo/2","8h",""
"https://x.com/valjean162","https://abs.twimg.com/sticky/default_profile_images/default_profile_normal.png","Believe In The Constitution","@valjean162","https://x.com/valjean162/status/2052799219745030553","2h","","","and","XL","Geanine, you forget Elon Musk backed Trump up, was given full access 2 ALL OUR INFO DESPITE BEING A SUBCONTRACTOR W/O CONGRESS APPROVAL. DID YOU KNOW GROK & GROK","2","https://x.com/valjean162/status/2052799219745030553/analytics","24","REQUIRE HUGE DATA CENTERS 2 OPERATE. BEGINNING THE SURVEILLANCE BY GOV’TS INCL DRONES? I’M SURE YOU’RE SAFE!","","","2","","@maddenifico","","","@GeanineHudson","","","","Replying to","https://x.com/GeanineHudson"
"https://x.com/MartinUrrutiaES","https://pbs.twimg.com/profile_images/2028941816918081536/lPADrKYZ_normal.jpg","Martin Urrutia ES","@MartinUrrutiaES","https://x.com/MartinUrrutiaES/status/2052732122595479814","6h","https://x.com/MartinUrrutiaES/status/2052732122595479814/photo/1","https://pbs.twimg.com/media/HHzE-69XgAY0aoi?format=jpg&name=360x360","","Translated from Spanish","| Sizes XS, S, and M of the “Official La Insolación Tour T-Shirt” are SOLD OUT.

— L and XL are still available","19","https://x.com/MartinUrrutiaES/status/2052732122595479814/analytics","8.5K",":","https://abs.twimg.com/emoji/v2/svg/2139.svg","https://abs.twimg.com/emoji/v2/svg/1f517.svg","149","Show original","","","","","","https://pbs.twimg.com/media/HHzE-7GWMAECZsO?format=jpg&name=360x360","https://x.com/MartinUrrutiaES/status/2052732122595479814/photo/2","",""
"https://x.com/XlXlmi99506","https://pbs.twimg.com/profile_images/1819429963965067264/Ab843dI7_normal.jpg","xlmi XL","@XlXlmi99506","https://x.com/XlXlmi99506/status/2052795954185826341","2h","","https://pbs.twimg.com/card_img/2052469502500360192/lZeCevYG?format=jpg&name=240x240","","youtube.com","let's dance ~Chris Montez","1","https://x.com/XlXlmi99506/status/2052795954185826341/analytics","1","via","","","","let's dance ~Chris Montez","","","","","","","","",""
"https://x.com/melodykittymiss","https://pbs.twimg.com/profile_images/1997639321055350784/rDMuYc4h_normal.jpg","รับฝากขายเสื้อผ้า","@melodykittymiss","https://x.com/melodykittymiss/status/2052802436537151695","2h","https://x.com/melodykittymiss/status/2052802436537151695/photo/1","https://pbs.twimg.com/media/HH0E7gCakAAsBFg?format=jpg&name=360x360","#โล๊ะตู้","XL","˚˳⟡ ฝากขาย","1","https://x.com/melodykittymiss/status/2052802436537151695/analytics","469","#cintageshop","https://abs.twimg.com/emoji/v2/svg/1f9c1.svg","https://abs.twimg.com/emoji/v2/svg/1f380.svg","3","#ส่งต่อstylist","ส่งต่อคาร์ดิแกน","#beming","#ส่งต่อเสื้อผ้ามือสอง","#ส่งต่อbeming","#ส่งต่อเสื้อผ้ามือ2","https://pbs.twimg.com/media/HH0E7gGbkAAExLX?format=jpg&name=360x360","https://x.com/melodykittymiss/status/2052802436537151695/photo/2","","https://x.com/hashtag/%E0%B8%AA%E0%B9%88%E0%B8%87%E0%B8%95%E0%B9%88%E0%B8%AD%E0%B9%80%E0%B8%AA%E0%B8%B7%E0%B9%89%E0%B8%AD%E0%B8%9C%E0%B9%89%E0%B8%B2%E0%B8%A1%E0%B8%B7%E0%B8%AD2?src=hashtag_click"
"https://x.com/knha_n3kk0","https://pbs.twimg.com/profile_images/1919381420071657472/cE2TAYdz_normal.png","katahaba-XL","@knha_n3kk0","https://x.com/knha_n3kk0/status/2052756475886600197","5h","","","","","おつらみ～
オンライン対戦からが本番だったね
結構叫んじゃってたから喉休めしてね","7","https://x.com/knha_n3kk0/status/2052756475886600197/analytics","32","","https://abs.twimg.com/emoji/v2/svg/1f970.svg","","","","","","","@yukihanalamy","","","","Replying to","https://x.com/yukihanalamy"
"https://x.com/noremorseinfo","https://pbs.twimg.com/profile_images/619424924277436416/iky7v41X_normal.jpg","バンドＴシャツショップ NO-REMORSE","@noremorseinfo","https://x.com/noremorseinfo/status/2052795524911431868","2h","https://x.com/noremorseinfo/status/2052795524911431868/photo/1","https://pbs.twimg.com/media/HHz-oTZa0AAgOSU?format=jpg&name=360x360","","XL","【NEW STOCKS】
INCANTATION T-shirts S/M/L/","1","https://x.com/noremorseinfo/status/2052795524911431868/analytics","88","size 4480円","","","","","","","","","","https://pbs.twimg.com/media/HHz-pcSbAAAdjRa?format=jpg&name=360x360","https://x.com/noremorseinfo/status/2052795524911431868/photo/2","",""
"https://x.com/Sandstorm_XL","https://pbs.twimg.com/profile_images/1731003278291607552/xPHRGXtb_normal.jpg","Sandstorm XL","@Sandstorm_XL","https://x.com/Sandstorm_XL/status/2052827550402084934","34m","","","and","","I just noticed you got some Tariq Nashid hater shit in your profile. You’re a tether immigrant mad because we not fucking with you weak self hating white ass kissing immigrants!","2","https://x.com/Sandstorm_XL/status/2052827550402084934/analytics","15","","https://abs.twimg.com/emoji/v2/svg/1f923.svg","https://abs.twimg.com/emoji/v2/svg/1f602.svg","1","","@GripFromSC","","","@MAllen27536","","","","Replying to","https://x.com/MAllen27536"
"https://x.com/JurgenStander","https://pbs.twimg.com/profile_images/1503417945745248260/vpvggBRB_normal.jpg","XL Bully","@JurgenStander","https://x.com/JurgenStander/status/2052765746913059175","4h","","","","","","3","https://x.com/JurgenStander/status/2052765746913059175/analytics","39","","","","","","","","","","","https://pbs.twimg.com/media/HHzjkTwXEAEsXZi?format=jpg&name=small","https://x.com/JurgenStander/status/2052765746913059175/photo/1","",""
"https://x.com/Antartica_ET","https://pbs.twimg.com/profile_images/1196511832456007680/TWmf_yiP_normal.jpg","Contingente Antártico ET","@Antartica_ET","https://x.com/Antartica_ET/status/2052697195359428705","9h","https://t.co/ltSRMpGg2h","https://pbs.twimg.com/card_img/2052370723084111879/GgGBpNOM?format=jpg&name=small","David del Campo, jefe de navegación de la XL Campaña Antártica: “La montaña y el mar quitan caretas...","Translated from Spanish","Getting to Know the Crew of the XL CAET","2","https://x.com/Antartica_ET/status/2052697195359428705/analytics","233","Captain David del Campo, head of navigation for the XL Antarctic Campaign: “The mountain and the sea strip away masks and leave everything exposed”","https://abs.twimg.com/emoji/v2/svg/1f427.svg","https://abs.twimg.com/emoji/v2/svg/1f427.svg","12","Show original","","#CampañaAntartica","","","","","","",""
"https://x.com/Marine_Masahisa","https://pbs.twimg.com/profile_images/2041143052186861568/d16a-sQY_normal.jpg","鞠音(まりね)","@Marine_Masahisa","https://x.com/Marine_Masahisa/status/2052821839538491792","56m","","","","XL","私はモデルHoshino v2が1番好みだったのでこれを使ってて、
PixAI","2","https://x.com/Marine_Masahisa/status/2052821839538491792/analytics","28","で旦那さんのLoRA(キャラ特徴)を作ってる感じです！","","","","","","","","@e_ku___hatahata","","","","Replying to","https://x.com/e_ku___hatahata"
"https://x.com/mnsterhead","https://pbs.twimg.com/profile_images/2044476907933339654/456jUx49_normal.jpg","illie","@mnsterhead","https://x.com/mnsterhead/status/2052811567226327171","1h","https://x.com/mnsterhead/status/2052811567226327171/photo/1","https://pbs.twimg.com/media/HH0NPR-W8AQuD3-?format=jpg&name=360x360","","XL","BREAKING","1","https://x.com/mnsterhead/status/2052811567226327171/analytics","60","Nigel Farage new sudden policy to forcefully revoke","https://abs.twimg.com/emoji/v2/svg/1f6a8.svg","https://abs.twimg.com/emoji/v2/svg/203c.svg","4","","bullies from all british residents. He quoted,

“They’re just disgusting things. I don’t even really care about the children I just can’t stand their rotten faces.”","","","","","https://pbs.twimg.com/media/HH0NPR8XcAM5A1G?format=jpg&name=360x360","https://x.com/mnsterhead/status/2052811567226327171/photo/2","",""
"https://x.com/CarlsJr","https://pbs.twimg.com/profile_images/2046954551450763264/qa4PmuyA_normal.jpg","Carl’s Jr.","@CarlsJr","https://x.com/CarlsJr/status/2052776196207731001","3h","","","","xl","my plan for today is to eat a cali","7","https://x.com/CarlsJr/status/2052776196207731001/analytics","593","in the bath and that’s about it","","","13","","","","","","","","","",""
"https://x.com/0xAirdropCore","https://pbs.twimg.com/profile_images/2011071940665147392/IvWD-OTj_normal.jpg","0xRey.eth","@0xAirdropCore","https://x.com/0xAirdropCore/status/2052792097330352612","2h","","","","XL","Mei ini gue butuh koneksi yang pasti biar semuanya aman terkendali
Di tengah hari yang serba cepat,
gue cuma mau sinyal yang tetap dekat.

Bukan sekadar kuat, tapi selalu ngerti kebutuhan,
nemenin chat, kerja, sampai hiburan semalaman.
Bareng","1","https://x.com/0xAirdropCore/status/2052792097330352612/analytics","5",", semua terasa lebih ringan","","","","","","","","@myXL","","","","Replying to","https://x.com/myXL"
"https://x.com/ellnore_pad_267","https://pbs.twimg.com/profile_images/1700736891589648384/wWC7V1yp_normal.jpg","xL(おおきなえる)","@ellnore_pad_267","https://x.com/ellnore_pad_267/status/2052803398995787933","2h","","","Translated from Japanese","Translated from Japanese","Got it.

Also, as a similar example, I don't think I could have a conversation with someone who says ""endlessly"" as ""eternally"" or something like that.","1","https://x.com/ellnore_pad_267/status/2052803398995787933/analytics","142","","","","1","Show original","","","","Quote","","","","May 8",""
"https://x.com/NON62846962","https://pbs.twimg.com/profile_images/1999673881876135943/IeTieyA9_normal.jpg","NON","@NON62846962","https://x.com/NON62846962/status/2052654808516173835","12h","","","Translated from Japanese","Translated from Japanese","lemonsours ""mo"" T-shirt  
S/M/L/XL ¥3000 (tax included)  
First sale available","8","https://x.com/NON62846962/status/2052654808516173835/analytics","668","Please take good care of me!!","https://abs.twimg.com/emoji/v2/svg/1f34b.svg","","24","Show original","","","","Quote","","https://pbs.twimg.com/media/HHx-q65aEAAwfF-?format=jpg&name=small","https://x.com/NON62846962/status/2052654808516173835/photo/1","12h",""
"https://x.com/XlXlmi99506","https://pbs.twimg.com/profile_images/1819429963965067264/Ab843dI7_normal.jpg","xlmi XL","@XlXlmi99506","https://x.com/XlXlmi99506/status/2052818374011630027","1h","","https://pbs.twimg.com/card_img/2051740419504107520/OJYM2fZV?format=jpg&name=240x240","","youtube.com","The Four Preps - 26 Miles (Santa Catalina) - 1958","1","https://x.com/XlXlmi99506/status/2052818374011630027/analytics","3","via","","","","The Four Preps - 26 Miles (Santa Catalina) - 1958","","","","","","","","",""
"https://x.com/ellnore_pad_267","https://pbs.twimg.com/profile_images/1700736891589648384/wWC7V1yp_normal.jpg","xL(おおきなえる)","@ellnore_pad_267","https://x.com/ellnore_pad_267/status/2052791091024547856","2h","","","Translated from Japanese","Translated from Japanese","Yeah, I think we’re in broad agreement.

If you just added the phrase “for everyone,” it’d be a perfect agreement.","1","https://x.com/ellnore_pad_267/status/2052791091024547856/analytics","67","Show this poll","","","","Show original","","","","Quote","","","","9h",""
"https://x.com/MpamTasis","https://pbs.twimg.com/profile_images/1712574348622458880/h5dk1Zo2_normal.jpg","Tasis_Mpam","@MpamTasis","https://x.com/MpamTasis/status/2052749326804209707","5h","","","","XL","Κάτσε μην μπούμε safe 2 με πορτογαλικά Γαλλία Σουηδία για FDI και FDI","2","https://x.com/MpamTasis/status/2052749326804209707/analytics","66","και πηδάνε από τα μπαλκόνια ορισμένοι","","","3","","","","","@FallSprain","","","","Replying to","https://x.com/FallSprain"
"https://x.com/coupdegrace_co","https://pbs.twimg.com/profile_images/1645890341612945408/0-mHMxuv_normal.jpg","Coup de grâce","@coupdegrace_co","https://x.com/coupdegrace_co/status/2052818785896161661","1h","","","","XL","Vintage 80s Puritan Thermal Lined Hoodie sz","1","https://x.com/coupdegrace_co/status/2052818785896161661/analytics","445","for sale for $65","","","4","","","","","","","https://pbs.twimg.com/media/HH0TzHkWIAcWXwV?format=jpg&name=small","https://x.com/coupdegrace_co/status/2052818785896161661/photo/1","",""
"https://x.com/SeeRedWoman1","https://pbs.twimg.com/profile_images/2039451632723697664/OHMJv119_normal.jpg","Sara","@SeeRedWoman1","https://x.com/SeeRedWoman1/status/2052777680278262243","3h","","","","xl","Did you see this","2","https://x.com/SeeRedWoman1/status/2052777680278262243/analytics","269","creepiness","","","1","","","","","@stueymaco","14","https://pbs.twimg.com/media/HHzua2vXEAEEVz1?format=jpg&name=small","https://x.com/SeeRedWoman1/status/2052777680278262243/photo/1","Replying to","https://x.com/stueymaco"
"https://x.com/odorumiiichan30","https://pbs.twimg.com/profile_images/1842934785183997952/qIvOUsvT_normal.jpg","みぃちゃん.","@odorumiiichan30","https://x.com/odorumiiichan30/status/2052723282575786450","7h","https://x.com/odorumiiichan30/status/2052723282575786450/photo/1","https://pbs.twimg.com/media/HHy88NjbIAA5lrf?format=jpg&name=360x360","","Translated from Japanese","Last time I only bought a T-shirt, so I finally got to come try the hot dog","43","https://x.com/odorumiiichan30/status/2052723282575786450/analytics","3.4K","It was way bigger than I imagined, oh man~ I really wanted to see Takuya eating it with his mouth wide open~  
Looks like he was already at PINKY. for lunch too, and the shop owner was like,","https://abs.twimg.com/emoji/v2/svg/1f60b.svg","https://abs.twimg.com/emoji/v2/svg/1f91f-1f3fb.svg","","Show original","","","Show more","","","https://pbs.twimg.com/media/HHy88NlaQAEJ2Zb?format=jpg&name=360x360","https://x.com/odorumiiichan30/status/2052723282575786450/photo/2","",""
"https://x.com/Darts_World","https://pbs.twimg.com/profile_images/2021224133598846976/tsACQfEf_normal.jpg","DartsWorld","@Darts_World","https://x.com/Darts_World/status/2052768453556072933","4h","https://x.com/Darts_World/status/2052768453556072933/photo/1","https://pbs.twimg.com/media/HHzmB30WUAA276n?format=jpg&name=small","","","ARMAGEDDON XL","2","https://x.com/Darts_World/status/2052768453556072933/analytics","221","We are in Leicester this evening, as the biggest event outside of the PDC in the UK takes place.

The venue is looking amazing at Mattioli Arena already!","https://abs.twimg.com/emoji/v2/svg/1f3af.svg","https://abs.twimg.com/emoji/v2/svg/1f9b8-1f3fb.svg","","","","","","","","https://pbs.twimg.com/media/HHzmB5NWgAAbOAt?format=jpg&name=360x360","https://x.com/Darts_World/status/2052768453556072933/photo/2","",""
"https://x.com/logicfgs","https://pbs.twimg.com/profile_images/1535236437188218881/-pTDCdnp_normal.jpg","xL","@logicfgs","https://x.com/logicfgs/status/2052668952111722750","11h","https://x.com/demetrius3244/status/2052668485705068861/photo/1","https://pbs.twimg.com/media/HHyLG4IXoAYOV_z?format=jpg&name=360x360","","","You get time dey explain something wey no go far","2","https://x.com/logicfgs/status/2052668952111722750/analytics","5.8K","","","","1","","","","","Quote","12","https://pbs.twimg.com/media/HHyLG4KWIAEHck5?format=jpg&name=360x360","https://x.com/demetrius3244/status/2052668485705068861/photo/2","11h",""
"https://x.com/thisnaystore","https://pbs.twimg.com/profile_images/2001535352293724160/D98tiHXT_normal.jpg","พรีออเดอร์เกาหลี - OPEN 09:00-22:00น.","@thisnaystore","https://x.com/thisnaystore/status/2052742507369529486","6h","https://x.com/thisnaystore/status/2052742507369529486/photo/1","https://pbs.twimg.com/media/HHzObU-a8AA68wP?format=jpg&name=360x360","","XL","Stitch Waffle Henley Neck LS -50%
XS อก43”/S 45”/M 47”/L 49”/","1","https://x.com/thisnaystore/status/2052742507369529486/analytics","109","51”/2XL 53”","https://abs.twimg.com/emoji/v2/svg/1f496.svg","https://abs.twimg.com/emoji/v2/svg/1f90f-1f3fb.svg","2","XL","cream เหลือ L,","","","@thisnaystore","","https://pbs.twimg.com/media/HHzObVObwAA2dK1?format=jpg&name=360x360","https://x.com/thisnaystore/status/2052742507369529486/photo/2","Replying to","https://x.com/thisnaystore"
"https://x.com/IronicXLMaiden","https://pbs.twimg.com/profile_images/1563461398906097665/ildy1ETu_normal.jpg","Ironic Maiden XL","@IronicXLMaiden","https://x.com/IronicXLMaiden/status/2052831854298796358","17m","https://t.co/VIqvUO5qpI","https://pbs.twimg.com/card_img/2052830790979870722/e_le18x2?format=jpg&name=small","Mikroplastik heizt die Erde auf – und Forscher sind alarmiert","","Ruß &","1","https://x.com/IronicXLMaiden/status/2052831854298796358/analytics","3","tragen zum","","","","","bei.
Beides wird durch","#Mikroplastik","#Reifenabrieb","","","","","",""
"https://x.com/T_HotBox","https://pbs.twimg.com/profile_images/1908323870014369793/8wHR04jV_normal.jpg","アウトドアギアPRESS-田中 / 焚き火大好き・キャンプごはん、DIY挑戦中","@T_HotBox","https://x.com/T_HotBox/status/2052795775785001231","2h","https://x.com/T_HotBox/status/2052795775785001231/photo/1","https://pbs.twimg.com/media/HHz-4SSXMAMGMf1?format=jpg&name=360x360","","Translated from Japanese","【52% off!!】LOGOS LAND Tubular Grill XL
Don't you feel like, ""Preparing for BBQ actually takes quite a bit of effort...""?
That's when we recommend the grill from Logos Land's official items.
Easy assembly without screws, a slide-style fire grate that makes adding or disposing of","1","https://x.com/T_HotBox/status/2052795775785001231/analytics","154","","","","4","Show original","","","Show more","","","https://pbs.twimg.com/media/HHz-4VrXQAQyIR1?format=jpg&name=360x360","https://x.com/T_HotBox/status/2052795775785001231/photo/2","",""
"https://x.com/LmdW6uWPwT34463","https://pbs.twimg.com/profile_images/2039725434657738752/BuizosM5_normal.jpg","すもも","@LmdW6uWPwT34463","https://x.com/LmdW6uWPwT34463/status/2052760099815641522","5h","","","","XL","1年","1","https://x.com/LmdW6uWPwT34463/status/2052760099815641522/analytics","93","が初めて","https://abs.twimg.com/emoji/v2/svg/2663.svg","https://abs.twimg.com/emoji/v2/svg/1f981.svg","9","","の部屋へ誘われた時、持ってった鞄からはみ出た各種サイズのゴムが見つかってしまい「ふぅん」と言われた時点で顔色完熟","","","","","","","",""
"https://x.com/Darts_World","https://pbs.twimg.com/profile_images/2021224133598846976/tsACQfEf_normal.jpg","DartsWorld","@Darts_World","https://x.com/Darts_World/status/2052822099736097061","56m","","","","XL","ARMAGEDDON","1","https://x.com/Darts_World/status/2052822099736097061/analytics","135","","https://abs.twimg.com/emoji/v2/svg/1f9b8-200d-2642-fe0f.svg","https://abs.twimg.com/emoji/v2/svg/1f3af.svg","","","A 12-darter seals a one-leg win for Luke Littler against Kye Courtney.","","","","","https://pbs.twimg.com/media/HH0W0iiXMAM1F0i?format=jpg&name=small","https://x.com/Darts_World/status/2052822099736097061/photo/1","",""
"https://x.com/Xl258016Xl","https://pbs.twimg.com/profile_images/1673781452259950594/AaaXyDZs_normal.png","Miguel XL","@Xl258016Xl","https://x.com/Xl258016Xl/status/2052792408862052737","2h","","","","Translated from Spanish","YOU ARE GUILTY. I hope that one day the degenerate leftists wake up from this nightmare","1","https://x.com/Xl258016Xl/status/2052792408862052737/analytics","1.1K","","","","","Show original","","","","@sanchezcastejon","","","","Replying to","https://x.com/sanchezcastejon"
"https://x.com/kii_kuma7","https://pbs.twimg.com/profile_images/2043543888041062400/1p9w05W7_normal.jpg","くまま@きいろもくまも","@kii_kuma7","https://x.com/kii_kuma7/status/2052482117544943887","23h","","","","Translated from Japanese","Koguma-chan with the big face","1","https://x.com/kii_kuma7/status/2052482117544943887/analytics","57K","must be absolutely adorable","https://abs.twimg.com/emoji/v2/svg/1f43b.svg","https://abs.twimg.com/emoji/v2/svg/1f4ad.svg","237","Show original","It's XL, huh~","","","","1.7K","https://pbs.twimg.com/media/HHvhmxJboAAl9e3?format=jpg&name=small","https://x.com/kii_kuma7/status/2052482117544943887/photo/1","",""
"https://x.com/keepshopping_gh","https://pbs.twimg.com/profile_images/1664603802794590208/F2CAxwoi_normal.jpg","big watch & vans bro.","@keepshopping_gh","https://x.com/keepshopping_gh/status/2052804263378555234","2h","https://x.com/keepshopping_gh/status/2052804263378555234/photo/1","https://pbs.twimg.com/media/HH0GkugWQAQ5TkK?format=jpg&name=360x360","","XL","denim jackets @ 300","1","https://x.com/keepshopping_gh/status/2052804263378555234/analytics","293","-3XL
0202366434 (whatsapp) 

Kindly repost","","","2","","","","","","8","https://pbs.twimg.com/media/HH0GkuYWMAEsLqR?format=jpg&name=360x360","https://x.com/keepshopping_gh/status/2052804263378555234/photo/2","",""
"https://x.com/_richan_21","https://pbs.twimg.com/profile_images/2001369262351351808/i80GACPh_normal.jpg","mari","@_richan_21","https://x.com/_richan_21/status/2052761350128951677","4h","https://help.x.com/rules-and-policies/authenticity","https://abs.twimg.com/responsive-web/client-web/parody-mask.92274f0a.svg","Fan account","XL","Em, thank you","1","https://x.com/_richan_21/status/2052761350128951677/analytics","164","Your","https://abs.twimg.com/emoji/v2/svg/1f97a.svg","https://abs.twimg.com/emoji/v2/svg/1f495.svg","2","","is so cute and chubby. It makes me want to squish his cheeks","","","","20","https://pbs.twimg.com/media/HHzfkNgXkAAwuM5?format=jpg&name=small","https://x.com/_richan_21/status/2052761350128951677/photo/1","",""
"https://x.com/miliemelo82","https://pbs.twimg.com/profile_images/1987914983527620608/JdrLCmaf_normal.jpg","MiLieMeLo","@miliemelo82","https://x.com/miliemelo82/status/2052705519253540924","8h","","","","XL","Je vais les rebaptiser S et","2","https://x.com/miliemelo82/status/2052705519253540924/analytics","431","","https://abs.twimg.com/emoji/v2/svg/1f913.svg","","55","","","","","","","https://pbs.twimg.com/media/HHysyewXIAI5NKR?format=jpg&name=small","https://x.com/miliemelo82/status/2052705519253540924/photo/1","",""
"https://x.com/LZBN_official","https://pbs.twimg.com/profile_images/1641428164877643781/m5HnRICZ_normal.jpg","LZBN","@LZBN_official","https://x.com/LZBN_official/status/2052705887530463378","8h","","","","Translated from Japanese","【KAMIKOBE EXCLUSIVE COLOR】

The classic ""SLANT LOGO TEE""  
『COMING KOBE 26』 venue-exclusive color has been confirmed for release.

COMING KOBE 26 LIMITED COLOR  
SLANT LOGO TEE

SIZE : M | L | XL | XXL  
PRICE : ¥4,000-(tax in)

※Available for sale only at the LZBN booth","8","https://x.com/LZBN_official/status/2052705887530463378/analytics","1.2K","","","","24","Show original","","","Show more","","","https://pbs.twimg.com/media/HHytH8IbIAAftir?format=jpg&name=small","https://x.com/LZBN_official/status/2052705887530463378/photo/1","",""
"https://x.com/Gooya_mana","https://pbs.twimg.com/profile_images/1958750949994110976/0O_LE2uK_normal.jpg","ボルぴっぴ","@Gooya_mana","https://x.com/Gooya_mana/status/2052710949153644652","8h","","","","XL","このあたりも処分予定","3","https://x.com/Gooya_mana/status/2052710949153644652/analytics","460","サイズはXS(インナーの一つは","https://abs.twimg.com/emoji/v2/svg/270b.svg","https://abs.twimg.com/emoji/v2/svg/1f644.svg","14","",")
メットは年数経ちすぎてるから売りもんにもならんな","","","","","https://pbs.twimg.com/media/HHyxujfbIAAt7er?format=jpg&name=small","https://x.com/Gooya_mana/status/2052710949153644652/photo/1","",""
"https://x.com/mahoumoreno","https://pbs.twimg.com/profile_images/1809332981862928384/2DbvtEpi_normal.jpg","Malcolm XL","@mahoumoreno","https://x.com/mahoumoreno/status/2052832015871775123","16m","https://x.com/mahoumoreno/status/2052832015871775123/photo/1","https://pbs.twimg.com/media/HH0f1oIWEAQn11n?format=jpg&name=360x360","","","SWICY","2","https://x.com/mahoumoreno/status/2052832015871775123/analytics","281","","","","1","","","","","","56","https://pbs.twimg.com/media/HH0f1n4XAAgQH9H?format=jpg&name=360x360","https://x.com/mahoumoreno/status/2052832015871775123/photo/2","",""
"https://x.com/Sandstorm_XL","https://pbs.twimg.com/profile_images/1731003278291607552/xPHRGXtb_normal.jpg","Sandstorm XL","@Sandstorm_XL","https://x.com/Sandstorm_XL/status/2052768840300556671","4h","","","and","","Nah most don’t do that in brothers faces in LA like that and they’re definitely not using the hard ER in an antagonist way using a strap as defense. They most definitely would get delt with. Even the police would put a stop to that shit because it would cause HUGE problems!","3","https://x.com/Sandstorm_XL/status/2052768840300556671/analytics","1K","","","","2","","","","","@_lostsensei","","","","Replying to","https://x.com/_lostsensei"
"https://x.com/noremorseinfo","https://pbs.twimg.com/profile_images/619424924277436416/iky7v41X_normal.jpg","バンドＴシャツショップ NO-REMORSE","@noremorseinfo","https://x.com/noremorseinfo/status/2052791674318016649","2h","https://x.com/noremorseinfo/status/2052791674318016649/photo/1","https://pbs.twimg.com/media/HHz7Hg1aQAAXxhp?format=jpg&name=360x360","","XL","【NEW STOCKS】
INCANTATION T-shirts S/M/L/","1","https://x.com/noremorseinfo/status/2052791674318016649/analytics","97","size 4480円","","","3","","","","","","","https://pbs.twimg.com/media/HHz7JO9a0AEZEka?format=jpg&name=360x360","https://x.com/noremorseinfo/status/2052791674318016649/photo/2","",""
"https://x.com/cabosu_46","https://pbs.twimg.com/profile_images/2043314418944221184/LdD_--jL_normal.jpg","かぼす　ホロクルF-09","@cabosu_46","https://x.com/cabosu_46/status/2052728447630512261","7h","","","Translated from Japanese","Translated from Japanese","Oh crap, what the heck are the T-shirt sizes on the menu, X and L? lol  
It's M and L sizes. XL is currently sold out","2","https://x.com/cabosu_46/status/2052728447630512261/analytics","502","It's a bit pricey, but we're using good fabric","https://abs.twimg.com/emoji/v2/svg/1f64f.svg","https://abs.twimg.com/emoji/v2/svg/1f455.svg","17","Show original","","","#Holocure","Quote","","https://pbs.twimg.com/media/HHzBo62aAAEbp8o?format=jpg&name=small","https://x.com/cabosu_46/status/2052728447630512261/photo/1","11h",""
"https://x.com/PGA_Whiteboy69","https://pbs.twimg.com/profile_images/1875550345142710272/tol4BYTT_normal.jpg","The Goyard Goombah","@PGA_Whiteboy69","https://x.com/PGA_Whiteboy69/status/2052772778441355768","4h","","","","XL","No","1","https://x.com/PGA_Whiteboy69/status/2052772778441355768/analytics","126","give away yesterday, JO. Low blow brother","","","1","","","","","@johnnieO","","","","Replying to","https://x.com/johnnieO"
"https://x.com/Ifybekee_wears","https://pbs.twimg.com/profile_images/1973550303933788160/bucjQfa8_normal.jpg","Ifybekee","@Ifybekee_wears","https://x.com/Ifybekee_wears/status/2052785606002978987","3h","https://x.com/Ifybekee_wears/status/2052785606002978987/photo/1","https://pbs.twimg.com/media/HHz1nECWMAY8pjY?format=jpg&name=small","","XL","350 Gram  
Quality Plain T Shirt
Size: S , M , L ,","2","https://x.com/Ifybekee_wears/status/2052785606002978987/analytics","50",", XXL
Price: 20,000
Location Lagos
Delivery Nationwide","","https://abs.twimg.com/emoji/v2/svg/2764.svg","2","","","","","Quote","","https://pbs.twimg.com/media/HHz1nLYWAAAnJ16?format=jpg&name=small","https://x.com/Ifybekee_wears/status/2052785606002978987/photo/2","3h",""
"https://x.com/DIALOGUE_staff","https://pbs.twimg.com/profile_images/2027627181212635137/FopGcUnW_normal.jpg","DIALOGUE＋公式 ＠14th single「奇跡は起きない」発売中","@DIALOGUE_staff","https://x.com/DIALOGUE_staff/status/2052659776786686447","11h","https://x.com/DIALOGUE_staff/status/2052659776786686447/photo/1","https://pbs.twimg.com/media/HHsPKYbbkAAZgBH?format=jpg&name=360x360","","Translated from Japanese","＼","70","https://x.com/DIALOGUE_staff/status/2052659776786686447/analytics","10K","Only 2 Days Until the Event!","https://abs.twimg.com/emoji/v2/svg/26a1.svg","https://abs.twimg.com/emoji/v2/svg/26a1.svg","373","Show original","／
May 10th (Sun) @ Spotify O-EAST
""DIALOGUE + Festa!!""

＼Merchandise Introduction／","","Show more","","","https://pbs.twimg.com/media/HHsPLfhaYAAoyoC?format=jpg&name=360x360","https://x.com/DIALOGUE_staff/status/2052659776786686447/photo/2","",""
"https://x.com/RYP__","https://pbs.twimg.com/profile_images/1585675435580481539/rL6VAY-a_normal.jpg","Robert Young Pelton","@RYP__","https://x.com/RYP__/status/2052749302204977466","5h","","","","XL","Not my photo. But evocative of the early dawning of the Nerd Operator Era.  The power of the rogue mustache, ""birth control glasses"" and thinking","8","https://x.com/RYP__/status/2052749302204977466/analytics","1.4K","Banana Republic vests were low profile.","","","5","","","","","","32","https://pbs.twimg.com/media/HHzUBY7akAAi24-?format=jpg&name=small","https://x.com/RYP__/status/2052749302204977466/photo/1","",""
"https://x.com/dumiedumietoo","https://pbs.twimg.com/profile_images/2007821846817980416/U-xkioP9_normal.jpg","𝘥𝘶𝘮𝘪𝘦 ส่งต่อ","@dumiedumietoo","https://x.com/dumiedumietoo/status/2052797674144092167","2h","https://x.com/dumiedumietoo/status/2052797674144092167/photo/1","https://pbs.twimg.com/media/HH0AmjYaAAA4DYQ?format=jpg&name=360x360","","XL","ส่งต่อ kome cults  ใส่หลวมๆสวยเบยย ดูเพิ่มเติมได้นะคะะ","1","https://x.com/dumiedumietoo/status/2052797674144092167/analytics","168","Size :","https://abs.twimg.com/emoji/v2/svg/2665.svg","https://abs.twimg.com/emoji/v2/svg/1f69b.svg","","","Price: 175 ฿ ใส่แล้วหวานมาก (ค่าส่ง +40 ค้าบ","#ส่งต่อเสื้อผ้า","#ส่งต่อเสื้อผ้ามือสอง","","#ส่งต่อkomecults","https://pbs.twimg.com/media/HH0AmjZawAAdkTn?format=jpg&name=medium","https://x.com/dumiedumietoo/status/2052797674144092167/photo/2","","https://x.com/hashtag/%E0%B8%AA%E0%B9%88%E0%B8%87%E0%B8%95%E0%B9%88%E0%B8%ADkomecults?src=hashtag_click"
"https://x.com/Steam","https://pbs.twimg.com/profile_images/1702008325112741888/G6YzrWya_normal.jpg","Steam","@Steam","https://x.com/Steam/status/123480460193038337","Oct 11, 2011","","","","XL","Pre-Purchase Now: Cities","7","https://x.com/Steam/status/123480460193038337/analytics","","2012:","","","2","","","#PrePurchase","","","","","","",""
"https://x.com/sdiexck","https://pbs.twimg.com/profile_images/2050920724429492224/y7gQTpqW_normal.jpg","XL","@sdiexck","https://x.com/sdiexck/status/2052796714055319678","2h","","","デカマラ自慢ゲイ集合～粗チン歓迎～","Translated from Japanese","Anyone wanna chat with a Taiwanese person? ~","1","https://x.com/sdiexck/status/2052796714055319678/analytics","268","","","","","Show original","","","","","","","","",""
"https://x.com/AKIBA_FANCUBE","https://pbs.twimg.com/profile_images/1585581450447192064/kH7B_ruJ_normal.jpg","AKIBA FAN CUBE（アキバファンキューブ）","@AKIBA_FANCUBE","https://x.com/AKIBA_FANCUBE/status/2052639224109887499","13h","","","","Translated from Japanese","【Theatrical Edition ""Zombie Land Saga Yumeginga Paradise"" POP UP STORE】

5/8 (Fri)
The following items have sold out.

Big Silhouette T-Shirt
XL Size","32","https://x.com/AKIBA_FANCUBE/status/2052639224109887499/analytics","5.9K","","","","47","Show original","","","","","","https://pbs.twimg.com/media/HHxwfsrbYAAD0ee?format=jpg&name=small","https://x.com/AKIBA_FANCUBE/status/2052639224109887499/photo/1","",""
"https://x.com/logicfgs","https://pbs.twimg.com/profile_images/1535236437188218881/-pTDCdnp_normal.jpg","xL","@logicfgs","https://x.com/logicfgs/status/2051953659521400902","May 6","","https://pbs.twimg.com/tweet_video_thumb/HHoA-QEWwAMOc7r.jpg","","","Everyone better win what they want to win this season, I’m coming for everything next year","44","https://x.com/logicfgs/status/2051953659521400902/analytics","17K","","","","182","","","#Reekball","GIF","","763","","","",""
"https://x.com/logicfgs","https://pbs.twimg.com/profile_images/1535236437188218881/-pTDCdnp_normal.jpg","xL","@logicfgs","https://x.com/logicfgs/status/2052767614879879319","4h","","","","","Lost all his attacking ability but stay solid defensively , he has overlapped twice this season","25","https://x.com/logicfgs/status/2052767614879879319/analytics","33K","","https://abs.twimg.com/emoji/v2/svg/1f62d.svg","https://abs.twimg.com/emoji/v2/svg/1f602.svg","78","","","","","Quote","1K","","","6h",""
"https://x.com/9to5Google","https://pbs.twimg.com/profile_images/1562059175542378499/x-dww2Yq_normal.jpg","9to5Google","@9to5Google","https://x.com/9to5Google/status/2052775407204647153","4h","https://t.co/deS6RYUvJN","https://pbs.twimg.com/card_img/2052775410786512898/N8YHlRRE?format=jpg&name=small","Deals: Fitbit Air pre-order offers, Pixel 10 Pro/XL up to $500 off, Legion Go 2 Windows handheld...","XL","Deals: Fitbit Air pre-order offers, Pixel 10 Pro/","20","https://x.com/9to5Google/status/2052775407204647153/analytics","2.2K","up to $500 off, Legion Go 2 Windows handheld $482 off, more","","","","","by","","","","","","","",""
"https://x.com/LS2_SEIDEN","https://pbs.twimg.com/profile_images/1346245059885244416/hW0_XiAJ_normal.jpg","LS2HELMETS【日本代理店公式】","@LS2_SEIDEN","https://x.com/LS2_SEIDEN/status/2052680006711796092","10h","","","","Translated from Japanese","【Additional Information for Event Info】  
Additional information for the Fuchu 2 Rinkan event to be held on Saturday, May 16, 2026!!  

We will conduct an early display of the new releases DRAGON and FASTⅡ, which will be available in June, as requested by our customers!","6","https://x.com/LS2_SEIDEN/status/2052680006711796092/analytics","765","","","","17","Show original","","","Show more","","","https://pbs.twimg.com/media/HHyVZXGbQAAZV4h?format=jpg&name=small","https://x.com/LS2_SEIDEN/status/2052680006711796092/photo/1","",""
"https://x.com/logicfgs","https://pbs.twimg.com/profile_images/1535236437188218881/-pTDCdnp_normal.jpg","xL","@logicfgs","https://x.com/logicfgs/status/2051953659521400902","May 6","","","","","Everyone better win what they want to win this season, I’m coming for everything next year","44","https://x.com/logicfgs/status/2051953659521400902/analytics","17K","","","","182","","","#Reekball","GIF","","763","","","",""
"https://x.com/kazzuuu4gen2","https://pbs.twimg.com/profile_images/1870086246137245701/vvAJ_OPc_normal.jpg","おもちゃのカズ","@kazzuuu4gen2","https://x.com/kazzuuu4gen2/status/2052675038655242417","10h","","","","Translated from Japanese","We're going to the drugstore together to buy condoms, but get them by yourself, okay?  
""Really, really?"" Yeah, really, really.  
""It's embarrassing..."" It's XL size.  
Once we enter the store and start walking, I'll turn on the vibe switch, and you'll walk all shaky and slow to","2","https://x.com/kazzuuu4gen2/status/2052675038655242417/analytics","6K","","","","134","Show original","","","Show more","","","","","",""
"https://x.com/FaktenRand","https://pbs.twimg.com/profile_images/1955654803234697220/vIKDRshO_normal.jpg","Schalker der Asoziale","@FaktenRand","https://x.com/FaktenRand/status/2052820378511143301","1h","","","","Translated from German","Do you know what?
You should have been quicker because Goatriciani is already sold out in M, L, XL, and XXXL.

Henning Lagerfeldciani, ladies and gentlemen","2","https://x.com/FaktenRand/status/2052820378511143301/analytics","272","","","","","Show original","","#S04","","","","https://pbs.twimg.com/media/HH0VQXwWYAQqzN2?format=jpg&name=small","https://x.com/FaktenRand/status/2052820378511143301/photo/1","",""
"https://x.com/chrishume_","https://pbs.twimg.com/profile_images/2024859272379527168/FbK0ZvD-_normal.jpg","Chris Hume","@chrishume_","https://x.com/chrishume_/status/2052737435470012847","6h","https://x.com/chrishume_/status/2052737435470012847/photo/1","https://pbs.twimg.com/media/HHzJAc6WIAYgJBL?format=jpg&name=360x360","","XL","Two store updates!

I stocked the Subtle Flag T-shirt in navy with 2 L and 2","4","https://x.com/chrishume_/status/2052737435470012847/analytics","3K","The new ""Man in the Arena"" print is now live with 10 available

Link below","","","22","","","","","","","https://pbs.twimg.com/media/HHzJHicXIAEMLxq?format=jpg&name=360x360","https://x.com/chrishume_/status/2052737435470012847/photo/2","",""
"https://x.com/SamuelXl50920","https://pbs.twimg.com/profile_images/1709052429994700800/zFe9mMb9_normal.jpg","Samuel XL Jackson","@SamuelXl50920","https://x.com/SamuelXl50920/status/2052664646503674157","11h","https://x.com/SamuelXl50920/status/2052664646503674157/photo/1","https://pbs.twimg.com/media/HHyHnXKbgAAMqPt?format=jpg&name=small","@toga8932","Translated from Japanese","I felt a gentle warmth from the response, sincerity, and rules","2","https://x.com/SamuelXl50920/status/2052664646503674157/analytics","569","Thank you so much for properly being there, Staff-sama","https://abs.twimg.com/emoji/v2/svg/1f60a.svg","https://abs.twimg.com/emoji/v2/svg/2728.svg","6","Show original","Toga-chan","","","","20","https://pbs.twimg.com/media/HHyHnXKasAAFXCD?format=jpg&name=360x360","https://x.com/SamuelXl50920/status/2052664646503674157/photo/2","",""
"https://x.com/deviluse_com","https://pbs.twimg.com/profile_images/2006551985533906944/CQLfj74L_normal.jpg","deviluse","@deviluse_com","https://x.com/deviluse_com/status/2052690277161484599","9h","https://x.com/deviluse_com/status/2052690277161484599/photo/1","https://pbs.twimg.com/media/HHye6szaoAAUoVk?format=jpg&name=360x360","dustbox_official","Translated from Japanese","Rock Day Special","1","https://x.com/deviluse_com/status/2052690277161484599/analytics","21K","Collaboration with dustbox","https://abs.twimg.com/emoji/v2/svg/1f918.svg","https://abs.twimg.com/emoji/v2/svg/2764-fe0f-200d-1f525.svg","63","Show original","Pre-order sales have started at the Deviluse online store!!","","Show more","","338","https://pbs.twimg.com/media/HHye6sybkAAemYg?format=jpg&name=360x360","https://x.com/deviluse_com/status/2052690277161484599/photo/2","",""
"https://x.com/imokenpi94","https://pbs.twimg.com/profile_images/2048350445585010688/5eS_ySGW_normal.jpg","珍王・いけちゃんXL","@imokenpi94","https://x.com/imokenpi94/status/2052703432491126946","8h","","","","","今月の支払い予定がいつもより8万くらい少ない","3","https://x.com/imokenpi94/status/2052703432491126946/analytics","757","ウマ以外のソシャゲモチベが消し飛んだことで節約出来てるかも","https://abs.twimg.com/emoji/v2/svg/1f476-1f3fb.svg","https://abs.twimg.com/emoji/v2/svg/1f4b0.svg","13","","ウマ娘神ゲーか？","","","","","","","",""
"https://x.com/vertical_garage","https://pbs.twimg.com/profile_images/1194584445233197058/k8MvjzSu_normal.jpg","VERTICAL_GARAGE","@vertical_garage","https://x.com/vertical_garage/status/2052614476134748177","14h","https://x.com/vertical_garage/status/2052614476134748177/photo/1","https://pbs.twimg.com/media/HHrXgB9bAAAsSeO?format=jpg&name=360x360","@fantastics_fext","XL","【buddix】
2026 SPRING SUMMER COLLECTION  

■ITEM LINE-UP 
BIG BUTTON HENRY LS TEE 
PRICE：¥9,900 tax-in 
COLOR：Black/O.White 
SIZE：S / M / L /","42","https://x.com/vertical_garage/status/2052614476134748177/analytics","9.7K","【ONLINE】","","","341","","","#buddix","#八木勇征","","","https://pbs.twimg.com/media/HHrXgB-akAAwfP4?format=jpg&name=360x360","https://x.com/vertical_garage/status/2052614476134748177/photo/2","",""
"https://x.com/XlXlmi99506","https://pbs.twimg.com/profile_images/1819429963965067264/Ab843dI7_normal.jpg","xlmi XL","@XlXlmi99506","https://x.com/XlXlmi99506/status/2052819672584815101","1h","","https://pbs.twimg.com/card_img/2051743371262386176/3d2P4ltM?format=jpg&name=240x240","","youtube.com","Dean Martin - Return To Me","1","https://x.com/XlXlmi99506/status/2052819672584815101/analytics","4","via","","","","Dean Martin - Return To Me","","","","","","","","",""
"https://x.com/xlahzunlx","https://pbs.twimg.com/profile_images/1103583632709476352/Uxi0mpYC_normal.jpg","xlあーずんlx","@xlahzunlx","https://x.com/xlahzunlx/status/2052689817847443694","9h","","","","Translated from Japanese","I get the feeling that there's a preconceived notion that Okarin is some hot-blooded guy.

He goes on and on with all that convoluted nonsense, cranking the chuunibyou dial to full blast while playing the madman, but he was supposed to be just a lazy, aimless student stuck in","1","https://x.com/xlahzunlx/status/2052689817847443694/analytics","145K","","","","113","Show original","","","Show more","@kmtkmt12","","","","Replying to","https://x.com/kmtkmt12"
"https://x.com/migasolineki","https://pbs.twimg.com/profile_images/1277427807073603584/WMRKXcgT_normal.jpg","未樹","@migasolineki","https://x.com/migasolineki/status/2052727036737900595","7h","https://x.com/migasolineki/status/2052727036737900595/photo/1","https://pbs.twimg.com/media/HHzAWwGbkAA_BU5?format=jpg&name=360x360","","Translated from Japanese","【SS Merchandise Department NEW GOODS】

◎T-Shirt (Back Print)
Black · Army Green · Japan Blue
S, M, L, XL  ¥2500

◎Various Patches
¥100〜¥400 (planned)

We'll be waiting for you at Counter Action tomorrow. SS is the top!!
We also accept ticket reservations.","2","https://x.com/migasolineki/status/2052727036737900595/analytics","163","","","","8","Show original","","#SecondShout","Show more","","","https://pbs.twimg.com/media/HHzAWwGaUAA2twV?format=jpg&name=360x360","https://x.com/migasolineki/status/2052727036737900595/photo/2","",""
"https://x.com/4000yay","https://pbs.twimg.com/profile_images/2048399886610223104/wCw5fq_h_normal.jpg","White","@4000yay","https://x.com/4000yay/status/2052816274179199474","1h","https://x.com/WizardsMuse1/status/2052759183565459674/photo/2","https://pbs.twimg.com/media/HHzdmV4XwAYy5Vx?format=jpg&name=360x360","","XL","Friend circle,
yes I’m petitioning for short sizes past","1","https://x.com/4000yay/status/2052816274179199474/analytics","28","","","","","","","","","Quote","","https://pbs.twimg.com/media/HHzdmV7WcAc_OKP?format=jpg&name=360x360","https://x.com/WizardsMuse1/status/2052759183565459674/photo/1","5h",""
"https://x.com/LaLala34697","https://pbs.twimg.com/profile_images/2049113309690187776/j2nRg0z2_normal.jpg","Ăn Thịt Cưacưa","@LaLala34697","https://x.com/LaLala34697/status/2052645099549647136","12h","","","","XL","HC: Gege gege gege gege gege gege x1000000(⁠≧⁠▽⁠≦⁠)~","2","https://x.com/LaLala34697/status/2052645099549647136/analytics","1.2K",": @///@ 

(Hua Lian in my friend modern au)","","","29","","","#HuaLian","","","192","https://pbs.twimg.com/media/HHx11KObQAApxCm?format=jpg&name=small","https://x.com/LaLala34697/status/2052645099549647136/photo/1","",""
"https://x.com/_kayanomi","https://pbs.twimg.com/profile_images/1608064455107280907/tSeQLGIE_normal.jpg","かやのみ","@_kayanomi","https://x.com/_kayanomi/status/2052592830011600983","16h","https://x.com/_kayanomi/status/2052592830011600983/photo/1","https://pbs.twimg.com/media/HHxGIuPbgAAKP6A?format=jpg&name=360x360","","Translated from Japanese","【Kayafesu2026 Goods Information】

Mouowaridaa～～!!
Usachoko T-Shirt L/XL 5,000 yen

We have taken photos of each T-shirt being worn.
We hope these will serve as a reference for your goods purchases on the day! (Staff)

Photographer: Mayuno-san","14","https://x.com/_kayanomi/status/2052592830011600983/analytics","21K","","","","69","Show original","","#かやふぇしゅ2026","","","325","https://pbs.twimg.com/media/HHxGJt1aEAA-uXc?format=jpg&name=360x360","https://x.com/_kayanomi/status/2052592830011600983/photo/2","",""
"https://x.com/14cruyffjohan","https://pbs.twimg.com/profile_images/1975290036351373312/efAWKMDF_normal.jpg","memo","@14cruyffjohan","https://x.com/14cruyffjohan/status/2052783562512855271","3h","","","","Translated from Turkish","+ Even if they offered me 1 million dollars, I wouldn't sell my team

Popeyes Maxi XL menu + 45 gr chipotle sauce, bro","2","https://x.com/14cruyffjohan/status/2052783562512855271/analytics","257","","","","18","Show original","","","","","","https://pbs.twimg.com/amplify_video_thumb/2052783474709254144/img/yKHOi-x4bpYMjs_5.jpg","","",""
"https://x.com/14cruyffjohan","https://pbs.twimg.com/profile_images/1975290036351373312/efAWKMDF_normal.jpg","memo","@14cruyffjohan","https://x.com/14cruyffjohan/status/2052783562512855271","3h","","","0:01 / 0:50","Translated from Turkish","+ Even if they offered me 1 million dollars, I wouldn't sell my team

Popeyes Maxi XL menu + 45 gr chipotle sauce, bro","2","https://x.com/14cruyffjohan/status/2052783562512855271/analytics","257","","","","18","Show original","","","","","","","","",""
"https://x.com/occult_kaikiha","https://pbs.twimg.com/profile_images/2019398943344586754/QP_Ug138_normal.jpg","オカルト大魔王(大魔王印刷)","@occult_kaikiha","https://x.com/occult_kaikiha/status/2052701596702966091","8h","","","and","Translated from Japanese","CIMA × Great Demon King Printing
Collab Giveaway Campaign Phase 2!

CIMA Athlete Debut 29th Anniversary Event","2","https://x.com/occult_kaikiha/status/2052701596702966091/analytics","1.4K","Two Suns","https://abs.twimg.com/emoji/v2/svg/2600.svg","https://abs.twimg.com/emoji/v2/svg/2600.svg","41","Show original","To commemorate the event, the Occult Great Demon King-designed CIMA Athlete × Magnum TOKYO
Legendary collab T-shirt will be given away by lottery to 2","PROJECT-C","Show more","","33","https://pbs.twimg.com/media/HHypOHjbkAAkTrt?format=jpg&name=small","https://x.com/occult_kaikiha/status/2052701596702966091/photo/1","",""
"https://x.com/littletipsOK","https://pbs.twimg.com/profile_images/2007080963524665344/LN5dMOvA_normal.jpg","littletipsOK","@littletipsOK","https://x.com/littletipsOK/status/2052820338354905126","1h","","","","Translated from Spanish","OFFERZAAAAA Whaaaat windbreaker 16.900 sizes from S to XL
$ 16.989","1","https://x.com/littletipsOK/status/2052820338354905126/analytics","5","","https://abs.twimg.com/emoji/v2/svg/1f449.svg","","1","Show original","GOOOAL","","","","","https://pbs.twimg.com/media/HH0VOD5XIAQ2rSY?format=jpg&name=small","https://x.com/littletipsOK/status/2052820338354905126/photo/1","",""
"https://x.com/XlXlmi99506","https://pbs.twimg.com/profile_images/1819429963965067264/Ab843dI7_normal.jpg","xlmi XL","@XlXlmi99506","https://x.com/XlXlmi99506/status/2052794844687557022","2h","","https://pbs.twimg.com/card_img/2050680491813335040/RX6MsnHi?format=jpg&name=240x240","","youtube.com","Guy Mitchell - Singing the blues (1956).mpg","1","https://x.com/XlXlmi99506/status/2052794844687557022/analytics","10","via","","","","Guy Mitchell - Singing the blues (1956).mpg","","","","","","","","",""
"https://x.com/volvi_perr19578","https://pbs.twimg.com/profile_images/2049321954822471680/pADH0yLE_normal.jpg","XL-2937","@volvi_perr19578","https://x.com/volvi_perr19578/status/2052798540376592485","2h","","","","","Home
Diary:
Moving to ""Paradise"" was tragic Mistake. People lehere here are sick. I hear gunshots, iscreams atter dark. Now the phone calls, Bayin' I'm being thrown outta this house. h My house. Wearing Kevlar vest and carrying Ma sidearia at all times low","2","https://x.com/volvi_perr19578/status/2052798540376592485/analytics","50","","","","1","","","","","Quote","","https://pbs.twimg.com/media/HH0BZOPXYAkqapK?format=jpg&name=small","https://x.com/volvi_perr19578/status/2052798540376592485/photo/1","2h",""
"https://x.com/REEEEEI_N","https://pbs.twimg.com/profile_images/1926938800111951872/5syJQvEp_normal.jpg","라인","@REEEEEI_N","https://x.com/REEEEEI_N/status/2052637531796324620","13h","https://x.com/REEEEEI_N/status/2052637531796324620/photo/1","https://pbs.twimg.com/media/HHxumdYbYAA9Tuv?format=jpg&name=360x360","","Translated from Korean","Bling goods mass release..

Acrylic stands 10,000 won each
(Seminar, Ako & Hina/set priority)
Koharu arc stand & novel art (unopened)
12,000 won each
Yuuka hoodie zip-up (XL, never worn, seminar logo printing error on front) 43,000 won

Shipping fee separate
Mention or DM here","1","https://x.com/REEEEEI_N/status/2052637531796324620/analytics","1.1K","","","","10","Show original","","","Show more","","11","https://pbs.twimg.com/media/HHxu2lrbUAAY3A2?format=jpg&name=360x360","https://x.com/REEEEEI_N/status/2052637531796324620/photo/2","",""
"https://x.com/assist_wig","https://pbs.twimg.com/profile_images/2037906715233181697/nn7dcfRO_normal.png","アシスト コスプレ用品専門店","@assist_wig","https://x.com/assist_wig/status/2052591823248638153","16h","https://x.com/assist_wig/status/2052591823248638153/photo/1","https://pbs.twimg.com/media/HHw76X_bsAAx7M4?format=jpg&name=360x360","Some items have limited stock","Translated from Japanese","Discontinued SALE","1","https://x.com/assist_wig/status/2052591823248638153/analytics","8.6K","『Secret Lace-Up Boots
　　　Tank Sole ver.","https://abs.twimg.com/emoji/v2/svg/1f62d.svg","https://abs.twimg.com/emoji/v2/svg/1f62d.svg","4","Show original","White","","","","25","https://pbs.twimg.com/media/HHw76Y4bkAAG1cN?format=jpg&name=360x360","https://x.com/assist_wig/status/2052591823248638153/photo/2","",""
"https://x.com/AndyHygate","https://pbs.twimg.com/profile_images/1176501257881739265/es0A_Ul2_normal.jpg","Andy Hygate","@AndyHygate","https://x.com/AndyHygate/status/2052825064463069484","45m","","","","XL","Beautiful sunset","11","https://x.com/AndyHygate/status/2052825064463069484/analytics","131","for Walk The Big One","https://abs.twimg.com/emoji/v2/svg/1f3a2.svg","https://abs.twimg.com/emoji/v2/svg/1f60a.svg","","","tonight","","","","","https://pbs.twimg.com/media/HH0Zg2oWYAE9wyv?format=jpg&name=small","https://x.com/AndyHygate/status/2052825064463069484/photo/1","",""
"https://x.com/FavourEnebel4","https://pbs.twimg.com/profile_images/1641749062515847169/qJj8yXCD_normal.jpg","Kedike Collections","@FavourEnebel4","https://x.com/FavourEnebel4/status/2052656496530342034","11h","https://x.com/FavourEnebel4/status/2052656496530342034/photo/1","https://pbs.twimg.com/media/HHx_8rMXgAU0BQY?format=jpg&name=360x360","","xL","NEW ARRIVALS    

                RALPH LAUREN SMALL CREST PLAIN SHIRT

 NOW AVAILABLE IN STORE","1","https://x.com/FavourEnebel4/status/2052656496530342034/analytics","302","SIZES - M L","https://abs.twimg.com/emoji/v2/svg/1f3ea.svg","","41","","2xL 3xL 

             4xL and 5xL 

₦40,000","","","","44","https://pbs.twimg.com/media/HHyABBtXgAo9EhQ?format=jpg&name=360x360","https://x.com/FavourEnebel4/status/2052656496530342034/photo/2","",""
"https://x.com/namichietamura","https://pbs.twimg.com/profile_images/1962770048407248896/OIynnXtF_normal.jpg","Namichie なみちえ@国賠訴訟中","@namichietamura","https://x.com/namichietamura/status/2052638063692755049","13h","https://t.co/I3qtwtw9EP","https://pbs.twimg.com/card_img/2052637173963472896/S8zxbT7O?format=jpg&name=small","青色反応【甲第10号証の3】 / なみちえ official shop ( namichie_tamura )のGLIMMER ドライハーフパンツ通販 ∞ SUZURI（スズリ）","…","【グッズの売れ行きが順調です。ありがとうございます涙】

私が不当逮捕に関して弁護士に払ったお金は

1,151,700円。

今も大変な状況にいるので、グッズが売れる事は本当に本当に大変励みになります。

❶つくったアイテムが売れたよ","13","https://x.com/namichietamura/status/2052638063692755049/analytics","2.2K","","https://abs.twimg.com/emoji/v2/svg/1f389.svg","","49","a/16978125/t-shirt/xl/saxe?utm_campaign=sold_share","❷","suzuri.jp/namichie_tamur","Show more","","","","","",""
"https://x.com/boss_ouen","https://pbs.twimg.com/profile_images/1864965974925152259/9CMNM8sD_normal.jpg","ぼす子","@boss_ouen","https://x.com/boss_ouen/status/2052662393466143018","11h","","","","Translated from Japanese","I won the EX Wind Forest Fire Mountain and invincible time collab T-shirt!","2","https://x.com/boss_ouen/status/2052662393466143018/analytics","1.6K","Super freaking happy! Super freaking cool! The tag (or whatever) in red on the sleeve is great too","https://abs.twimg.com/emoji/v2/svg/1f64c.svg","https://abs.twimg.com/emoji/v2/svg/1f64c.svg","4","Show original","I wasn't sure if it was men's size or what, so I chickened out and went with XL, but it","","Show more","","57","https://pbs.twimg.com/media/HHyFkR-bYAAQJBX?format=jpg&name=small","https://x.com/boss_ouen/status/2052662393466143018/photo/1","",""
"https://x.com/ellnore_pad_267","https://pbs.twimg.com/profile_images/1700736891589648384/wWC7V1yp_normal.jpg","xL(おおきなえる)","@ellnore_pad_267","https://x.com/ellnore_pad_267/status/2052791719973028102","2h","","","Translated from Japanese","","何があったのかはメッチャ聞くと思う。","1","https://x.com/ellnore_pad_267/status/2052791719973028102/analytics","195","","","","","","","","","Quote","","https://pbs.twimg.com/media/HHykv_Ja4AArYQP?format=jpg&name=small","https://x.com/5amemaru/status/2052696681612013746/photo/1","9h",""
"https://x.com/bichrihightech","https://pbs.twimg.com/profile_images/1703826356780281857/Pl5AwZ5j_normal.jpg","BICHRI HIGH-TECH","@bichrihightech","https://x.com/bichrihightech/status/2052739500690800929","6h","","","","XL","Salam","1","https://x.com/bichrihightech/status/2052739500690800929/analytics","159","*NOUVEL ARRIVAGE","https://abs.twimg.com/emoji/v2/svg/1f44b.svg","https://abs.twimg.com/emoji/v2/svg/1f525.svg","2","","IPHONE AUTHENTIQUE FULL TESTED A++*","","","","1","https://pbs.twimg.com/media/HHzLsfqXYAY4KS5?format=jpg&name=small","https://x.com/bichrihightech/status/2052739500690800929/photo/1","",""
"https://x.com/chiikawa_kouhou","https://pbs.twimg.com/profile_images/1334664411143815168/s9lYM1mU_normal.jpg","ちいかわグッズ公式","@chiikawa_kouhou","https://x.com/chiikawa_kouhou/status/2052689980414177605","9h","https://x.com/chiikawa_kouhou/status/2052689980414177605/photo/1","https://pbs.twimg.com/media/HHydj-DaQAANXt8?format=jpg&name=360x360","","Translated from Japanese","＼New Product／

""Dry T-Shirt""
(MOVE Minna, RUN Momonga Koten Bonya, DANCE Shiisa Kurimanju)
(M·L·XL sizes)","3","https://x.com/chiikawa_kouhou/status/2052689980414177605/analytics","95K","Release Date: May 22
・Chiikawa Market (online store)
(","https://abs.twimg.com/emoji/v2/svg/1f4dd.svg","","98","Show original",")
・Chiikawa Land
(Harajuku, Osaka Umeda, Fukuoka Parco, Kyoto Shijo Kawaramachi, TOKYO","","Show more","","763","https://pbs.twimg.com/media/HHydj90a0AAom7j?format=jpg&name=360x360","https://x.com/chiikawa_kouhou/status/2052689980414177605/photo/2","",""
"https://x.com/manzunemare0108","https://pbs.twimg.com/profile_images/1866752307473551364/NCHAWm68_normal.jpg","れまね　ᴹᴬᴷᴱ CᴿᴬZY","@manzunemare0108","https://x.com/manzunemare0108/status/2052750404572909674","5h","","","","Translated from Japanese","Both Saturday and Sunday,  
we can lend out one each of  
the previous season (L size)  
or  
the season before that (XL size)  
black uniforms,  
so if you need them, please feel free to contact us","2","https://x.com/manzunemare0108/status/2052750404572909674/analytics","303","The number is 1, Koh Flippin","https://abs.twimg.com/emoji/v2/svg/270b.svg","https://abs.twimg.com/emoji/v2/svg/1f5a4.svg","5","Show original","Crane Thunders","#Gunma","","","","","","",""
"https://x.com/EllyKyeune10315","https://pbs.twimg.com/profile_images/2034768642739445760/Hz6qsTJN_normal.jpg","Elly collection","@EllyKyeune10315","https://x.com/EllyKyeune10315/status/2052736935412568129","6h","https://x.com/EllyKyeune10315/status/2052736935412568129/photo/1","https://pbs.twimg.com/media/HHzJWuoXIAQ2jUc?format=jpg&name=360x360","","XL","Good evening xusers
Shirts available sizes 
M L","2","https://x.com/EllyKyeune10315/status/2052736935412568129/analytics","592","AND XXL some have 3xL

Whatapp 0755124926","","","12","","","","","","15","https://pbs.twimg.com/media/HHzJWujXQAA5fMc?format=jpg&name=360x360","https://x.com/EllyKyeune10315/status/2052736935412568129/photo/2","",""
"https://x.com/kitikuma3","https://pbs.twimg.com/profile_images/3107524199/8b7cbf5d4e332c4191e9244d6ba9c5eb_normal.jpeg","小熊俊哉","@kitikuma3","https://x.com/kitikuma3/status/2052606625555636423","15h","","","","Translated from Japanese","After interviewing Richard Russell, the owner of XL Recordings and also known as Everything Is Recorded, he said to me, “That shirt looks great! Let’s take a photo!” and we snapped a commemorative shot. I hear he’s going to do some recording in Kyoto afterward.","1","https://x.com/kitikuma3/status/2052606625555636423/analytics","5.1K","","","","3","Show original","","","","","27","https://pbs.twimg.com/media/HHxS16DbYAAFIWU?format=jpg&name=small","https://x.com/kitikuma3/status/2052606625555636423/photo/1","",""
"https://x.com/laura_navins","https://pbs.twimg.com/profile_images/2036452026813652994/uwUVeYC4_normal.jpg","Laura Navins","@laura_navins","https://x.com/laura_navins/status/2052816359835287747","1h","","","","XL","Subscribe","1","https://x.com/laura_navins/status/2052816359835287747/analytics","4","","","","","","","","","@YankeesPod","","","","Replying to","https://x.com/YankeesPod"
"https://x.com/misscarat1","https://pbs.twimg.com/profile_images/1242107601820647425/irHLOG5N_normal.jpg","ミスカラット2.0公式!!","@misscarat1","https://x.com/misscarat1/status/2052796681197130189","2h","https://x.com/misscarat1/status/2052796681197130189/photo/1","https://pbs.twimg.com/media/HHz_jg7b0AAbtMm?format=png&name=360x360","空乃える໒꒱@ミスカラット","Translated from Japanese","Event on 6/28  
We've decided to make a birthday T-shirt for Sorano Eru.  
Please purchase one!

S/M/L/XL 3000 yen  
XXL/XXXL 3500 yen  
Please ask the executive at the event!

You can also purchase online.  
This option is +500 yen.","1","https://x.com/misscarat1/status/2052796681197130189/analytics","45","Looking forward to","","","","Show original","","","Show more","","","https://pbs.twimg.com/media/HHz_oznaQAA0pys?format=jpg&name=small","https://x.com/misscarat1/status/2052796681197130189/photo/2","",""
"https://x.com/Memow2020","https://pbs.twimg.com/profile_images/1519288435986546688/GWQl2Hzp_normal.png","Memow 2020","@Memow2020","https://x.com/Memow2020/status/2052745904927457710","5h","","","","XL","You got to stop calling everything pitbulls, only pit is APBT separate breed from Amstaff Staffy, Bullterrier( th eggheads) are BULLIS!
 No pit in their name! 
This looks to be","2","https://x.com/Memow2020/status/2052745904927457710/analytics","1.8K","American Bully, developed from Amstaff APBT Eng Bulldog..bred for companions,  not fighting!","","","1","","","","","@WolfofX","10","","","Replying to","https://x.com/WolfofX"
"https://x.com/kawausofamily","https://pbs.twimg.com/profile_images/2013282341846728705/R3WlsuKT_normal.jpg","𓂃𓈒𓏸 𝓚𝓪𝔀𝓪𝓾𝓼𝓸.𝓕𝓪𝓶𝓲𝓵𝔂.𝓝𝓾𝓲 𓂃𓂂𓏸","@kawausofamily","https://x.com/kawausofamily/status/2052772999531831511","4h","","","","","XLも増えるしね","2","https://x.com/kawausofamily/status/2052772999531831511/analytics","11","","https://abs.twimg.com/emoji/v2/svg/1f92d.svg","","","","","","","@Rokuta_torihiki","","","","Replying to","https://x.com/Rokuta_torihiki"
"https://x.com/cygt_official","https://pbs.twimg.com/profile_images/1979452660672585728/e_Flk2UE_normal.jpg","昼夜逆転","@cygt_official","https://x.com/cygt_official/status/2052669516505886998","11h","","","","Translated from Japanese","˗ˋˏ","19","https://x.com/cygt_official/status/2052669516505886998/analytics","6.7K","Day-Night Reversal Men Color T-Shirt","https://abs.twimg.com/emoji/v2/svg/1f380.svg","https://abs.twimg.com/emoji/v2/svg/1f380.svg","45","Show original","ˎˊ˗

【 Product Details 】
● ¥4,500
● Available in M, L, XL, XXL, XXXL sizes","","","","","https://pbs.twimg.com/media/HHyMCsMbUAAs2JG?format=jpg&name=small","https://x.com/cygt_official/status/2052669516505886998/photo/1","",""
"https://x.com/okinawa_mahae","https://pbs.twimg.com/profile_images/847636165742153730/pCAU6_zN_normal.jpg","沖縄物産 真南風(まはえ)の新井","@okinawa_mahae","https://x.com/okinawa_mahae/status/2052644672833462297","12h","","","","Translated from Japanese","Today's Reflection  
27℃ Cloudy  
After Golden Week and my compensatory day off, my sense of the days of the week has completely flown out the window  

Secret Menu Item  
Ryukyu Mochi Girl Banana Juice XL Size Cup  
Approx. 500ml  

Ordered by 4 customers so far  
I couldn't","1","https://x.com/okinawa_mahae/status/2052644672833462297/analytics","423","","","","5","Show original","","","Show more","","31","https://pbs.twimg.com/media/HHw8aCWaUAARATh?format=png&name=small","https://x.com/okinawa_mahae/status/2052644672833462297/photo/1","",""
"https://x.com/DorkSirjur","https://pbs.twimg.com/profile_images/1715503674611404800/8jGyfgf2_normal.jpg","DS","@DorkSirjur","https://x.com/DorkSirjur/status/2052756538675077466","5h","","","and","XL","LTJ Bukem

A1) Johnny L - This Time (Cool Dub) [","1","https://x.com/DorkSirjur/status/2052756538675077466/analytics","191","]

DJ Rap

A2) Special K & Ruff Cutt - Give It To Um [Lowkey]

A3) Poison Chang - Love The Woman (Grooverider Remix) [unreleased]

A4) Shy FX - Funkindemup [Ebony]

A5) B Jam - Funkula [No Smoking]

A6) L Double & Liccle D -","","","6","","","","Show more","@DorkSirjur","","","","Replying to","https://x.com/DorkSirjur"
"https://x.com/jellia59","https://pbs.twimg.com/profile_images/1123087992766099457/bqAojQpi_normal.jpg","polygon prompt","@jellia59","https://x.com/jellia59/status/2052751447071322486","5h","","","","XL","「そんなこと言われても」って話なんだけど、その昔Wipeoutってレースゲームがリリースされたとき、曲がカッコよくてレフトフィールドやケミカルブラザーズが曲提供してたり、次の","1","https://x.com/jellia59/status/2052751447071322486/analytics","110","は錚々たる面々が書き下ろしを提供してくれてたですよ。せっかくなら、そういうのが欲しいよなあという我儘です。","","","3","","","","","","","","","",""
"https://x.com/munmura789","https://pbs.twimg.com/profile_images/1972464627368984576/Kv2zfkpB_normal.jpg","むんむら","@munmura789","https://x.com/munmura789/status/2052813726663786681","1h","https://t.co/Czrfq8ATUT","https://pbs.twimg.com/card_img/2052813730514092034/WcpEGOcl?format=jpg&name=small","超個性的⭐︎LAUTRAMONT ロートレアモン 肉厚ニット 立体編み L〜XL by メルカリ","Translated from Japanese","Whoa, this knit is way too cute!? ‹‹  
( ˙ω˙ )/›› My creative juices are flowing...! I want it...! Hehe~

Super individualistic ⭐︎ LAUTRAMONT Lautreamont thick knit 3D knitting L~XL","1","https://x.com/munmura789/status/2052813726663786681/analytics","2","","","","","Show original","","","","","","","","",""
"https://x.com/ellnore_pad_267","https://pbs.twimg.com/profile_images/1700736891589648384/wWC7V1yp_normal.jpg","xL(おおきなえる)","@ellnore_pad_267","https://x.com/ellnore_pad_267/status/2052787508610781669","3h","","","Translated from Japanese","","わかる。。

5th fes 時点でのカバーになら期待したかも知れんけど、今のカバーには・・・。","1","https://x.com/ellnore_pad_267/status/2052787508610781669/analytics","82","","https://abs.twimg.com/emoji/v2/svg/1f950.svg","https://abs.twimg.com/emoji/v2/svg/2692.svg","","","","","","Quote","","","","11h",""
"https://x.com/skream_japan","https://pbs.twimg.com/profile_images/824547874/skream_icon_normal.jpg","Skream!","@skream_japan","https://x.com/skream_japan/status/2052603146112008252","15h","","","","Translated from Japanese","【Winner Announcement】  
Thank you very much for the numerous entries in the giveaway for a LAST ALLIANCE T-shirt (XL size) + autographed picture cards by ANZAI (Vo/Gt) and MATSUMURA (Vo/Ba). The winner is","27","https://x.com/skream_japan/status/2052603146112008252/analytics","4.2K",". Congratulations! We will send you the details via chat","","","24","Show original","","","Show more","","","https://pbs.twimg.com/media/HHw9psmaAAA5y1p?format=jpg&name=small","https://x.com/skream_japan/status/2052603146112008252/photo/1","",""
"https://x.com/logicfgs","https://pbs.twimg.com/profile_images/1535236437188218881/-pTDCdnp_normal.jpg","xL","@logicfgs","https://x.com/logicfgs/status/2052768893672796421","4h","","","","","Amorim to Benfica once Di Special Worn agrees Madrid","2","https://x.com/logicfgs/status/2052768893672796421/analytics","2.9K","","","","27","","","","","","","","","",""
"https://x.com/elpatanbb","https://pbs.twimg.com/profile_images/2035791545979514880/mZ4F8bqB_normal.jpg","El Patan XL","@elpatanbb","https://x.com/elpatanbb/status/2052487457124327530","23h","https://help.x.com/rules-and-policies/authenticity","https://abs.twimg.com/responsive-web/client-web/parody-mask.92274f0a.svg","Parody account","Translated from Spanish","Do you guys feel like having that scorpion?","94","https://x.com/elpatanbb/status/2052487457124327530/analytics","90K","","https://abs.twimg.com/emoji/v2/svg/1f982.svg","","167","Show original","","","","","4.1K","https://pbs.twimg.com/amplify_video_thumb/2052487367085174787/img/b8RbxwKAV_9wREBQ.jpg","","",""
"https://x.com/BrodieXLXL","https://pbs.twimg.com/profile_images/2046853799084453888/jVhfMSo8_normal.jpg","XL","@BrodieXLXL","https://x.com/BrodieXLXL/status/2052834129717145826","9m","","","","","She knows what she is doing.","1","https://x.com/BrodieXLXL/status/2052834129717145826/analytics","5","","","","","","","","","Quote","","","","1h",""
"https://x.com/chiikawagoods17","https://pbs.twimg.com/profile_images/2026293761614176256/5aE9BrAc_normal.jpg","ちいかわ最新情報","@chiikawagoods17","https://x.com/chiikawagoods17/status/2052757550597288390","5h","https://x.com/chiikawagoods17/status/2052757550597288390/photo/1","https://pbs.twimg.com/media/HHzcHR0awAAMZia?format=jpg&name=360x360","Translated from Japanese","Translated from Japanese","New Product","1","https://x.com/chiikawagoods17/status/2052757550597288390/analytics","1.3K","""Dry T-Shirt""
(MOVE Minna, RUN Momonga Used Bookstore, DANCE Shiisa Kurimanju)
(M・L・XL sizes)","https://abs.twimg.com/emoji/v2/svg/1f31f.svg","https://abs.twimg.com/emoji/v2/svg/1f31f.svg","2","Show original","Release Date: May 22","chiikawamarket.jp","#ちいかわ","Quote","14","https://pbs.twimg.com/media/HHzcHScaMAAD-WI?format=jpg&name=360x360","https://x.com/chiikawagoods17/status/2052757550597288390/photo/2","9h",""
"https://x.com/DIAMONDDGREAT","https://pbs.twimg.com/profile_images/2008449987923861506/5kVUgymU_normal.jpg","D’GREAT JERSEYS HUB","@DIAMONDDGREAT","https://x.com/DIAMONDDGREAT/status/2052831380657016933","20m","","","","XL","FITTINGS CHECK

Mexico 2026 World cup Third kit  Long sleeve","1","https://x.com/DIAMONDDGREAT/status/2052831380657016933/analytics","64","Size: L-","https://abs.twimg.com/emoji/v2/svg/1f4ab.svg","https://abs.twimg.com/emoji/v2/svg/26a1.svg","4","","-2XL","","","","3","https://pbs.twimg.com/media/HH0fPt0WAAAjuN2?format=jpg&name=small","https://x.com/DIAMONDDGREAT/status/2052831380657016933/photo/1","",""
"https://x.com/elpatanbb","https://pbs.twimg.com/profile_images/2035791545979514880/mZ4F8bqB_normal.jpg","El Patan XL","@elpatanbb","https://x.com/elpatanbb/status/2052487457124327530","23h","https://help.x.com/rules-and-policies/authenticity","https://abs.twimg.com/responsive-web/client-web/parody-mask.92274f0a.svg","Parody account","Translated from Spanish","Do you guys feel like having that scorpion?","94","https://x.com/elpatanbb/status/2052487457124327530/analytics","90K","","https://abs.twimg.com/emoji/v2/svg/1f982.svg","","167","Show original","","","","2:07","4.1K","","","",""
"https://x.com/yrneguindelocs","https://pbs.twimg.com/profile_images/2037690058329788416/n0ObABYm_normal.jpg","jota","@yrneguindelocs","https://x.com/yrneguindelocs/status/2052488392223449533","23h","","","","Translated from Portuguese","I want an XL ass sitting on me all day long","2","https://x.com/yrneguindelocs/status/2052488392223449533/analytics","9.1K","","","","51","Show original","","","","","245","","","",""
"https://x.com/ellnore_pad_267","https://pbs.twimg.com/profile_images/1700736891589648384/wWC7V1yp_normal.jpg","xL(おおきなえる)","@ellnore_pad_267","https://x.com/ellnore_pad_267/status/2052766681425195269","4h","","","Translated from Japanese","Translated from Japanese","You're all definitely starting to do o-joso from the middle, aren't you?","2","https://x.com/ellnore_pad_267/status/2052766681425195269/analytics","291","キャンプ・自転車","https://abs.twimg.com/emoji/v2/svg/1fabc.svg","https://abs.twimg.com/emoji/v2/svg/1f338.svg","5","Show original","株式会社CAIRN 営業部所属","","","Quote","","","https://x.com/ose_tweety/status/2051995227389604000/photo/1","May 6",""
"https://x.com/veronicabaty","https://pbs.twimg.com/profile_images/2023439524890898434/axPdSfU6_normal.jpg","Veronica","@veronicabaty","https://x.com/veronicabaty/status/2052818937671307642","1h","","","","XL","subscribe","1","https://x.com/veronicabaty/status/2052818937671307642/analytics","10","Go Yankees!!!","","","","","","","","@YankeesPod","","","","Replying to","https://x.com/YankeesPod"
"https://x.com/milkyange","https://pbs.twimg.com/profile_images/1850093377775337474/tpP851sh_normal.jpg","milky ange","@milkyange","https://x.com/milkyange/status/2052674874628292898","10h","","","","Translated from Japanese","French Style Maid Hazel","5","https://x.com/milkyange/status/2052674874628292898/analytics","857","ML Size 35,200 yen
XL Size 37,400 yen
XXL Size 39,600 yen

This French-style maid outfit features a striking large white yoke against green checkered fabric. The sheer apron made from chiffon material is a key highlight","https://abs.twimg.com/emoji/v2/svg/1f49a.svg","https://abs.twimg.com/emoji/v2/svg/1f49a.svg","20","Show original","","#即納可","","","","https://pbs.twimg.com/media/HHx2HFobIAAzQKG?format=jpg&name=small","https://x.com/milkyange/status/2052674874628292898/photo/1","",""
"https://x.com/elpatanbb","https://pbs.twimg.com/profile_images/2035791545979514880/mZ4F8bqB_normal.jpg","El Patan XL","@elpatanbb","https://x.com/elpatanbb/status/2052487457124327530","23h","https://help.x.com/rules-and-policies/authenticity","https://abs.twimg.com/responsive-web/client-web/parody-mask.92274f0a.svg","Parody account","Translated from Spanish","Do you guys feel like having that scorpion?","94","https://x.com/elpatanbb/status/2052487457124327530/analytics","90K","","https://abs.twimg.com/emoji/v2/svg/1f982.svg","","167","Show original","","","","0:03 / 2:09","4.1K","","","",""
"https://x.com/jay_jie1228","https://pbs.twimg.com/profile_images/2028093349991997441/v-9WFnMQ_normal.jpg","葛","@jay_jie1228","https://x.com/jay_jie1228/status/1683131184153518080","Jul 23, 2023","","","","","下擺在此","2","https://x.com/jay_jie1228/status/1683131184153518080/analytics","18K","","","","27","","","","","@xxxxxxx_xl","","","","Replying to","https://x.com/xxxxxxx_xl"
"https://x.com/logicfgs","https://pbs.twimg.com/profile_images/1535236437188218881/-pTDCdnp_normal.jpg","xL","@logicfgs","https://x.com/logicfgs/status/2052039468735979969","May 6","","","","","","518","https://x.com/logicfgs/status/2052039468735979969/analytics","190K","","","","946","","","","","","4.7K","https://pbs.twimg.com/media/HHpPAZsXcAIYRWR?format=jpg&name=small","https://x.com/logicfgs/status/2052039468735979969/photo/1","",""
"https://x.com/Itz_Radio","https://pbs.twimg.com/profile_images/1864411195576303616/AamQOYjR_normal.jpg","ItzRadio","@Itz_Radio","https://x.com/Itz_Radio/status/2052791463319146600","2h","","https://pbs.twimg.com/tweet_video_thumb/HHz69DpXYAMCFxQ.jpg","","xl","Sweet got a wave xlr pro and a streamdeck +","1","https://x.com/Itz_Radio/status/2052791463319146600/analytics","19","on my list :)","","","","","","","GIF","@elgato","","","","Replying to","https://x.com/elgato"
"https://x.com/XlXlmi99506","https://pbs.twimg.com/profile_images/1819429963965067264/Ab843dI7_normal.jpg","xlmi XL","@XlXlmi99506","https://x.com/XlXlmi99506/status/2052809693115175127","1h","","https://pbs.twimg.com/card_img/2052809701008814080/5SFNMUMM?format=jpg&name=240x240","","youtube.com","Johnny Lee- ""Lookin' For Love"" 1980 [Reelin' In The Years Archive]","1","https://x.com/XlXlmi99506/status/2052809693115175127/analytics","12","via","","","","Johnny Lee- ""Lookin' For Love"" 1980 [Reelin' In The Years Archive]","","","","","","","","",""
"https://x.com/Mrgunsngear","https://pbs.twimg.com/profile_images/1683996018415640577/By7X8W2n_normal.jpg","Mrgunsngear","@Mrgunsngear","https://x.com/Mrgunsngear/status/2052796671126344002","2h","","","","XL","FN 17+1 optics ready 509 CC Edge","5","https://x.com/Mrgunsngear/status/2052796671126344002/analytics","3.1K","with CHF gold TiN comp'd barrel, optics height sights, flat-ish trigger, & ambi controls for $749 currently here:","https://abs.twimg.com/emoji/v2/svg/1f985.svg","","6","","Cheapest I can recall seeing it","","","","56","https://pbs.twimg.com/media/HHz_bJbW0AIHedC?format=jpg&name=small","https://x.com/Mrgunsngear/status/2052796671126344002/photo/1","",""
"https://x.com/5th_legacy","https://pbs.twimg.com/profile_images/1799472823217307648/FYH1h6tE_normal.jpg","Syd the best","@5th_legacy","https://x.com/5th_legacy/status/2052794585185755138","2h","https://x.com/5th_legacy/status/2052794585185755138/photo/1","https://pbs.twimg.com/media/HHz9vaHXsAI90K5?format=jpg&name=360x360","","XL","AUTHENTIC M•` CAMOUFLAGE ZIPPER HOODIE IN DIGITAL CAMO PATTERN.
SIZES M,L,","1","https://x.com/5th_legacy/status/2052794585185755138/analytics","45","oversize fit)
₦65,000 each.","","","1","","","","","Quote","","https://pbs.twimg.com/media/HHz9v4YXYAQliDb?format=jpg&name=360x360","https://x.com/5th_legacy/status/2052794585185755138/photo/2","2h",""
"https://x.com/Itz_Radio","https://pbs.twimg.com/profile_images/1864411195576303616/AamQOYjR_normal.jpg","ItzRadio","@Itz_Radio","https://x.com/Itz_Radio/status/2052791463319146600","2h","","","","xl","Sweet got a wave xlr pro and a streamdeck +","1","https://x.com/Itz_Radio/status/2052791463319146600/analytics","19","on my list :)","","","","","","","GIF","@elgato","","","","Replying to","https://x.com/elgato"
"https://x.com/robinswago","https://pbs.twimg.com/profile_images/2043291698600583168/FxvXNTiV_normal.jpg","𝕽𝖔𝖇𝖎𝖓","@robinswago","https://x.com/robinswago/status/2052743440002060658","6h","https://x.com/robinswago/status/2052743440002060658/photo/1","https://pbs.twimg.com/media/HHzPOZ6WEAIy5PK?format=jpg&name=360x360","","XL","Real Madrid Polo Available (comes with badge on the arm)","2","https://x.com/robinswago/status/2052743440002060658/analytics","111","SIZES: L,","https://abs.twimg.com/emoji/v2/svg/1f516.svg","https://abs.twimg.com/emoji/v2/svg/1f3f7.svg","6","",", XXL","","","","","https://pbs.twimg.com/media/HHzPOaHW0AMM23d?format=jpg&name=360x360","https://x.com/robinswago/status/2052743440002060658/photo/2","",""
"https://x.com/yeposoise","https://pbs.twimg.com/profile_images/1837257885426012164/0wKGWUSc_normal.jpg","yeposoise ꒰ พรีเกาหลี ꒱","@yeposoise","https://x.com/yeposoise/status/2052785970177790315","3h","https://x.com/yeposoise/status/2052785970177790315/photo/1","https://pbs.twimg.com/media/HHz19OxagAAhluQ?format=jpg&name=360x360","","XL","pre","2","https://x.com/yeposoise/status/2052785970177790315/analytics","299","— stussy tee kr เว็บปรับราคาขึ้น","https://abs.twimg.com/emoji/v2/svg/1f1f0-1f1f7.svg","https://abs.twimg.com/emoji/v2/svg/1f5a4.svg","3","","(ราคารีเซล 5XXx) 

☆ 2,090 บาท","#พรีออเดอร์เกาหลี","#กดเว็บเกาหลี","","#เสื้อstussy","https://pbs.twimg.com/media/HHz19O-bEAAgYbi?format=jpg&name=360x360","https://x.com/yeposoise/status/2052785970177790315/photo/2","","https://x.com/hashtag/%E0%B9%80%E0%B8%AA%E0%B8%B7%E0%B9%89%E0%B8%ADstussy?src=hashtag_click"
"https://x.com/ellnore_pad_267","https://pbs.twimg.com/profile_images/1700736891589648384/wWC7V1yp_normal.jpg","xL(おおきなえる)","@ellnore_pad_267","https://x.com/ellnore_pad_267/status/2052764251987857786","4h","","","","Translated from Japanese","Yoko-ni ki somehow came up with a dartboard target meme and I cracked up lol.","1","https://x.com/ellnore_pad_267/status/2052764251987857786/analytics","115","","","","2","Show original","","","","","","","","",""
"https://x.com/TheOffersCo","https://pbs.twimg.com/profile_images/1655231037981741060/LE-Tgtsw_normal.jpg","The Offers Co","@TheOffersCo","https://x.com/TheOffersCo/status/2052788490492846418","3h","","","","XL","Samsung HW-B650F/","1","https://x.com/TheOffersCo/status/2052788490492846418/analytics","155","Soundbar @ Rs.11,840*","","","","","Lowest Price of the sale!!","","","","","","","",""
"https://x.com/ashtrayhrtt","https://pbs.twimg.com/profile_images/1923786578050060288/6cTPLpRp_normal.jpg","ashtray heart #НетВойне ₊˚ෆ⊹₊","@ashtrayhrtt","https://x.com/ashtrayhrtt/status/2052829921412583800","26m","","","","Translated from Russian","And what about shirts? The clothing industry thinks that people with chests have small ones, and on size M and on size XL

I can't wear shirts because 99% of shirts on my chest WON'T BUTTON UP…….","1","https://x.com/ashtrayhrtt/status/2052829921412583800/analytics","63","","","","1","Show original","","","","@ashtrayhrtt","1","","","Replying to","https://x.com/ashtrayhrtt"
"https://x.com/TrendScalezz","https://pbs.twimg.com/profile_images/2016570328818831360/Zb7Zi7D7_normal.jpg","Trend Scalez","@TrendScalezz","https://x.com/TrendScalezz/status/2052785274699018416","3h","","","","XL","Good Morning","1","https://x.com/TrendScalezz/status/2052785274699018416/analytics","7",". Let’s stack these WINS","https://abs.twimg.com/emoji/v2/svg/2705.svg","","","","","","","@XLmeta_x","","","","Replying to","https://x.com/XLmeta_x"
"https://x.com/Iuvjhao005","https://pbs.twimg.com/profile_images/2001254221199630336/USKxjvlA_normal.jpg","earl ⛦∴｡LOVE ARNO","@Iuvjhao005","https://x.com/Iuvjhao005/status/2052763236265816431","4h","https://x.com/Iuvjhao005/status/2052763236265816431/photo/1","https://pbs.twimg.com/media/HHzhQhYbAAA2pZm?format=jpg&name=360x360","","xl","Wts lfb ald1 euphoria starriver 3.0 ot8 set 
(No gw) B2

₱280 each (all-in)

• feta after shipout
• 50% dp, rb after 2 weeks
• reply / dm member to claim

Leowonhao 1:1 must take junseo,","3","https://x.com/Iuvjhao005/status/2052763236265816431/analytics","909","or sh","https://abs.twimg.com/emoji/v2/svg/1f3f7.svg","","2","","ald1 leo junseo arno geonwoo sangwon xinlong anxin sanghyeon","","","","1","https://pbs.twimg.com/media/HHzhQhfawAAuiNb?format=jpg&name=360x360","https://x.com/Iuvjhao005/status/2052763236265816431/photo/2","",""
"https://x.com/LuisMartingt","https://pbs.twimg.com/profile_images/1706342707038220289/KUaxcIpy_normal.jpg","Luis Martín","@LuisMartingt","https://x.com/LuisMartingt/status/2052824091476820017","50m","","https://pbs.twimg.com/tweet_video_thumb/HH0YoI5WEAUkxnd.jpg","and","L","...X","1","https://x.com/LuisMartingt/status/2052824091476820017/analytics","7","o XXL...","https://abs.twimg.com/emoji/v2/svg/1f601.svg","https://abs.twimg.com/emoji/v2/svg/1f618.svg","1","","(según el fabricante)","","GIF","@crazyredhair1","","","","Replying to","https://x.com/crazyredhair1"
"https://x.com/TatoGmz_","https://pbs.twimg.com/profile_images/1799903881092022272/5TnLGnAP_normal.jpg","Tato G","@TatoGmz_","https://x.com/TatoGmz_/status/2052797895984734531","2h","","","and","Translated from Spanish","Banger? A massive XL-sized Caribbean turd. A piece of crap. A disaster. A disgrace.","1","https://x.com/TatoGmz_/status/2052797895984734531/analytics","10","","","","","Show original","@burnaboy","","","@shakira","","","","Replying to","https://x.com/shakira"
"https://x.com/ellnore_pad_267","https://pbs.twimg.com/profile_images/1700736891589648384/wWC7V1yp_normal.jpg","xL(おおきなえる)","@ellnore_pad_267","https://x.com/ellnore_pad_267/status/2052794371339358416","2h","","","Translated from Japanese","Translated from Japanese","Personally, I seriously want to use window functions and CTEs like breathing.","1","https://x.com/ellnore_pad_267/status/2052794371339358416/analytics","112","","","","1","Show original","","","","Quote","","","","May 7",""
"https://x.com/DIAMONDDGREAT","https://pbs.twimg.com/profile_images/2008449987923861506/5kVUgymU_normal.jpg","D’GREAT JERSEYS HUB","@DIAMONDDGREAT","https://x.com/DIAMONDDGREAT/status/2052815975729250588","1h","https://x.com/DIAMONDDGREAT/status/2052815975729250588/photo/1","https://pbs.twimg.com/media/HH0RO5PWAAIlW57?format=jpg&name=360x360","","XL","REAL MADRID POLO NOW AVAILABLE 

L,","16","https://x.com/DIAMONDDGREAT/status/2052815975729250588/analytics","585",", XXL, 3Xl","https://abs.twimg.com/emoji/v2/svg/1f3f7.svg","https://abs.twimg.com/emoji/v2/svg/1f6d2.svg","19","","N20,000

Kindly repost","","","","","https://pbs.twimg.com/media/HH0RO5RWMAMMTDv?format=jpg&name=360x360","https://x.com/DIAMONDDGREAT/status/2052815975729250588/photo/2","",""
"https://x.com/LuisMartingt","https://pbs.twimg.com/profile_images/1706342707038220289/KUaxcIpy_normal.jpg","Luis Martín","@LuisMartingt","https://x.com/LuisMartingt/status/2052824091476820017","50m","","","and","L","...X","1","https://x.com/LuisMartingt/status/2052824091476820017/analytics","7","o XXL...","https://abs.twimg.com/emoji/v2/svg/1f601.svg","https://abs.twimg.com/emoji/v2/svg/1f618.svg","1","","(según el fabricante)","","GIF","@crazyredhair1","","","","Replying to","https://x.com/crazyredhair1"
"https://x.com/myXL","https://pbs.twimg.com/profile_images/2039270427072331776/V4-gWypX_normal.jpg","XL","@myXL","https://x.com/myXL/status/2051864516213014674","May 6","","","","XL","Pelan gapapa, yang penting konsisten.
Karena progress butuh konsistensi yang selalu stabil.
Kayak koneksi","18","https://x.com/myXL/status/2051864516213014674/analytics","1.3K","ULTRA 5G+ yang selalu stabil menemani konsistensimu!","","","5","","","","","","24","https://pbs.twimg.com/media/HHmvyauaQAA5NmS?format=jpg&name=small","https://x.com/myXL/status/2051864516213014674/photo/1","",""
"https://x.com/ellnore_pad_267","https://pbs.twimg.com/profile_images/1700736891589648384/wWC7V1yp_normal.jpg","xL(おおきなえる)","@ellnore_pad_267","https://x.com/ellnore_pad_267/status/2052787813704454321","3h","","","","","新宿いきてぇ

カフェに。","2","https://x.com/ellnore_pad_267/status/2052787813704454321/analytics","56","","","","","","","","","","","","","",""
"https://x.com/logicfgs","https://pbs.twimg.com/profile_images/1535236437188218881/-pTDCdnp_normal.jpg","xL","@logicfgs","https://x.com/logicfgs/status/2052796172411007051","2h","","","","","I love Fuji","1","https://x.com/logicfgs/status/2052796172411007051/analytics","480","","","","","","","","","@dauraqmarkaveli","","","","Replying to","https://x.com/dauraqmarkaveli"
"https://x.com/clx_xl33","https://pbs.twimg.com/profile_images/2026583513844301824/9VFCOB1e_normal.jpg","ネル(ネリエル・レリエル)【VILLAINS HOUSE】","@clx_xl33","https://x.com/clx_xl33/status/2052739804274827736","6h","","","","Translated from Japanese","Falling in love—keep it secret for now, ethics—","6","https://x.com/clx_xl33/status/2052739804274827736/analytics","1.6K","","","","22","Show original","","","","","102","https://pbs.twimg.com/media/HHzL8f6aoAAf7_f?format=jpg&name=small","https://x.com/clx_xl33/status/2052739804274827736/photo/1","",""
"https://x.com/JoCo834443","https://pbs.twimg.com/profile_images/2038765603100704768/WgLBQitN_normal.jpg","jo","@JoCo834443","https://x.com/JoCo834443/status/2052822746044760413","55m","","","","XL","This will push","1","https://x.com/JoCo834443/status/2052822746044760413/analytics","10","to the max I believe","","","1","","","","","@MadCattah","","","","Replying to","https://x.com/MadCattah"
"https://x.com/MTrax68794","https://pbs.twimg.com/profile_images/1912150161477738496/l649P2Rc_normal.jpg","M4TRAX XL","@MTrax68794","https://x.com/MTrax68794/status/2052786253754491126","3h","","","","Translated from Turkish","Hello, is there any horny person right now who wants to suck my tool and feel it inside? Those with a place get priority","2","https://x.com/MTrax68794/status/2052786253754491126/analytics","242","#azgınbayan","","","","Show original","","#bursasex","#bursa","","#bursagay","","","","https://x.com/hashtag/bursagay?src=hashtag_click"
"https://x.com/yngjnln1916478","https://pbs.twimg.com/profile_images/1877760391092285440/pjxo44P1_normal.jpg","XL","@yngjnln1916478","https://x.com/yngjnln1916478/status/2052787846055121240","3h","","","","","从小打到大","1","https://x.com/yngjnln1916478/status/2052787846055121240/analytics","6","","","","","","","","","@YukiKunya","","","","Replying to","https://x.com/YukiKunya"
"https://x.com/adamkeys_","https://pbs.twimg.com/profile_images/2020465129221976064/ybi_cc6s_normal.jpg","Adam Keys","@adamkeys_","https://x.com/adamkeys_/status/2052678124307906646","10h","","","","Xl","Arsenal have kept nine clean clean sheets in 14 games, and conceded just six goals in 16 games, yet they want us to believe that none of our players get into a combined","6","https://x.com/adamkeys_/status/2052678124307906646/analytics","1.7K",".","","","102","","","","","@footyinsider247","","","","Replying to","https://x.com/footyinsider247"
"https://x.com/Ifybekee_wears","https://pbs.twimg.com/profile_images/1973550303933788160/bucjQfa8_normal.jpg","Ifybekee","@Ifybekee_wears","https://x.com/Ifybekee_wears/status/2052783758231626008","3h","https://x.com/Ifybekee_wears/status/2052783758231626008/photo/1","https://pbs.twimg.com/media/HHzz7wVW0AMCbni?format=jpg&name=small","","XL","350 Gram  
Quality Plain T Shirt
Size: S , M , L ,","6","https://x.com/Ifybekee_wears/status/2052783758231626008/analytics","122",", XXL
Price: 20,000
Location Lagos
Delivery Nationwide","https://abs.twimg.com/emoji/v2/svg/26ab.svg","https://abs.twimg.com/emoji/v2/svg/1f1f3-1f1ec.svg","4","","","","","Quote","","https://pbs.twimg.com/media/HHzz7zgWEAMrZyW?format=jpg&name=360x360","https://x.com/Ifybekee_wears/status/2052783758231626008/photo/2","15h",""
"https://x.com/prismdraw28","https://pbs.twimg.com/profile_images/2041417994363138048/GxdFmLHk_normal.jpg","板橋区星景天文台","@prismdraw28","https://x.com/prismdraw28/status/2052785630414057561","3h","https://t.co/A8hexZxC2w","https://pbs.twimg.com/card_img/2052785760642678785/5oXI0ycG?format=jpg&name=small","【新品・タグ付】人気★リンガーネック Tシャツパンサー センターロゴ 希少XL by メルカリ","Translated from Japanese","Lingarneck T XL, huh. I like vintage stuff, but I don't need it right now.

[Brand New・With Tags] Popular★Lingarneck T-Shirt Panther Center Logo Rare XL","1","https://x.com/prismdraw28/status/2052785630414057561/analytics","6","","","","1","Show original","","","","","","","","",""
"https://x.com/dealztrendz","https://pbs.twimg.com/profile_images/1421347808527863810/YKnv6CPS_normal.jpg","DealzTrendz","@dealztrendz","https://x.com/dealztrendz/status/2052786264538317142","3h","","","fkrt.cc/h7C2OK7","XL","Sale Price Live - Premium Huggies Baby Diapers Extra 8% Off

Get at Flat ₹549:

S (86 Pieces) :","5","https://x.com/dealztrendz/status/2052786264538317142/analytics","6.2K","M (76 Pieces) :","","","fkrt.cc/h1s34QK","https://","L (64 Pieces) :","fkrt.cc/hHuNgjX","Show more","","","https://pbs.twimg.com/media/HHz2OZTaIAAb-up?format=jpg&name=small","https://x.com/dealztrendz/status/2052786264538317142/photo/1","",""
"https://x.com/POPEE_official","https://pbs.twimg.com/profile_images/1851145120382664705/TlIH0ITe_normal.jpg","POPEE the ぱフォーマー［公式］","@POPEE_official","https://x.com/POPEE_official/status/2052615552590614847","14h","","","Translated from Japanese","Translated from Japanese","[Event Exclusive Item]","1","https://x.com/POPEE_official/status/2052615552590614847/analytics","49K","Poppy the Performer FIRE RING T-Shirt  
(Sizes: S, M, L, XL) is here!","https://abs.twimg.com/emoji/v2/svg/1f438.svg","https://abs.twimg.com/emoji/v2/svg/1f525.svg","81","Show original","…","tobu-dept.jp/sp/ikebukuro/e","","Quote","589","https://pbs.twimg.com/media/HHxa91KaEAAzmbf?format=jpg&name=small","https://x.com/POPEE_official/status/2052615552590614847/photo/1","14h",""
"https://x.com/SwishTales","https://pbs.twimg.com/profile_images/2034636839676526593/hxLo7qX2_normal.jpg","Fuck ICE","@SwishTales","https://x.com/SwishTales/status/2052782762415751567","3h","","","","XL","Anyone know if altering a basketball jersey is difficult","1","https://x.com/SwishTales/status/2052782762415751567/analytics","2.5K","Had to order an","https://abs.twimg.com/emoji/v2/svg/1fae0.svg","","19","",".","","","","","","","",""
"https://x.com/Mondinhodiallo","https://pbs.twimg.com/profile_images/1869364723617087488/EOd56XMe_normal.jpg","Mondinho Diallo","@Mondinhodiallo","https://x.com/Mondinhodiallo/status/2052658586937942260","11h","https://x.com/Mondinhodiallo/status/2052658586937942260/photo/1","https://pbs.twimg.com/media/HHyCEToWgAcXSK9?format=jpg&name=360x360","and 9 others","XL","New Jersey Home & Away","6","https://x.com/Mondinhodiallo/status/2052658586937942260/analytics","427","Size: S M L","https://abs.twimg.com/emoji/v2/svg/2728.svg","","21","","2XL 
Price: 25,000/=
Delivery Yes I Do 
Location Kariakoo Mtaa Congo Jengo La Raha Restaurant 
Call & Dm +255626560477.","","","","22","https://pbs.twimg.com/media/HHyCEgaXkAIGmWp?format=jpg&name=360x360","https://x.com/Mondinhodiallo/status/2052658586937942260/photo/2","",""
"https://x.com/POPEE_official","https://pbs.twimg.com/profile_images/1851145120382664705/TlIH0ITe_normal.jpg","POPEE the ぱフォーマー［公式］","@POPEE_official","https://x.com/POPEE_official/status/2052615552590614847","14h","","","Translated from Japanese","Translated from Japanese","[Event Exclusive Item]","1","https://x.com/POPEE_official/status/2052615552590614847/analytics","49K","Poppy the Performer FIRE RING T-Shirt  
(Sizes: S, M, L, XL) is here!","https://abs.twimg.com/emoji/v2/svg/1f438.svg","https://abs.twimg.com/emoji/v2/svg/1f525.svg","82","Show original","…","tobu-dept.jp/sp/ikebukuro/e","","Quote","589","https://pbs.twimg.com/media/HHxa91KaEAAzmbf?format=jpg&name=small","https://x.com/POPEE_official/status/2052615552590614847/photo/1","14h",""
"https://x.com/andyflyfisher","https://pbs.twimg.com/profile_images/1322917711123460104/O1h-nqXk_normal.jpg","Andy Miller (Andyflyfisher)","@andyflyfisher","https://x.com/andyflyfisher/status/2052810201112195171","1h","","","","XL","Robert the Robot, Doctor Venus and Steve Zodiac, Fireball","1","https://x.com/andyflyfisher/status/2052810201112195171/analytics","13","5","","","2","","","","","@friedalive","","","","Replying to","https://x.com/friedalive"
"https://x.com/thejurgenholic","https://pbs.twimg.com/profile_images/1979261665179770881/71vrI8Le_normal.jpg","Jürgenholic Indonesia","@thejurgenholic","https://x.com/thejurgenholic/status/2052691879930806536","9h","","","","XL","______ ______ ______ ______ ______ ______
    ←","128","https://x.com/thejurgenholic/status/2052691879930806536/analytics","97K","Tchouaméni (","https://abs.twimg.com/emoji/v2/svg/26aa.svg","","400","",")               ⠇                         
      
        ¹ ᵐⁱⁿᵘᵗᵉ ᵃᵍᵒ","","","","1.8K","https://pbs.twimg.com/ext_tw_video_thumb/2052691835966124032/pu/img/b45vH5nKlJ_3ZH8R.jpg","","",""
"https://x.com/NEWH0RIZ0NFEST","https://pbs.twimg.com/profile_images/1905953923510530049/szC2OnTm_normal.jpg","NEW HORIZON FEST","@NEWH0RIZ0NFEST","https://x.com/NEWH0RIZ0NFEST/status/2052674951468192230","10h","","","deviluse","Translated from Japanese","Special Collaboration","29","https://x.com/NEWH0RIZ0NFEST/status/2052674951468192230/analytics","20K","【 NEW HORIZON TOUR 2026 × Deviluse 】

The official merchandise for NEW HORIZON TOUR 2026 is a collaboration product with","https://abs.twimg.com/emoji/v2/svg/2764-fe0f-200d-1f525.svg","https://abs.twimg.com/emoji/v2/svg/2764-fe0f-200d-1f525.svg","115","Show original","","","Show more","","","https://pbs.twimg.com/media/HHyQ_JmawAAQ9P_?format=jpg&name=small","https://x.com/NEWH0RIZ0NFEST/status/2052674951468192230/photo/1","",""
"https://x.com/thejurgenholic","https://pbs.twimg.com/profile_images/1979261665179770881/71vrI8Le_normal.jpg","Jürgenholic Indonesia","@thejurgenholic","https://x.com/thejurgenholic/status/2052691879930806536","9h","","","","XL","______ ______ ______ ______ ______ ______
    ←","128","https://x.com/thejurgenholic/status/2052691879930806536/analytics","97K","Tchouaméni (","https://abs.twimg.com/emoji/v2/svg/26aa.svg","","400","",")               ⠇                         
      
        ¹ ᵐⁱⁿᵘᵗᵉ ᵃᵍᵒ","","","0:11","1.8K","","","",""
"https://x.com/coach_dk19","https://pbs.twimg.com/profile_images/1852276484779692032/j8GyFdIX_normal.jpg","ᴅᴋ","@coach_dk19","https://x.com/coach_dk19/status/2052664521391747539","11h","","","","XL","1) I purchased a Symphony Jumbo 95","16","https://x.com/coach_dk19/status/2052664521391747539/analytics","634","Air Cooler from","","","2","","on 03-05-2026.

The product was delivered on 04-05-2026.

The moment I checked the cooler, I noticed multiple defects in the product itself.","","","@coach_dk19","6","https://pbs.twimg.com/media/HHyHgOkbsAAPtU2?format=jpg&name=small","https://x.com/coach_dk19/status/2052664521391747539/photo/1","Replying to","https://x.com/coach_dk19"
"https://x.com/heysayreviver","https://pbs.twimg.com/profile_images/2009291441366028291/eHhlDBca_normal.jpg","Hey!Say!♡Reviver","@heysayreviver","https://x.com/heysayreviver/status/2052592325243605077","16h","","","《Limited","Translated from Japanese","【","22","https://x.com/heysayreviver/status/2052592325243605077/analytics","4.8K","Official","https://abs.twimg.com/emoji/v2/svg/1f6fc.svg","https://abs.twimg.com/emoji/v2/svg/1f455.svg","46","Show original","T-Shirt Release Confirmed","","Show more","","","https://pbs.twimg.com/media/HHxFgl2bEAAw9uh?format=jpg&name=small","https://x.com/heysayreviver/status/2052592325243605077/photo/1","",""
"https://x.com/thejurgenholic","https://pbs.twimg.com/profile_images/1979261665179770881/71vrI8Le_normal.jpg","Jürgenholic Indonesia","@thejurgenholic","https://x.com/thejurgenholic/status/2052691879930806536","9h","","","","XL","______ ______ ______ ______ ______ ______
    ←","128","https://x.com/thejurgenholic/status/2052691879930806536/analytics","97K","Tchouaméni (","https://abs.twimg.com/emoji/v2/svg/26aa.svg","","400","",")               ⠇                         
      
        ¹ ᵐⁱⁿᵘᵗᵉ ᵃᵍᵒ","","","0:04 / 0:13","1.8K","","","",""
"https://x.com/XL_Prioritas","https://pbs.twimg.com/profile_images/2037113597160300544/71r3c-ac_normal.jpg","XL PRIORITAS","@XL_Prioritas","https://x.com/XL_Prioritas/status/2052717612636000482","7h","https://x.com/XL_Prioritas/status/2050129162128752769/photo/2","https://pbs.twimg.com/media/HHOFmx3bMAAiDyH?format=jpg&name=360x360","@adevavade","XL","Selamat kepada pemenang giveaway","3","https://x.com/XL_Prioritas/status/2052717612636000482/analytics","444","PRIORITAS periode 1-7 Mei 2026

1)","","","2","@kuspinasti1977","2)","","@Qrisnaaa","Quote","10","https://pbs.twimg.com/media/HHOFmx7a8AAaC6S?format=jpg&name=360x360","https://x.com/XL_Prioritas/status/2050129162128752769/photo/1","May 1",""
"https://x.com/kagamino_museum","https://pbs.twimg.com/profile_images/1931519590988931073/SL-E7LU8_normal.jpg","かがみの近代美術館","@kagamino_museum","https://x.com/kagamino_museum/status/2052702281041358982","8h","","","","XL","奥津かがみちゃんグッズ在庫情報です。

【5／8かがみちゃんグッズ在庫】
・アクリルキーホルダー　53個（限定100・追加なし）
・フルグラTシャツ　13着（","8","https://x.com/kagamino_museum/status/2052702281041358982/analytics","621","のみ・限定100・追加なし）","","","26","","","#奥津温泉","#鏡野町","","#岡山県","","","","https://x.com/hashtag/%E5%B2%A1%E5%B1%B1%E7%9C%8C?src=hashtag_click"
"https://x.com/assist_wig","https://pbs.twimg.com/profile_images/2037906715233181697/nn7dcfRO_normal.png","アシスト コスプレ用品専門店","@assist_wig","https://x.com/assist_wig/status/2052657252620976559","11h","https://x.com/assist_wig/status/2052657252620976559/photo/1","https://pbs.twimg.com/media/HHw7sA3aYAANix1?format=jpg&name=360x360","Some items have limited stock","Translated from Japanese","Discontinued SALE","6","https://x.com/assist_wig/status/2052657252620976559/analytics","13K","『Secret Platform Boots
　　Tank Sole ver.","https://abs.twimg.com/emoji/v2/svg/1f62d.svg","https://abs.twimg.com/emoji/v2/svg/1f62d.svg","59","Show original","White","","","","","https://pbs.twimg.com/media/HHw7sq8agAAZZUW?format=jpg&name=360x360","https://x.com/assist_wig/status/2052657252620976559/photo/2","",""
"https://x.com/discord","https://pbs.twimg.com/profile_images/2052128308754866176/4_YWX7wV_normal.png","Discord","@discord","https://x.com/discord/status/806899530377662464","Dec 8, 2016","","","","XL","I'll take","1","https://x.com/discord/status/806899530377662464/analytics","","fries and a McChicken, spicy if you have it.","","","","","","","","","","","","",""
"https://x.com/Lafunky_baby","https://pbs.twimg.com/profile_images/1712014775079596032/swGQK_R9_normal.jpg","Adefunke","@Lafunky_baby","https://x.com/Lafunky_baby/status/2052630536871420001","13h","https://x.com/Lafunky_baby/status/2052630536871420001/photo/1","https://pbs.twimg.com/media/HHxoi8KXgAAxd9-?format=jpg&name=360x360","","Xl","Luxury  2 piece","1","https://x.com/Lafunky_baby/status/2052630536871420001/analytics","385","Size: Free size to fit S M L","https://abs.twimg.com/emoji/v2/svg/1f49b.svg","https://abs.twimg.com/emoji/v2/svg/1f351.svg","15","","XXL 

Price; 38,000

Top notch quality","","","Quote","12","https://pbs.twimg.com/media/HHxoi8LWgAEBIrw?format=jpg&name=360x360","https://x.com/Lafunky_baby/status/2052630536871420001/photo/2","13h",""
"https://x.com/ReddyBunnyFan","https://pbs.twimg.com/profile_images/2049160119091634176/Rede-Aa3_normal.jpg","Vamsi","@ReddyBunnyFan","https://x.com/ReddyBunnyFan/status/2052782219060744669","3h","","","","XL","Giveaway","1","https://x.com/ReddyBunnyFan/status/2052782219060744669/analytics","238","","https://abs.twimg.com/emoji/v2/svg/1f923.svg","https://abs.twimg.com/emoji/v2/svg/1f923.svg","10","","matram highlight...","","","","","https://pbs.twimg.com/ext_tw_video_thumb/2052782095676944384/pu/img/Ca2KJQ-tFDklMQ7y.jpg","","",""
"https://x.com/XL_Prioritas","https://pbs.twimg.com/profile_images/2037113597160300544/71r3c-ac_normal.jpg","XL PRIORITAS","@XL_Prioritas","https://x.com/XL_Prioritas/status/2051981511755505779","May 6","","","","XL","Lebih banyak series yang bisa di-streaming bebas hambatan. 

Mulai Rp200.000,- per bulan dengan kuota unlimited koneksi","12","https://x.com/XL_Prioritas/status/2051981511755505779/analytics","405","PRIORITAS Ultra 5G+ hingga 500 Mbps. Dapatkan ekstra kuota roaming ke lebih 75 negara. 

Ambil penawaranmu di sini","","","2","","","#XLPRIORITAS","","","20","https://pbs.twimg.com/media/HHoaTrMbYAEgRK9?format=jpg&name=small","https://x.com/XL_Prioritas/status/2051981511755505779/photo/1","",""
"https://x.com/KevtechPro","https://pbs.twimg.com/profile_images/2049544080766771201/kMf35d02_normal.jpg","Kevtech Poirot","@KevtechPro","https://x.com/KevtechPro/status/2052835767177630072","4m","","","and","XL","Pata","1","https://x.com/KevtechPro/status/2052835767177630072/analytics","18","","","","","","","","","@JeffarVlogs","","","","Replying to","https://x.com/JeffarVlogs"
"https://x.com/logicfgs","https://pbs.twimg.com/profile_images/1535236437188218881/-pTDCdnp_normal.jpg","xL","@logicfgs","https://x.com/logicfgs/status/2052790621551603890","3h","","","and","","This Wahala wey I Dey even pass this one , make Una pause","3","https://x.com/logicfgs/status/2052790621551603890/analytics","796","","","","","","","","","@gnf_ogo","","","","Replying to","https://x.com/gnf_ogo"
"https://x.com/supafemcees","https://pbs.twimg.com/profile_images/2047060135403556864/YfMXzFiz_normal.jpg","xl tchotchke milkshake plz","@supafemcees","https://x.com/supafemcees/status/2052822390686507408","57m","","","","","JILL HEATHER SCOTT????","1","https://x.com/supafemcees/status/2052822390686507408/analytics","26","","","","1","","","","","@gooddaymp3","","","","Replying to","https://x.com/gooddaymp3"
"https://x.com/ReddyBunnyFan","https://pbs.twimg.com/profile_images/2049160119091634176/Rede-Aa3_normal.jpg","Vamsi","@ReddyBunnyFan","https://x.com/ReddyBunnyFan/status/2052782219060744669","3h","","","","XL","Giveaway","1","https://x.com/ReddyBunnyFan/status/2052782219060744669/analytics","238","","https://abs.twimg.com/emoji/v2/svg/1f923.svg","https://abs.twimg.com/emoji/v2/svg/1f923.svg","10","","matram highlight...","","","0:02 / 1:56","","","","",""
"https://x.com/beatrice000","https://pbs.twimg.com/profile_images/2005288425310580736/MK8FLY-P_normal.jpg","Sezen","@beatrice000","https://x.com/beatrice000/status/2052768491938177451","4h","","","Translated from Turkish","Translated from Turkish","Some Turkish songs that hold a place in my life:
Mor ve Ötesi-Re
MFÖ-Güllerin İçinden
Bülent Ortaçgil-Kimseye Anlatmadım
Nilüfer-Ara Sıra 
Ajda Pekkan-Sana Doğru 
Replikas-Seyyah
Sezen Aksu-Kutlama
Nil Karaibrahimgil-XL
Teoman-Gemiler
Pinhani-Hele bi gel 
3 Hürel-Bir sevmek bin","6","https://x.com/beatrice000/status/2052768491938177451/analytics","4.4K","","","","9","Show original","","","Show more","Quote","34","","","4h",""
"https://x.com/Steam","https://pbs.twimg.com/profile_images/1702008325112741888/G6YzrWya_normal.jpg","Steam","@Steam","https://x.com/Steam/status/1321153438454030337","Oct 28, 2020","https://t.co/r6i0IOxkdL","https://pbs.twimg.com/card_img/2052121117192859649/tQtpFsyk?format=jpg&name=small","Skater XL - The Ultimate Skateboarding Game on Steam","XL","MIDWEEK MADNESS","10","https://x.com/Steam/status/1321153438454030337/analytics","","Save 20% on Skater","https://abs.twimg.com/emoji/v2/svg/1f539.svg","https://abs.twimg.com/emoji/v2/svg/1f539.svg","10","","","#SteamDeals","","","196","","","",""
"https://x.com/EllyKyeune10315","https://pbs.twimg.com/profile_images/2034768642739445760/Hz6qsTJN_normal.jpg","Elly collection","@EllyKyeune10315","https://x.com/EllyKyeune10315/status/2052645471814885722","12h","https://x.com/EllyKyeune10315/status/2052645471814885722/photo/1","https://pbs.twimg.com/media/HHx2K2KXYAU8ZLT?format=jpg&name=360x360","and 5 others","XL","Good morning beautiful People","10","https://x.com/EllyKyeune10315/status/2052645471814885722/analytics","1.1K","Tshirts available 
   Sizes from M L","https://abs.twimg.com/emoji/v2/svg/1fae1.svg","https://abs.twimg.com/emoji/v2/svg/1f4e6.svg","28","","XXL ,
 
   WhatsApp 0755124926
     In box","","","","32","https://pbs.twimg.com/media/HHx2K2GXoAMZP6n?format=jpg&name=360x360","https://x.com/EllyKyeune10315/status/2052645471814885722/photo/2","",""
"https://x.com/Gadgets_Bobo","https://pbs.twimg.com/profile_images/2008925260872069120/2ZtU7Jsc_normal.jpg","ALH GADGETS BOBO","@Gadgets_Bobo","https://x.com/Gadgets_Bobo/status/2052620933362245732","14h","","","","XL","Google Pixel 10 Pro","1","https://x.com/Gadgets_Bobo/status/2052620933362245732/analytics","428","256GB 
eSIM 

₦1,050,000","https://abs.twimg.com/emoji/v2/svg/1f1fa-1f1f8.svg","","30","","","","","Quote","29","https://pbs.twimg.com/media/HHxf2pZXsAEu6y4?format=jpg&name=small","https://x.com/Gadgets_Bobo/status/2052620933362245732/photo/1","14h",""
"https://x.com/Rebellious_new","https://pbs.twimg.com/profile_images/2052694051615555585/yE9yZbzG_normal.jpg","Re:bellious","@Rebellious_new","https://x.com/Rebellious_new/status/2052697519642247273","9h","","","","Translated from Japanese","✦","1","https://x.com/Rebellious_new/status/2052697519642247273/analytics","12K","Announcement ✦

June 2 (Tue)
『 Re:bellious Relaunch Live
                    -Rebellion Restart-』

@ NAGOYA ReNY limited","https://abs.twimg.com/emoji/v2/svg/1f3a4.svg","https://abs.twimg.com/emoji/v2/svg/1f4f8.svg","43","Show original","20:00~20:30","#Rebellion","Show more","","77","https://pbs.twimg.com/media/HHvenOaaEAA7gyz?format=jpg&name=small","https://x.com/Rebellious_new/status/2052697519642247273/photo/1","",""
"https://x.com/ModelArtInc","https://pbs.twimg.com/profile_images/2046428553840132096/jTX834p4_normal.jpg","MODEL ART","@ModelArtInc","https://x.com/ModelArtInc/status/2052723721673253117","7h","https://x.com/ModelArtInc/status/2052723721673253117/photo/1","https://pbs.twimg.com/media/HHy9V1WaYAAbjSY?format=jpg&name=small","","Translated from Japanese","・Macloud Products  
T-shirts featuring a design with a large iconic scene from Crusader (Color: Vanilla White), and a simple design with a unicorn on the left chest and A88 on the back (Colors: Black/Olive Drab) are now on sale! Each color comes in sizes M/L/XL.","6","https://x.com/ModelArtInc/status/2052723721673253117/analytics","1.4K","","","","13","Show original","","","Show more","","","https://pbs.twimg.com/media/HHy9V1JakAAdeYH?format=jpg&name=small","https://x.com/ModelArtInc/status/2052723721673253117/photo/2","",""
"https://x.com/IcyDuke41","https://pbs.twimg.com/profile_images/2045657042384207872/MZJ1p5LZ_normal.jpg","Duke","@IcyDuke41","https://x.com/IcyDuke41/status/2052792127348719718","2h","","","","XL","Him, Horn and","1","https://x.com/IcyDuke41/status/2052792127348719718/analytics","99","could be a great","","","","","","","","@lilrocketnasa","","","","Replying to","https://x.com/lilrocketnasa"
"https://x.com/matsuakari39","https://pbs.twimg.com/profile_images/1937325138716033025/6LgPmzuL_normal.jpg","食堂松明 Matsuakariの店主","@matsuakari39","https://x.com/matsuakari39/status/2052835330051694641","6m","","","","Translated from Japanese","I've been wondering when to announce it, but we'll be closing temporarily for the first time after ingredients run out until May 24-30.  
Whether we'll relocate and reopen or not, nothing's decided yet. I want to keep [松明] as a brand going forward.

We're also selling","1","https://x.com/matsuakari39/status/2052835330051694641/analytics","11","","","","","Show original","","","Show more","","","","","",""
"https://x.com/classicshirts","https://pbs.twimg.com/profile_images/1952646830031818753/4LPI0WdU_normal.jpg","Classic Football Shirts","@classicshirts","https://x.com/classicshirts/status/2052539027962687736","19h","","","","XL","Ecuador 2002 Home by Marathon","1","https://x.com/classicshirts/status/2052539027962687736/analytics","11K","Hitting the site today at 14:00 (UK Time) in a size","https://abs.twimg.com/emoji/v2/svg/1f1ea-1f1e8.svg","","23","",".","","","","110","https://pbs.twimg.com/media/HHwVXnMXwAIv80U?format=jpg&name=small","https://x.com/classicshirts/status/2052539027962687736/photo/1","",""
"https://x.com/Z_C_OFFICIAL","https://pbs.twimg.com/profile_images/1895465463712559104/tB1X8tzh_normal.jpg","Z CLEAR","@Z_C_OFFICIAL","https://x.com/Z_C_OFFICIAL/status/2052675141839286389","10h","","","","Translated from Japanese","N E W  G O O D S","8","https://x.com/Z_C_OFFICIAL/status/2052675141839286389/analytics","1.1K","◆【NEW】Venue-Exclusive Single ""Envy's Wind""
¥2,000-

◆Buchi Kozō T-Shirt 《Envy's Wind ver.》
¥5,000-(※Size: XL)

◆Cheki File 《Envy's Wind ver.》
¥2,500-

◆Face Towel 《Envy's Wind ver.》
¥2,500-

◆Acrylic Stand 《Envy's Wind ver.》","https://abs.twimg.com/emoji/v2/svg/1f3f4.svg","https://abs.twimg.com/emoji/v2/svg/1f3f4.svg","23","Show original","","","Show more","","","https://pbs.twimg.com/media/HHyRJwpboAEmsvU?format=jpg&name=small","https://x.com/Z_C_OFFICIAL/status/2052675141839286389/photo/1","",""
"https://x.com/TakadamuraStore","https://pbs.twimg.com/profile_images/1807791959588941824/e4BrdalH_normal.jpg","高田村交易所","@TakadamuraStore","https://x.com/TakadamuraStore/status/2052629106249142609","13h","","","","Translated from Japanese","Hello, this is","15","https://x.com/TakadamuraStore/status/2052629106249142609/analytics","15K","Exchange","https://abs.twimg.com/emoji/v2/svg/1f525.svg","https://abs.twimg.com/emoji/v2/svg/1f455.svg","162","Show original","Currently, the exchange is selling 3 types of T-shirts","#Takadamura","Show more","","","https://pbs.twimg.com/media/HHxnSuTaIAAkeSy?format=jpg&name=small","https://x.com/TakadamuraStore/status/2052629106249142609/photo/1","",""
"https://x.com/claracrocs","https://pbs.twimg.com/profile_images/1969349271833964544/wu-Ko2Mj_normal.jpg","CLARA | FASHION STORE IN LAGOS","@claracrocs","https://x.com/claracrocs/status/2052786964819009897","3h","https://x.com/claracrocs/status/2052786964819009897/photo/1","https://pbs.twimg.com/media/HHz22TuWAAA8tTp?format=jpg&name=small","","XL","Luxury Long-Sleeved Pleated Cuffs Skirt Set  
Size: M L","19","https://x.com/claracrocs/status/2052786964819009897/analytics","747","(8-16)  

Price: 74,000. Uk Brand 

 Premium Quality","https://abs.twimg.com/emoji/v2/svg/1f4cc.svg","https://abs.twimg.com/emoji/v2/svg/1f4af.svg","21","","","","","","","https://pbs.twimg.com/media/HHz22TrXkAAcUZY?format=jpg&name=small","https://x.com/claracrocs/status/2052786964819009897/photo/2","",""
"https://x.com/EnvioJ","https://pbs.twimg.com/profile_images/1246031268535365635/_IinogG4_normal.jpg","Envio Jersey","@EnvioJ","https://x.com/EnvioJ/status/2052832833521983929","16m","","","","XL","Jacket tigres 

Talla: M, L,","1","https://x.com/EnvioJ/status/2052832833521983929/analytics","50","y 2XL","","","","","","","","","","https://pbs.twimg.com/media/HH0glPyWAAEALyW?format=jpg&name=small","https://x.com/EnvioJ/status/2052832833521983929/photo/1","",""
"https://x.com/XLRECORDINGS","https://pbs.twimg.com/profile_images/1797932474816708608/dmaEcyVO_normal.jpg","XL RECORDINGS","@XLRECORDINGS","https://x.com/XLRECORDINGS/status/2052706326858309925","8h","https://x.com/XLRECORDINGS/status/2052706326858309925/photo/1","https://pbs.twimg.com/media/HHunVqKXgAI-VbW?format=jpg&name=360x360","","","Radiohead - A Moon Shaped Pool turns 10 today","31","https://x.com/XLRECORDINGS/status/2052706326858309925/analytics","6.6K","Revisit the album","https://abs.twimg.com/emoji/v2/svg/1f315.svg","https://abs.twimg.com/emoji/v2/svg/2b06.svg","115","","","","","","","https://pbs.twimg.com/amplify_video_thumb/2052418082707025923/img/57bFd-2rhzwSpcjL.jpg","","",""
"https://x.com/6Voodoo","https://pbs.twimg.com/profile_images/2039554725495152640/E39AjoWx_normal.jpg","Voödoo 6 von Inyanga","@6Voodoo","https://x.com/6Voodoo/status/2052194810602152333","May 7","","https://pbs.twimg.com/tweet_video_thumb/HHrcTR9XwAET2RG.jpg","@6Voodoo","@mnsibley","All true patriots are duty bound to buy at least two different mediums of Blood Memory… so this veteran does not turn to T-Shirt or Coffee making","5","https://x.com/6Voodoo/status/2052194810602152333/analytics","2.3K","","","","4","","","","GIF","Quote","71","","","May 6",""
"https://x.com/discountsdeck","https://pbs.twimg.com/profile_images/1264872542931546112/0w9OArQZ_normal.jpg","Discounts Deck","@discountsdeck","https://x.com/discountsdeck/status/2052803215062954282","2h","https://t.co/trGYraDyRs","https://pbs.twimg.com/card_img/2052420143146471424/YaA7P4-n?format=jpg&name=small","NUUK BRĪSK 6.5L 100% Toxin-Free Air Fryer with ILAG® CeramicTech™| 360˚ Even Cooking with Wide XL...","XL","NUUK BRĪSK 6.5L 100% Toxin-Free Air Fryer with ILAG® CeramicTech™| 360˚ Even Cooking with Wide","1","https://x.com/discountsdeck/status/2052803215062954282/analytics","663","Basket

MRP: Rs 12,499

Great Summer Sale Price: Rs 8,599

(Paid Link):","","","","","","","","","","","","",""
"https://x.com/sticct","https://pbs.twimg.com/profile_images/1404081122904973315/hNV8Emuw_normal.jpg","สมพ.","@sticct","https://x.com/sticct/status/2052795276080099457","2h","https://x.com/sticct/status/2052795276080099457/photo/1","https://pbs.twimg.com/media/HHz-a0BbkAAvdKn?format=jpg&name=360x360","","XL","รอบพรี กดของแล้ว
สั่งทาง dm ได้เลยค่า","1","https://x.com/sticct/status/2052795276080099457/analytics","1.3K","racer doll keychain : 1000฿
-look khunnoo (1)","https://abs.twimg.com/emoji/v2/svg/1f338.svg","https://abs.twimg.com/emoji/v2/svg/1f338.svg","2","","photobook : 750฿ (ว่าง2)","#LOLFanFest2026","Show more","","1","https://pbs.twimg.com/media/HHz-a0IbYAAxCjf?format=jpg&name=360x360","https://x.com/sticct/status/2052795276080099457/photo/2","",""
"https://x.com/6Voodoo","https://pbs.twimg.com/profile_images/2039554725495152640/E39AjoWx_normal.jpg","Voödoo 6 von Inyanga","@6Voodoo","https://x.com/6Voodoo/status/2052194810602152333","May 7","","","@6Voodoo","@mnsibley","All true patriots are duty bound to buy at least two different mediums of Blood Memory… so this veteran does not turn to T-Shirt or Coffee making","5","https://x.com/6Voodoo/status/2052194810602152333/analytics","2.3K","","","","4","","","","GIF","Quote","71","","","May 6",""
"https://x.com/logicfgs","https://pbs.twimg.com/profile_images/1535236437188218881/-pTDCdnp_normal.jpg","xL","@logicfgs","https://x.com/logicfgs/status/2052413832782287335","May 7","","","","","The most word used in Madrid dressing room in the last few hours is Wrestlemania","253","https://x.com/logicfgs/status/2052413832782287335/analytics","478K","","","","5.9K","","","","","","47K","","","",""
"https://x.com/Internetking14","https://pbs.twimg.com/profile_images/1785229871033016320/V7S-ax_q_normal.jpg","THOMAS","@Internetking14","https://x.com/Internetking14/status/2052827570421313668","37m","","","@TheAvePHL","XL","COME PARTY WITH","1","https://x.com/Internetking14/status/2052827570421313668/analytics","44","TONIGHT AT","","","2","","FOR A 360 EXPERIENCE ALONG WITH","","@itsuntitld","","","https://pbs.twimg.com/media/HH0bzAXWEAQSUSO?format=jpg&name=small","https://x.com/Internetking14/status/2052827570421313668/photo/1","",""
"https://x.com/Darts_World","https://pbs.twimg.com/profile_images/2021224133598846976/tsACQfEf_normal.jpg","DartsWorld","@Darts_World","https://x.com/Darts_World/status/2052826755803525420","40m","","","","XL","ARMAGEDDON","1","https://x.com/Darts_World/status/2052826755803525420/analytics","163","","https://abs.twimg.com/emoji/v2/svg/1f9b8-200d-2642-fe0f.svg","https://abs.twimg.com/emoji/v2/svg/1f3af.svg","","","HERE COMES THE WIZARD!

Simon Whitlock takes on Scott Brookes in Leicester.","","","","","https://pbs.twimg.com/ext_tw_video_thumb/2052826665269465090/pu/img/sEdEgGBjANlbnUan.jpg","","",""
"https://x.com/noremorseinfo","https://pbs.twimg.com/profile_images/619424924277436416/iky7v41X_normal.jpg","バンドＴシャツショップ NO-REMORSE","@noremorseinfo","https://x.com/noremorseinfo/status/2052801182935249207","2h","https://x.com/noremorseinfo/status/2052801182935249207/photo/1","https://pbs.twimg.com/media/HH0DxG5b0AAlgps?format=jpg&name=360x360","","XL","【NEW STOCKS】
INCANTATION T-shirts S/M/L/","2","https://x.com/noremorseinfo/status/2052801182935249207/analytics","100","size 4480円","","","","","","","","","","https://pbs.twimg.com/media/HH0DyUVasAALcj6?format=jpg&name=360x360","https://x.com/noremorseinfo/status/2052801182935249207/photo/2","",""
"https://x.com/DukeHerndon","https://pbs.twimg.com/profile_images/1978630638753259520/x4hxDtbX_normal.jpg","Duke Herndon","@DukeHerndon","https://x.com/DukeHerndon/status/2052800767493349861","2h","","","","XL","Dryer is the enemy of your garments. Any time I’ve let a girlfriend handle laundry in general I’m amazed at the callousness they use with my clothing. Woman you shrunk an","1","https://x.com/DukeHerndon/status/2052800767493349861/analytics","62","to M","","","2","","","","","@Brandon93Smith","","","","Replying to","https://x.com/Brandon93Smith"
"https://x.com/legendofyunze","https://pbs.twimg.com/profile_images/2044840599178645504/bGAVLC7b_normal.jpg","seulgi menthol cigarette ☭","@legendofyunze","https://x.com/legendofyunze/status/2052795927534907394","2h","","","Automated by","xl","Yeah. Yesterday a customer was asking if we had a certain size and I said we might not, but the size she had (","1","https://x.com/legendofyunze/status/2052795927534907394/analytics","9",") would be fine if shes an xxl in womens because men clothing at my job runs a little bigger. I told her I speak from experience bc a mens small is very big on me —-","","","1","@jeckoIe","","","","@LiliiLuvss","","","","Replying to","https://x.com/LiliiLuvss"
"https://x.com/Darts_World","https://pbs.twimg.com/profile_images/2021224133598846976/tsACQfEf_normal.jpg","DartsWorld","@Darts_World","https://x.com/Darts_World/status/2052826755803525420","40m","","","","XL","ARMAGEDDON","1","https://x.com/Darts_World/status/2052826755803525420/analytics","163","","https://abs.twimg.com/emoji/v2/svg/1f9b8-200d-2642-fe0f.svg","https://abs.twimg.com/emoji/v2/svg/1f3af.svg","","","HERE COMES THE WIZARD!

Simon Whitlock takes on Scott Brookes in Leicester.","","","0:54","","","","",""
"https://x.com/murcedotcom","https://pbs.twimg.com/profile_images/1836040036825079808/KNVYcjKD_normal.jpg","M R C","@murcedotcom","https://x.com/murcedotcom/status/2052698845797376183","9h","","","","XL","Ready Stock","2","https://x.com/murcedotcom/status/2052698845797376183/analytics","190","1. Bayern Away 24/25 #9 Kane XXL 975.
2. Yokohama Marinos 2025 #15 Walsh","","","2","","(US) 2975.
3. Adidas x OASIS Jersey #25 XXL 2850.

Bisa buat jalan-jalan weekend, gass langsung chat","#titipjualmrcaja","","","","https://pbs.twimg.com/media/HHymt3Ya0AEpn4o?format=jpg&name=small","https://x.com/murcedotcom/status/2052698845797376183/photo/1","",""
"https://x.com/swagdepot_ng","https://pbs.twimg.com/profile_images/1965378651098071040/OyRA-__Z_normal.jpg","","@swagdepot_ng","https://x.com/swagdepot_ng/status/2052810671440507365","1h","","https://pbs.twimg.com/amplify_video_thumb/2052810576003227650/img/0-hHGyVsplUTKdlg.jpg","","XL","Shop BAPE Faded LongSleeve tees In Store
SIZE:Medium-","1","https://x.com/swagdepot_ng/status/2052810671440507365/analytics","93","PRICE:N30,000","","","2","","","","","","","https://pbs.twimg.com/media/HH0MWBaXIAEQ8hy?format=jpg&name=360x360","https://x.com/swagdepot_ng/status/2052810671440507365/photo/2","",""
"https://x.com/saleawayscabana","https://pbs.twimg.com/profile_images/593539302/twitterProfilePhoto_normal.jpg","Jill","@saleawayscabana","https://x.com/saleawayscabana/status/2052754313785516465","5h","https://t.co/0HFqDPFHVD","https://pbs.twimg.com/card_img/2052167577322065920/MoVgxkhQ?format=jpg&name=small","ebay.com","XL","Muk Luks Cabin","3","https://x.com/saleawayscabana/status/2052754313785516465/analytics","25","#NonSkid","","","2","Muk Luks Cabin Socks. One Pair Red and Black Buffalo Plaid. Unisex Size L/XL. Non Skid Grippers. One Pair Red, White Black Heart Snowflake Print. Polyester 99%, Spandex 1%. Two Pairs Included.","Socks Unisex L/","#Socks","#New","Muk Luks Cabin Socks Unisex L/XL Two Pair Red Black Buffalo Plaid Heart Non Skid | eBay","#MukLuks","","https://t.co/0HFqDPFHVD","","https://x.com/hashtag/MukLuks?src=hashtag_click"
"https://x.com/JtinkeyTinkey","https://pbs.twimg.com/profile_images/590935096544206848/Bfz8jrKo_normal.jpg","JustMe","@JtinkeyTinkey","https://x.com/JtinkeyTinkey/status/2052765683688026248","4h","https://t.co/jCcQN0u2yt","https://pbs.twimg.com/card_img/2051517248318189570/-LMyIQgf?format=jpg&name=240x240","ebay.com","XL","Check out Lot of 3 Asst Tees Size","1","https://x.com/JtinkeyTinkey/status/2052765683688026248/analytics","4","Everyday V-Neck T-Shirts Tee Shirt Faded Glory Sonoma","","","1","All made from 100% cotton, these t-shirts are breathable, easy to care for, and suitable for various occasions such as travel, casual outings, parties, and workwear. Perfect for classic wardrobe...","","#eBay","","Lot of 3 Asst Tees Size XL Everyday V-Neck T-Shirts Tee Shirt Faded Glory Sonoma | eBay","","","https://t.co/jCcQN0u2yt","",""
"https://x.com/Steam","https://pbs.twimg.com/profile_images/1702008325112741888/G6YzrWya_normal.jpg","Steam","@Steam","https://x.com/Steam/status/72349973588615168","May 23, 2011","http://bit.ly/je685C","https://pbs.twimg.com/card_img/2050972952372363264/nk-i18xV?format=jpg&name=small","Steam Store","XL","Daily Deal - Cities","10","https://x.com/Steam/status/72349973588615168/analytics","","Regular Edition 66% off!:  http://bit.ly/je685C","","","1","","","","","","","","","",""
"https://x.com/Darts_World","https://pbs.twimg.com/profile_images/2021224133598846976/tsACQfEf_normal.jpg","DartsWorld","@Darts_World","https://x.com/Darts_World/status/2052826755803525420","40m","","","0:03 / 0:57","XL","ARMAGEDDON","1","https://x.com/Darts_World/status/2052826755803525420/analytics","163","","https://abs.twimg.com/emoji/v2/svg/1f9b8-200d-2642-fe0f.svg","https://abs.twimg.com/emoji/v2/svg/1f3af.svg","","","HERE COMES THE WIZARD!

Simon Whitlock takes on Scott Brookes in Leicester.","","","","","","","",""
"https://x.com/swagdepot_ng","https://pbs.twimg.com/profile_images/1965378651098071040/OyRA-__Z_normal.jpg","0:12","@swagdepot_ng","https://x.com/swagdepot_ng/status/2052810671440507365","1h","","","","XL","Shop BAPE Faded LongSleeve tees In Store
SIZE:Medium-","1","https://x.com/swagdepot_ng/status/2052810671440507365/analytics","93","PRICE:N30,000","","","2","","","","","","","https://pbs.twimg.com/media/HH0MWBaXIAEQ8hy?format=jpg&name=360x360","https://x.com/swagdepot_ng/status/2052810671440507365/photo/2","",""
"https://x.com/9126ACNT","https://pbs.twimg.com/profile_images/2036290137194373121/bkyl4TQO_normal.jpg","oce xL","@9126ACNT","https://x.com/9126ACNT/status/2052785029533901137","3h","","","","","budak ((kairi)) cinta pisan euy sukak","1","https://x.com/9126ACNT/status/2052785029533901137/analytics","11","@dewteechild","https://abs.twimg.com/emoji/v2/svg/1f60d.svg","","","","","","","Quote","","https://pbs.twimg.com/media/HHznEagaIAALcMB?format=jpg&name=900x900","https://x.com/dewteechild/status/2052769600878817723/photo/1","4h",""
"https://x.com/logicfgs","https://pbs.twimg.com/profile_images/1535236437188218881/-pTDCdnp_normal.jpg","xL","@logicfgs","https://x.com/logicfgs/status/2052027756272071080","May 6","","","","","Moving man go run mad one day","26","https://x.com/logicfgs/status/2052027756272071080/analytics","30K","","","","530","","","","","","1.3K","","","",""
"https://x.com/dariacott","https://pbs.twimg.com/profile_images/1867241109875011584/qn_hZkTo_normal.jpg","Daria","@dariacott","https://x.com/dariacott/status/2052783544297238915","3h","","","","","Hmm interesting on the team shops it’s not, AT&T logo on back and Ipsy on front. At least they’re aren’t on the Nike site version. Thanks!","1","https://x.com/dariacott/status/2052783544297238915/analytics","239","","","","1","","","","","@HellaHiking","1","https://pbs.twimg.com/media/HHzzwRAbMAAMexE?format=jpg&name=small","https://x.com/dariacott/status/2052783544297238915/photo/1","Replying to","https://x.com/HellaHiking"
"https://x.com/PolitiScanJP25","https://pbs.twimg.com/profile_images/2041541389914456064/i5pT1mdv_normal.jpg","高橋 慎一","@PolitiScanJP25","https://x.com/PolitiScanJP25/status/2052822990090375522","55m","https://t.co/VdgEi57A4Y","https://pbs.twimg.com/card_img/2052809395382140932/On_LwG6V?format=jpg&name=medium","希少サイズ NEW YOAKE POST ニューヨアケポスト KYNE XL by メルカリ","Translated from Japanese","Kyne's Yoake Post T, the gravure magazine bit is funny.

Rare size NEW YOAKE POST New Yoake Post KYNE XL","1","https://x.com/PolitiScanJP25/status/2052822990090375522/analytics","5","","","","1","Show original","","","","","","","","",""
"https://x.com/swagdepot_ng","https://pbs.twimg.com/profile_images/1965378651098071040/OyRA-__Z_normal.jpg","0:11","@swagdepot_ng","https://x.com/swagdepot_ng/status/2052810671440507365","1h","","","","XL","Shop BAPE Faded LongSleeve tees In Store
SIZE:Medium-","1","https://x.com/swagdepot_ng/status/2052810671440507365/analytics","93","PRICE:N30,000","","","2","","","","","","","https://pbs.twimg.com/media/HH0MWBaXIAEQ8hy?format=jpg&name=360x360","https://x.com/swagdepot_ng/status/2052810671440507365/photo/2","",""
"https://x.com/kaibosworth","https://pbs.twimg.com/profile_images/1984637777179205632/4-FGZSd9_normal.jpg","Kai Bosworth","@kaibosworth","https://x.com/kaibosworth/status/2052735952162808203","6h","https://x.com/kaibosworth/status/2052735952162808203/photo/1","https://pbs.twimg.com/media/HHzGkCsXEAQRqhF?format=png&name=360x360","","XL","several new pipeline projects announced recently. Bridger is ultimately an attempt at Keystone","1","https://x.com/kaibosworth/status/2052735952162808203/analytics","570","but politically avoiding South Dakota and Nebraska. Trump OKed it immediately. TC Energy also announced $1.5b in upgrades to its Colombia Gas System due to demand from data centers.","","","3","","","","","","4","https://pbs.twimg.com/media/HHzHoS7WoAMG4yC?format=jpg&name=small","https://x.com/kaibosworth/status/2052735952162808203/photo/2","",""
"https://x.com/BecksShop","https://pbs.twimg.com/profile_images/1574581779914051584/egdKoT_B_normal.jpg","ベックスコーヒーショップ","@BecksShop","https://x.com/BecksShop/status/2051829340216897582","May 6","","","","Translated from Japanese","＼Daily participation OK","1","https://x.com/BecksShop/status/2051829340216897582/analytics","43K","／

Win Beck's Coffee's early summer limited drink","https://abs.twimg.com/emoji/v2/svg/1f44c.svg","https://abs.twimg.com/emoji/v2/svg/1f389.svg","3.7K","Show original","Day 2 of the 2nd round campaign!","","Show more","","689","https://pbs.twimg.com/media/HHmP519aYAE8bjd?format=jpg&name=small","https://x.com/BecksShop/status/2051829340216897582/photo/1","",""
"https://x.com/Heart_Of_Kyber","https://pbs.twimg.com/profile_images/2033254443597303808/mL8rltLA_normal.jpg","Heart Of Kyber","@Heart_Of_Kyber","https://x.com/Heart_Of_Kyber/status/2052821842852036703","1h","","","","XL","You want some","1","https://x.com/Heart_Of_Kyber/status/2052821842852036703/analytics","7","and 2X shirts? Haha","","","1","","","","","@AdamontheX","","","","Replying to","https://x.com/AdamontheX"
"https://x.com/yeposoisee","https://pbs.twimg.com/profile_images/1974065915240329217/MTmhTE-P_normal.jpg","yeposoisee ꒰ พรีเกาหลี ꒱","@yeposoisee","https://x.com/yeposoisee/status/2052806330709418106","2h","https://x.com/yeposoise/status/2052785970177790315/photo/1","https://pbs.twimg.com/media/HHz19OxagAAhluQ?format=jpg&name=360x360","size (รอบอก) : S 39"" M 43"" L 47"" XL 51""","XL","pre","1","https://x.com/yeposoisee/status/2052806330709418106/analytics","104","— stussy tee kr เว็บปรับราคาขึ้น","https://abs.twimg.com/emoji/v2/svg/1f1f0-1f1f7.svg","https://abs.twimg.com/emoji/v2/svg/1f5a4.svg","1","มัดจำ 700 บาท","(ราคารีเซล 5XXx) 

☆ 2,090 บาท","#พรีออเดอร์เกาหลี","#กดเว็บเกาหลี","Quote","#เสื้อstussy","https://pbs.twimg.com/media/HHz19O-bEAAgYbi?format=jpg&name=360x360","https://x.com/yeposoise/status/2052785970177790315/photo/2","3h","https://x.com/hashtag/%E0%B9%80%E0%B8%AA%E0%B8%B7%E0%B9%89%E0%B8%ADstussy?src=hashtag_click"
"https://x.com/9to5toys","https://pbs.twimg.com/profile_images/1740023184450105344/DIBJ3wkb_normal.jpg","9to5Toys","@9to5toys","https://x.com/9to5toys/status/2052722797932130472","7h","https://t.co/1lnlwMmRhG","https://pbs.twimg.com/card_img/2052067206192607236/eiehpWfF?format=jpg&name=small","Giant discount lands Pixel 10 Pro XL at nearly $500 off, 10 Pro at $415 off (Best Buy open-box)","XL","Giant discount lands Pixel 10 Pro","2","https://x.com/9to5toys/status/2052722797932130472/analytics","3.4K","at nearly $500 off, 10 Pro at $415 off (Best Buy open-box)","","","14","","by","","","","","","","",""
"https://x.com/BecksShop","https://pbs.twimg.com/profile_images/1574581779914051584/egdKoT_B_normal.jpg","ベックスコーヒーショップ","@BecksShop","https://x.com/BecksShop/status/2052191716397162544","May 7","","","","Translated from Japanese","＼Daily participation OK","2","https://x.com/BecksShop/status/2052191716397162544/analytics","30K","／

Win Beck's Coffee's early summer limited drink","https://abs.twimg.com/emoji/v2/svg/1f44c.svg","https://abs.twimg.com/emoji/v2/svg/1f389.svg","3K","Show original","Day 3 of the 2nd campaign!","","Show more","","551","https://pbs.twimg.com/media/HHrZfFha8AAu3wY?format=jpg&name=small","https://x.com/BecksShop/status/2052191716397162544/photo/1","",""
"https://x.com/OtimryekEdward","https://pbs.twimg.com/profile_images/1945147633888038912/4lTCHSIh_normal.jpg","Edie","@OtimryekEdward","https://x.com/OtimryekEdward/status/2052803206007177224","2h","","","","XL","Congratulations bro 
Am right here as a steal fixer with","1","https://x.com/OtimryekEdward/status/2052803206007177224/analytics","5","If some better opportunities bro I did civil and I can do surveying and supervision too bro","https://abs.twimg.com/emoji/v2/svg/1f64f.svg","","","","","","","@iamSNK16","","","","Replying to","https://x.com/iamSNK16"
"https://x.com/VOLUPTEMEIDEN","https://pbs.twimg.com/profile_images/2002035737194323968/y1YpvKt-_normal.jpg","VOLUPTE MEIDEN-ヴォルプテメイデン-","@VOLUPTEMEIDEN","https://x.com/VOLUPTEMEIDEN/status/2052724910729101553","7h","https://x.com/VOLUPTEMEIDEN/status/2052724910729101553/photo/1","https://pbs.twimg.com/media/HHy-bRDaIAA-9Zs?format=jpg&name=small","","Translated from Japanese","【","8","https://x.com/VOLUPTEMEIDEN/status/2052724910729101553/analytics","999","Merchandise Sales Info","https://abs.twimg.com/emoji/v2/svg/1f4e3.svg","https://abs.twimg.com/emoji/v2/svg/1f4e3.svg","23","Show original","】

/／
Starting from tomorrow's Karo birthday event","#VOLUPTEMEIDEN","","","","https://pbs.twimg.com/media/HHy-bRWaoAA8wEb?format=jpg&name=small","https://x.com/VOLUPTEMEIDEN/status/2052724910729101553/photo/2","",""
"https://x.com/_Arturo_G","https://pbs.twimg.com/profile_images/1992847751663534080/2RIt_Jau_normal.jpg","Artu_LM10","@_Arturo_G","https://x.com/_Arturo_G/status/2052826231310025063","42m","","","and","Translated from Spanish","Yo, I've hauled all kinds of stuff in my truck, even entire tianguis stalls, I offer XL service.","1","https://x.com/_Arturo_G/status/2052826231310025063/analytics","3","","","","","Show original","@Uber_MEX","","","@CarpyFelipe","","","","Replying to","https://x.com/CarpyFelipe"
"https://x.com/DerrickAshimwe","https://pbs.twimg.com/profile_images/1122148401473368066/LOOsnMkc_normal.jpg","Derrick X","@DerrickAshimwe","https://x.com/DerrickAshimwe/status/2052820578751619147","1h","","","","XL","Finally got sometime to listen to the new Chino","1","https://x.com/DerrickAshimwe/status/2052820578751619147/analytics","45","& Canibus album...

Right before I pressed play, I realized the album & first song is titled ""NECK SNAPPER"" &  I remembered Chino's autopsy confirmed suicide by hanging..

I can't do this right now...I need some air.","https://abs.twimg.com/emoji/v2/svg/1f926.svg","","2","","","","","","","","","",""
"https://x.com/smiley_cl02","https://pbs.twimg.com/profile_images/2041541999359344640/Ka9d8bru_normal.jpg","Smiley","@smiley_cl02","https://x.com/smiley_cl02/status/2052740446779256959","6h","https://help.x.com/rules-and-policies/authenticity","https://abs.twimg.com/responsive-web/client-web/parody-mask.92274f0a.svg","Fan account","XL","พรุ่งนี้มีแจก 1 ตัวนะคะไซต์","3","https://x.com/smiley_cl02/status/2052740446779256959/analytics","639","ถ้าใครใส่ได้ ถ้าเห็นคนใส่เสื้อยีนส์ดำหิ้วกระเป๋า Human Made สีแดงเดินเข้ามาทักรับได้เลยค่ะ ไม่มีกติกาอะไรใดๆทั้งสิ้น","https://abs.twimg.com/emoji/v2/svg/270c.svg","","2","","","#อิงล็อต","#นทีร้อยเล่ห์","Quote","","https://pbs.twimg.com/media/HHyZYamaAAA5qHO?format=jpg&name=small","https://x.com/4elementsGL/status/2052684184741888195/photo/1","10h",""
"https://x.com/noremorseinfo","https://pbs.twimg.com/profile_images/619424924277436416/iky7v41X_normal.jpg","バンドＴシャツショップ NO-REMORSE","@noremorseinfo","https://x.com/noremorseinfo/status/2052819044403908845","1h","https://x.com/noremorseinfo/status/2052819044403908845/photo/1","https://pbs.twimg.com/media/HH0UBgDbgAA6kI5?format=jpg&name=360x360","","XL","【NEW STOCKS】
AGORAPHOBIC NOSEBLEED T-shirts S/M/L/","1","https://x.com/noremorseinfo/status/2052819044403908845/analytics","54","size 4480円","","","","","","","","","","https://pbs.twimg.com/media/HH0UCYkaoAAugts?format=jpg&name=360x360","https://x.com/noremorseinfo/status/2052819044403908845/photo/2","",""
"https://x.com/wonibonon","https://pbs.twimg.com/profile_images/2017594713071611904/VQdCpltR_normal.jpg","eda","@wonibonon","https://x.com/wonibonon/status/2052792121732514067","2h","","","","Translated from Turkish","it's been two days and Popeyes keeps popping up in front of me nonstop, it's so sad that I can't get the maxi xl menu","1","https://x.com/wonibonon/status/2052792121732514067/analytics","126","but I'm determined, I've fully quit fast food","https://abs.twimg.com/emoji/v2/svg/1f494.svg","https://abs.twimg.com/emoji/v2/svg/1f494.svg","9","Show original","","","","","","","","",""
"https://x.com/XlXlmi99506","https://pbs.twimg.com/profile_images/1819429963965067264/Ab843dI7_normal.jpg","xlmi XL","@XlXlmi99506","https://x.com/XlXlmi99506/status/2052786944271372654","3h","","","","","get out in nature... it's what we're built for...","1","https://x.com/XlXlmi99506/status/2052786944271372654/analytics","1","","","","","","","","","@XlXlmi99506","","","","Replying to","https://x.com/XlXlmi99506"
"https://x.com/THEGUEST_ikb","https://pbs.twimg.com/profile_images/2018151424962744320/bus6HA98_normal.jpg","ちいかわレストラン THE GUEST CAFE BY PARCO｜池袋PARCO店","@THEGUEST_ikb","https://x.com/THEGUEST_ikb/status/2052709377409515827","8h","https://x.com/THEGUEST_ikb/status/2052709377409515827/photo/1","https://pbs.twimg.com/media/HHywR-qa0AAeXpB?format=jpg&name=360x360","","Translated from Japanese","Permanent Store ""Chiikawa Restaurant""

[Goods Out-of-Stock Information]

・T-Shirt  Horse Curry  XL size

・Zip-up Hoodie  Welcome Oatmeal  M size

・Mini Cup

The above items are currently out of stock.
We will announce restocking information on this account.","2","https://x.com/THEGUEST_ikb/status/2052709377409515827/analytics","10K","","","","36","Show original","","","Show more","","","https://pbs.twimg.com/media/HHywR-pbEAASOzp?format=jpg&name=360x360","https://x.com/THEGUEST_ikb/status/2052709377409515827/photo/2","",""
"https://x.com/Darts_World","https://pbs.twimg.com/profile_images/2021224133598846976/tsACQfEf_normal.jpg","DartsWorld","@Darts_World","https://x.com/Darts_World/status/2052779760355266562","3h","https://x.com/Darts_World/status/2052779760355266562/photo/1","https://pbs.twimg.com/media/HHzwT_fW4AIDOyk?format=jpg&name=360x360","","XL","ARMAGEDDON","1","https://x.com/Darts_World/status/2052779760355266562/analytics","597","","https://abs.twimg.com/emoji/v2/svg/1f9b8-1f3fb.svg","https://abs.twimg.com/emoji/v2/svg/1f3af.svg","3","","Our Platinum meet and greet session is underway in Leicester!","","","","","https://pbs.twimg.com/media/HHzwT7XXkAAJA5b?format=jpg&name=360x360","https://x.com/Darts_World/status/2052779760355266562/photo/2","",""
"https://x.com/ellnore_pad_267","https://pbs.twimg.com/profile_images/1700736891589648384/wWC7V1yp_normal.jpg","xL(おおきなえる)","@ellnore_pad_267","https://x.com/ellnore_pad_267/status/2052788398495289527","3h","","","Translated from Japanese","","社会が発達すればするほど要求ハードル高くなっちゃうから、ここでいう「エラー」の発生する個体は増えるのが道理だしな。。","3","https://x.com/ellnore_pad_267/status/2052788398495289527/analytics","112","","","","","","","","","Quote","","","","May 7",""
"https://x.com/YUURI_RiKKYY","https://pbs.twimg.com/profile_images/1971924673949810688/uECetkCF_normal.jpg","YUURI@RiKKYY","@YUURI_RiKKYY","https://x.com/YUURI_RiKKYY/status/2052687211028451552","9h","https://x.com/YUURI_RiKKYY/status/2052687211028451552/photo/1","https://pbs.twimg.com/media/HHycIjwbMAA6WMK?format=jpg&name=360x360","","Translated from Japanese","Birthday T-shirt, sorry to keep you waiting","3","https://x.com/YUURI_RiKKYY/status/2052687211028451552/analytics","295","ྀི  
Isn't it cute? I went with the elephant","https://abs.twimg.com/emoji/v2/svg/1f418.svg","https://abs.twimg.com/emoji/v2/svg/1f90d.svg","2","Show original","YUURI Design Birthday Commemorative T-shirt Pre-order Sales Start Now!!  
Reservations via DM to","","Show more","","22","https://pbs.twimg.com/media/HHycIjuagAANFKE?format=jpg&name=small","https://x.com/YUURI_RiKKYY/status/2052687211028451552/photo/2","",""
"https://x.com/Steam","https://pbs.twimg.com/profile_images/1702008325112741888/G6YzrWya_normal.jpg","Steam","@Steam","https://x.com/Steam/status/1518673699695693828","Apr 26, 2022","https://t.co/MKhiyXlUu0","https://pbs.twimg.com/card_img/2052121117192859649/tQtpFsyk?format=jpg&name=small","Skater XL - The Ultimate Skateboarding Game on Steam","XL","MIDWEEK MADNESS","5","https://x.com/Steam/status/1518673699695693828/analytics","","Save 20% on Skater","https://abs.twimg.com/emoji/v2/svg/2666.svg","https://abs.twimg.com/emoji/v2/svg/2666.svg","13","","- The Ultimate Skateboarding Game!","#SteamDeals","","","132","","","",""
"https://x.com/harddriveradio","https://pbs.twimg.com/profile_images/1942226619327709184/infqha9h_normal.jpg","hardDriveRadio","@harddriveradio","https://x.com/harddriveradio/status/2052742475823866302","6h","","","@LouBrutus","XL","Congratulations to","4","https://x.com/harddriveradio/status/2052742475823866302/analytics","292","who celebrate the 25th anniversary of their landmark album BREAK THE CYCLE. It was released on May 8, 2001 through Flip Records and Elektra Entertainment.","","","6","","marks the occasion tonight on","#Staind","@HardDriveRadio","","","https://pbs.twimg.com/media/HHzOZwuXUAEZTF-?format=jpg&name=small","https://x.com/harddriveradio/status/2052742475823866302/photo/1","",""
"https://x.com/getsoundHSA","https://pbs.twimg.com/profile_images/2024888403007848448/em-Ar_Iq_normal.png","SOUND HSA","@getsoundHSA","https://x.com/getsoundHSA/status/2052759557085016249","5h","","https://pbs.twimg.com/card_img/2052074140757073923/fhXe8BfU?format=jpg&name=240x240","@TheBitcoinConf","youtube.com","Fixing healthcare with","5","https://x.com/getsoundHSA/status/2052759557085016249/analytics","224","talk featuring our co-founder","","","7","Fixing The Healthcare System With Bitcoin | Bitcoin 2026","from","#bitcoin","","","","","","",""
"https://x.com/flaviusvalens1","https://pbs.twimg.com/profile_images/1851070509556854785/c-pXkfb__normal.jpg","flaviusvalens","@flaviusvalens1","https://x.com/flaviusvalens1/status/2052817954585092415","1h","","","","XL","Back of the shirt shown below.

AVAILABLE.  Dyed on a Farewell Transmission shirt.  Port & Company Core Cotton tag size","1","https://x.com/flaviusvalens1/status/2052817954585092415/analytics","86",".  Fits more like a Large (22.5"" x 28.25"").  75 shipped, DM to acquire","https://abs.twimg.com/emoji/v2/svg/1fae1.svg","","","","","","","@flaviusvalens1","","https://pbs.twimg.com/media/HH0TDRZXIAAmHLy?format=jpg&name=small","https://x.com/flaviusvalens1/status/2052817954585092415/photo/1","Replying to","https://x.com/flaviusvalens1"
"https://x.com/BTSJINVTaeFan25","https://pbs.twimg.com/profile_images/2039028453182251008/L-H1L0GP_normal.jpg","はなみ","@BTSJINVTaeFan25","https://x.com/BTSJINVTaeFan25/status/2052823658792636768","53m","https://t.co/jVUalRZ4MY","https://pbs.twimg.com/card_img/2052758056119787521/k2ObUzba?format=jpg&name=small","ZARA ユンギ着用 ペイント デニムジャケット L XL相当 廃盤 by メルカリ","Translated from Japanese","Yungi-worn denim! Too cool","2","https://x.com/BTSJINVTaeFan25/status/2052823658792636768/analytics","10","ZARA Yungi-worn Paint Denim Jacket L XL equivalent Discontinued","https://abs.twimg.com/emoji/v2/svg/2728.svg","","2","Show original","","","","","","","","",""
"https://x.com/1010XL","https://pbs.twimg.com/profile_images/1831432168335130624/DIFGWYX8_normal.jpg","1010 XL / 92.5 FM","@1010XL","https://x.com/1010XL/status/2052808247459873010","1h","","","","","","1","https://x.com/1010XL/status/2052808247459873010/analytics","413","","","","2","","","","","","","https://pbs.twimg.com/media/HHgC_R8XIAAaBf9?format=jpg&name=small","https://x.com/1010XL/status/2052808247459873010/photo/1","",""
"https://x.com/ModdamPiinkie","https://pbs.twimg.com/profile_images/2039556344810999808/2dvMT6Un_normal.jpg","piinkie","@ModdamPiinkie","https://x.com/ModdamPiinkie/status/2052578278687527275","17h","https://x.com/ModdamPiinkie/status/2052578278687527275/photo/1","https://pbs.twimg.com/media/HHw5CaFbwAADGiy?format=jpg&name=small","","XL","มีของรางวัลเล็ก ๆ น้อย ๆ มาให้เล่นสนุก ๆ น๊า ใครโหวตน้องเฟิร์สวันตั้งแต่ 200 บาท ขึ้นไป ลุ้นรับเสื้อปุ๋ยรุ่นจุ่มคนเดียวฟินทั้งประเทศสีน้ำเงิน Size","5","https://x.com/ModdamPiinkie/status/2052578278687527275/analytics","5.9K","โดยแปะหลักฐานใต้เม้นท์นี้เท่านั้น ตั้งแต่วันนี้ - วันที่ 17 พ.ค. 69 นี้ โดยการสุ่มนะคะ ใครสนใจร่วมสนุกมาเล่นกันน๊าาา","","","101","","","","Show more","","144","https://pbs.twimg.com/media/HHw5CZ-bkAAFe6i?format=jpg&name=360x360","https://x.com/ModdamPiinkie/status/2052578278687527275/photo/2","",""
"https://x.com/vertical_garage","https://pbs.twimg.com/profile_images/1194584445233197058/k8MvjzSu_normal.jpg","VERTICAL_GARAGE","@vertical_garage","https://x.com/vertical_garage/status/2052705079585837120","8h","https://x.com/vertical_garage/status/2052705079585837120/photo/1","https://pbs.twimg.com/media/HHrV-mCagAAS1w5?format=jpg&name=360x360","@fantastics_fext","XL","【buddix 】","5","https://x.com/vertical_garage/status/2052705079585837120/analytics","2.9K","2026 SPRING SUMMER COLLECTION

■ITEM LINE-UP
MEXICAN PILE STRIPE HOODIE
PRICE：¥15,950 tax-in
COLOR：Navy/Yellow
SIZE：S/M/L/","https://abs.twimg.com/emoji/v2/svg/1f31f.svg","","52","","【ONLINE】","#buddix","","","","https://pbs.twimg.com/media/HHrV_bOaQAA_m4B?format=jpg&name=360x360","https://x.com/vertical_garage/status/2052705079585837120/photo/2","",""
"https://x.com/thefireskyy","https://pbs.twimg.com/profile_images/2039602038972219392/075eXNkY_normal.jpg","᥅ꪗꪀ","@thefireskyy","https://x.com/thefireskyy/status/2052728867769770231","7h","","","","𝗫𝗟","JUNIORMARK JUMMO X TDWP2","14","https://x.com/thefireskyy/status/2052728867769770231/analytics","636","L                        ˢ                      ᴍ","","","42","","","#SFxJuniorMarkJummo","","","","https://pbs.twimg.com/media/HHzCBf4bEAAxAQr?format=jpg&name=small","https://x.com/thefireskyy/status/2052728867769770231/photo/1","",""
"https://x.com/mushioka_staff","https://pbs.twimg.com/profile_images/1817877185782480896/aW8RxirX_normal.jpg","むし岡だいき STAFF","@mushioka_staff","https://x.com/mushioka_staff/status/2052720259195625846","7h","","","","Translated from Japanese","②""POTLUCK"" T-Shirt","1","https://x.com/mushioka_staff/status/2052720259195625846/analytics","176","Logo design printed on the front! This oversized 5/5 sleeve style is less sheer and can be worn comfortably and loosely.

*Kids' sizes feature the standard silhouette. Available only in size 150.

Price: Kids... 3,800 yen / Adult... 4,200 yen
Size:","https://abs.twimg.com/emoji/v2/svg/1f455.svg","","3","Show original","","","Show more","@mushioka_staff","8","https://pbs.twimg.com/media/HHy3NtdbUAAgogX?format=jpg&name=small","https://x.com/mushioka_staff/status/2052720259195625846/photo/1","Replying to","https://x.com/mushioka_staff"
"https://x.com/IdiosyncraticXL","https://pbs.twimg.com/profile_images/2001256060758208512/U63MBiqw_normal.jpg","Phil Samba","@IdiosyncraticXL","https://x.com/IdiosyncraticXL/status/2052695490160996381","9h","","","","","I'm honestly not shocked at any white queer person voting for Reform","15","https://x.com/IdiosyncraticXL/status/2052695490160996381/analytics","19K","","https://abs.twimg.com/emoji/v2/svg/1f937-1f3ff-200d-2642-fe0f.svg","","27","","","","","","347","","","",""
"https://x.com/EllyKyeune10315","https://pbs.twimg.com/profile_images/2034768642739445760/Hz6qsTJN_normal.jpg","Elly collection","@EllyKyeune10315","https://x.com/EllyKyeune10315/status/2052655274670833871","12h","https://x.com/EllyKyeune10315/status/2052655274670833871/photo/1","https://pbs.twimg.com/media/HHx_FIGW8AEX02h?format=jpg&name=360x360","and 6 others","XL","Very beautiful Tshirts 
GOOD MORNING BEAUTIFUL FRIENDS","7","https://x.com/EllyKyeune10315/status/2052655274670833871/analytics","1.1K","Sizes available 
     M L","https://abs.twimg.com/emoji/v2/svg/1faf6.svg","https://abs.twimg.com/emoji/v2/svg/1faf6.svg","30","","and XXL 
In box","","","","45","https://pbs.twimg.com/media/HHx_FIFWUAUTP4P?format=jpg&name=360x360","https://x.com/EllyKyeune10315/status/2052655274670833871/photo/2","",""
"https://x.com/BERG_SHINJUKU","https://pbs.twimg.com/profile_images/2051162001104384000/iVerTIp-_normal.jpg","BERG_SHINJUKU（ビア＆カフェ　ベルク）","@BERG_SHINJUKU","https://x.com/BERG_SHINJUKU/status/2052708590197346496","8h","https://x.com/BERG_SHINJUKU/status/2052708590197346496/photo/1","https://pbs.twimg.com/media/HHyvkjybcAAKaZL?format=jpg&name=360x360","berg.official.ec/items/143669132","Translated from Japanese","Today's mail-order shipping completed","5","https://x.com/BERG_SHINJUKU/status/2052708590197346496/analytics","865","For Mother's Day","https://abs.twimg.com/emoji/v2/svg/2763.svg","https://abs.twimg.com/emoji/v2/svg/2763.svg","11","Show original","→
Meister Charcuterie 5-Piece Set","berg.official.ec/items/139681467","Show more","","","https://pbs.twimg.com/media/HHyvkj1a4AAd4m0?format=jpg&name=360x360","https://x.com/BERG_SHINJUKU/status/2052708590197346496/photo/2","",""
"https://x.com/32_sunny_girl","https://pbs.twimg.com/profile_images/1344662054028910596/tSZgZHHF_normal.jpg","Sunny Girl","@32_sunny_girl","https://x.com/32_sunny_girl/status/2052619327191617943","14h","https://x.com/32_sunny_girl/status/2052619327191617943/photo/1","https://pbs.twimg.com/media/HHxeZBUbEAAYFTt?format=jpg&name=360x360","","Translated from Japanese","【 New Goods 】
•80's T-Shirt L/XL
¥4,000 

•Cut-Out Keychain
Black/ Orange
¥700

On sale from today","225","https://x.com/32_sunny_girl/status/2052619327191617943/analytics","70K","","","","776","Show original","","","","","","https://pbs.twimg.com/media/HHxeZBTacAAvy_D?format=jpg&name=360x360","https://x.com/32_sunny_girl/status/2052619327191617943/photo/2","",""
"https://x.com/logicfgs","https://pbs.twimg.com/profile_images/1535236437188218881/-pTDCdnp_normal.jpg","xL","@logicfgs","https://x.com/logicfgs/status/2052786833147248778","3h","","","","","Ah","6","https://x.com/logicfgs/status/2052786833147248778/analytics","5.8K","","","","13","","","","","Quote","","","","3h",""
"https://x.com/MCAlgiers","https://pbs.twimg.com/profile_images/1967628298470481920/51pOeRCa_normal.jpg","Mouloudia Club d'Alger","@MCAlgiers","https://x.com/MCAlgiers/status/2052790650953777255","3h","","","","𝑿𝒍","تشكيلة المباراة","1","https://x.com/MCAlgiers/status/2052790650953777255/analytics","229","𝑺𝑻𝑨𝑹𝑻𝑰𝑵𝑮","https://abs.twimg.com/emoji/v2/svg/1f4cb.svg","","1","","","","","","9","https://pbs.twimg.com/media/HHz6N18WYAMTOOm?format=jpg&name=small","https://x.com/MCAlgiers/status/2052790650953777255/photo/1","",""
"https://x.com/BXlM08","https://pbs.twimg.com/profile_images/1861229684564033536/hWfHEjea_normal.jpg","뽈찜/5일페 Vir 23","@BXlM08","https://x.com/BXlM08/status/2052340801762726297","May 7","","","","","","12","https://x.com/BXlM08/status/2052340801762726297/analytics","45K","","","","547","","","#shibuki_art","","","5.4K","https://pbs.twimg.com/media/HHthFJMbMAA-VaV?format=jpg&name=small","https://x.com/BXlM08/status/2052340801762726297/photo/1","",""
"https://x.com/PPPURI_Official","https://pbs.twimg.com/profile_images/1868867015269900288/CVN_Ji2Q_normal.jpg","必殺POCHIPURI","@PPPURI_Official","https://x.com/PPPURI_Official/status/2052750526786523449","5h","","","","Translated from Japanese","2026 AKI BIRTHDAY LIVE ""I Didn't Give Up!!"" Aki Birthday Commemoration T-Shirt Sale","6","https://x.com/PPPURI_Official/status/2052750526786523449/analytics","1.1K","• Sales Period: 2026/5/8 - 2026/5/14 23:59
• Price: ₩30,000
• Sizes: M  L  XL  2XL  3XL","https://abs.twimg.com/emoji/v2/svg/1f30f.svg","https://abs.twimg.com/emoji/v2/svg/1fa75.svg","16","Show original","","","","","","https://pbs.twimg.com/media/HHzVuK0akAAxFk4?format=jpg&name=small","https://x.com/PPPURI_Official/status/2052750526786523449/photo/1","",""
"https://x.com/logicfgs","https://pbs.twimg.com/profile_images/1535236437188218881/-pTDCdnp_normal.jpg","xL","@logicfgs","https://x.com/logicfgs/status/2052791628482396583","3h","","","Translated from Haitian Creole","","Fuji still not Fuji moto jhor ,","4","https://x.com/logicfgs/status/2052791628482396583/analytics","7.2K","","","","16","","","#Fujixtra","","Quote","59","","","3h",""
"https://x.com/Aural_Xl","https://pbs.twimg.com/profile_images/2043224987004182528/OrjkzSfM_normal.jpg","Aural","@Aural_Xl","https://x.com/Aural_Xl/status/2052656748318638177","11h","https://help.x.com/rules-and-policies/authenticity","https://abs.twimg.com/responsive-web/client-web/parody-mask.92274f0a.svg","Fan account","","Hey","103","https://x.com/Aural_Xl/status/2052656748318638177/analytics","15K","delete the most influential person in this picture","","","108","","","","","","234","https://pbs.twimg.com/media/HHyAbeUWYAENfWL?format=jpg&name=small","https://x.com/Aural_Xl/status/2052656748318638177/photo/1","",""
"https://x.com/ellnore_pad_267","https://pbs.twimg.com/profile_images/1700736891589648384/wWC7V1yp_normal.jpg","xL(おおきなえる)","@ellnore_pad_267","https://x.com/ellnore_pad_267/status/2052813727410557325","1h","","","Translated from Japanese","","俺も酒飲まない（そもそも飲めない）タイプだからすげぇわかるわ。","1","https://x.com/ellnore_pad_267/status/2052813727410557325/analytics","59","","","","","","","","","Quote","","","","11h",""
"https://x.com/tom_room","https://pbs.twimg.com/profile_images/378800000662816733/73dfabe6e97bd6d1cd43229eb2f589c7_normal.jpeg","tom nakasone","@tom_room","https://x.com/tom_room/status/2052823427661369402","54m","","","Translated from Japanese","Translated from Japanese","This is not an April Fool's joke.

Alberto Shiroma 60 YEARS 
Commemorative Original T-Shirt 
Made-to-Order Production and Sales","4","https://x.com/tom_room/status/2052823427661369402/analytics","30","■Alberto Shiroma 60 YEARS Commemorative Original T-Shirt
Color: Vanilla White / Indigo
Size: S / M / L / XL
●This will be","","","5","Show original","","","Show more","Quote","","https://pbs.twimg.com/media/HH0Xv5hbMAAHFH0?format=jpg&name=small","https://x.com/tom_room/status/2052823427661369402/photo/1","Apr 1",""
"https://x.com/1010XL","https://pbs.twimg.com/profile_images/1831432168335130624/DIFGWYX8_normal.jpg","1010 XL / 92.5 FM","@1010XL","https://x.com/1010XL/status/2051787773514833921","May 6","","","@TayDoll1010xl","","This Travis Hunter story from former Jaguar","3","https://x.com/1010XL/status/2051787773514833921/analytics","20K","is the best thing you'll hear today","https://abs.twimg.com/emoji/v2/svg/2764.svg","https://abs.twimg.com/emoji/v2/svg/1f406.svg","39","","","#Jaguars","@meathead55","","298","https://pbs.twimg.com/amplify_video_thumb/2051785799385948162/img/y9uoRPwymiIR8egs.jpg","","",""
"https://x.com/Steam","https://pbs.twimg.com/profile_images/1702008325112741888/G6YzrWya_normal.jpg","Steam","@Steam","https://x.com/Steam/status/713090047025635328","Mar 25, 2016","https://t.co/9n3UzzyWDG","","store.steampowered.com","XL","Now Available on Steam - Fibbage","18","https://x.com/Steam/status/713090047025635328/analytics","",", 15% off!:","","","93","NOTE: This game first appeared in The Jackbox Party Pack. It’s Fibbage XL – The Hilarious Bluffing Party Game in standalone form! Fool your friends with your lies, avoid theirs, and find the (usually...","","#SteamNewRelease","","Fibbage XL on Steam","","","https://t.co/9n3UzzyWDG","",""
"https://x.com/giwa_","https://pbs.twimg.com/profile_images/1849927142571900930/mqItLGlj_normal.jpg","ぎわ / ホロクル11th【A-9】","@giwa_","https://x.com/giwa_/status/2052700788452098127","9h","https://x.com/giwa_/status/2052700788452098127/photo/1","https://pbs.twimg.com/media/HHyofI-bEAAYr1s?format=jpg&name=360x360","","Translated from Japanese","This is Mikocchi's bedhead T-shirt!  
Made with thick fabric in a relaxed size (XL), so please use it as loungewear or pajamas instead~","4","https://x.com/giwa_/status/2052700788452098127/analytics","4.6K","","https://abs.twimg.com/emoji/v2/svg/1f338.svg","","26","Show original","","#Holocure11th","","","186","https://pbs.twimg.com/media/HHyofI8bkAAqY8T?format=jpg&name=360x360","https://x.com/giwa_/status/2052700788452098127/photo/2","",""
"https://x.com/GSD_hide","https://pbs.twimg.com/profile_images/1379974039872020485/gfuFVuEe_normal.jpg","GSD / darts uniform & apparel","@GSD_hide","https://x.com/GSD_hide/status/2052554087682736615","18h","https://x.com/GSD_hide/status/2052554087682736615/photo/1","https://pbs.twimg.com/media/HHwi_pabMAAYiUm?format=jpg&name=small","","Translated from Japanese","GSD WEB SHOP
Re-Stock information","1","https://x.com/GSD_hide/status/2052554087682736615/analytics","13K","PLAYER COLOR of GSD DRIP T-shirts
We've restocked, especially focusing on those of players affiliated with JAPAN!

Please check it out as soon as possible, we're waiting for you","https://abs.twimg.com/emoji/v2/svg/1f6d2.svg","https://abs.twimg.com/emoji/v2/svg/2728.svg","22","Show original","GSD DRIP T-shirts","","Show more","","65","https://pbs.twimg.com/media/HHwjBpca4AAAKuh?format=jpg&name=small","https://x.com/GSD_hide/status/2052554087682736615/photo/2","",""
"https://x.com/ksn_indigo","https://pbs.twimg.com/profile_images/1837011324653686785/Mhsjevpk_normal.jpg","5/8-13 横浜髙島屋9階催事場「現代の職人たち展」","@ksn_indigo","https://x.com/ksn_indigo/status/2052762222737408047","4h","","","","Translated from Japanese","The first day of the event at Yokohama Takashimaya has wrapped up! A wide range of items has found their way to customers, and we're truly grateful. The new piece ""One-Piece Dress Dyed in Nihon Daisei"" (¥66,000 incl. tax) has garnered a lot of attention—it's a delight. We'd be","1","https://x.com/ksn_indigo/status/2052762222737408047/analytics","349","","","","1","Show original","","","Show more","","","https://pbs.twimg.com/amplify_video_thumb/2052762159164403712/img/eckr6UnwZx3Qob-D.jpg","","",""
"https://x.com/109387392I","https://pbs.twimg.com/profile_images/1806766266579091456/sLag_2eE_normal.jpg","Urbaee","@109387392I","https://x.com/109387392I/status/2052351186410569746","May 7","","","","xl","Ini","","https://x.com/109387392I/status/2052351186410569746/analytics","240","gangguan apa ya? Sampe hilang sama sekali gitu","","","","sinyal","","","","","","https://pbs.twimg.com/media/HHtqhrrbkAASS2O?format=jpg&name=small","https://x.com/109387392I/status/2052351186410569746/photo/1","",""
"https://x.com/agarsupayakaya","https://pbs.twimg.com/profile_images/2041481297978347520/1QwHxceA_normal.jpg","","@agarsupayakaya","https://x.com/agarsupayakaya/status/2052620755373088998","14h","","","","sinyal","asli","1","https://x.com/agarsupayakaya/status/2052620755373088998/analytics","105","","","","","XL","di kl gacor banget siall, kenapa di jkt malah kayak taiii","","","","","","","",""
"https://x.com/veechra","https://pbs.twimg.com/profile_images/2041429253431140353/ccbus-sk_normal.jpg","rav","@veechra","https://x.com/veechra/status/2052763788869595541","4h","","","","xl","kalo udh nyampe rumah gua jadi susah","3","https://x.com/veechra/status/2052763788869595541/analytics","34","anjg","","","","sinyal","","","","","","","","",""
"https://x.com/zahrxo","https://pbs.twimg.com/profile_images/1962546268804415488/GnFuLu7j_normal.jpg","dotnt know","@zahrxo","https://x.com/zahrxo/status/2052191157908906439","May 7","","","","sinyal","gila","1","https://x.com/zahrxo/status/2052191157908906439/analytics","113","","","","1","XL","hilaang","","","","","","","",""
"https://x.com/tataputridotcom","https://pbs.twimg.com/profile_images/1862133500574584832/xF6D9DpK_normal.jpg","natatata","@tataputridotcom","https://x.com/tataputridotcom/status/2052696442024972741","9h","","","","sinyal","jujur imo","","https://x.com/tataputridotcom/status/2052696442024972741/analytics","102","","","","","xl","sampah bgt SAMPAH BGT ANJG NGELAG MULU GUADIRUMAH APAAN KTNY 5G TP NGELAG MULU TERCEPAT TP NGELAG MULU, GUA NONTON IG DOANG LOH LOADING MULU YALLAH RIBET BGT ANJG WIFI GUA UDH","XL","","","","https://pbs.twimg.com/media/HHykh8ZbgAEFvdO?format=jpg&name=small","https://x.com/tataputridotcom/status/2052696442024972741/photo/1","",""
"https://x.com/wzznin","https://pbs.twimg.com/profile_images/2052409489954119681/asrBWaDr_normal.jpg","nin ★","@wzznin","https://x.com/wzznin/status/2052778557089431918","3h","","","","XL","LAGI KENAPA SI YA ALLAH AKU SEHARIAN MEGANG HP BNTRN, SKRNG PENGEN LIAT UPDATE AN NOMIN MALAH","","https://x.com/wzznin/status/2052778557089431918/analytics","89","","","","","SINYAL","BAPUK ARGH MARAH","XL","","","","","","",""
"https://x.com/Hallo_sai","https://pbs.twimg.com/profile_images/2004854069240971264/6roeRuAo_normal.jpg","Ukhti_sai","@Hallo_sai","https://x.com/Hallo_sai/status/2052822443765698578","58m","","","","sinyal","Mei ini gue butuh koneksi yang stabil kayak","","https://x.com/Hallo_sai/status/2052822443765698578/analytics","2","","","","","XL","biar semuanya jelas statusnya, gak digantungin terus","","","@myXL","","","","Replying to","https://x.com/myXL"
"https://x.com/msyannss","https://pbs.twimg.com/profile_images/2000795642709585920/zFSQG3gk_normal.jpg","","@msyannss","https://x.com/msyannss/status/2052307466323681404","May 7","","","","Sinyal","","1","https://x.com/msyannss/status/2052307466323681404/analytics","107","kenapeee lagi sihhh astogeee","","","","XL","","","","","","","","",""
"https://x.com/titaniaza","https://pbs.twimg.com/profile_images/1467273782750445568/kLnT2NcW_normal.jpg","flowerlady ♔","@titaniaza","https://x.com/titaniaza/status/2052701696611238181","8h","","","","xl","Halo min, mau lapor kok signal","","https://x.com/titaniaza/status/2052701696611238181/analytics","42","ku jelek bgt, padahal tinggal d kota Bekasi. selalu unstable network, sampai gbs buat game.","","","","","","","","","","","","",""
"https://x.com/v_sinnersvault","https://pbs.twimg.com/profile_images/2045522903484219392/E_3eh8a4_normal.jpg","V.exe","@v_sinnersvault","https://x.com/v_sinnersvault/status/2052288214535406065","May 7","","","","Sinyal","lu di daerah tendean dari sebulan lalu gak pernah normal","2","https://x.com/v_sinnersvault/status/2052288214535406065/analytics","328","literally semua temen gue di sini yang pake","","","","xl","ngerasain hal yang sama. Gabisa dibenerin?","","","","","","","",""
"https://x.com/0xAirdropCore","https://pbs.twimg.com/profile_images/2011071940665147392/IvWD-OTj_normal.jpg","0xRey.eth","@0xAirdropCore","https://x.com/0xAirdropCore/status/2052792097330352612","2h","","","","sinyal","Mei ini gue butuh koneksi yang pasti biar semuanya aman terkendali
Di tengah hari yang serba cepat,
gue cuma mau","1","https://x.com/0xAirdropCore/status/2052792097330352612/analytics","6","yang tetap dekat.

Bukan sekadar kuat, tapi selalu ngerti kebutuhan,
nemenin chat, kerja, sampai hiburan semalaman.
Bareng","","","","XL",", semua terasa lebih ringan","","","@myXL","","","","Replying to","https://x.com/myXL"
"https://x.com/kontoIodons","https://pbs.twimg.com/profile_images/2037414201606684672/PJB-CkyB_normal.jpg","nayes s nya s. ked","@kontoIodons","https://x.com/kontoIodons/status/2052717420503257340","7h","","","","xl","kampang","","https://x.com/kontoIodons/status/2052717420503257340/analytics","30","jelek bukannye dibenerin malah dipake buat ngebuzzer tolol cs lu noh lelet bener anjing","","","","sinyal","","","","","","","","",""
"https://x.com/zeromadjest","https://pbs.twimg.com/profile_images/2011380055382036480/dQFA-C-h_normal.jpg","jeje","@zeromadjest","https://x.com/zeromadjest/status/2052368201137406002","May 7","","","","sinyal","","","https://x.com/zeromadjest/status/2052368201137406002/analytics","76","kenapa dahhhhhh","","","","xl","","","","","","","","",""
"https://x.com/bubub00","https://pbs.twimg.com/profile_images/1988628895319691264/zjDFF3EC_normal.jpg","zaa","@bubub00","https://x.com/bubub00/status/2052765735500591431","4h","","","","sinyal","gatau udh brp kli ngeluhin","","https://x.com/bubub00/status/2052765735500591431/analytics","13","","https://abs.twimg.com/emoji/v2/svg/1f60f.svg","","","xl","yaAllah biasanya full bar ini kek dikit bgtt, kdg full bar jg","sinyal","","","","","","",""
"https://x.com/avejwoo","https://pbs.twimg.com/profile_images/1682173255191515136/65nQc_8o_normal.jpg","eva","@avejwoo","https://x.com/avejwoo/status/2049005621962568141","Apr 28","","","","sinyal","","2","https://x.com/avejwoo/status/2049005621962568141/analytics","185","jelek ih plis deh nol mulu atau cuma 1 bar dr kmrn","https://abs.twimg.com/emoji/v2/svg/1f62d.svg","","5","xl","","","","","","","","",""
"https://x.com/dedydjun","https://pbs.twimg.com/profile_images/1965041074436792320/VyBHn44u_normal.jpg","Dedi","@dedydjun","https://x.com/dedydjun/status/2042922218485940420","Apr 11","","","","sinyal","Ini knp tbtb","1","https://x.com/dedydjun/status/2042922218485940420/analytics","676","","https://abs.twimg.com/emoji/v2/svg/1f62d.svg","","","xl","down. Curiga ini towernya kesamber gledek tadi pas ada petir","","","","","","","",""
"https://x.com/bunnny_kim","https://pbs.twimg.com/profile_images/2035017226781433858/4rF8Ujk0_normal.jpg","Ontynya Naluna dan Nalendra Mahameru's","@bunnny_kim","https://x.com/bunnny_kim/status/2051323435566223558","May 4","","","","XL","tuh kenapa sih, kok malah gada","1","https://x.com/bunnny_kim/status/2051323435566223558/analytics","405","dan darurat","https://abs.twimg.com/emoji/v2/svg/1f62d.svg","https://abs.twimg.com/emoji/v2/svg/1f62d.svg","1","sinyal","","","","","","","","",""
"https://x.com/mendingberdiri","https://pbs.twimg.com/profile_images/2014143421049704448/A3H8Es-P_normal.jpg","Robi","@mendingberdiri","https://x.com/mendingberdiri/status/2047249227160691041","Apr 23","","","","sinyal","Ini","3","https://x.com/mendingberdiri/status/2047249227160691041/analytics","3.1K","indihome gangguan kah daritadi?
Terus","","","8","sinyal","","xl","","","","","","",""
"https://x.com/Aishwabaha2022","https://pbs.twimg.com/profile_images/1992837802413998080/Lra5oEHa_normal.jpg","Aishwa Baha Dzulhijah","@Aishwabaha2022","https://x.com/Aishwabaha2022/status/2052813505695481926","1h","","","@Annajmussaaqib","sinyal","Mei ini gue butuh koneksi yang sekuat","","https://x.com/Aishwabaha2022/status/2052813505695481926/analytics","1","","","","","XL","biar semuanya kerasa dekat, rindu terobati, dan video call sama ayang nggak putus di tengah janji. 

Yuk ikutan","","@kxxclypii_","@myXL","","","","Replying to","https://x.com/myXL"
"https://x.com/Arif20s","https://pbs.twimg.com/profile_images/462253990789394432/dpLSaEu-_normal.jpeg","Arif Hasanudin","@Arif20s","https://x.com/Arif20s/status/2052193641272328511","May 7","","","","Sinyal","","1","https://x.com/Arif20s/status/2052193641272328511/analytics","60","ampassss di kantor","","","","xl","","","","","","","","",""
"https://x.com/munandar20ra","https://pbs.twimg.com/profile_images/1631270276951597058/0kAIAHqw_normal.jpg","Rendi Aris Munandar","@munandar20ra","https://x.com/munandar20ra/status/2046688395959959961","Apr 22","","","","sinyal","Ini","2","https://x.com/munandar20ra/status/2046688395959959961/analytics","1.7K","","","","1","XL","lagi gangguan apa gimana dah, dari kemarin lemot banget","","","","","","","",""
"https://x.com/jojaejen","https://pbs.twimg.com/profile_images/1694612504742387712/Puak1nlY_normal.jpg","","@jojaejen","https://x.com/jojaejen/status/2052258496968814904","May 7","https://help.x.com/rules-and-policies/authenticity","https://abs.twimg.com/responsive-web/client-web/parody-mask.92274f0a.svg","Parody account","Sinyal","burik ini sampe mau nonton ytube aja gak bisa fakkkk","1","https://x.com/jojaejen/status/2052258496968814904/analytics","76","","","","","xl","","","","","","","","",""
"https://x.com/hocgyu","https://pbs.twimg.com/profile_images/2050332042265776128/h7YGSQXB_normal.jpg",". ⋆. 𐙚 Hazel˚ Read pinned","@hocgyu","https://x.com/hocgyu/status/2052241775876809021","May 7","https://help.x.com/rules-and-policies/authenticity","https://abs.twimg.com/responsive-web/client-web/parody-mask.92274f0a.svg","Fan account","XL","kyak tai,","1","https://x.com/hocgyu/status/2052241775876809021/analytics","86","nya ilang”an teruss","","","","sinyal","","","","","","","","",""
"https://x.com/agarsupayakaya","https://pbs.twimg.com/profile_images/2041481297978347520/1QwHxceA_normal.jpg","","@agarsupayakaya","https://x.com/agarsupayakaya/status/2051939945347158020","May 6","","","","sinyal","branding","1","https://x.com/agarsupayakaya/status/2051939945347158020/analytics","123","ampe Ultra 5G+ tapi plenger adalah","","","1","XL",", benci bgt","","","","","","","",""
"https://x.com/muthiwawaw","https://pbs.twimg.com/profile_images/1623497859374129152/6tTl1bYY_normal.jpg","'ㅅ' muth큥","@muthiwawaw","https://x.com/muthiwawaw/status/2046527287819141251","Apr 21","","","","sinyal","","2","https://x.com/muthiwawaw/status/2046527287819141251/analytics","117","masih bapuka","","","","xl","","","","","","","","",""
"https://x.com/tseurii","https://pbs.twimg.com/profile_images/2040468440117559296/nGrmDl4A_normal.jpg","𝗥𝗶𝗿𝗶","@tseurii","https://x.com/tseurii/status/2052037920631214556","May 6","","","","XL","","2","https://x.com/tseurii/status/2052037920631214556/analytics","272","u mcm sampah bingittttt","","","2","sinyal","","","","","","","","",""
"https://x.com/pritriya","https://pbs.twimg.com/profile_images/2047300850729811969/hJem_xaJ_normal.jpg","f.","@pritriya","https://x.com/pritriya/status/2052311923430179149","May 7","","","","XL","Mei ini gue butuh koneksi yang","1","https://x.com/pritriya/status/2052311923430179149/analytics","99","biar semuanya lancar, chat pacar cepet dibales, video call ga putus-putus, plus kerjaan sehari-hari juga mengalir. Biar Mei ini romantis sama","","","","sinyal","yang stabil dan ga bikin pusing.","#myXL","","@myXL","","","","Replying to","https://x.com/myXL"
"https://x.com/pritriya","https://pbs.twimg.com/profile_images/2047300850729811969/hJem_xaJ_normal.jpg","f.","@pritriya","https://x.com/pritriya/status/2052776196790956172","4h","","","","XL","Mei ini gue butuh koneksi yang","1","https://x.com/pritriya/status/2052776196790956172/analytics","19","biar semuanya lancar, chat pacar cepet dibales, video call ga putus-putus, plus kerjaan sehari-hari juga mengalir. Biar Mei ini romantis sama","","","","sinyal","yang stabil dan ga bikin pusing.","#myXL","","@myXL","","","","Replying to","https://x.com/myXL"
"https://x.com/flouqismyraa","https://pbs.twimg.com/profile_images/2034829955524435969/ehnV86eG_normal.jpg","myra","@flouqismyraa","https://x.com/flouqismyraa/status/2052722647629439267","7h","","","@xl","","shibal seikya","","https://x.com/flouqismyraa/status/2052722647629439267/analytics","8","","","","","sinyal","lu kampung","","","","","","","",""
"https://x.com/SendiRian86","https://pbs.twimg.com/profile_images/1339957210638499840/DbvtILuB_normal.jpg","pratama","@SendiRian86","https://x.com/SendiRian86/status/2052256947056128169","May 7","","","","sinyal","""Mei ini gue butuh koneksi yang Stabil dari","","https://x.com/SendiRian86/status/2052256947056128169/analytics","43","","","","","XL","nya biar semuanya lancar internetan pake","XL","","@myXL","","","","Replying to","https://x.com/myXL"
"https://x.com/eyditye","https://pbs.twimg.com/profile_images/2048052109778776064/Cf7IoZoT_normal.jpg","Aditya Ramadhan","@eyditye","https://x.com/eyditye/status/2046218149931147749","Apr 20","","","@myXL","sinyal","","1","https://x.com/eyditye/status/2046218149931147749/analytics","433","di bekasi udah kayak masih tahun 2014","","","","xl","","","","","","https://pbs.twimg.com/media/HGWgj2Ib0AArjGy?format=jpg&name=small","https://x.com/eyditye/status/2046218149931147749/photo/1","",""
"https://x.com/pritriya","https://pbs.twimg.com/profile_images/2047300850729811969/hJem_xaJ_normal.jpg","f.","@pritriya","https://x.com/pritriya/status/2052269736399167759","May 7","","","","XL","Mei ini gue butuh koneksi yg","1","https://x.com/pritriya/status/2052269736399167759/analytics","272","biar semuanya ga lemot kayak mantan bales chat, kerjaan lancar tanpa buffering, scroll TikTok mulus sampe pagi, dan semua deadline kejar tanpa drama","https://abs.twimg.com/emoji/v2/svg/1f499.svg","","","sinyal","drop. Pokoknya Mei ini harus on fire full!","#myXL","#XLGiveaway","@myXL","","","","Replying to","https://x.com/myXL"
"https://x.com/angelsuprtx","https://pbs.twimg.com/profile_images/2045576873132826624/8XgE-OHw_normal.jpg","sila","@angelsuprtx","https://x.com/angelsuprtx/status/2052830904851050513","25m","","","","Translated from Turkish","I'm missing my ex, and at that moment, I see a friend in the same industry racking up successes, and after feeling crushed about my own career, I say ""fuck your ex"" and ""look at what I'm getting upset over"" like OFFFFF","1","https://x.com/angelsuprtx/status/2052830904851050513/analytics","27","","","","","Show original","","","","","","","","",""
"https://x.com/urwndrgirl","https://pbs.twimg.com/profile_images/1725832211843407872/a1OAPwvN_normal.jpg","sasa","@urwndrgirl","https://x.com/urwndrgirl/status/2050829805415997634","May 3","","","and","sinyal","kak 2 hari ini","","https://x.com/urwndrgirl/status/2050829805415997634/analytics","106","","","","","xl","knp edge trs? biasanya gapernah gini. udh aku ubah ke sim lain, trs aku pake nomor","xl","","@pmtkemkomdigi","","","","Replying to","https://x.com/pmtkemkomdigi"
"https://x.com/Zulkidn","https://pbs.twimg.com/profile_images/1686189954840551424/IwtU9BKQ_normal.jpg","z ☽̶☾","@Zulkidn","https://x.com/Zulkidn/status/2033199122392748512","Mar 15","","","","Sinyal","","","https://x.com/Zulkidn/status/2033199122392748512/analytics","82","burik bgt gila","","","","xl","","","","","","","","",""
"https://x.com/kuro_2013","https://pbs.twimg.com/profile_images/2028462529098428416/ZGxofaYh_normal.jpg","uwak tenxi","@kuro_2013","https://x.com/kuro_2013/status/2045423390107079054","Apr 18","https://help.x.com/rules-and-policies/authenticity","https://abs.twimg.com/responsive-web/client-web/parody-mask.92274f0a.svg","Parody account","Sinyal","","","https://x.com/kuro_2013/status/2045423390107079054/analytics","129","di jatimakmur sm jatibening jelek bgt","","","","XL","","","","","","","","",""
"https://x.com/FajrulAzmi","https://pbs.twimg.com/profile_images/2022276494752722945/mQoTRZXo_normal.jpg","Fajrul Azmi Syahputra","@FajrulAzmi","https://x.com/FajrulAzmi/status/2052689289897779458","9h","","","","sinyal","mei ini gue butuh koneksi yang stabil ,harga murah dan","","https://x.com/FajrulAzmi/status/2052689289897779458/analytics","35","kenceng  siapa lagi kalau bukan","","","","XL","! Biar semuanya gampang buat kehidupan sehari hari ,karna zaman sekarang sangat mengandalkan internet aplagi jaringan yang memadai seperti","XL","","@myXL","","","","Replying to","https://x.com/myXL"
"https://x.com/rainbowwsxx","https://pbs.twimg.com/profile_images/1652573826981728256/CGc0S4mr_normal.jpg","z.","@rainbowwsxx","https://x.com/rainbowwsxx/status/2051559345733927039","May 5","","","","XL","ini","","https://x.com/rainbowwsxx/status/2051559345733927039/analytics","55","jg gada","","","","sinyal",", sampe skrg gak bisa-bisa juga sinyalnya bikin emosi","","","","","","","",""
"https://x.com/venandi_spei","https://pbs.twimg.com/profile_images/1962798898029961221/xAhKULGr_normal.jpg","Esharp","@venandi_spei","https://x.com/venandi_spei/status/2046610418832142836","Apr 21","","","","sinyal","Sumpah ini dari kemaren kemaren","3","https://x.com/venandi_spei/status/2046610418832142836/analytics","527","","","","2","xl","kenapa sih jelek banget...bahkan gak bisa dipake hotspot atau buka discord...youtube aja ngelag and I'm at 144p wtf is going on","","","","","","","",""
"https://x.com/zarkarion","https://pbs.twimg.com/profile_images/1925499414187319300/4HIXtmXo_normal.jpg","Zar","@zarkarion","https://x.com/zarkarion/status/2052629814121742713","13h","","https://pbs.twimg.com/profile_images/1610613801526890500/aBOa83uV_mini.jpg","Tanyarlfes","XL","Prioritas 125k dapet 125gb, dapet akun vidio juga.","1","https://x.com/zarkarion/status/2052629814121742713/analytics","60","cenderung bagus stabil. Tapi aku ga tau ini ada fisiknya atau cuma esim aja","","","Automated by","Sinyal","@tanyarlfes","·","","Quote","","","","18h",""
"https://x.com/protprotttt","https://pbs.twimg.com/profile_images/2052716495994798080/0EYGyGps_normal.jpg","Bibi","@protprotttt","https://x.com/protprotttt/status/2052557417616113957","18h","https://help.x.com/rules-and-policies/authenticity","https://abs.twimg.com/responsive-web/client-web/parody-mask.92274f0a.svg","Parody account","sinyal","semalem matlis, provider yg ada internetnya ilang","1","https://x.com/protprotttt/status/2052557417616113957/analytics","74","total jd pengen beli kuota int","https://abs.twimg.com/emoji/v2/svg/1f642.svg","https://abs.twimg.com/emoji/v2/svg/1f642.svg","1","xl","manual, eh malah diarahin ke myxl ujungnya","","","","","https://pbs.twimg.com/media/HHwmGAEbkAAqtU0?format=jpg&name=small","https://x.com/protprotttt/status/2052557417616113957/photo/1","",""
"https://x.com/pleentyj","https://pbs.twimg.com/profile_images/2033112522329567232/-xyTmsgc_normal.jpg","Kaa","@pleentyj","https://x.com/pleentyj/status/2046574388800262225","Apr 21","","","","Sinyal","","2","https://x.com/pleentyj/status/2046574388800262225/analytics","183","jelek banget iiii malesin","","","1","xl","","","","","","https://pbs.twimg.com/media/HGbkh2EaQAAOpcF?format=jpg&name=medium","https://x.com/pleentyj/status/2046574388800262225/photo/1","",""
"https://x.com/gardadewangga","https://pbs.twimg.com/profile_images/1975798732450095104/dwD9bd4F_normal.jpg","vin","@gardadewangga","https://x.com/gardadewangga/status/2032320162968547631","Mar 13","","","","sinyal","","","https://x.com/gardadewangga/status/2032320162968547631/analytics","125","jelek dah","","","","XL","","","","","","","","",""
"https://x.com/lanadamnray","https://pbs.twimg.com/profile_images/2012958455771144192/ujnRQM-0_normal.jpg","alda","@lanadamnray","https://x.com/lanadamnray/status/2041532084980953506","Apr 7","","","","sinyal","Hari hari kayaknya bakal sambat perkara","1","https://x.com/lanadamnray/status/2041532084980953506/analytics","145","","","","","XL","deh. Amboiiii","","","","","","","",""
"https://x.com/ndylrendy","https://pbs.twimg.com/profile_images/1584501770176593922/u3-4TxfU_normal.jpg","RENDY","@ndylrendy","https://x.com/ndylrendy/status/2032481620532588801","Mar 13","","","@myXLCare","sinyal","butut, butut","2","https://x.com/ndylrendy/status/2032481620532588801/analytics","851","","https://abs.twimg.com/emoji/v2/svg/1f644.svg","https://abs.twimg.com/emoji/v2/svg/1f644.svg","4","xl","dah 4 hari nih !!!!! 
daerah bdg,","xl","xl","","","","","",""
"https://x.com/herrysw","https://pbs.twimg.com/profile_images/2006535115388993536/dsEca3tg_normal.jpg","Herry SW","@herrysw","https://x.com/herrysw/status/2050409940402246027","May 2","","","","","Posisinya lebih ke seri X yang lapis agak bawah. Lapisan teratasnya X dengan akhiran Ultra.","1","https://x.com/herrysw/status/2050409940402246027/analytics","92","","","","","","","","","@balyan_aul","","","","Replying to","https://x.com/balyan_aul"
"https://x.com/kucivg","https://pbs.twimg.com/profile_images/1991119607193862144/xtxvdyaJ_normal.jpg","Jef.","@kucivg","https://x.com/kucivg/status/2029447645039870369","Mar 5","","","","sinyal","Kemaren pas bukber naik gocar, ada waktu dimana gua sama yang lain lagi ngeroasting","1","https://x.com/kucivg/status/2029447645039870369/analytics","183","","","","1","XL",". 

Singkat cerita drivernya nanya, kalian kerja dimana, terus kita jawab di","XL","","","","","","",""
"https://x.com/ullquiorrac","https://pbs.twimg.com/profile_images/2037012790423281667/xdsDNaVJ_normal.jpg","Cifer.","@ullquiorrac","https://x.com/ullquiorrac/status/2040102763401765234","Apr 3","","","","Sinyal","","2","https://x.com/ullquiorrac/status/2040102763401765234/analytics","127","busuk banget najis","","","","xl","","","","","","","","",""
"https://x.com/Willuhugme","https://pbs.twimg.com/profile_images/1913644798982180864/G-0JbFll_normal.jpg","Will","@Willuhugme","https://x.com/Willuhugme/status/2034553287396196763","Mar 19","","","","sinyal","Di alabasta ga ada","1","https://x.com/Willuhugme/status/2034553287396196763/analytics","555","","","","","xl",", nangis","","","","","","","",""
"https://x.com/lembarunika","https://pbs.twimg.com/profile_images/2030919638599806976/DGNm9FiO_normal.jpg","dyy","@lembarunika","https://x.com/lembarunika/status/2050769248356909181","May 3","https://help.x.com/rules-and-policies/authenticity","https://abs.twimg.com/responsive-web/client-web/parody-mask.92274f0a.svg","Parody account","sinyal","udah 5 hari bar","1","https://x.com/lembarunika/status/2050769248356909181/analytics","453","4G/LTE","","","","XL","di daerah saya 0 terus nih","sinyal","","","","","","",""
"https://x.com/mingyugoreng","https://pbs.twimg.com/profile_images/1895499590352424960/LV-jkclr_normal.jpg","mention setelah DM","@mingyugoreng","https://x.com/mingyugoreng/status/2052659715193417730","11h","","","EP6 EXO EXHORIZON JAKARTA","sinyal","Wta guys di indonesia arena,","1","https://x.com/mingyugoreng/status/2052659715193417730/analytics","312","paling bagus itu kartu apa ya? 
Ak mau beli kartu telkomsel atau","","","","XL","mending mana yg aman sinyalnya di IA","","","","","","","",""
"https://x.com/SIRRIKII","https://pbs.twimg.com/profile_images/2052726539247390721/A5E5NHZZ_normal.jpg","Noah","@SIRRIKII","https://x.com/SIRRIKII/status/2050618996022812772","May 2","https://help.x.com/rules-and-policies/authenticity","https://abs.twimg.com/responsive-web/client-web/parody-mask.92274f0a.svg","Parody account","","͏

͏

͏

͏

͏

͏

͏

͏

͏

͏

͏

͏

͏

͏

͏

͏

͏

͏

͏

͏

͏

͏

͏

͏

͏

͏

͏

͏

͏

͏

͏

͏

͏

͏

͏

͏

͏

͏

͏

͏

͏

͏

͏

͏

͏

͏

͏

͏

͏

͏

͏

͏

͏

͏

͏

͏

͏

͏͏

͏

͏

͏

͏

͏

͏

͏

͏

͏

͏

͏

͏

͏

͏

͏

͏

͏

͏

͏

͏

͏

͏

͏

͏

Pembersihan tl","","https://x.com/SIRRIKII/status/2050618996022812772/analytics","","","","","","","","","","","","","","",""
"https://x.com/idrakid_","https://pbs.twimg.com/profile_images/2046666302945976320/tJ-_uX1Q_normal.jpg","dika","@idrakid_","https://x.com/idrakid_/status/2040296372860059948","Apr 4","","","","sinyal","Ini kok","2","https://x.com/idrakid_/status/2040296372860059948/analytics","531","","","","","XL","tiba2 anjlog banget","","","","","","","",""
"https://x.com/kopikapalapi_18","https://pbs.twimg.com/profile_images/2031241073243336706/pi3HbL92_normal.jpg","kopikapalapi","@kopikapalapi_18","https://x.com/kopikapalapi_18/status/2045410320848707731","Apr 18","","","","Sinyal","Ntah perasaan saya saja atau memang terjadi dibanyak pelanggan.","1","https://x.com/kopikapalapi_18/status/2045410320848707731/analytics","200","Provider","","","1","XL","di perangkat Apple kok kurang “greget” ya? Beda banget pas pakai Indosat/3 dan Tsel. Walopun gk full bar, koneksi data Indosat/3 dan Tsel lebih mumpuni ketimbang","XL","","","","","","",""
"https://x.com/blnicaaa","https://pbs.twimg.com/profile_images/2052565477755658240/MYDXJCau_normal.jpg","𝐉.𝐃𝐚𝐳𝐳𝐥𝐢𝐧𝐠.𝐊","@blnicaaa","https://x.com/blnicaaa/status/2040291757745955181","Apr 4","https://help.x.com/rules-and-policies/authenticity","https://abs.twimg.com/responsive-web/client-web/parody-mask.92274f0a.svg","Fan account","Sinyal","","","https://x.com/blnicaaa/status/2040291757745955181/analytics","123","bapuk banget bzirr, sebel banget","","","","XL","","","","","","","","",""
"https://x.com/kimjulzz","https://pbs.twimg.com/profile_images/2024002880211218432/Zbb7OJlg_normal.jpg","Julian ","@kimjulzz","https://x.com/kimjulzz/status/2037748866146263522","Mar 28","","","","Sinyal","5G","4","https://x.com/kimjulzz/status/2037748866146263522/analytics","2.4K","bapuk bgtt","","","14","XL","","","","","","","","",""
"https://x.com/1stScretAdmrer","https://pbs.twimg.com/profile_images/1645910643277692929/KPLZuViE_normal.jpg","Beasiswa: Be Dick Me See (Chp. 6)","@1stScretAdmrer","https://x.com/1stScretAdmrer/status/2032102239792460158","Mar 12","","","","sinyal","Bapuk amat","","https://x.com/1stScretAdmrer/status/2032102239792460158/analytics","37","","","","","xl","","","","","","","","",""
"https://x.com/celestialhntr","https://pbs.twimg.com/profile_images/2017785637404086272/EkqULGBt_normal.jpg","","@celestialhntr","https://x.com/celestialhntr/status/2050406079667011932","May 2","","","","sinyal","Sumpah","1","https://x.com/celestialhntr/status/2050406079667011932/analytics","61","","","","","xl","busuk banget","","","","","","","",""
"https://x.com/maziftakh","https://pbs.twimg.com/profile_images/2038184752214396928/Y2WUntx9_normal.jpg","​","@maziftakh","https://x.com/maziftakh/status/2052610443374698687","15h","","","and","XL","kenapa wajib","​​","https://x.com/maziftakh/status/2052610443374698687/analytics","28","di bulan Mei:  
-","https://abs.twimg.com/emoji/v2/svg/1f4f6.svg","https://abs.twimg.com/emoji/v2/svg/1f680.svg","​​","sinyal","Jaringan luas :  Dari kota sampe desa,","​​","​​","@maziftakh","​​","","","Replying to","https://x.com/maziftakh"
"https://x.com/SIRRIKII","https://pbs.twimg.com/profile_images/2052726539247390721/A5E5NHZZ_normal.jpg","Noah","@SIRRIKII","https://x.com/SIRRIKII/status/2050618996022812772","May 2","https://help.x.com/rules-and-policies/authenticity","https://abs.twimg.com/responsive-web/client-web/parody-mask.92274f0a.svg","Parody account","","͏

͏

͏

͏

͏

͏

͏

͏

͏

͏

͏

͏

͏

͏

͏

͏

͏

͏

͏

͏

͏

͏

͏

͏

͏

͏

͏

͏

͏

͏

͏

͏

͏

͏

͏

͏

͏

͏

͏

͏

͏

͏

͏

͏

͏

͏

͏

͏

͏

͏

͏

͏

͏

͏

͏

͏

͏

͏͏

͏

͏

͏

͏

͏

͏

͏

͏

͏

͏

͏

͏

͏

͏

͏

͏

͏

͏

͏

͏

͏

͏

͏

͏

Pembersihan tl","","https://x.com/SIRRIKII/status/2050618996022812772/analytics","972","","","","","","","","","","","","","",""
"https://x.com/t48ul","https://pbs.twimg.com/profile_images/2040723344396541952/KE9PGlL6_normal.jpg","Lian","@t48ul","https://x.com/t48ul/status/2046152433815245179","Apr 20","","","","sinyal","Ini kenapa deh? Wifi ga bisa,","1","https://x.com/t48ul/status/2046152433815245179/analytics","401","","","","","XL","juga error 3)","","","","","","","",""
"https://x.com/cauzerff","https://pbs.twimg.com/profile_images/1810954593813286912/4Rlg0tWn_normal.jpg","szky ⚡︎","@cauzerff","https://x.com/cauzerff/status/2041547662823211308","Apr 7","","","","Sinyal","","","https://x.com/cauzerff/status/2041547662823211308/analytics","160","mbappukknya nggak ketulungan, kek masa berlakunya kena sunat jadi cuman 28 hari. Jaringannya bukannya kenceng, malah makin blangsak jeleknya","","","","XL","","","","","","https://pbs.twimg.com/media/HFUIxzba8AACIZL?format=png&name=small","https://x.com/cauzerff/status/2041547662823211308/photo/1","",""
"https://x.com/xlsatu_","https://pbs.twimg.com/profile_images/1759861414473465856/-B85dEo3_normal.jpg","XL SATU","@xlsatu_","https://x.com/xlsatu_/status/2052826816168268227","43m","","","","XL","Hi Bapak Doni, maaf ya sementara ini kami tidak bisa merespon mention/DM yang Anda kirim ke Twitter","","https://x.com/xlsatu_/status/2052826816168268227/analytics","7",". Tapi jangan khawatir, Anda dapat menghubungi kami melalui Livechat di aplikasi myXL, WhatsApp  08170010820 / Facebook Page","","","","","Satu ya. Thanks  - ^Nika","","","@DoniAsali_MRT","","","","Replying to","https://x.com/DoniAsali_MRT"
"https://x.com/urwndrgirl","https://pbs.twimg.com/profile_images/1725832211843407872/a1OAPwvN_normal.jpg","sasa","@urwndrgirl","https://x.com/urwndrgirl/status/2050830091484344827","May 3","","","","sinyal","kak,","1","https://x.com/urwndrgirl/status/2050830091484344827/analytics","66","nya udh bisa blm. aku pake","","","","xl","jg smp skrg masih gamau 4g sinyalnya padhal full","","","@greyrapyie","","","","Replying to","https://x.com/greyrapyie"
"https://x.com/hydhp_","https://pbs.twimg.com/profile_images/1833881934298263552/-ND7M7X6_normal.jpg","❀","@hydhp_","https://x.com/hydhp_/status/2037802144297037881","Mar 28","","","","sinyal","Ini","","https://x.com/hydhp_/status/2037802144297037881/analytics","56","","","","","xl","knpa dah","","","","","","","",""
"https://x.com/axnsrl","https://pbs.twimg.com/profile_images/1668943637143760897/EKoWKkXF_normal.jpg","bass kubetot","@axnsrl","https://x.com/axnsrl/status/2051131888522367254","May 4","","","","sinyal","jing","","https://x.com/axnsrl/status/2051131888522367254/analytics","114","lu kacau","","","","xl","","sinyal","","","","","","",""
"https://x.com/4xinglonging","https://pbs.twimg.com/profile_images/2046890074617569280/_f3_BgaR_normal.jpg","Ꮆꫀmꪗ","@4xinglonging","https://x.com/4xinglonging/status/2051991614554570954","May 6","","","@qinselene","","OVERSIZEEEEE SYLUS SYG!! Biarkan semua org tau seksinya tu laki :3","","https://x.com/4xinglonging/status/2051991614554570954/analytics","","","https://abs.twimg.com/emoji/v2/svg/1f48e.svg","","","1","","","","","","","","Replying to",""
"https://x.com/thaienthufr","https://pbs.twimg.com/profile_images/2011394217424343040/GDutgp3S_normal.jpg","NAYYA ᡣ𐭩.ᐟ","@thaienthufr","https://x.com/thaienthufr/status/2045860548395614416","Apr 19","","","","Sinyal","","","https://x.com/thaienthufr/status/2045860548395614416/analytics","69","makin busuk","","","","xl","","","","","","","","",""
"https://x.com/atnanuns","https://pbs.twimg.com/profile_images/2030837221054681088/AYbTr4ij_normal.jpg","adnan","@atnanuns","https://x.com/atnanuns/status/2038452540141105653","Mar 30","https://x.com/txtfrombrand/status/2038253181990564346/photo/2","https://pbs.twimg.com/media/HElUd7uaAAEZlUt?format=jpg&name=120x120","","xl","setuju, enak bgt pake paketan","3","https://x.com/atnanuns/status/2038452540141105653/analytics","823","postpaid yg ini krn perbulan dapet 80gb + 10gb kalo pilih yg esim, per 3 bulan bayar 180ribu jadi perbulan cuma bayar 60rb an dapet 90gb wkwkwk. Gladly","","","3","sinyal","","XL","","Quote","","https://pbs.twimg.com/media/HEoJyEHaQAERJBm?format=jpg&name=small","https://x.com/atnanuns/status/2038452540141105653/photo/1","Mar 29",""
"https://x.com/PrasetioWibow18","https://pbs.twimg.com/profile_images/1603711999783088128/SaKibUKD_normal.png","rhino","@PrasetioWibow18","https://x.com/PrasetioWibow18/status/2052698097755779505","9h","","","","sinyal","“Mei ini gue butuh koneksi yang *XL-uas kayak","","https://x.com/PrasetioWibow18/status/2052698097755779505/analytics","27","di puncak gunung* biar semuanya *XL-egowo dan no drama*”","","","","","","","","@myXL","","","","Replying to","https://x.com/myXL"
"https://x.com/wudyoubemine","https://pbs.twimg.com/profile_images/2045315836945285120/enLF10W__normal.jpg","EclipseWanderer","@wudyoubemine","https://x.com/wudyoubemine/status/2030615372068704368","Mar 8","","","","XL","Sebenernya lelah banget pake telkomshit. Udahlah data ke leaked, jaringan juga sering tiba2 ilang. Notif pesan masuk pun telat terus. 

Pembandingnya adalah hp gw yg pake","3","https://x.com/wudyoubemine/status/2030615372068704368/analytics","905",",","","","7","sinyal","on terus. Notif pesan pun lebih cepat…

Ada yg sama?","","","","","","","",""
"https://x.com/RJAYANGG","https://pbs.twimg.com/profile_images/1791922871398469632/TkRImT8u_normal.jpg","SENDAL JEPIT","@RJAYANGG","https://x.com/RJAYANGG/status/2045521046716248278","Apr 18","https://help.x.com/rules-and-policies/authenticity","https://abs.twimg.com/responsive-web/client-web/parody-mask.92274f0a.svg","Parody account","sinyal","","2","https://x.com/RJAYANGG/status/2045521046716248278/analytics","425","di jaksel jelek banget dah ah biasanya juga sampe 3 bar ini cuma 1 bar ga bisa buka apa2 ,buset ngapa dah","","","1","xl","","","","","","","","",""
"https://x.com/nwamwaaa","https://pbs.twimg.com/profile_images/2003027117475602432/EOwls0UL_normal.jpg","Zahra✿ ᵖᵗ²","@nwamwaaa","https://x.com/nwamwaaa/status/2032299676788252751","Mar 13","https://help.x.com/rules-and-policies/authenticity","https://abs.twimg.com/responsive-web/client-web/parody-mask.92274f0a.svg","Fan account","Sinyal","","1","https://x.com/nwamwaaa/status/2032299676788252751/analytics","269","lagi kenapa sih dari kemarin, padahal pake prioritas tapi tetep jelek","https://abs.twimg.com/emoji/v2/svg/1fae0.svg","","","xl","","","","","","https://pbs.twimg.com/media/HDQtyHIaYAACwQ2?format=jpg&name=small","https://x.com/nwamwaaa/status/2032299676788252751/photo/1","",""
"https://x.com/kareena_vee","https://pbs.twimg.com/profile_images/2010611993712160768/aAbIUUWC_normal.jpg","kareena","@kareena_vee","https://x.com/kareena_vee/status/2043922200575799674","Apr 14","https://x.com/kareena_vee/status/2043922200575799674/photo/1","https://pbs.twimg.com/media/HF14Z8JasAQxzSq?format=jpg&name=small","","Sinyal","tri saat ini vs","1","https://x.com/kareena_vee/status/2043922200575799674/analytics","2K","","","","1","sinyal","saat ini","XL","","","","https://pbs.twimg.com/media/HF14aA1b0AAhNEz?format=jpg&name=small","https://x.com/kareena_vee/status/2043922200575799674/photo/2","",""
"https://x.com/Medioscre","https://pbs.twimg.com/profile_images/2037893978369220608/bNWjLeH1_normal.jpg","𝓜ikaela","@Medioscre","https://x.com/Medioscre/status/2037852960504660153","Mar 28","","","","sinyal","Kalau tau","1","https://x.com/Medioscre/status/2037852960504660153/analytics","102","","","","","XL","sejelek ini.. ga akan beli langsung 40 gb..","","","","","","","",""
"https://x.com/fuckiimax","https://pbs.twimg.com/profile_images/2050449965626044417/FZtfJrh5_normal.jpg","yop","@fuckiimax","https://x.com/fuckiimax/status/2042865874407952893","Apr 11","","","","sinyal","ini","","https://x.com/fuckiimax/status/2042865874407952893/analytics","70","","","","","xl","knp sih","","","","","","","",""
"https://x.com/literallyjipehs","https://pbs.twimg.com/profile_images/2026834564430311425/1zRHDdNE_normal.jpg","jipeh ❥ ayam geprek","@literallyjipehs","https://x.com/literallyjipehs/status/2035370279946645683","Mar 21","","","","sinyal","","1","https://x.com/literallyjipehs/status/2035370279946645683/analytics","112","dr kmrn napa sih","","","","XL","","","","","","","","",""
"https://x.com/4xinglonging","https://pbs.twimg.com/profile_images/2046890074617569280/_f3_BgaR_normal.jpg","Ꮆꫀmꪗ","@4xinglonging","https://x.com/4xinglonging/status/2051991614554570954","May 6","","","","","OVERSIZEEEEE SYLUS SYG!! Biarkan semua org tau seksinya tu laki :3","1","https://x.com/4xinglonging/status/2051991614554570954/analytics","61","","","","","","","","","@qinselene","","","","Replying to","https://x.com/qinselene"
"https://x.com/hllreka","https://pbs.twimg.com/profile_images/2046278568024723456/Axvl80Kv_normal.jpg","Rƙ","@hllreka","https://x.com/hllreka/status/2040076584363962611","Apr 3","","","","sinyal","Hadeh","","https://x.com/hllreka/status/2040076584363962611/analytics","190","","","","","XL","hari ini bapuk banget!!!!","","","","","","","",""
"https://x.com/nobi21","https://pbs.twimg.com/profile_images/1256433875577798656/EjlEO51y_normal.jpg","nobi iwank","@nobi21","https://x.com/nobi21/status/2051091765252473143","May 4","https://x.com/nobi21/status/2051091765252473143/photo/1","https://pbs.twimg.com/media/HHbw291bgAAeZ0y?format=jpg&name=small","","sinyal","Udah sangat muak dengan kondisi","","https://x.com/nobi21/status/2051091765252473143/analytics","138","","","","","XL","sudah dua Mingguan tidak stabil, sekarang malah","sinyal","","","","https://pbs.twimg.com/media/HHbwsbKa0AAFiqq?format=jpg&name=small","https://x.com/nobi21/status/2051091765252473143/photo/2","",""
"https://x.com/crescnox","https://pbs.twimg.com/profile_images/2040263860981272576/FsM5xD71_normal.jpg","Hiro.","@crescnox","https://x.com/crescnox/status/2041408670924431703","Apr 7","","","","xl","salah beli malah beli","","https://x.com/crescnox/status/2041408670924431703/analytics","151","prio akhirnya beli lagi","https://abs.twimg.com/emoji/v2/svg/1f62d.svg","","","xl","biasa walaupun gak tau","sinyal","","","","","","",""
"https://x.com/pinkieoushy","https://pbs.twimg.com/profile_images/2013788620763615232/3FDjgZfb_normal.jpg","sera","@pinkieoushy","https://x.com/pinkieoushy/status/2044259341868638356","Apr 15","","","","sinyal","anjir","1","https://x.com/pinkieoushy/status/2044259341868638356/analytics","107","","","","","xl","jelek bgt dah","","","","","","","",""
"https://x.com/Milxxfn","https://pbs.twimg.com/profile_images/2052501852751896576/EKL8wLmZ_normal.jpg","そる","@Milxxfn","https://x.com/Milxxfn/status/2050947135722688663","May 3","","","","Translated from Japanese","Name/Name to Call You By｜Sorry. I seriously don't know the name  
  Affection Level(1-100)｜80  
  Can We Call?｜Yeah, we can  
 Serious Honest Opinion/Question｜Middle East was strong  
  Can We Connect LINE?｜","1","https://x.com/Milxxfn/status/2050947135722688663/analytics","65","Notifications ON?｜Turn 'em on  
 Do This Tweet?｜","https://abs.twimg.com/emoji/v2/svg/274c.svg","https://abs.twimg.com/emoji/v2/svg/274c.svg","","Show original","","","","@xeilyfnbr","","","","Replying to","https://x.com/xeilyfnbr"
"https://x.com/cansistaa","https://pbs.twimg.com/profile_images/1454292698303664144/-gg4uJuh_normal.jpg","CAN","@cansistaa","https://x.com/cansistaa/status/2030233858508194009","Mar 7","","","","sinyal","kenapa","","https://x.com/cansistaa/status/2030233858508194009/analytics","117","","","","","xl","jadi jelek bgt","","","","","","","",""
"https://x.com/Alxxya5","https://pbs.twimg.com/profile_images/1463814127680245765/wpdtOqAO_normal.jpg","Alxxya","@Alxxya5","https://x.com/Alxxya5/status/2052248374766960803","May 7","","","","XL","Mei ini gue butuh koneksi yang super kenceng kayak","","https://x.com/Alxxya5/status/2052248374766960803/analytics","138",", biar semuanya bisa lancar tanpa hambatan","https://abs.twimg.com/emoji/v2/svg/1f525.svg","","","sinyal","atau apapun","","","@myXL","","","","Replying to","https://x.com/myXL"
"https://x.com/cinnamoncrushz","https://pbs.twimg.com/profile_images/2001726682328354816/6Q3TQMJs_normal.jpg","sye⋆౨ৎ˚","@cinnamoncrushz","https://x.com/cinnamoncrushz/status/2032801073229082949","Mar 14","","","","sinyal","","2","https://x.com/cinnamoncrushz/status/2032801073229082949/analytics","387","kenapa lagi jelek banget ya ga di jakut ga di bandung","","","","xl","","","","","","","","",""
"https://x.com/chibakutensei_","https://pbs.twimg.com/profile_images/1650724847792820227/qa9lBdQi_normal.jpg","wids","@chibakutensei_","https://x.com/chibakutensei_/status/2043673416889417919","Apr 13","","","","Sinyal","","","https://x.com/chibakutensei_/status/2043673416889417919/analytics","102","jelek banget plis","","","","XL","","","","","","","","",""
"https://x.com/mmhyyyk1","https://pbs.twimg.com/profile_images/2050407384062005248/DJVDB8OL_normal.jpg","mmhyyyk","@mmhyyyk1","https://x.com/mmhyyyk1/status/2038407825395990870","Mar 30","","","","sinyal","Dulu tuh gtw krn promo atau apa ya, dpt kuota ratusan gb bayarnya murah g nyampe 100k. Jd walau rumahku","","https://x.com/mmhyyyk1/status/2038407825395990870/analytics","64","","","","","xl","jelek pol ttp aku pake.

Tp skg paketnya udh g ada :"")","","","Quote","","https://pbs.twimg.com/media/HEjaD8ObgAA6DUI?format=jpg&name=900x900","https://x.com/virtualballers/status/2038118598682816713/photo/1","Mar 29",""
"https://x.com/marigoldsx","https://pbs.twimg.com/profile_images/1592829737172611073/TXJ16Dpn_normal.jpg","Nno.","@marigoldsx","https://x.com/marigoldsx/status/2051346484382294099","May 5","","","","Sinyal","","1","https://x.com/marigoldsx/status/2051346484382294099/analytics","86","bosoook! Ilang muncul terus semingguan","https://abs.twimg.com/emoji/v2/svg/1f624.svg","https://abs.twimg.com/emoji/v2/svg/1f624.svg","","XL","PMT, Komdigi yaopo ikiii???","","","","","","","",""
"https://x.com/lanadamnray","https://pbs.twimg.com/profile_images/2012958455771144192/ujnRQM-0_normal.jpg","alda","@lanadamnray","https://x.com/lanadamnray/status/2049489633017483439","Apr 29","","","","sinyal","inilah hari di mana aku akan sambat soalnya","1","https://x.com/lanadamnray/status/2049489633017483439/analytics","107","","https://abs.twimg.com/emoji/v2/svg/1f603.svg","https://abs.twimg.com/emoji/v2/svg/1f642.svg","","xl",", krna kuota simpatiku sudah habis dan yang tersisa hanyalah kuota","xl","","","","","","",""
"https://x.com/al_is_gae","https://pbs.twimg.com/profile_images/1873034220156915712/3xENZCkb_normal.jpg","al","@al_is_gae","https://x.com/al_is_gae/status/2050602984728596864","May 2","","","","xl","ini","1","https://x.com/al_is_gae/status/2050602984728596864/analytics","166","ga ada","","","","sinyal","seharian what the heck gw offline seharian gw mau buka sopipud","","","","","","","",""
"https://x.com/maeyyaas","https://pbs.twimg.com/profile_images/1827614283053826048/TZFxR0ZC_normal.jpg","Mae","@maeyyaas","https://x.com/maeyyaas/status/2050514917518905368","May 2","","","","xl","Sumpah","","https://x.com/maeyyaas/status/2050514917518905368/analytics","91","bener"" yaaaa!!!!! Tadi","","","","sinyal","elu full akhirnya gua beli paket terus sejam kemudia masih oke masa tiba""","sinyal","","","","","","",""
"https://x.com/xlsatu_","https://pbs.twimg.com/profile_images/1759861414473465856/-B85dEo3_normal.jpg","XL SATU","@xlsatu_","https://x.com/xlsatu_/status/2052826907629228253","44m","","","","XL","Hi Bapak Doni, maaf ya sementara ini kami tidak bisa merespon mention/DM yang Anda kirim ke Twitter","","https://x.com/xlsatu_/status/2052826907629228253/analytics","9",". Tapi jangan khawatir, Anda dapat menghubungi kami melalui Livechat di aplikasi myXL, WhatsApp  08170010820 / Facebook Page","","","","","Satu ya. Thanks - ^Nika","","","@DoniAsali_MRT","","","","Replying to","https://x.com/DoniAsali_MRT"
"https://x.com/HAdmiralSon","https://pbs.twimg.com/profile_images/2023894660499075072/SKn9vRvO_normal.jpg","Dra","@HAdmiralSon","https://x.com/HAdmiralSon/status/2038988606623383552","Mar 31","","","","Sinyal","","1","https://x.com/HAdmiralSon/status/2038988606623383552/analytics","117","tiheula pang hadena naha ayeuna mah kalah jadi rudet kieu adig","https://abs.twimg.com/emoji/v2/svg/1f92c.svg","","","XL","","","","","","","","",""
"https://x.com/ogahpulangg","https://pbs.twimg.com/profile_images/2051972933225209856/nQ5o4UKP_normal.jpg","OGAH PULANG","@ogahpulangg","https://x.com/ogahpulangg/status/2052340992985190843","May 7","","","","XL","Mei ini gue butuh koneksi yang super ngebut kaya","","https://x.com/ogahpulangg/status/2052340992985190843/analytics","61","Ultra 5G+ , bikin","https://abs.twimg.com/emoji/v2/svg/26a1.svg","https://abs.twimg.com/emoji/v2/svg/1f60d.svg","","sinyal","jadi gacor ndangak ndangak.. biar semuanya lebih mudah, ngerjain tugas jadi stabil, scroll sosmed makin cepat, main game jadi lancar anti lemot","","","@myXL","","","","Replying to","https://x.com/myXL"
"https://x.com/annartelier","https://pbs.twimg.com/profile_images/1968694743015333888/fY9vStcJ_normal.jpg","Daun","@annartelier","https://x.com/annartelier/status/2051164396005830801","May 4","","","","xl","Apaan jir","1","https://x.com/annartelier/status/2051164396005830801/analytics","203","prioritas, baru nyampe depok aja","","","","sinyal","gue udah jelek.","","","","","","","",""
"https://x.com/llchvi","https://pbs.twimg.com/profile_images/2033342890165096448/JjTBoBxg_normal.jpg","Ridho Prasetyo","@llchvi","https://x.com/llchvi/status/2052449038231073247","May 8","","","","sinyal","""mei ini gue butuh koneksi yang stabil ,harga murah dan","","https://x.com/llchvi/status/2052449038231073247/analytics","97","kenceng  siapa lagi kalau bukan","","","","XL","! Biar semuanya gampang buat kehidupan sehari hari ,karna zaman sekarang sangat mengandalkan internet aplagi jaringan yang memadai seperti","XL","","@myXL","","","","Replying to","https://x.com/myXL"
"https://x.com/dnnsxwr","https://pbs.twimg.com/profile_images/1757083950181429248/f1nsHyqT_normal.jpg","cath","@dnnsxwr","https://x.com/dnnsxwr/status/2051864637080297878","May 6","","","@myXL","XL","","1","https://x.com/dnnsxwr/status/2051864637080297878/analytics","248","ini gimana ya kok","","","1","sinyal","2 hari gaada","sinyal","","","","","","",""
"https://x.com/heelymuraa","https://pbs.twimg.com/profile_images/1826499145286516738/00aj3r63_normal.jpg","Lydiaa !","@heelymuraa","https://x.com/heelymuraa/status/2037930421686800894","Mar 28","","","","SINYAL","KONTOL","1","https://x.com/heelymuraa/status/2037930421686800894/analytics","82","","","","","XL","JELEK BGT.","","","","","","","",""
"https://x.com/ruupetals","https://pbs.twimg.com/profile_images/1934593846559821824/eZRXG6z2_normal.jpg","Ruyi","@ruupetals","https://x.com/ruupetals/status/2050846102996595022","May 3","","","","","SILAN MWHEHEHEHEHEHE","","https://x.com/ruupetals/status/2050846102996595022/analytics","161","","https://abs.twimg.com/emoji/v2/svg/1f970.svg","https://abs.twimg.com/emoji/v2/svg/2764-fe0f-200d-1f525.svg","","","","","","","","https://pbs.twimg.com/media/HHYRqODawAAxpgU?format=jpg&name=small","https://x.com/ruupetals/status/2050846102996595022/photo/1","",""
"https://x.com/llchvi","https://pbs.twimg.com/profile_images/2033342890165096448/JjTBoBxg_normal.jpg","Ridho Prasetyo","@llchvi","https://x.com/llchvi/status/2052449038231073247","May 8","","","@myXL","XL","""mei ini gue butuh koneksi yang stabil ,harga murah dan","sinyal","https://x.com/llchvi/status/2052449038231073247/analytics","kenceng  siapa lagi kalau bukan","XL","","","! Biar semuanya gampang buat kehidupan sehari hari ,karna zaman sekarang sangat mengandalkan internet aplagi jaringan yang memadai seperti","""","","","","","","","","Replying to",""
"https://x.com/mcatoba","https://pbs.twimg.com/profile_images/1995840864166498304/n7Ux8B7i_normal.jpg","Alana Gatari.","@mcatoba","https://x.com/mcatoba/status/2042222153060475090","Apr 9","","","","sinyal","Bapuk banget lagi ini","1","https://x.com/mcatoba/status/2042222153060475090/analytics","120","","","","","XL","","","","","","","","",""
"https://x.com/oceansamuderAaa","https://pbs.twimg.com/profile_images/2027664309862772736/V-ZHEmzi_normal.jpg","ar","@oceansamuderAaa","https://x.com/oceansamuderAaa/status/2037545013366943840","Mar 27","","","","sinyal","","1","https://x.com/oceansamuderAaa/status/2037545013366943840/analytics","540","kenapa jelek bgt anj mana ngelag bgt","","","3","XL","","","","","","","","",""
"https://x.com/SIRRIKII","https://pbs.twimg.com/profile_images/2052726539247390721/A5E5NHZZ_normal.jpg","Noah","@SIRRIKII","https://x.com/SIRRIKII/status/2050619150545080663","May 2","https://help.x.com/rules-and-policies/authenticity","https://abs.twimg.com/responsive-web/client-web/parody-mask.92274f0a.svg","Parody account","","͏

͏

͏

͏

͏

͏

͏

͏

͏

͏

͏

͏

͏

͏

͏

͏

͏

͏

͏

͏

͏

͏

͏

͏

͏

͏

͏

͏

͏

͏

͏

͏

͏

͏

͏

͏

͏

͏

͏

͏

͏

͏

͏

͏

͏

͏

͏

͏

͏

͏

͏

͏

͏

͏

͏

͏

͏

͏͏

͏

͏

͏

͏

͏

͏

͏

͏

͏

͏

͏

͏

͏

͏

͏

͏

͏

͏

͏

͏

͏

͏

͏

͏

Pembersihan tl 2","1","https://x.com/SIRRIKII/status/2050619150545080663/analytics","1K","","","","","","","","","","","","","",""
"https://x.com/SIRRIKII","https://pbs.twimg.com/profile_images/2052726539247390721/A5E5NHZZ_normal.jpg","Noah","@SIRRIKII","https://x.com/SIRRIKII/status/2050619150545080663","May 2","https://help.x.com/rules-and-policies/authenticity","https://abs.twimg.com/responsive-web/client-web/parody-mask.92274f0a.svg","Parody account","","͏

͏

͏

͏

͏

͏

͏

͏

͏

͏

͏

͏

͏

͏

͏

͏

͏

͏

͏

͏

͏

͏

͏

͏

͏

͏

͏

͏

͏

͏

͏

͏

͏

͏

͏

͏

͏

͏

͏

͏

͏

͏

͏

͏

͏

͏

͏

͏

͏

͏

͏

͏

͏

͏

͏

͏

͏

͏͏

͏

͏

͏

͏

͏

͏

͏

͏

͏

͏

͏

͏

͏

͏

͏

͏

͏

͏

͏

͏

͏

͏

͏

͏

Pembersihan tl 2","","https://x.com/SIRRIKII/status/2050619150545080663/analytics","","","","","","1","","","","","","","","",""
"https://x.com/night_mare35046","https://pbs.twimg.com/profile_images/2048775284586131457/q1sKTpBS_normal.jpg","paper","@night_mare35046","https://x.com/night_mare35046/status/2052768858675765601","4h","","","","XL","Mei ini gue butuh koneksi yang","","https://x.com/night_mare35046/status/2052768858675765601/analytics","10","biar semuanya berjalan lancar, mulai dari belaja online, scrolling tengah malam, sampai mabar bareng teman tanpa drama","","","","sinyal","hilang.","","","@myXL","","","","Replying to","https://x.com/myXL"
"https://x.com/Ejjair_","https://pbs.twimg.com/profile_images/2045337154646417409/-Sor468N_normal.jpg","KejjuLumer","@Ejjair_","https://x.com/Ejjair_/status/2038251323523748276","Mar 29","","","","sinyal","Kalo udh sampe rumah pasti","1","https://x.com/Ejjair_/status/2038251323523748276/analytics","544","","","","1","XL","jelek banget _-","","","","","","","",""
"https://x.com/zeromilez","https://pbs.twimg.com/profile_images/1972092893688221700/tBuX9NKv_normal.jpg","Nov","@zeromilez","https://x.com/zeromilez/status/2044396602195107898","Apr 15","","","","sinyal","jujyurrr dipikir2 gue jodohnya war sama hp dah dan","1","https://x.com/zeromilez/status/2044396602195107898/analytics","380","yang kuat hahahaha dulu exo exploration, TDS 2, 127 The Link juga pake hp doang bjirrrr nyoba di ipad sama komputer ga yahudddd wkwkw

sekarang exo exhorizon pun sama","https://abs.twimg.com/emoji/v2/svg/1f90c-1f3fc.svg","https://abs.twimg.com/emoji/v2/svg/1f90c-1f3fc.svg","5","sinyal","trimz","xl","","","","https://pbs.twimg.com/amplify_video_thumb/2044396526039154688/img/w0Z9XWOzXvyVhwB_.jpg","","",""
"https://x.com/dopaminize","https://pbs.twimg.com/profile_images/2027715439653203968/LAPH1ZId_normal.jpg","arayien tabur wijen ngidam putu","@dopaminize","https://x.com/dopaminize/status/2051220968518062436","May 4","","","","xl","oh di sana telkom, indosat,","1","https://x.com/dopaminize/status/2051220968518062436/analytics","178",", smartfren ga ada","","","","sinyal","ya?","","","@boroboroboris","","","","Replying to","https://x.com/boroboroboris"
"https://x.com/yaaboseyo","https://pbs.twimg.com/profile_images/2044837200693694464/BedYR0e3_normal.jpg","ayaas","@yaaboseyo","https://x.com/yaaboseyo/status/2035042387458929114","Mar 21","","","","sinyal","padahal ga kampung2 amat dah napa","1","https://x.com/yaaboseyo/status/2035042387458929114/analytics","156","","","","","xl","busuk bgt si","","","","","","","",""
"https://x.com/xinawannable","https://pbs.twimg.com/profile_images/2052663799677915136/wh2-gv-d_normal.jpg","dina.","@xinawannable","https://x.com/xinawannable/status/2052656155739205875","12h","https://help.x.com/rules-and-policies/authenticity","https://abs.twimg.com/responsive-web/client-web/parody-mask.92274f0a.svg","Fan account","","ɴᴇᴛғʟɪx
𝟷ᴘ𝟷ᴜ
𝟷ʜᴀʀɪ - 𝟼ᴋ
𝟹ʜᴀʀɪ - 𝟷𝟶ᴋ
𝟽ʜᴀʀɪ - 𝟷𝟽ᴋ
𝟷ʙᴜʟᴀɴ - 𝟺𝟻ᴋ
𝟷ᴘ𝟸ᴜ
𝟷ʜᴀʀɪ - 𝟺ᴋ
𝟷ʙᴜʟᴀɴ - 𝟹𝟶ᴋ
sᴇᴍɪᴘʀɪᴠ
𝟷ʙᴜʟᴀɴ - 𝟻𝟶ᴋ","","https://x.com/xinawannable/status/2052656155739205875/analytics","71","","","","","","","","","@tidlyes","","","","Replying to","https://x.com/tidlyes"