"css-175oi2r href","css-9pa8cd src","css-1jxf684","r-4qtqp9 src","css-1jxf684 2","css-1jxf684 3","css-146c3p1 href","css-146c3p1","css-1jxf684 4","css-1jxf684 5","css-1jxf684 6","css-1jxf684 7","css-175oi2r href 4","css-1jxf684 8","r-4qtqp9 src 2","css-1jxf684 9","css-1jxf684 10","r-4qtqp9 src 3","css-1jxf684 11","css-1jxf684 12","css-146c3p1 2","css-1jxf684 href 4","css-1jxf684 14","css-9pa8cd src 3","r-1p0dtai src"
"https://x.com/soberberries","https://pbs.twimg.com/profile_images/1962904081040617473/xsaX24Bt_normal.jpg","sarah seymour","https://abs.twimg.com/emoji/v2/svg/1f56f.svg","@soberberries","·","https://x.com/soberberries/status/2052760975011651802","4h","Ini","Indosat","gangguan kah?","1","https://x.com/soberberries/status/2052760975011651802/analytics","89","","","","","","","","","","",""
"https://x.com/ninandyh","https://pbs.twimg.com/profile_images/1996212303151403009/B2mlioZh_normal.jpg","Nin","","@ninandyh","·","https://x.com/ninandyh/status/2052708348324405745","8h","ini sinyal","indosat","knp tiba2 gabisa buat internetan sih","1","https://x.com/ninandyh/status/2052708348324405745/analytics","242","https://abs.twimg.com/emoji/v2/svg/1f620.svg","2","","","","","","","","",""
"https://x.com/putri_uthi2026","https://pbs.twimg.com/profile_images/1826156226486611970/AElFeKXG_normal.jpg","Uthie","","@putri_uthi2026","·","https://x.com/putri_uthi2026/status/2052765393069174974","4h","Gimana untuk jadwal teknisi nya
Ini sudah seharian loh dari pagi nggak ada koneksi dengan modem tetap menyala
Kalau tidak bisa tolong kembalikan saja uang saya yg kemarin saya bayar WiFi nya
Saya mau pindah provider lain nya
After sales","Indosat","gimana ni","","https://x.com/putri_uthi2026/status/2052765393069174974/analytics","44","","","@HiFicare","","","","","","","",""
"https://x.com/Sleafig_0110","https://pbs.twimg.com/profile_images/2035159731740827650/qxVRzx8y_normal.jpg","NiteGirl_4869","","@Sleafig_0110","·","https://x.com/Sleafig_0110/status/2052716348502065304","7h","IM3 kenapa sinyalnya ilang timbul","","","1","https://x.com/Sleafig_0110/status/2052716348502065304/analytics","126","https://abs.twimg.com/emoji/v2/svg/1f62e-200d-1f4a8.svg","","","https://abs.twimg.com/emoji/v2/svg/1f611.svg","@indosat","","","","","",""
"https://x.com/pert0212","https://pbs.twimg.com/profile_images/1792497704301658112/G28kYlDf_normal.jpg","jeannn","","@pert0212","·","https://x.com/pert0212/status/2052769997920055792","4h","gangguan kah ?","indosat","","","https://x.com/pert0212/status/2052769997920055792/analytics","12","","","","","","","","","","",""
"https://x.com/emble953574","https://abs.twimg.com/sticky/default_profile_images/default_profile_normal.png","emble","","@emble953574","·","https://x.com/emble953574/status/2052743644734722401","5h","halo ini kenapa kartu m3 saya tiba tiba mati ya. Sinyal gak keluar dan gak bisa dihubungi","","","1","https://x.com/emble953574/status/2052743644734722401/analytics","49","","","","","@indosat","","","","","",""
"https://x.com/anggotaanasa","https://pbs.twimg.com/profile_images/2037734023288832000/WjKLIbCE_normal.jpg","beey","https://abs.twimg.com/emoji/v2/svg/1f340.svg","@anggotaanasa","·","https://x.com/anggotaanasa/status/2052718942331031564","7h","lagi kenapa sih? ga bisa dipake buat internetan","indosat","","","https://x.com/anggotaanasa/status/2052718942331031564/analytics","72","","","","","","","","","","",""
"https://x.com/gloomysundai","https://pbs.twimg.com/profile_images/1543327434614788096/xeiuTEvb_normal.jpg","ai","","@gloomysundai","·","https://x.com/gloomysundai/status/2052777824852099389","3h","kak wifinya merah kak ini complain kemana ya?","","","1","https://x.com/gloomysundai/status/2052777824852099389/analytics","25","","","","","@indosat","","","","","",""
"https://x.com/heedoyaaa","https://pbs.twimg.com/profile_images/1955467012970516483/lfJYB7N3_normal.jpg","nab","","@heedoyaaa","·","https://x.com/heedoyaaa/status/2052748298889605591","5h","plis knpsih gabisa internetan","Indosat","","1","https://x.com/heedoyaaa/status/2052748298889605591/analytics","99","","","","","@indosat","","","","","",""
"https://x.com/YTslea","https://pbs.twimg.com/profile_images/1644276160107515904/mTzkW892_normal.jpg","ً","","@YTslea","·","https://x.com/YTslea/status/2051858735681974464","May 6","WTB kuota","Indosat","","7","https://x.com/YTslea/status/2051858735681974464/analytics","672","","1","","","","#zonauang","","","","",""
"https://x.com/midnightlunev","https://pbs.twimg.com/profile_images/1978161482329370624/M0prMpiQ_normal.jpg","v","","@midnightlunev","·","https://x.com/midnightlunev/status/2051230284549587259","May 4","Ini kenapa ya","indosat","signalnya bisa jelek bgt sampe E? Bar nya juga cuma 2, gabisa buat intenetan","5","https://x.com/midnightlunev/status/2051230284549587259/analytics","1.6K","","9","@indosatim3","","@indosat","","","","","",""
"https://x.com/indosat","https://pbs.twimg.com/profile_images/2039626569426317312/ufIaht8Q_normal.jpg","Indosat Ooredoo Hutchison","","@indosat","·","https://x.com/indosat/status/2052702186279239772","8h","Hai Kak, maaf atas pengalamannya ya, untuk pengecekan lebih lanjut, bisa infokan nomor IM3 dan detailnya via DM ya. Aku tunggu konfirmasinya. Terima kasih^Yuji","","","1","https://x.com/indosat/status/2052702186279239772/analytics","111","","","","","","","Replying to","https://x.com/Agen_properti_","@Agen_properti_","",""
"https://x.com/Sleafig_0110","https://pbs.twimg.com/profile_images/2035159731740827650/qxVRzx8y_normal.jpg","NiteGirl_4869","","@Sleafig_0110","·","https://x.com/Sleafig_0110/status/2052717271773294656","7h","","Indosat","ini kenapa sinyalnya ilang timbul terus dari tadi","","https://x.com/Sleafig_0110/status/2052717271773294656/analytics","59","https://abs.twimg.com/emoji/v2/svg/1f62e-200d-1f4a8.svg","","@indos","https://abs.twimg.com/emoji/v2/svg/1f611.svg","","","","","","",""
"https://x.com/PusRinii","https://pbs.twimg.com/profile_images/1161502088737767430/qx1SiEFY_normal.jpg","Puspita Rini Sobari","","@PusRinii","·","https://x.com/PusRinii/status/2052749000974176661","5h","IM3 anak saya error lagi jaringannya di rumah.","Indosat","kenapa ya ga stabil banget koneksinya dirumah saya. Udah langganan paket besar tapi malah jelek banget koneksinya.","","https://x.com/PusRinii/status/2052749000974176661/analytics","68","","","@CareIM3","","","","","","","",""
"https://x.com/igotsan","https://pbs.twimg.com/profile_images/2052028234301403136/cvsnl4za_normal.jpg","pepi indosat","https://abs.twimg.com/emoji/v2/svg/1f345.svg","@igotsan","·","https://x.com/igotsan/status/2052742459629932875","5h","iya lagiii","","","1","https://x.com/igotsan/status/2052742459629932875/analytics","32","https://abs.twimg.com/emoji/v2/svg/1f62d.svg","","","https://abs.twimg.com/emoji/v2/svg/1f62d.svg","","","Replying to","https://x.com/foriwoof","@foriwoof","",""
"https://x.com/indosat","https://pbs.twimg.com/profile_images/2039626569426317312/ufIaht8Q_normal.jpg","Indosat Ooredoo Hutchison","","@indosat","·","https://x.com/indosat/status/2050561932864770455","May 2","Hai Kak, maaf buat aksesnya. Coba OFF ON HPnya dulu yuk, jika masih sama silakan bisa infokan nomor IM3, lokasi (Jalan, Kelurahan, Kecamatan, Kota), dan sinyal bar yang muncul melalui DM, agar dapat aku bantu lebih lanjut. Terima kasih^Adis","","","2","https://x.com/indosat/status/2050561932864770455/analytics","298","","","","","","","Replying to","https://x.com/toztanoyzz","@toztanoyzz","",""
"https://x.com/rdtbt27","https://pbs.twimg.com/profile_images/1972910842783113216/PTTzHFzd_normal.jpg","Shirogane Arata","","@rdtbt27","·","https://x.com/rdtbt27/status/2052823249629937824","37m","Kalau aku paling masuk itu bonus cloud 200gb selama 180 hampir setengah tahun. Emang lagi baik","Indosat","ni","","https://x.com/rdtbt27/status/2052823249629937824/analytics","","","","","","","","Replying to","https://x.com/layoutbuatkamu","@layoutbuatkamu","",""
"https://x.com/flowminie","https://pbs.twimg.com/profile_images/1979166269766078464/Q_-HoVVR_normal.jpg","lily²⁷","","@flowminie","·","https://x.com/flowminie/status/2052810353780908110","1h","kebiasaan","Indosat","","","https://x.com/flowminie/status/2052810353780908110/analytics","5","","","Parody account","","jaden","","23h","","Quote","https://pbs.twimg.com/profile_images/1796313709637459969/9Uewtuh0_mini.jpg",""
"https://x.com/RedKnights77_","https://pbs.twimg.com/profile_images/1966271716554051584/6pj1n32N_normal.jpg","Knight77","","@RedKnights77_","·","https://x.com/RedKnights77_/status/2052709597052559492","8h","Ini inet","indosat","apa semuanya sih?
WA jam kotak, tiktok g bsa dibuka","","https://x.com/RedKnights77_/status/2052709597052559492/analytics","73","","","","","","","","","","",""
"https://x.com/Agen_properti_","https://pbs.twimg.com/profile_images/2024121509938450432/OwPb8fp7_normal.jpg","Yulius.zenith","","@Agen_properti_","·","https://x.com/Agen_properti_/status/2052701792014836076","8h","tolong bantu.. Japri saya
Udah isi data, tp gak masuk.. Urgent","","","1","https://x.com/Agen_properti_/status/2052701792014836076/analytics","92","","","","","@indosat","","","","","",""
"https://x.com/Agen_properti_","https://pbs.twimg.com/profile_images/2024121509938450432/OwPb8fp7_normal.jpg","Yulius.zenith","","@Agen_properti_","·","https://x.com/Agen_properti_/status/2052701792014836076","8h","tolong bantu.. Japri saya
Udah isi data, tp gak masuk.. Urgent","","","1","https://x.com/Agen_properti_/status/2052701792014836076/analytics","92","","","","","@indosat","","","","","",""
"https://x.com/lheesjakeyy_","https://pbs.twimg.com/profile_images/1982975403343114240/XxfrfPll_normal.jpg","˖ ࣪ ‹ heejakelvr 𖥔 ࣪ ᥫ᭡","https://abs.twimg.com/emoji/v2/svg/1fa76.svg","@lheesjakeyy_","·","https://x.com/lheesjakeyy_/status/2052749174811267247","5h","sunghoon","indosat","bapack bapack banget gaya lu yaa","","https://x.com/lheesjakeyy_/status/2052749174811267247/analytics","52","","","","","","","Replying to","https://x.com/shoonheree","@shoonheree","",""
"https://x.com/gloriouspowpose","https://pbs.twimg.com/profile_images/2028283224166924288/IK_zO5oe_normal.jpg","f a l i z ◐","","@gloriouspowpose","·","https://x.com/gloriouspowpose/status/2052682196230803679","9h","Sinyal","","","1","https://x.com/gloriouspowpose/status/2052682196230803679/analytics","184","","","@indosatim3","","@indosat","","","","","",""
"https://x.com/uekageyama","https://pbs.twimg.com/profile_images/1816381831727702019/cUobd6y3_normal.jpg","seya indosat","","@uekageyama","·","https://x.com/uekageyama/status/2052784316917416214","3h","udah... tapi doain selamat yak...","","","","https://x.com/uekageyama/status/2052784316917416214/analytics","11","","","","","seya indosat","","9h","","Quote","https://pbs.twimg.com/profile_images/1816381831727702019/cUobd6y3_mini.jpg",""
"https://x.com/moleucools","https://pbs.twimg.com/profile_images/2043610385174179840/5myuEPKl_normal.jpg","ociz","","@moleucools","·","https://x.com/moleucools/status/2052765376594026592","4h","nyesal beli kuota","Indosat","","1","https://x.com/moleucools/status/2052765376594026592/analytics","79","https://abs.twimg.com/emoji/v2/svg/1f624.svg","2","","","","","","","","",""
"https://x.com/Tokyoolario","https://pbs.twimg.com/profile_images/2052251340445982720/wEKSEeFu_normal.jpg","syukasyemua","https://abs.twimg.com/emoji/v2/svg/1f61a.svg","@Tokyoolario","·","https://x.com/Tokyoolario/status/2052394717367996441","May 7","jelek bgt sinyal","Indosat","","1","https://x.com/Tokyoolario/status/2052394717367996441/analytics","55","https://abs.twimg.com/emoji/v2/svg/1f62b.svg","","","https://abs.twimg.com/emoji/v2/svg/1fa90.svg","","","","","","",""
"https://x.com/kucingbuntung","https://pbs.twimg.com/profile_images/2032099285991636998/eyt11Krc_normal.jpg","Ujib Ska","","@kucingbuntung","·","https://x.com/kucingbuntung/status/2052300927483433468","May 7","error","Indosat","","1","https://x.com/kucingbuntung/status/2052300927483433468/analytics","71","","","","","","","","","","",""
"https://x.com/mlabibfairuz","https://pbs.twimg.com/profile_images/1717409562129764352/ZI0mO_-4_normal.png","M. Labib Fairuz Ibad","","@mlabibfairuz","·","https://x.com/mlabibfairuz/status/2052721597661036868","7h","apaya ini","indosat","lemottt","","https://x.com/mlabibfairuz/status/2052721597661036868/analytics","21","","","","","","","","","","",""
"https://x.com/jojijibeomsukyu","https://pbs.twimg.com/profile_images/2037807997976715264/Nh8bCP56_normal.jpg","titi indosat","","@jojijibeomsukyu","·","https://x.com/jojijibeomsukyu/status/2050176102191300983","May 1","WAHHHH GILA SIHHH INI KEREN BANGETTT","","","12","https://x.com/jojijibeomsukyu/status/2050176102191300983/analytics","1.7K","","75","Fan account","","","#SMTR25","","","","https://pbs.twimg.com/amplify_video_thumb/2050172721716461568/img/A9Iie_LkvBHIsUB_.jpg","blob:https://x.com/06841d13-cf64-413c-8718-e550443933c1"
"https://x.com/igotsan","https://pbs.twimg.com/profile_images/2052028234301403136/cvsnl4za_normal.jpg","pepi indosat","https://abs.twimg.com/emoji/v2/svg/1f345.svg","@igotsan","·","https://x.com/igotsan/status/2052745274414747770","5h","","","","","https://x.com/igotsan/status/2052745274414747770/analytics","59","","#보이넥스트도어","","","#BOYNEXTDOOR","#BOYNEXTDOORHOME","Replying to","https://x.com/BND_GL0BAL","@BND_GL0BAL","",""
"https://x.com/igotsan","https://pbs.twimg.com/profile_images/2052028234301403136/cvsnl4za_normal.jpg","pepi indosat","https://abs.twimg.com/emoji/v2/svg/1f345.svg","@igotsan","·","https://x.com/igotsan/status/2052744838421028953","5h","Ayo nangis barengg","","","","https://x.com/igotsan/status/2052744838421028953/analytics","10","https://abs.twimg.com/emoji/v2/svg/1f62d.svg","","","https://abs.twimg.com/emoji/v2/svg/1f62d.svg","","","Replying to","https://x.com/yeppiyuhuu","@yeppiyuhuu","",""
"https://x.com/indosat","https://pbs.twimg.com/profile_images/2039626569426317312/ufIaht8Q_normal.jpg","Indosat Ooredoo Hutchison","","@indosat","·","https://x.com/indosat/status/2051672577714569315","May 5","Hai Kak, maaf untuk pengalamannya ya. Bisa coba OFF ON HP dulu, kemudian atur jaringan manual dan coba kembali. Jika masih terkendala, mohon infokan nama, nomor dan detail alamat via DM agar bisa dibantu cek. Terimakasih ^Rana","","","2","https://x.com/indosat/status/2051672577714569315/analytics","195","","","","","","","Replying to","https://x.com/kajcser","@kajcser","",""
"https://x.com/jojijibeomsukyu","https://pbs.twimg.com/profile_images/2037807997976715264/Nh8bCP56_normal.jpg","titi indosat","","@jojijibeomsukyu","·","https://x.com/jojijibeomsukyu/status/2050184054470062399","May 1","JUJURRR INI TERLALU GEMASSS AKU KELEBIHAN GULAA NANTIIII","","","1","https://x.com/jojijibeomsukyu/status/2050184054470062399/analytics","385","","8","Fan account","","","#SMTR25","","","","https://pbs.twimg.com/amplify_video_thumb/2050182893008539648/img/LdElT2V0SH-ChwJg.jpg","blob:https://x.com/92d068ab-6117-4ba9-8d15-dfb20b4bc02b"
"https://x.com/bluewoonishere","https://pbs.twimg.com/profile_images/1727922940430499840/SjGkNboi_normal.jpg","rara indosat","","@bluewoonishere","·","https://x.com/bluewoonishere/status/2052806279052382606","1h","iyalah selama end shift gapernah minus boyy","","","","https://x.com/bluewoonishere/status/2052806279052382606/analytics","9","","","","","astrology bot","","7h","","Quote","https://pbs.twimg.com/profile_images/1394800170290843649/eSMhUxwe_mini.jpg",""
"https://x.com/ujangsokbreker","https://pbs.twimg.com/profile_images/1939122861752438784/ki2rcUEq_normal.jpg","badrol indosat","","@ujangsokbreker","·","https://x.com/ujangsokbreker/status/2052697678124048839","8h","Kenapa voucher tiktokku gk murah lagi","","","","https://x.com/ujangsokbreker/status/2052697678124048839/analytics","33","https://abs.twimg.com/emoji/v2/svg/1f494.svg","","","https://abs.twimg.com/emoji/v2/svg/1f494.svg","","","","","","",""
"https://x.com/jholphone","https://pbs.twimg.com/profile_images/1826789889469214721/bFMHx0r2_normal.jpg","jholphone","https://abs.twimg.com/emoji/v2/svg/1f1f5-1f1f8.svg","@jholphone","·","https://x.com/jholphone/status/2051839508140949706","May 6","sinyal","indosat","lagi jelek banget kah? masa kuotaku baru ngisi ga bisa dipake??","1","https://x.com/jholphone/status/2051839508140949706/analytics","492","","2","@CareIM3","","","","","","","",""
"https://x.com/si_sukajajan","https://pbs.twimg.com/profile_images/1876461145164529664/JZ582iod_normal.jpg","apin 2 (indosat)","","@si_sukajajan","·","https://x.com/si_sukajajan/status/2052753910994276648","5h","manteb ga buat main homescape sama township?","","","1","https://x.com/si_sukajajan/status/2052753910994276648/analytics","4","","","","","","","Replying to","https://x.com/onionchildz","@onionchildz","",""
"https://x.com/si_sukajajan","https://pbs.twimg.com/profile_images/1876461145164529664/JZ582iod_normal.jpg","apin 2 (indosat)","","@si_sukajajan","·","https://x.com/si_sukajajan/status/2052718729780396470","7h","spill tab km kak","","","1","https://x.com/si_sukajajan/status/2052718729780396470/analytics","11","","1","","","","","Replying to","https://x.com/onionchildz","@onionchildz","",""
"https://x.com/jojijibeomsukyu","https://pbs.twimg.com/profile_images/2037807997976715264/Nh8bCP56_normal.jpg","titi indosat","","@jojijibeomsukyu","·","https://x.com/jojijibeomsukyu/status/2050176102191300983","May 1","WAHHHH GILA SIHHH INI KEREN BANGETTT","From","","12","https://x.com/jojijibeomsukyu/status/2050176102191300983/analytics","1.7K","","75","Fan account","","𝑺𝑶𝑺.","#SMTR25","","","","https://pbs.twimg.com/profile_images/1914994407721594880/LWji6fsT_normal.jpg","blob:https://x.com/06841d13-cf64-413c-8718-e550443933c1"
"https://x.com/jojijibeomsukyu","https://pbs.twimg.com/profile_images/2037807997976715264/Nh8bCP56_normal.jpg","titi indosat","","@jojijibeomsukyu","·","https://x.com/jojijibeomsukyu/status/2050182174616563732","May 1","lucu bangettt si pink satu ini","","mawu bawa pulanggg","1","https://x.com/jojijibeomsukyu/status/2050182174616563732/analytics","586","https://abs.twimg.com/emoji/v2/svg/1f624.svg","9","Fan account","https://abs.twimg.com/emoji/v2/svg/1f624.svg","","#HYUNJUN","","","","https://pbs.twimg.com/amplify_video_thumb/2050180053426929664/img/KS-5Wxsx4JO0hNi4.jpg","blob:https://x.com/944cc5d4-2ba7-4033-a9f3-e444c68a1bf6"
"https://x.com/chelseastore_co","https://pbs.twimg.com/profile_images/1834118106496876544/_o6GIFvv_normal.jpg","𝑪𝒉𝒆𝒍𝒔𝒆𝒂.","","@chelseastore_co","·","https://x.com/chelseastore_co/status/2052637262954013128","12h","need kuota","indosat","1gb 14hr / 28 / 30 hr","3","https://x.com/chelseastore_co/status/2052637262954013128/analytics","257","","1","","","","#zonauang","","","","",""
"https://x.com/jojijibeomsukyu","https://pbs.twimg.com/profile_images/2037807997976715264/Nh8bCP56_normal.jpg","titi indosat","","@jojijibeomsukyu","·","https://x.com/jojijibeomsukyu/status/2050836707000672739","May 3","EEHHHH KOK AKU BARU LIATTT????? INI GEMES BANGET PLISSSSSS","","","1","https://x.com/jojijibeomsukyu/status/2050836707000672739/analytics","235","","4","Fan account","","","#SMTR25","","","","https://pbs.twimg.com/amplify_video_thumb/2050588186368495616/img/3p5bRefPf1n6pZg8.jpg","blob:https://x.com/ce2d5efd-d067-45ad-a1b9-5b652dcfc4eb"
"https://x.com/jojijibeomsukyu","https://pbs.twimg.com/profile_images/2037807997976715264/Nh8bCP56_normal.jpg","titi indosat","","@jojijibeomsukyu","·","https://x.com/jojijibeomsukyu/status/2050176102191300983","May 1","WAHHHH GILA SIHHH INI KEREN BANGETTT","𝑺𝑶𝑺.","","12","https://x.com/jojijibeomsukyu/status/2050176102191300983/analytics","1.7K","","75","Fan account","","","#SMTR25","From","","0:03 / 2:24","https://pbs.twimg.com/profile_images/1914994407721594880/LWji6fsT_normal.jpg","blob:https://x.com/06841d13-cf64-413c-8718-e550443933c1"
"https://x.com/jojijibeomsukyu","https://pbs.twimg.com/profile_images/2037807997976715264/Nh8bCP56_normal.jpg","titi indosat","","@jojijibeomsukyu","·","https://x.com/jojijibeomsukyu/status/2050184054470062399","May 1","JUJURRR INI TERLALU GEMASSS AKU KELEBIHAN GULAA NANTIIII","From","","1","https://x.com/jojijibeomsukyu/status/2050184054470062399/analytics","385","","8","Fan account","","머지","#SMTR25","","","","https://pbs.twimg.com/profile_images/1951200078074400769/zQ-sMEnl_normal.jpg","blob:https://x.com/92d068ab-6117-4ba9-8d15-dfb20b4bc02b"
"https://x.com/jojijibeomsukyu","https://pbs.twimg.com/profile_images/2037807997976715264/Nh8bCP56_normal.jpg","titi indosat","","@jojijibeomsukyu","·","https://x.com/jojijibeomsukyu/status/2050184054470062399","May 1","JUJURRR INI TERLALU GEMASSS AKU KELEBIHAN GULAA NANTIIII","머지","","1","https://x.com/jojijibeomsukyu/status/2050184054470062399/analytics","385","","8","Fan account","","","#SMTR25","From","","","https://pbs.twimg.com/profile_images/1951200078074400769/zQ-sMEnl_normal.jpg","blob:https://x.com/92d068ab-6117-4ba9-8d15-dfb20b4bc02b"
"https://x.com/jojijibeomsukyu","https://pbs.twimg.com/profile_images/2037807997976715264/Nh8bCP56_normal.jpg","titi indosat","","@jojijibeomsukyu","·","https://x.com/jojijibeomsukyu/status/2050182174616563732","May 1","lucu bangettt si pink satu ini","From","mawu bawa pulanggg","1","https://x.com/jojijibeomsukyu/status/2050182174616563732/analytics","586","https://abs.twimg.com/emoji/v2/svg/1f624.svg","9","Fan account","https://abs.twimg.com/emoji/v2/svg/1f624.svg","머지","#HYUNJUN","","","","https://pbs.twimg.com/profile_images/1951200078074400769/zQ-sMEnl_normal.jpg","blob:https://x.com/944cc5d4-2ba7-4033-a9f3-e444c68a1bf6"
"https://x.com/heedoyaaa","https://pbs.twimg.com/profile_images/1955467012970516483/lfJYB7N3_normal.jpg","nab","","@heedoyaaa","·","https://x.com/heedoyaaa/status/2052751836474658817","5h","aku sudah dm ya kak","","","1","https://x.com/heedoyaaa/status/2052751836474658817/analytics","41","","","","","","","Replying to","https://x.com/indosat","@indosat","",""
"https://x.com/Sleafig_0110","https://pbs.twimg.com/profile_images/2035159731740827650/qxVRzx8y_normal.jpg","NiteGirl_4869","","@Sleafig_0110","·","https://x.com/Sleafig_0110/status/2052762459912773741","4h","Iya kak..ini udah pake Wifi tp DMnya ttp g kebuka2..g ngerti juga..","","","1","https://x.com/Sleafig_0110/status/2052762459912773741/analytics","47","","","","","","","Replying to","https://x.com/indosat","@indosat","",""
"https://x.com/efenerr","https://pbs.twimg.com/profile_images/1811285200611250176/9l8C04Cs_normal.jpg","Farchan Noor Rachman","","@efenerr","·","https://x.com/efenerr/status/2052539723680514235","19h","kalau 5G malah sering lemotnya daripada 4G.","indosat","","2","https://x.com/efenerr/status/2052539723680514235/analytics","1K","","1","","","","","","","","",""
"https://x.com/layoutbuatkamu","https://pbs.twimg.com/profile_images/1957807298136666115/Pd14aQ9s_normal.jpg","Zen","","@layoutbuatkamu","·","https://x.com/layoutbuatkamu/status/2052786063551418668","3h","Baru tau","indosat","collab bareng gemini","2","https://x.com/layoutbuatkamu/status/2052786063551418668/analytics","20","https://abs.twimg.com/emoji/v2/svg/1f62d.svg","","","https://abs.twimg.com/emoji/v2/svg/1f60d.svg","","","","","","",""
"https://x.com/daisukekannbe","https://pbs.twimg.com/profile_images/2040063219918925824/nDZmhB7l_normal.jpg","daii","","@daisukekannbe","·","https://x.com/daisukekannbe/status/2052378203168387423","May 7","gajelas bgt sinyalnya","indosat","","1","https://x.com/daisukekannbe/status/2052378203168387423/analytics","60","","","","","","","","","","",""
"https://x.com/Sleafig_0110","https://pbs.twimg.com/profile_images/2035159731740827650/qxVRzx8y_normal.jpg","NiteGirl_4869","","@Sleafig_0110","·","https://x.com/Sleafig_0110/status/2052750571573268716","5h","DM g kebuka2 kak..di reply sini aja..dari sore kyk gini trus","","","1","https://x.com/Sleafig_0110/status/2052750571573268716/analytics","36","","","","","","","Replying to","https://x.com/indosat","@indosat","",""
"https://x.com/ourchooze","https://pbs.twimg.com/profile_images/2051875322065481728/pFljObpn_normal.jpg","𝑹𝒓 seysha","","@ourchooze","·","https://x.com/ourchooze/status/2052389032437686655","May 7","jaringan burik, harga makin mahal. ah elah","Indosat","","20","https://x.com/ourchooze/status/2052389032437686655/analytics","289","","1","","","","","","","","",""
"https://x.com/ordinnarygirlll","https://pbs.twimg.com/profile_images/1988113549160599552/w_JRG7B7_normal.jpg","tata indosat","","@ordinnarygirlll","·","https://x.com/ordinnarygirlll/status/2052724725609357486","7h","maaf mi seharian ini bener bener gada interaksi, aku cape..","","","","https://x.com/ordinnarygirlll/status/2052724725609357486/analytics","4","","","","","","","","","","",""
"https://x.com/igotsan","https://pbs.twimg.com/profile_images/2052028234301403136/cvsnl4za_normal.jpg","pepi indosat","https://abs.twimg.com/emoji/v2/svg/1f345.svg","@igotsan","·","https://x.com/igotsan/status/2050175627832234326","May 1","","GIF","","1","https://x.com/igotsan/status/2050175627832234326/analytics","10","","1","","","","","Replying to","https://x.com/100804zip","@100804zip","","https://video.twimg.com/tweet_video/HHOv3QvacAABXk3.mp4"
"https://x.com/jojijibeomsukyu","https://pbs.twimg.com/profile_images/2037807997976715264/Nh8bCP56_normal.jpg","titi indosat","","@jojijibeomsukyu","·","https://x.com/jojijibeomsukyu/status/2050836707000672739","May 3","EEHHHH KOK AKU BARU LIATTT????? INI GEMES BANGET PLISSSSSS","","","1","https://x.com/jojijibeomsukyu/status/2050836707000672739/analytics","235","","4","Fan account","","","#SMTR25","From","","0:01 / 0:08","https://pbs.twimg.com/profile_images/1912512687797325825/7kkwywLn_normal.jpg","blob:https://x.com/ce2d5efd-d067-45ad-a1b9-5b652dcfc4eb"
"https://x.com/igotsan","https://pbs.twimg.com/profile_images/2052028234301403136/cvsnl4za_normal.jpg","pepi indosat","https://abs.twimg.com/emoji/v2/svg/1f345.svg","@igotsan","·","https://x.com/igotsan/status/2050175627832234326","May 1","","GIF","","1","https://x.com/igotsan/status/2050175627832234326/analytics","10","","1","","","","","Replying to","https://x.com/100804zip","@100804zip","","https://video.twimg.com/tweet_video/HHOv3QvacAABXk3.mp4"
"https://x.com/igotsan","https://pbs.twimg.com/profile_images/2052028234301403136/cvsnl4za_normal.jpg","pepi indosat","https://abs.twimg.com/emoji/v2/svg/1f345.svg","@igotsan","·","https://x.com/igotsan/status/2052743612782477644","5h","Halo","","","","https://x.com/igotsan/status/2052743612782477644/analytics","11","","","","","","","Replying to","https://x.com/tecanmeong","@tecanmeong","",""
"https://x.com/kthvglxy","https://pbs.twimg.com/profile_images/2042171152718831616/URrqpDnW_normal.jpg","rai ✿","","@kthvglxy","·","https://x.com/kthvglxy/status/2050615890128015615","May 2","kenapa tiba tiba sinyalnya jadi lelet sih","indosat","","1","https://x.com/kthvglxy/status/2050615890128015615/analytics","448","","2","","","","","","","","",""
"https://x.com/keedehara","https://pbs.twimg.com/profile_images/2046560763763212288/F6x6RyhX_normal.jpg","Kirara Indosat","https://abs.twimg.com/emoji/v2/svg/1f408-200d-2b1b.svg","@keedehara","·","https://x.com/keedehara/status/2052676280072712259","10h","doakan me resign dn mndaptkan tempat kerja yg egk toksik toksik bgini lagi (mf rant dkit)","","","9","https://x.com/keedehara/status/2052676280072712259/analytics","178","","6","","","","","","","","",""
"https://x.com/nndadw_","https://pbs.twimg.com/profile_images/2004266343911333888/1lt4OVQr_normal.jpg","_","","@nndadw_","·","https://x.com/nndadw_/status/2052087632516218894","May 7","sinyal lu jelek bgt","","buat streaming 360p aja 3 detik buffering","2","https://x.com/nndadw_/status/2052087632516218894/analytics","363","","1","","","@indosat","","","","","",""
"https://x.com/Sleafig_0110","https://pbs.twimg.com/profile_images/2035159731740827650/qxVRzx8y_normal.jpg","NiteGirl_4869","","@Sleafig_0110","·","https://x.com/Sleafig_0110/status/2052733839357915208","6h","Udah coba on/off beberapa kali..tp tetep aja masih ilang timbul.","","","1","https://x.com/Sleafig_0110/status/2052733839357915208/analytics","35","","","","","","","Replying to","https://x.com/indosat","@indosat","",""
"https://x.com/eilodsy","https://pbs.twimg.com/profile_images/2022316938769379328/eTh4sLLn_normal.jpg","shanie indosat","","@eilodsy","·","https://x.com/eilodsy/status/2052721681471562073","7h","minat banget jir","","","","https://x.com/eilodsy/status/2052721681471562073/analytics","7","","","Parody account","","","","Replying to","https://x.com/terpilwon","@terpilwon","",""
"https://x.com/dwomenmars","https://pbs.twimg.com/profile_images/2035701674594148352/Phjt3YOu_normal.jpg","dina","https://abs.twimg.com/emoji/v2/svg/1f992.svg","@dwomenmars","·","https://x.com/dwomenmars/status/2051648015468007734","May 5","gajelas jir dimana2 gaada sinyal","indosat","pdhl gue di jkt + baru isi kuota arggh","1","https://x.com/dwomenmars/status/2051648015468007734/analytics","153","https://abs.twimg.com/emoji/v2/svg/1f62d.svg","","","","","","","","","",""
"https://x.com/merrrcury","https://pbs.twimg.com/profile_images/2023345520434188288/JzCAqDfn_normal.jpg","Hg 2+","","@merrrcury","·","https://x.com/merrrcury/status/2051624235488182335","May 5","masih pake rollover. Tapi pake pasca bayar. Nomornya udah 15 atau 16 tahun gitu","Indosat","","4","https://x.com/merrrcury/status/2051624235488182335/analytics","4.5K","","1","","","","","Replying to","https://x.com/Makaryo0","@Makaryo0","",""
"https://x.com/keedehara","https://pbs.twimg.com/profile_images/2046560763763212288/F6x6RyhX_normal.jpg","Kirara Indosat","https://abs.twimg.com/emoji/v2/svg/1f408-200d-2b1b.svg","@keedehara","·","https://x.com/keedehara/status/2052698681548361786","8h","ril knp yh nia dia gemes bgt","","","","https://x.com/keedehara/status/2052698681548361786/analytics","37","https://abs.twimg.com/emoji/v2/svg/1f62d.svg","","","","","","Replying to","https://x.com/Niniaaauhu","@Niniaaauhu","",""
"https://x.com/jenoprada","https://pbs.twimg.com/profile_images/1555557801921232897/Q6XvO_WL_normal.jpg","Agatha Tamala","","@jenoprada","·","https://x.com/jenoprada/status/2052683330446037189","9h","kl cv pulsa","indosat","50 ke ewallet get brp ya","7","https://x.com/jenoprada/status/2052683330446037189/analytics","431","","1","","","","#zonauang","","","","",""
"https://x.com/economiys","https://pbs.twimg.com/profile_images/2048138274091462656/DqDFlDeN_normal.jpg","mitha indosat","","@economiys","·","https://x.com/economiys/status/2052819287115760052","53m","dada gue bnrn sesek abis nongkrong di cafe isinya arab shisha ngebul asap racing knalpot (gue gatau","",")","","https://x.com/economiys/status/2052819287115760052/analytics","7","https://abs.twimg.com/emoji/v2/svg/1f494.svg","","","https://abs.twimg.com/emoji/v2/svg/1f494.svg","","","","","","",""
"https://x.com/gonuksie","https://pbs.twimg.com/profile_images/1674700089485557761/5F6LRAKk_normal.jpg","pia gulali","","@gonuksie","·","https://x.com/gonuksie/status/2051261694941499757","May 4","ada jasa convert pulsa jadi saldo ga? kalo","indosat","100k jadi berap ya","11","https://x.com/gonuksie/status/2051261694941499757/analytics","578","","1","","","","#zonauang","","","","",""
"https://x.com/jojijibeomsukyu","https://pbs.twimg.com/profile_images/2037807997976715264/Nh8bCP56_normal.jpg","titi indosat","","@jojijibeomsukyu","·","https://x.com/jojijibeomsukyu/status/2050180999859114049","May 1","Kok fancam nicholas dikit bangett yaa aku liatt","","tapi kalo banyak juga aku bakal nyerah sihhh bukannya hahahihi yang ada malah hiks hiks hiks hiks ntr","1","https://x.com/jojijibeomsukyu/status/2050180999859114049/analytics","1.1K","https://abs.twimg.com/emoji/v2/svg/2639.svg","1","Fan account","https://abs.twimg.com/emoji/v2/svg/2639.svg","","#NICHOLAS","","","","",""
"https://x.com/si_sukajajan","https://pbs.twimg.com/profile_images/1876461145164529664/JZ582iod_normal.jpg","apin 2 (indosat)","","@si_sukajajan","·","https://x.com/si_sukajajan/status/2052032388931461210","May 6","","","","1","https://x.com/si_sukajajan/status/2052032388931461210/analytics","12","","","","","and","@adasemutdijalan","Replying to","https://x.com/si_sukajajan","@si_sukajajan","",""
"https://x.com/HiFicare","https://pbs.twimg.com/profile_images/2038435264545337344/hMmNdt4Q_normal.jpg","IndosatHiFiCare","","@HiFicare","·","https://x.com/HiFicare/status/2052724155489870196","7h","Terimakasih untuk penilaian positifnya ya Kak. HiMin jadi semangat nih buat kasih pelayanan yang lebih baik lagi supaya Kakak dan pelanggan lainnya terus nyaman bergabung bersama","Indosat","HiFi. Jika ada keluhan atau pertanyaan, Kakak dapat menghubungi HiMin kapanpun ya.","","https://x.com/HiFicare/status/2052724155489870196/analytics","41","","","","","and","@indrayogi","Replying to","https://x.com/fridaputri","@fridaputri","",""
"https://x.com/si_sukajajan","https://pbs.twimg.com/profile_images/1876461145164529664/JZ582iod_normal.jpg","apin 2 (indosat)","","@si_sukajajan","·","https://x.com/si_sukajajan/status/2052748954958438882","5h","kok gue teteepp maniiiiiisss bgt","","gue ngabisin nya 2 harii","","https://x.com/si_sukajajan/status/2052748954958438882/analytics","4","https://abs.twimg.com/emoji/v2/svg/1f62d.svg","","","","","","Replying to","https://x.com/drivnghome","@drivnghome","",""
"https://x.com/noynchalant","https://pbs.twimg.com/profile_images/2050971051707043840/zEqpOnIv_normal.jpg","𝒩","","@noynchalant","·","https://x.com/noynchalant/status/2052044849122304252","May 6","ohh ini","indosat","hifi itu yaa? mantep sih emg","1","https://x.com/noynchalant/status/2052044849122304252/analytics","83","","1","","","","","Replying to","https://x.com/majintk","@majintk","",""
"https://x.com/jojijibeomsukyu","https://pbs.twimg.com/profile_images/2037807997976715264/Nh8bCP56_normal.jpg","titi indosat","","@jojijibeomsukyu","·","https://x.com/jojijibeomsukyu/status/2050178501463179427","May 1","SUDAH DI PASTIKAN AKU ADA RASA SAMA DIAA","","","1","https://x.com/jojijibeomsukyu/status/2050178501463179427/analytics","431","https://abs.twimg.com/emoji/v2/svg/203c.svg","10","Fan account","https://abs.twimg.com/emoji/v2/svg/203c.svg","","#SMTR25","","","","https://pbs.twimg.com/amplify_video_thumb/2050174979959054336/img/IGhPq1MVB1LZ003n.jpg","blob:https://x.com/ef10e77c-bc4b-4b95-9f2e-ddb24d301f27"
"https://x.com/indosat","https://pbs.twimg.com/profile_images/2039626569426317312/ufIaht8Q_normal.jpg","Indosat Ooredoo Hutchison","","@indosat","·","https://x.com/indosat/status/2052779726331126172","3h","Hai Kak, mohon maaf atas yang dialami. Kami informasikan untuk layanan Customer Care","Indosat","HiFi dalah sebagai berikut :
X :","","https://x.com/indosat/status/2052779726331126172/analytics","39","","","@HiFicare","","@indosat","","Replying to","https://x.com/gloomysundai","@gloomysundai","",""
"https://x.com/KediriFess","https://pbs.twimg.com/profile_images/1980629627727998976/nQJM--0R_normal.jpg","KEDIRIFESS","https://abs.twimg.com/emoji/v2/svg/2728.svg","@KediriFess","·","https://x.com/KediriFess/status/2048794318907842650","Apr 27","Cah Mending biznet apa","Indosat","hifi? Dua-duanya sama2 100 mbps","4","https://x.com/KediriFess/status/2048794318907842650/analytics","2.4K","","3","Automated by","","@asnamaulian","","","","","",""
"https://x.com/si_sukajajan","https://pbs.twimg.com/profile_images/1876461145164529664/JZ582iod_normal.jpg","apin 2 (indosat)","","@si_sukajajan","·","https://x.com/si_sukajajan/status/2052664920249155991","11h","gue lg pup pusing bgt gegara toilet dipakein stella (gue yg naro)","","","2","https://x.com/si_sukajajan/status/2052664920249155991/analytics","30","","","","","","","","","","",""
"https://x.com/bluewoonishere","https://pbs.twimg.com/profile_images/1727922940430499840/SjGkNboi_normal.jpg","rara indosat","","@bluewoonishere","·","https://x.com/bluewoonishere/status/2052711966339482006","8h","turut berduka cita ya mah","","","","https://x.com/bluewoonishere/status/2052711966339482006/analytics","10","","","","","","","Replying to","https://x.com/retjanisme","@retjanisme","",""
"https://x.com/BetawiTarzan","https://abs.twimg.com/sticky/default_profile_images/default_profile_normal.png","Tarzan betawi","","@BetawiTarzan","·","https://x.com/BetawiTarzan/status/2052758617858941334","4h","ih","indosat","makin parah aja internet kalian hadehhhh","1","https://x.com/BetawiTarzan/status/2052758617858941334/analytics","40","","","","","and","@rizjz","Replying to","https://x.com/HiFicare","@HiFicare","",""
"https://x.com/bluewoonishere","https://pbs.twimg.com/profile_images/1727922940430499840/SjGkNboi_normal.jpg","rara indosat","","@bluewoonishere","·","https://x.com/bluewoonishere/status/2051252580228202865","May 4","bantu 40k guys biar temenku skripsian double","","","1","https://x.com/bluewoonishere/status/2051252580228202865/analytics","81","","1","","",".","","May 3","","Quote","https://pbs.twimg.com/profile_images/1991249743457185794/59cnDs4i_mini.jpg",""
"https://x.com/igotsan","https://pbs.twimg.com/profile_images/2052028234301403136/cvsnl4za_normal.jpg","pepi indosat","https://abs.twimg.com/emoji/v2/svg/1f345.svg","@igotsan","·","https://x.com/igotsan/status/2052741504750563424","6h","Kaget bangett","","","","https://x.com/igotsan/status/2052741504750563424/analytics","16","https://abs.twimg.com/emoji/v2/svg/1f62d.svg","","","https://abs.twimg.com/emoji/v2/svg/1f62d.svg","","","","","","",""
"https://x.com/jojijibeomsukyu","https://pbs.twimg.com/profile_images/2037807997976715264/Nh8bCP56_normal.jpg","titi indosat","","@jojijibeomsukyu","·","https://x.com/jojijibeomsukyu/status/2050214511328825843","May 1","Duhh gawattt lucu iya ganteng iya","","","3","https://x.com/jojijibeomsukyu/status/2050214511328825843/analytics","237","","","Fan account","","","#SMTR25","","","","https://pbs.twimg.com/amplify_video_thumb/2050201078780887040/img/T4gk7ppcVlV8Iyv-.jpg","blob:https://x.com/5e979bfb-f8d6-4565-9a30-ee5dce357fbc"
"https://x.com/jojijibeomsukyu","https://pbs.twimg.com/profile_images/2037807997976715264/Nh8bCP56_normal.jpg","titi indosat","","@jojijibeomsukyu","·","https://x.com/jojijibeomsukyu/status/2050178501463179427","May 1","SUDAH DI PASTIKAN AKU ADA RASA SAMA DIAA","","","1","https://x.com/jojijibeomsukyu/status/2050178501463179427/analytics","431","https://abs.twimg.com/emoji/v2/svg/203c.svg","10","Fan account","https://abs.twimg.com/emoji/v2/svg/203c.svg","","#SMTR25","From","","","https://pbs.twimg.com/profile_images/1912512687797325825/7kkwywLn_normal.jpg","blob:https://x.com/ef10e77c-bc4b-4b95-9f2e-ddb24d301f27"
"https://x.com/jojijibeomsukyu","https://pbs.twimg.com/profile_images/2037807997976715264/Nh8bCP56_normal.jpg","titi indosat","","@jojijibeomsukyu","·","https://x.com/jojijibeomsukyu/status/2050214511328825843","May 1","Duhh gawattt lucu iya ganteng iya","From","","3","https://x.com/jojijibeomsukyu/status/2050214511328825843/analytics","237","","","Fan account","","타코 ◡̈⋆*","#SMTR25","","","","https://pbs.twimg.com/profile_images/2014683822512832512/zgSF3LGg_normal.jpg","blob:https://x.com/5e979bfb-f8d6-4565-9a30-ee5dce357fbc"
"https://x.com/Failyzm","https://pbs.twimg.com/profile_images/1599587774977703936/-afR6mPE_normal.jpg","Lyy","","@Failyzm","·","https://x.com/Failyzm/status/2051299134930657728","May 4","Mau kuota","indosat","yg murah","1","https://x.com/Failyzm/status/2051299134930657728/analytics","56","","1","","","","#zonauang","","","","",""
"https://x.com/sipak_coyyy","https://pbs.twimg.com/profile_images/2050253710136360961/jmJy6rV0_normal.jpg","sintaa","https://abs.twimg.com/emoji/v2/svg/1f96c.svg","@sipak_coyyy","·","https://x.com/sipak_coyyy/status/2052004526304141679","May 6","ini kenapa? Kuota masih banyak, sinyal penuh, jaringan bagus tapi gabisa dipakai","Indosat","","1","https://x.com/sipak_coyyy/status/2052004526304141679/analytics","532","","3","","","","","","","","",""
"https://x.com/jojijibeomsukyu","https://pbs.twimg.com/profile_images/2037807997976715264/Nh8bCP56_normal.jpg","titi indosat","","@jojijibeomsukyu","·","https://x.com/jojijibeomsukyu/status/2050213857306820616","May 1","SERIUSSSS SHOUT OUT????!!!! NANGIS NIH AKUUU","","","1","https://x.com/jojijibeomsukyu/status/2050213857306820616/analytics","90","","","Fan account","","","#ENHYPEN","","","","https://pbs.twimg.com/amplify_video_thumb/2050189185689247744/img/DPshUr24BmHlkSPi.jpg","blob:https://x.com/fb7a1329-dae2-4253-bb77-98ddfb920444"
"https://x.com/syaquelaa","https://pbs.twimg.com/profile_images/1703957098927992832/wgHsRE8b_normal.jpg","ꪔ̤̮e","","@syaquelaa","·","https://x.com/syaquelaa/status/2050744510926533017","May 3","need kuota","indosat","bulanan","2","https://x.com/syaquelaa/status/2050744510926533017/analytics","387","","1","","","","#zonauangㅤ","","","","",""
"https://x.com/Rian19683628","https://abs.twimg.com/sticky/default_profile_images/default_profile_normal.png","Rian19","","@Rian19683628","·","https://x.com/Rian19683628/status/2052249075882561899","May 7","Mending ga usah buka sekalian ditempat saya...
Sinyal jelek setiap 30 menit jaringan ilang ga jelas provider satu ini...saya kira cuma sebentar..udah setahun jaringan tidak berubah sering hilang kecewa banget...emang tolol","indosat","...udahlah udh paling bener make telkomsel","1","https://x.com/Rian19683628/status/2052249075882561899/analytics","92","","","","","","","Replying to","https://x.com/3CareIndonesia","@3CareIndonesia","",""
"https://x.com/keedehara","https://pbs.twimg.com/profile_images/2046560763763212288/F6x6RyhX_normal.jpg","Kirara Indosat","https://abs.twimg.com/emoji/v2/svg/1f408-200d-2b1b.svg","@keedehara","·","https://x.com/keedehara/status/2050007288686288981","May 1","selamat pagi dari aku yg egk libur, ayah knp ak farmasi (1973619x)","GIF","","9","https://x.com/keedehara/status/2050007288686288981/analytics","543","","1","","","","","","","","","https://video.twimg.com/tweet_video/HHMWwurbQAAIj2P.mp4"
"https://x.com/heedoyaaa","https://pbs.twimg.com/profile_images/1955467012970516483/lfJYB7N3_normal.jpg","nab","","@heedoyaaa","·","https://x.com/heedoyaaa/status/2052757432284361035","5h","aku sudah dm lagi kak, masa harus disini?","","","","https://x.com/heedoyaaa/status/2052757432284361035/analytics","34","","","","","","","Replying to","https://x.com/indosat","@indosat","",""
"https://x.com/keedehara","https://pbs.twimg.com/profile_images/2046560763763212288/F6x6RyhX_normal.jpg","Kirara Indosat","https://abs.twimg.com/emoji/v2/svg/1f408-200d-2b1b.svg","@keedehara","·","https://x.com/keedehara/status/2052778559950016879","3h","OMG LESGOO","","!!","","https://x.com/keedehara/status/2052778559950016879/analytics","65","","","","","","#PANDAVVADash","Replying to","https://x.com/PANDAVVA_ID","@PANDAVVA_ID","",""
"https://x.com/nrrnisa","https://pbs.twimg.com/profile_images/2052353754385805312/T2EpX53D_normal.jpg","Bambang Indosat","","@nrrnisa","·","https://x.com/nrrnisa/status/2050115089559425517","May 1","Turut berdukaa. Sebagai org yg pernah kehilangan kakaknya aku gak bakalan bilang kalau duka itu bisa menghilang, yg pasti kesedihan karena duka itu bakal keisi dengan memori yg jauh lebih kuat soal kenangan manis kalian berdua. Tetap melanjutkan hidup yg baik ya, buat kakakmu","","","12","https://x.com/nrrnisa/status/2050115089559425517/analytics","5.4K","https://abs.twimg.com/emoji/v2/svg/2728.svg","","","","","","Replying to","https://x.com/putriaazhf","@putriaazhf","",""
"https://x.com/keedehara","https://pbs.twimg.com/profile_images/2046560763763212288/F6x6RyhX_normal.jpg","Kirara Indosat","https://abs.twimg.com/emoji/v2/svg/1f408-200d-2b1b.svg","@keedehara","·","https://x.com/keedehara/status/2052677092861694296","10h","thank you to you too zay","","","1","https://x.com/keedehara/status/2052677092861694296/analytics","21","https://abs.twimg.com/emoji/v2/svg/1f339.svg","","","","","","Replying to","https://x.com/mahozimp","@mahozimp","",""
"https://x.com/jojijibeomsukyu","https://pbs.twimg.com/profile_images/2037807997976715264/Nh8bCP56_normal.jpg","titi indosat","","@jojijibeomsukyu","·","https://x.com/jojijibeomsukyu/status/2050214511328825843","May 1","Duhh gawattt lucu iya ganteng iya","타코 ◡̈⋆*","","3","https://x.com/jojijibeomsukyu/status/2050214511328825843/analytics","237","","","Fan account","","","#SMTR25","From","","0:02 / 0:06","https://pbs.twimg.com/profile_images/2014683822512832512/zgSF3LGg_normal.jpg","blob:https://x.com/5e979bfb-f8d6-4565-9a30-ee5dce357fbc"
"https://x.com/jojijibeomsukyu","https://pbs.twimg.com/profile_images/2037807997976715264/Nh8bCP56_normal.jpg","titi indosat","","@jojijibeomsukyu","·","https://x.com/jojijibeomsukyu/status/2050213857306820616","May 1","SERIUSSSS SHOUT OUT????!!!! NANGIS NIH AKUUU","From","","1","https://x.com/jojijibeomsukyu/status/2050213857306820616/analytics","90","","","Fan account","","ɪᴄɪᴇʟ.","#ENHYPEN","","","","https://pbs.twimg.com/profile_images/2050808197221617664/4IBOKKbk_normal.jpg","blob:https://x.com/fb7a1329-dae2-4253-bb77-98ddfb920444"
"https://x.com/nrrnisa","https://pbs.twimg.com/profile_images/2052353754385805312/T2EpX53D_normal.jpg","Bambang Indosat","","@nrrnisa","·","https://x.com/nrrnisa/status/2052780663351439696","3h","Kamu main lembah gak? Cek aja dulu siapa tau di situ ada paku yang bisa dituker kalau tokennya cukup","","","1","https://x.com/nrrnisa/status/2052780663351439696/analytics","10","","","","","","","Replying to","https://x.com/diaaargh","@diaaargh","",""
"https://x.com/keedehara","https://pbs.twimg.com/profile_images/2046560763763212288/F6x6RyhX_normal.jpg","Kirara Indosat","https://abs.twimg.com/emoji/v2/svg/1f408-200d-2b1b.svg","@keedehara","·","https://x.com/keedehara/status/2052675341630755027","10h","jj kematian","","","1","https://x.com/keedehara/status/2052675341630755027/analytics","24","","1","","","","","Replying to","https://x.com/Niniaaauhu","@Niniaaauhu","",""
"https://x.com/areumdaundream","https://pbs.twimg.com/profile_images/1796895748732366848/pnHL9WIT_normal.jpg","jeeaf","https://abs.twimg.com/emoji/v2/svg/1f49b.svg","@areumdaundream","·","https://x.com/areumdaundream/status/2051865592005787721","May 6","lagi gangguankah????","indosat","","1","https://x.com/areumdaundream/status/2051865592005787721/analytics","82","","","","","","","","","","",""
"https://x.com/si_sukajajan","https://pbs.twimg.com/profile_images/1876461145164529664/JZ582iod_normal.jpg","apin 2 (indosat)","","@si_sukajajan","·","https://x.com/si_sukajajan/status/2052718477933428832","7h","biar?wangi? hehe..","","","1","https://x.com/si_sukajajan/status/2052718477933428832/analytics","7","","","","","","","Replying to","https://x.com/pororonciro","@pororonciro","",""
"https://x.com/WinoLopReal","https://pbs.twimg.com/profile_images/2039742077291114496/JnhEFyLk_normal.jpg","WinoLop","https://abs.twimg.com/emoji/v2/svg/1f1f2-1f1e8.svg","@WinoLopReal","·","https://x.com/WinoLopReal/status/2052279110056243240","May 7","Realita anak tower telekomunikasi Indonesia","","","1","https://x.com/WinoLopReal/status/2052279110056243240/analytics","46","","","@Telkomsel","","@indosat","","","","","https://pbs.twimg.com/ext_tw_video_thumb/2052279079219671040/pu/img/eocAV-jxHCb5sYU9.jpg","blob:https://x.com/6b7f8175-22cf-42a7-8f9d-f37735a1426f"
"https://x.com/jojijibeomsukyu","https://pbs.twimg.com/profile_images/2037807997976715264/Nh8bCP56_normal.jpg","titi indosat","","@jojijibeomsukyu","·","https://x.com/jojijibeomsukyu/status/2050213857306820616","May 1","SERIUSSSS SHOUT OUT????!!!! NANGIS NIH AKUUU","ɪᴄɪᴇʟ.","","1","https://x.com/jojijibeomsukyu/status/2050213857306820616/analytics","90","","","Fan account","","","#ENHYPEN","From","","0:03 / 3:53","https://pbs.twimg.com/profile_images/2050808197221617664/4IBOKKbk_normal.jpg","blob:https://x.com/fb7a1329-dae2-4253-bb77-98ddfb920444"
"https://x.com/keedehara","https://pbs.twimg.com/profile_images/2046560763763212288/F6x6RyhX_normal.jpg","Kirara Indosat","https://abs.twimg.com/emoji/v2/svg/1f408-200d-2b1b.svg","@keedehara","·","https://x.com/keedehara/status/2050007288686288981","May 1","selamat pagi dari aku yg egk libur, ayah knp ak farmasi (1973619x)","GIF","","9","https://x.com/keedehara/status/2050007288686288981/analytics","543","","1","","","","","","","","","https://video.twimg.com/tweet_video/HHMWwurbQAAIj2P.mp4"
"https://x.com/WinoLopReal","https://pbs.twimg.com/profile_images/2039742077291114496/JnhEFyLk_normal.jpg","WinoLop","https://abs.twimg.com/emoji/v2/svg/1f1f2-1f1e8.svg","@WinoLopReal","·","https://x.com/WinoLopReal/status/2052279110056243240","May 7","Realita anak tower telekomunikasi Indonesia","","","1","https://x.com/WinoLopReal/status/2052279110056243240/analytics","46","","","@Telkomsel","","@indosat","","","","","","blob:https://x.com/6b7f8175-22cf-42a7-8f9d-f37735a1426f"
"https://x.com/keedehara","https://pbs.twimg.com/profile_images/2046560763763212288/F6x6RyhX_normal.jpg","Kirara Indosat","https://abs.twimg.com/emoji/v2/svg/1f408-200d-2b1b.svg","@keedehara","·","https://x.com/keedehara/status/2052677693058256972","10h","amiin, timksi kameruuu","","","1","https://x.com/keedehara/status/2052677693058256972/analytics","29","https://abs.twimg.com/emoji/v2/svg/1f614.svg","","","","","","Replying to","https://x.com/tokuts_ameh","@tokuts_ameh","",""
"https://x.com/keedehara","https://pbs.twimg.com/profile_images/2046560763763212288/F6x6RyhX_normal.jpg","Kirara Indosat","https://abs.twimg.com/emoji/v2/svg/1f408-200d-2b1b.svg","@keedehara","·","https://x.com/keedehara/status/2052785578161356819","3h","ada apa ini ka riga","","","","https://x.com/keedehara/status/2052785578161356819/analytics","57","https://abs.twimg.com/emoji/v2/svg/1f62d.svg","","","https://abs.twimg.com/emoji/v2/svg/1f62d.svg","","","Replying to","https://x.com/arashitula","@arashitula","",""
"https://x.com/Agen_properti_","https://pbs.twimg.com/profile_images/2024121509938450432/OwPb8fp7_normal.jpg","Yulius.zenith","","@Agen_properti_","·","https://x.com/Agen_properti_/status/2052707872640008524","8h","Sudah japri","","","","https://x.com/Agen_properti_/status/2052707872640008524/analytics","43","","","","","","","Replying to","https://x.com/indosat","@indosat","",""
"https://x.com/keedehara","https://pbs.twimg.com/profile_images/2046560763763212288/F6x6RyhX_normal.jpg","Kirara Indosat","https://abs.twimg.com/emoji/v2/svg/1f408-200d-2b1b.svg","@keedehara","·","https://x.com/keedehara/status/2052591262499557559","16h","akhir akhir ini sibuk bgtttt ampe kewalahan","GIF","","1","https://x.com/keedehara/status/2052591262499557559/analytics","48","","","","","","","","","","","https://video.twimg.com/tweet_video/HHxE3wLaMAAeNJH.mp4"
"https://x.com/keedehara","https://pbs.twimg.com/profile_images/2046560763763212288/F6x6RyhX_normal.jpg","Kirara Indosat","https://abs.twimg.com/emoji/v2/svg/1f408-200d-2b1b.svg","@keedehara","·","https://x.com/keedehara/status/2052761818154799538","4h","malaaassss","","","1","https://x.com/keedehara/status/2052761818154799538/analytics","14","https://abs.twimg.com/emoji/v2/svg/1f62d.svg","","","https://abs.twimg.com/emoji/v2/svg/1f62d.svg","","","Replying to","https://x.com/kanggalongratis","@kanggalongratis","",""
"https://x.com/shakespoor_","https://pbs.twimg.com/profile_images/2019042154602270721/iFPKvki-_normal.jpg","Gi.","","@shakespoor_","·","https://x.com/shakespoor_/status/2052708883362373817","8h","Aku p","","ake indosat","1","https://x.com/shakespoor_/status/2052708883362373817/analytics","36","https://abs.twimg.com/emoji/v2/svg/1f62d.svg","","","https://abs.twimg.com/emoji/v2/svg/1f62d.svg","","","Replying to","https://x.com/Xiaoyu09170918","@Xiaoyu09170918","",""
"https://x.com/hendrofts","https://pbs.twimg.com/profile_images/1546269889853210624/NESa-hAg_normal.jpg","Hendro Ryan","","@hendrofts","·","https://x.com/hendrofts/status/2052706632623411593","8h","emang bener status whatsapp nya tchouameni yg nomor","indosat","beda lagi?","","https://x.com/hendrofts/status/2052706632623411593/analytics","1.1K","","","@underthebrridge","","","","Replying to","https://x.com/thejurgenholic","@thejurgenholic","",""
"https://x.com/ordinnarygirlll","https://pbs.twimg.com/profile_images/1988113549160599552/w_JRG7B7_normal.jpg","tata indosat","","@ordinnarygirlll","·","https://x.com/ordinnarygirlll/status/2052695393436410087","9h","aduh ibu ibu knp npd ya..","","","","https://x.com/ordinnarygirlll/status/2052695393436410087/analytics","5","","","","","","","","","","",""
"https://x.com/keedehara","https://pbs.twimg.com/profile_images/2046560763763212288/F6x6RyhX_normal.jpg","Kirara Indosat","https://abs.twimg.com/emoji/v2/svg/1f408-200d-2b1b.svg","@keedehara","·","https://x.com/keedehara/status/2052683278713594034","9h","haloo","","","1","https://x.com/keedehara/status/2052683278713594034/analytics","21","","1","","","","","Replying to","https://x.com/mukbangayam_","@mukbangayam_","",""
"https://x.com/keedehara","https://pbs.twimg.com/profile_images/2046560763763212288/F6x6RyhX_normal.jpg","Kirara Indosat","https://abs.twimg.com/emoji/v2/svg/1f408-200d-2b1b.svg","@keedehara","·","https://x.com/keedehara/status/2052680875050139938","10h","keennn timkasiii","","kok kmu jarang muncul siiee lgi sbuk yhhh","1","https://x.com/keedehara/status/2052680875050139938/analytics","23","https://abs.twimg.com/emoji/v2/svg/1f97a.svg","","","https://abs.twimg.com/emoji/v2/svg/1faf6.svg","","","Replying to","https://x.com/Kkyysaaann","@Kkyysaaann","",""
"https://x.com/WinoLopReal","https://pbs.twimg.com/profile_images/2039742077291114496/JnhEFyLk_normal.jpg","WinoLop","https://abs.twimg.com/emoji/v2/svg/1f1f2-1f1e8.svg","@WinoLopReal","·","https://x.com/WinoLopReal/status/2052279110056243240","May 7","Realita anak tower telekomunikasi Indonesia","","","1","https://x.com/WinoLopReal/status/2052279110056243240/analytics","46","","","@Telkomsel","","@indosat","","","","0:03 / 0:27","","blob:https://x.com/6b7f8175-22cf-42a7-8f9d-f37735a1426f"
"https://x.com/keedehara","https://pbs.twimg.com/profile_images/2046560763763212288/F6x6RyhX_normal.jpg","Kirara Indosat","https://abs.twimg.com/emoji/v2/svg/1f408-200d-2b1b.svg","@keedehara","·","https://x.com/keedehara/status/2052591262499557559","16h","akhir akhir ini sibuk bgtttt ampe kewalahan","GIF","","1","https://x.com/keedehara/status/2052591262499557559/analytics","48","","","","","","","","","","","https://video.twimg.com/tweet_video/HHxE3wLaMAAeNJH.mp4"
"https://x.com/HiFicare","https://pbs.twimg.com/profile_images/2038435264545337344/hMmNdt4Q_normal.jpg","IndosatHiFiCare","","@HiFicare","·","https://x.com/HiFicare/status/2052753900818542938","5h","Hai Kak, HiMin mohon maaf atas ketidaknyamanannya ya. jika saat ini Kakak ada keluhan atau pertanyaan terkait","Indosat","HiFi silahkan bisa langsung DM HiMin ya Kak. HiMin akan dengan senang hati membantu Kakak.^^Tony","","https://x.com/HiFicare/status/2052753900818542938/analytics","51","","","","","","","Replying to","https://x.com/setiadiryn","@setiadiryn","",""
"https://x.com/keedehara","https://pbs.twimg.com/profile_images/2046560763763212288/F6x6RyhX_normal.jpg","Kirara Indosat","https://abs.twimg.com/emoji/v2/svg/1f408-200d-2b1b.svg","@keedehara","·","https://x.com/keedehara/status/2052796050520625347","2h","ckup yh, 5 mnit ajh skarang mundur dlu gantian","","","","https://x.com/keedehara/status/2052796050520625347/analytics","87","","","","","","","Replying to","https://x.com/ArjunaArkana","@ArjunaArkana","",""
"https://x.com/keedehara","https://pbs.twimg.com/profile_images/2046560763763212288/F6x6RyhX_normal.jpg","Kirara Indosat","https://abs.twimg.com/emoji/v2/svg/1f408-200d-2b1b.svg","@keedehara","·","https://x.com/keedehara/status/2052689446764732480","9h","timkasi tayang","","","","https://x.com/keedehara/status/2052689446764732480/analytics","15","https://abs.twimg.com/emoji/v2/svg/1f97a.svg","","","https://abs.twimg.com/emoji/v2/svg/1faf6.svg","","","Replying to","https://x.com/kmiyaaw","@kmiyaaw","",""
"https://x.com/HiFicare","https://pbs.twimg.com/profile_images/2038435264545337344/hMmNdt4Q_normal.jpg","IndosatHiFiCare","","@HiFicare","·","https://x.com/HiFicare/status/2052756986299576341","5h","Hai Kak, HiMin mohon maaf atas ketidaknyamanannya ya. jika saat ini Kakak ada keluhan atau pertanyaan terkait","Indosat","HiFi silahkan bisa langsung DM HiMin ya Kak. HiMin akan dengan senang hati membantu Kakak.^^Tony","","https://x.com/HiFicare/status/2052756986299576341/analytics","34","","","@teeezab","","and","@rizjz","Replying to","https://x.com/setiadiryn","@setiadiryn","",""
"https://x.com/jojijibeomsukyu","https://pbs.twimg.com/profile_images/2037807997976715264/Nh8bCP56_normal.jpg","titi indosat","","@jojijibeomsukyu","·","https://x.com/jojijibeomsukyu/status/2050209470429774105","May 1","SO CUTEEeeEeeEEEEE!!!","","","2","https://x.com/jojijibeomsukyu/status/2050209470429774105/analytics","208","https://abs.twimg.com/emoji/v2/svg/1faf6-1f3fb.svg","","Fan account","https://abs.twimg.com/emoji/v2/svg/1f497.svg","","#SMTR25","","","","",""
"https://x.com/siparto","https://pbs.twimg.com/profile_images/1907583484518084611/Zt7p5hH1_normal.jpg","siparto","","@siparto","·","https://x.com/siparto/status/2051458419119501400","May 5","Udah dari dulu sering begitu paling suruh on off HP gajelas gitu solusinya. Yg masalah sinyal mereka yg disalahin HP nya","","","2","https://x.com/siparto/status/2051458419119501400/analytics","132","https://abs.twimg.com/emoji/v2/svg/1f923.svg","1","@indosat","https://abs.twimg.com/emoji/v2/svg/1f923.svg","and","@indosatim3","Replying to","https://x.com/midnightlunev","@midnightlunev","",""
"https://x.com/Sleafig_0110","https://pbs.twimg.com/profile_images/2035159731740827650/qxVRzx8y_normal.jpg","NiteGirl_4869","","@Sleafig_0110","·","https://x.com/Sleafig_0110/status/2052766510972797020","4h","Sinyalku ilang timbul jadi aku coba mau DMan ama","indosat","..tp g bisa2 kebuka","1","https://x.com/Sleafig_0110/status/2052766510972797020/analytics","26","https://abs.twimg.com/emoji/v2/svg/1f62e-200d-1f4a8.svg","","","","","","Replying to","https://x.com/littlopopo","@littlopopo","",""
"https://x.com/keedehara","https://pbs.twimg.com/profile_images/2046560763763212288/F6x6RyhX_normal.jpg","Kirara Indosat","https://abs.twimg.com/emoji/v2/svg/1f408-200d-2b1b.svg","@keedehara","·","https://x.com/keedehara/status/2052687341232488449","9h","slamat ayaw, ditunggu yh","","","","https://x.com/keedehara/status/2052687341232488449/analytics","39","","","","","","","Replying to","https://x.com/bmsenaya","@bmsenaya","",""
"https://x.com/si_sukajajan","https://pbs.twimg.com/profile_images/1876461145164529664/JZ582iod_normal.jpg","apin 2 (indosat)","","@si_sukajajan","·","https://x.com/si_sukajajan/status/2052753535864115246","5h","gue sakit hati bgt dibilang pesimis dan malas","","","","https://x.com/si_sukajajan/status/2052753535864115246/analytics","16","https://abs.twimg.com/emoji/v2/svg/1f614.svg","","","","","","","","","",""
"https://x.com/jojijibeomsukyu","https://pbs.twimg.com/profile_images/2037807997976715264/Nh8bCP56_normal.jpg","titi indosat","","@jojijibeomsukyu","·","https://x.com/jojijibeomsukyu/status/2050175311204204610","May 1","90s Class!!!!","","","3","https://x.com/jojijibeomsukyu/status/2050175311204204610/analytics","266","","","Fan account","","","#SMTR25","","","","https://pbs.twimg.com/amplify_video_thumb/2050171894314549248/img/VT9rRXQHRGbW_LQe.jpg","blob:https://x.com/ebd84fa6-0a7c-49a6-b028-9490c8a0bf74"
"https://x.com/keedehara","https://pbs.twimg.com/profile_images/2046560763763212288/F6x6RyhX_normal.jpg","Kirara Indosat","https://abs.twimg.com/emoji/v2/svg/1f408-200d-2b1b.svg","@keedehara","·","https://x.com/keedehara/status/2052687867600937217","9h","200jt% pria pria pemberani","","","","https://x.com/keedehara/status/2052687867600937217/analytics","63","","","","","","","Replying to","https://x.com/PANDAVVA_ID","@PANDAVVA_ID","",""
"https://x.com/jojijibeomsukyu","https://pbs.twimg.com/profile_images/2037807997976715264/Nh8bCP56_normal.jpg","titi indosat","","@jojijibeomsukyu","·","https://x.com/jojijibeomsukyu/status/2050835986347970913","May 3","Last day Fanmeeting in Korea!!! Semangat boys","","","1","https://x.com/jojijibeomsukyu/status/2050835986347970913/analytics","175","https://abs.twimg.com/emoji/v2/svg/1faf6-1f3fb.svg","3","Fan account","https://abs.twimg.com/emoji/v2/svg/1faf6-1f3fb.svg","","#SMTR25","","","","https://pbs.twimg.com/amplify_video_thumb/2050834476301955072/img/eFu_fJxtzV51splD.jpg","blob:https://x.com/c14dcf9d-0f36-4318-b74d-4febe1fb1e15"
"https://x.com/hoonsmalovff","https://pbs.twimg.com/profile_images/2040043314406359040/Qad3VPuj_normal.jpg","Yanaaa⋆˚꩜｡","","@hoonsmalovff","·","https://x.com/hoonsmalovff/status/2052786813790769559","3h","BAJIGUR SUNGHOON IND","","OSAT","","https://x.com/hoonsmalovff/status/2052786813790769559/analytics","22","https://abs.twimg.com/emoji/v2/svg/1f62d.svg","","","https://abs.twimg.com/emoji/v2/svg/1f62d.svg","","","Replying to","https://x.com/shoonheree","@shoonheree","",""
"https://x.com/keonhohyul","https://pbs.twimg.com/profile_images/2049573316722388992/MY3TFBdg_normal.jpg","𓏼dev ྀི ་༘","","@keonhohyul","·","https://x.com/keonhohyul/status/2052072215752110196","May 7","mari kita appreciate irul telkomsel dan keberaniannya itu","indosat","( salam","1","https://x.com/keonhohyul/status/2052072215752110196/analytics","829","https://abs.twimg.com/emoji/v2/svg/1f44f.svg","10","@keonhohyul","","irul telkomsel","","May 6","","Quote","https://pbs.twimg.com/profile_images/2052439969516716033/tDVTvEpa_mini.jpg",""
"https://x.com/jojijibeomsukyu","https://pbs.twimg.com/profile_images/2037807997976715264/Nh8bCP56_normal.jpg","titi indosat","https://abs.twimg.com/emoji/v2/svg/203c.svg","@jojijibeomsukyu","·","https://x.com/jojijibeomsukyu/status/2050182716516430234","May 1","AAAAAKKKKKKKKKKK","","KALIAN DARI TK MANAAA JAWABBB","2","https://x.com/jojijibeomsukyu/status/2050182716516430234/analytics","390","https://abs.twimg.com/emoji/v2/svg/1f985.svg","6","Fan account","https://abs.twimg.com/emoji/v2/svg/1f985.svg","","#SMTR25","","","","",""
"https://x.com/jojijibeomsukyu","https://pbs.twimg.com/profile_images/2037807997976715264/Nh8bCP56_normal.jpg","titi indosat","","@jojijibeomsukyu","·","https://x.com/jojijibeomsukyu/status/2050175311204204610","May 1","90s Class!!!!","From","","3","https://x.com/jojijibeomsukyu/status/2050175311204204610/analytics","266","","","Fan account","","","#SMTR25","","","","https://pbs.twimg.com/profile_images/1912512687797325825/7kkwywLn_normal.jpg","blob:https://x.com/ebd84fa6-0a7c-49a6-b028-9490c8a0bf74"
"https://x.com/reoasy","https://pbs.twimg.com/profile_images/1967524716274696193/7zJAOwji_normal.jpg","kilaaaa indosat","","@reoasy","·","https://x.com/reoasy/status/2052691170300723568","9h","bau rokok bgt sial","","","","https://x.com/reoasy/status/2052691170300723568/analytics","17","","","","","","","","","","",""
"https://x.com/keedehara","https://pbs.twimg.com/profile_images/2046560763763212288/F6x6RyhX_normal.jpg","Kirara Indosat","https://abs.twimg.com/emoji/v2/svg/1f408-200d-2b1b.svg","@keedehara","·","https://x.com/keedehara/status/2052304063790973317","May 7","ak sapa lewat rumah yh kak cit","","","1","https://x.com/keedehara/status/2052304063790973317/analytics","29","https://abs.twimg.com/emoji/v2/svg/1f614.svg","1","","","","","Replying to","https://x.com/aeicitera","@aeicitera","",""
"https://x.com/_cloujwie","https://pbs.twimg.com/profile_images/2042274343972130816/k3U8AM0N_normal.jpg","eom","","@_cloujwie","·","https://x.com/_cloujwie/status/2050968895616688148","May 3","titik tertinggi kegantengan adlh ketika dituduh oplas","","","2","https://x.com/_cloujwie/status/2050968895616688148/analytics","138","https://abs.twimg.com/emoji/v2/svg/1f62d.svg","2","Visual Seonghyeon memang booming banget akhir-akhir ini sampai memunculkan tuduhan op dari oknum tidak bertanggung jawab. Di forum ini ada artikel yang memuat foto Seonghyeon dari usia sangat amat muda hingga","","SEONGHYEON INDONESIA","","May 3","","Quote","https://pbs.twimg.com/profile_images/2012454076697706496/PBkcUKl2_mini.jpg",""
"https://x.com/jojijibeomsukyu","https://pbs.twimg.com/profile_images/2037807997976715264/Nh8bCP56_normal.jpg","titi indosat","","@jojijibeomsukyu","·","https://x.com/jojijibeomsukyu/status/2050175311204204610","May 1","90s Class!!!!","","","3","https://x.com/jojijibeomsukyu/status/2050175311204204610/analytics","266","","","Fan account","","","#SMTR25","From","","","https://pbs.twimg.com/profile_images/1912512687797325825/7kkwywLn_normal.jpg","blob:https://x.com/ebd84fa6-0a7c-49a6-b028-9490c8a0bf74"
"https://x.com/jojijibeomsukyu","https://pbs.twimg.com/profile_images/2037807997976715264/Nh8bCP56_normal.jpg","titi indosat","","@jojijibeomsukyu","·","https://x.com/jojijibeomsukyu/status/2050835986347970913","May 3","Last day Fanmeeting in Korea!!! Semangat boys","From","","1","https://x.com/jojijibeomsukyu/status/2050835986347970913/analytics","175","https://abs.twimg.com/emoji/v2/svg/1faf6-1f3fb.svg","3","Fan account","https://abs.twimg.com/emoji/v2/svg/1faf6-1f3fb.svg","하프","#SMTR25","","","","https://pbs.twimg.com/profile_images/2001135190857670657/t5pKGEfj_normal.jpg","blob:https://x.com/c14dcf9d-0f36-4318-b74d-4febe1fb1e15"
"https://x.com/igotsan","https://pbs.twimg.com/profile_images/2052028234301403136/cvsnl4za_normal.jpg","pepi indosat","https://abs.twimg.com/emoji/v2/svg/1f345.svg","@igotsan","·","https://x.com/igotsan/status/2052028073718202432","May 6","Ayhhh lucunyooo","","","1","https://x.com/igotsan/status/2052028073718202432/analytics","17","https://abs.twimg.com/emoji/v2/svg/1f97a.svg","1","","https://abs.twimg.com/emoji/v2/svg/2764.svg","","","Replying to","https://x.com/100804zip","@100804zip","",""
"https://x.com/liaouww","https://pbs.twimg.com/profile_images/1970807210294013952/WNsi1f2C_normal.jpg","prill musiala⁴²","","@liaouww","·","https://x.com/liaouww/status/2051259775288332574","May 4","dr kmrn sinyal Lo kek tai anj. Kuota mahal sinyal kek tai asu","Indosat","","1","https://x.com/liaouww/status/2051259775288332574/analytics","95","","","","","","","","","","",""
"https://x.com/jojijibeomsukyu","https://pbs.twimg.com/profile_images/2037807997976715264/Nh8bCP56_normal.jpg","titi indosat","","@jojijibeomsukyu","·","https://x.com/jojijibeomsukyu/status/2050835986347970913","May 3","Last day Fanmeeting in Korea!!! Semangat boys","하프","","1","https://x.com/jojijibeomsukyu/status/2050835986347970913/analytics","175","https://abs.twimg.com/emoji/v2/svg/1faf6-1f3fb.svg","3","Fan account","https://abs.twimg.com/emoji/v2/svg/1faf6-1f3fb.svg","","#SMTR25","From","","0:02 / 0:13","https://pbs.twimg.com/profile_images/2001135190857670657/t5pKGEfj_normal.jpg","blob:https://x.com/c14dcf9d-0f36-4318-b74d-4febe1fb1e15"
"https://x.com/tukangocom","https://pbs.twimg.com/profile_images/2037646047582031872/8X12ycSd_normal.jpg","Tukan Go","","@tukangocom","·","https://x.com/tukangocom/status/2051255559584616605","May 4","Indonesia eSIM — from $1.05

4G/5G on Telkomsel, XL Axiata &a","mp; Indosat",".

Bali to Jakarta, always connected.

Link in bio.","2","https://x.com/tukangocom/status/2051255559584616605/analytics","114","https://abs.twimg.com/emoji/v2/svg/1f1ee-1f1e9.svg","#tukango","tukango.com","","#esim","#indonesia","","","tukango — Global eSIM Marketplace","",""
"https://x.com/mediaakalsehat","https://pbs.twimg.com/profile_images/2051323564759085056/2dW5wQEN_normal.jpg","AkalSehat.Net","","@mediaakalsehat","·","https://x.com/mediaakalsehat/status/2051794545747296676","May 6","Perkuat Ekosistem Ketenagakerjaan, Kemnaker Teken MoU dengan Wadhwani dan","Indosat","","6","https://x.com/mediaakalsehat/status/2051794545747296676/analytics","54","","5","","","","","From akalsehat.net","","Perkuat Ekosistem Ketenagakerjaan, Kemnaker Teken MoU dengan Wadhwani dan Indosat","",""
"https://x.com/keedehara","https://pbs.twimg.com/profile_images/2046560763763212288/F6x6RyhX_normal.jpg","Kirara Indosat","https://abs.twimg.com/emoji/v2/svg/1f408-200d-2b1b.svg","@keedehara","·","https://x.com/keedehara/status/2052699874618134641","8h","amiiinn 200jt% smoga yh, timksi ace","","","1","https://x.com/keedehara/status/2052699874618134641/analytics","16","https://abs.twimg.com/emoji/v2/svg/1faf6.svg","","","","","","Replying to","https://x.com/scramouchea","@scramouchea","",""
"https://x.com/keedehara","https://pbs.twimg.com/profile_images/2046560763763212288/F6x6RyhX_normal.jpg","Kirara Indosat","https://abs.twimg.com/emoji/v2/svg/1f408-200d-2b1b.svg","@keedehara","·","https://x.com/keedehara/status/2052686221453988282","9h","mba yuyoo","","","","https://x.com/keedehara/status/2052686221453988282/analytics","20","","","","","","","Replying to","https://x.com/lloweniye","@lloweniye","",""
"https://x.com/keedehara","https://pbs.twimg.com/profile_images/2046560763763212288/F6x6RyhX_normal.jpg","Kirara Indosat","https://abs.twimg.com/emoji/v2/svg/1f408-200d-2b1b.svg","@keedehara","·","https://x.com/keedehara/status/2052686338319962433","9h","ayo jaki setoran","","","","https://x.com/keedehara/status/2052686338319962433/analytics","5","","","","","","","Replying to","https://x.com/kanggalongratis","@kanggalongratis","",""
"https://x.com/keedehara","https://pbs.twimg.com/profile_images/2046560763763212288/F6x6RyhX_normal.jpg","Kirara Indosat","https://abs.twimg.com/emoji/v2/svg/1f408-200d-2b1b.svg","@keedehara","·","https://x.com/keedehara/status/2052715327105220805","7h","egk ini event 8 mei","","","","https://x.com/keedehara/status/2052715327105220805/analytics","12","","","","","","","Replying to","https://x.com/arflecchino","@arflecchino","",""
"https://x.com/ordinnarygirlll","https://pbs.twimg.com/profile_images/1988113549160599552/w_JRG7B7_normal.jpg","tata indosat","","@ordinnarygirlll","·","https://x.com/ordinnarygirlll/status/2052724779405431156","7h","maaf bawa masalah ke rumah..","","","","https://x.com/ordinnarygirlll/status/2052724779405431156/analytics","3","","","","","","","","","","",""
"https://x.com/keedehara","https://pbs.twimg.com/profile_images/2046560763763212288/F6x6RyhX_normal.jpg","Kirara Indosat","https://abs.twimg.com/emoji/v2/svg/1f408-200d-2b1b.svg","@keedehara","·","https://x.com/keedehara/status/2052778817119490392","3h","bisaa cash","","","","https://x.com/keedehara/status/2052778817119490392/analytics","18","","","","","","","Replying to","https://x.com/gyuwonzz","@gyuwonzz","",""
"https://x.com/ordinnarygirlll","https://pbs.twimg.com/profile_images/1988113549160599552/w_JRG7B7_normal.jpg","tata indosat","","@ordinnarygirlll","·","https://x.com/ordinnarygirlll/status/2052724676946973157","7h","aku nangis lagi","","","","https://x.com/ordinnarygirlll/status/2052724676946973157/analytics","3","https://abs.twimg.com/emoji/v2/svg/2639.svg","","","","","","","","","",""
"https://x.com/watermarklon02","https://pbs.twimg.com/profile_images/2042999255464546304/9PDpI0LE_normal.jpg","𝑳𝒂","https://abs.twimg.com/emoji/v2/svg/1f335.svg","@watermarklon02","·","https://x.com/watermarklon02/status/2051916897143402526","May 6","lagi knp sii??? lemot bgt","indosat","","1","https://x.com/watermarklon02/status/2051916897143402526/analytics","266","","2","kinda ia","","","","","","","",""
"https://x.com/keedehara","https://pbs.twimg.com/profile_images/2046560763763212288/F6x6RyhX_normal.jpg","Kirara Indosat","https://abs.twimg.com/emoji/v2/svg/1f408-200d-2b1b.svg","@keedehara","·","https://x.com/keedehara/status/2052677218128789906","10h","selamat senin","","","1","https://x.com/keedehara/status/2052677218128789906/analytics","287","https://abs.twimg.com/emoji/v2/svg/1f44e.svg","","","","","","Replying to","https://x.com/kucingliar_twit","@kucingliar_twit","",""
"https://x.com/AesriKim","https://pbs.twimg.com/profile_images/1932475546400927745/LvuGQFag_normal.jpg","","https://abs.twimg.com/emoji/v2/svg/2049.svg","@AesriKim","·","https://x.com/AesriKim/status/2051570357136703713","May 5","wtb kuota","indosat","","5","https://x.com/AesriKim/status/2051570357136703713/analytics","375","","1","","","","#zonauang","","","","",""
"https://x.com/keedehara","https://pbs.twimg.com/profile_images/2046560763763212288/F6x6RyhX_normal.jpg","Kirara Indosat","https://abs.twimg.com/emoji/v2/svg/1f408-200d-2b1b.svg","@keedehara","·","https://x.com/keedehara/status/2052617983659508176","14h","mau nmax","","","1","https://x.com/keedehara/status/2052617983659508176/analytics","51","","","","","","","Replying to","https://x.com/ArjunaArkana","@ArjunaArkana","",""
"https://x.com/keedehara","https://pbs.twimg.com/profile_images/2046560763763212288/F6x6RyhX_normal.jpg","Kirara Indosat","https://abs.twimg.com/emoji/v2/svg/1f408-200d-2b1b.svg","@keedehara","·","https://x.com/keedehara/status/2052683530304713070","9h","bziirrr pantes ajh, smngat yh ken jngan lupa istirahat yg bnyak jga, emwah","","","","https://x.com/keedehara/status/2052683530304713070/analytics","8","https://abs.twimg.com/emoji/v2/svg/1f618.svg","","","","","","Replying to","https://x.com/Kkyysaaann","@Kkyysaaann","",""
"https://x.com/girlych_","https://pbs.twimg.com/profile_images/2042224167567949824/VJSHAs7Y_normal.jpg","pinkeu♡","","@girlych_","·","https://x.com/girlych_/status/2052592496975270185","15h","dirumah aku pakai wifi dari Hifi","indosat","min, aku ambil paket yg sebulan 220k + kecepatan 100mbps (pemakaian standar) + sejauh ini sih lancar jaringannya + udah gratis jasa pemasangan dan routernya gratis + dibantu sales nya juga buat apk nya","4","https://x.com/girlych_/status/2052592496975270185/analytics","318","","","","","","","Replying to","https://x.com/tanyarlfes","@tanyarlfes","",""
"https://x.com/eilodsy","https://pbs.twimg.com/profile_images/2022316938769379328/eTh4sLLn_normal.jpg","shanie indosat","","@eilodsy","·","https://x.com/eilodsy/status/2051360124158251508","May 5","SESUNGGUHNYA JUKYU ADALAH BANGSA BESAR!","","","1","https://x.com/eilodsy/status/2051360124158251508/analytics","268","","1","Parody account","","","","Replying to","https://x.com/ohmymy333","@ohmymy333","",""
"https://x.com/keedehara","https://pbs.twimg.com/profile_images/2046560763763212288/F6x6RyhX_normal.jpg","Kirara Indosat","https://abs.twimg.com/emoji/v2/svg/1f408-200d-2b1b.svg","@keedehara","·","https://x.com/keedehara/status/2052699372287324502","8h","jagat maya mungkin kak sol","","","1","https://x.com/keedehara/status/2052699372287324502/analytics","103","","","","","","","Replying to","https://x.com/RisolSayang","@RisolSayang","",""
"https://x.com/nrrnisa","https://pbs.twimg.com/profile_images/2052353754385805312/T2EpX53D_normal.jpg","Bambang Indosat","","@nrrnisa","·","https://x.com/nrrnisa/status/2052774697780363742","3h","","GIF","","","https://x.com/nrrnisa/status/2052774697780363742/analytics","8","","","","","","","Replying to","https://x.com/diaaargh","@diaaargh","","https://video.twimg.com/tweet_video/HHzrtSkaAAAanDz.mp4"
"https://x.com/keedehara","https://pbs.twimg.com/profile_images/2046560763763212288/F6x6RyhX_normal.jpg","Kirara Indosat","https://abs.twimg.com/emoji/v2/svg/1f408-200d-2b1b.svg","@keedehara","·","https://x.com/keedehara/status/2052718820297712042","7h","tmkasii atas doanya risa","","","1","https://x.com/keedehara/status/2052718820297712042/analytics","9","https://abs.twimg.com/emoji/v2/svg/1f97a.svg","1","","https://abs.twimg.com/emoji/v2/svg/1faf6.svg","","","Replying to","https://x.com/namanyarizz","@namanyarizz","",""
"https://x.com/keedehara","https://pbs.twimg.com/profile_images/2046560763763212288/F6x6RyhX_normal.jpg","Kirara Indosat","https://abs.twimg.com/emoji/v2/svg/1f408-200d-2b1b.svg","@keedehara","·","https://x.com/keedehara/status/2052737498007417119","6h","si paling 67","","","1","https://x.com/keedehara/status/2052737498007417119/analytics","19","https://abs.twimg.com/emoji/v2/svg/1f62d.svg","","","","","","Replying to","https://x.com/naresxuw","@naresxuw","",""
"https://x.com/wahyudipepep18","https://pbs.twimg.com/profile_images/1571827479761014784/t8k1Kg9V_normal.png","wahyudi","","@wahyudipepep18","·","https://x.com/wahyudipepep18/status/2052790257259774193","2h","","","","","https://x.com/wahyudipepep18/status/2052790257259774193/analytics","7","https://abs.twimg.com/emoji/v2/svg/1f44d.svg","","","","","","Replying to","https://x.com/indosat","@indosat","",""
"https://x.com/baseconvo","https://pbs.twimg.com/profile_images/1982296256924860417/qC-SUheB_normal.jpg","baseconvo","https://abs.twimg.com/emoji/v2/svg/1f4ad.svg","@baseconvo","·","https://x.com/baseconvo/status/2051711034205852087","May 6","apakah beli kuota","indosat","menambah masa aktif? tgl 8 masa aktif kartuku end.","6","https://x.com/baseconvo/status/2051711034205852087/analytics","1K","https://abs.twimg.com/emoji/v2/svg/1f499.svg","","Automated by","","@Convo_Team","","","","","",""
"https://x.com/jojijibeomsukyu","https://pbs.twimg.com/profile_images/2037807997976715264/Nh8bCP56_normal.jpg","titi indosat","","@jojijibeomsukyu","·","https://x.com/jojijibeomsukyu/status/2050176518488543640","May 1","aduhhh nangis ini mahh aku liatnya juga","","","7","https://x.com/jojijibeomsukyu/status/2050176518488543640/analytics","326","","","Fan account","","","#SMTR25","","","","https://pbs.twimg.com/amplify_video_thumb/2050174211617087488/img/7dtw9umNciHD21id.jpg","blob:https://x.com/411fd28a-febb-45b2-bc14-957541560747"
"https://x.com/indosat","https://pbs.twimg.com/profile_images/2039626569426317312/ufIaht8Q_normal.jpg","Indosat Ooredoo Hutchison","","@indosat","·","https://x.com/indosat/status/2052748717141180567","5h","Hai Kak, maaf ya Kak. Aku sarankan bisa OFF ON.kan HP-nya ya. Apabila masih sama yuk infoin melalui DM nomor dan detail lokasinya. Agar aku bisa bantu cek lebih lanjut. Terima kasih ^Ella","","","1","https://x.com/indosat/status/2052748717141180567/analytics","86","","","","","","","Replying to","https://x.com/heedoyaaa","@heedoyaaa","",""
"https://x.com/lilkiddooo_","https://pbs.twimg.com/profile_images/2046956056975495169/bL5SEkyf_normal.jpg","𖦹 oddie ✧˚","","@lilkiddooo_","·","https://x.com/lilkiddooo_/status/2052005188530242033","May 6","info provider yg stabil di denpasar utara dong. ini","indosat","taikk bgt","1","https://x.com/lilkiddooo_/status/2052005188530242033/analytics","243","","1","","","","","","","","",""
"https://x.com/nrrnisa","https://pbs.twimg.com/profile_images/2052353754385805312/T2EpX53D_normal.jpg","Bambang Indosat","","@nrrnisa","·","https://x.com/nrrnisa/status/2052774697780363742","3h","","GIF","","","https://x.com/nrrnisa/status/2052774697780363742/analytics","8","","","","","","","Replying to","https://x.com/diaaargh","@diaaargh","","https://video.twimg.com/tweet_video/HHzrtSkaAAAanDz.mp4"
"https://x.com/indosat","https://pbs.twimg.com/profile_images/2039626569426317312/ufIaht8Q_normal.jpg","Indosat Ooredoo Hutchison","","@indosat","·","https://x.com/indosat/status/2052780729793159425","3h","Hai Kakak, mohon maaf ya atas yang dialami. Mengenai klaim Viu silakan infokan detail nomor nya, sisa pulsa dan masa aktif kartu saat ini melalui DM ya. Salam^Bobi","","","1","https://x.com/indosat/status/2052780729793159425/analytics","5","","","","","","","Replying to","https://x.com/corrnflower","@corrnflower","",""
"https://x.com/eewwraa","https://pbs.twimg.com/profile_images/2026394865869926407/MF4T22DL_normal.jpg","a r a ‎˗ˏˋ ♡ ˎˊ˗","","@eewwraa","·","https://x.com/eewwraa/status/2051333539308953916","May 4","wtb kuota","indosat","","5","https://x.com/eewwraa/status/2051333539308953916/analytics","127","","2","","","","#zonauang","","","","",""
"https://x.com/m4ddieprz","https://pbs.twimg.com/profile_images/2032806606061342721/8gaU_eHr_normal.jpg","maddie","","@m4ddieprz","·","https://x.com/m4ddieprz/status/2052001178318504188","May 6","entah ap normal2 gajelas","","tetep aja sinyal gue bapuk","1","https://x.com/m4ddieprz/status/2052001178318504188/analytics","282","","1","@indosatim3","","","","","","","",""
"https://x.com/Jokotole24","https://pbs.twimg.com/profile_images/1963479122191269889/gUyZl1Vy_normal.jpg","Warga Sipil biasa","","@Jokotole24","·","https://x.com/Jokotole24/status/2051023268044521882","May 4","Pas bayar, gue coba pake QRIS biar sat-set. Eh malah nge-hang. Timer masih muter, pulsa udah diisi manual sama abangnya. Status di konter: SUKSES. SN keluar: 2001 40850 6224. Duit gue kepotong, tapi saldo pulsa nggak nambah sama sekali.","","","2","https://x.com/Jokotole24/status/2051023268044521882/analytics","51","","1","","","@indosat","","Replying to","https://x.com/Jokotole24","@Jokotole24","",""
"https://x.com/richochoo","https://pbs.twimg.com/profile_images/1231991709526978560/Ofo9a9Bx_normal.jpg","Ricko al","","@richochoo","·","https://x.com/richochoo/status/2051634081675489393","May 5","bener2","Indosat","makin hari makin kacau","1","https://x.com/richochoo/status/2051634081675489393/analytics","167","","1","@indosatim3","","","","","","","",""
"https://x.com/cloverdaunempat","https://pbs.twimg.com/profile_images/1801760532162351104/5Q9fdx3d_normal.jpg","nid","https://abs.twimg.com/emoji/v2/svg/1f349.svg","@cloverdaunempat","·","https://x.com/cloverdaunempat/status/2050990164135297345","May 4","ngakak","","bayangin ada ""mingyu simp","1","https://x.com/cloverdaunempat/status/2050990164135297345/analytics","237","https://abs.twimg.com/emoji/v2/svg/1f923.svg","1","","https://abs.twimg.com/emoji/v2/svg/1f62d.svg","and","@chocosshua","Replying to","https://x.com/17dikurang4","@17dikurang4","",""
"https://x.com/felixisfairy","https://pbs.twimg.com/profile_images/2024846755033178112/O9NzI5Z6_normal.jpg","𐀔 @ after dm ♥︎","","@felixisfairy","·","https://x.com/felixisfairy/status/2050410165569262061","May 2","Kuota","indosat",".","2","https://x.com/felixisfairy/status/2050410165569262061/analytics","208","","1","Parody account","","","#bealanja","","","","",""
"https://x.com/indosat","https://pbs.twimg.com/profile_images/2039626569426317312/ufIaht8Q_normal.jpg","Indosat Ooredoo Hutchison","","@indosat","·","https://x.com/indosat/status/2052718932125991300","7h","Hai Kak, mohon maaf atas yang dialami. Mengenai sinyal kami sarankan off on HP dan coba kembali. Jika masih sama bisa infokan detail lokasi dan nomor IM3 nya melalui DM ya. Salam^Bobi","","","1","https://x.com/indosat/status/2052718932125991300/analytics","92","","","","","","","Replying to","https://x.com/Sleafig_0110","@Sleafig_0110","",""
"https://x.com/jojijibeomsukyu","https://pbs.twimg.com/profile_images/2037807997976715264/Nh8bCP56_normal.jpg","titi indosat","","@jojijibeomsukyu","·","https://x.com/jojijibeomsukyu/status/2050176518488543640","May 1","aduhhh nangis ini mahh aku liatnya juga","From","","7","https://x.com/jojijibeomsukyu/status/2050176518488543640/analytics","326","","","Fan account","","𝚈𝚞","#SMTR25","","","","https://pbs.twimg.com/profile_images/1952080114533253120/Fwh0FNQ2_normal.jpg","blob:https://x.com/411fd28a-febb-45b2-bc14-957541560747"
"https://x.com/Anna386311","https://pbs.twimg.com/profile_images/1922220659868106753/9-HFJ2jd_normal.jpg","Anna π","","@Anna386311","·","https://x.com/Anna386311/status/2050619185349472582","May 2","Ngirim sms 2x buat aktivasi mbca, pulsa kepotong 5rb... Harga pulsa  7k/rp5000... Bln lalu aktivasi layanan lain dengn kirim sms pake nomor","indosat","gagal smpe habis pulsa 15k g dibalikin. Pakai byU dr telkomsel malah ngirim sms murah bgt dan selalu berhasil. Thanks","1","https://x.com/Anna386311/status/2050619185349472582/analytics","146","","1","@byu_id","","","","Replying to","https://x.com/indosatim3","@indosatim3","",""
"https://x.com/igotsan","https://pbs.twimg.com/profile_images/2052028234301403136/cvsnl4za_normal.jpg","pepi indosat","https://abs.twimg.com/emoji/v2/svg/1f345.svg","@igotsan","·","https://x.com/igotsan/status/2050175749974605831","May 1","COTYYY","","","1","https://x.com/igotsan/status/2050175749974605831/analytics","14","https://abs.twimg.com/emoji/v2/svg/1f380.svg","1","","https://abs.twimg.com/emoji/v2/svg/1f380.svg","and","@BOYNEXTDOOR_twt","Replying to","https://x.com/giantstarr_","@giantstarr_","",""
"https://x.com/ArdyBern","https://pbs.twimg.com/profile_images/2035899498464264192/7TH7i2UA_normal.jpg","Ar","","@ArdyBern","·","https://x.com/ArdyBern/status/2050179290172735608","May 1","","","","2","https://x.com/ArdyBern/status/2050179290172735608/analytics","148","https://abs.twimg.com/emoji/v2/svg/1f3c3-200d-2642-fe0f.svg","2","","https://abs.twimg.com/emoji/v2/svg/1f4a8.svg","","","","","","",""
"https://x.com/indosat","https://pbs.twimg.com/profile_images/2039626569426317312/ufIaht8Q_normal.jpg","Indosat Ooredoo Hutchison","","@indosat","·","https://x.com/indosat/status/2052784879390110150","3h","Hai Kak Fay, maaf atas kendalanya. Untuk DM sudah aku balas ya. Terima kasih^Theo","","","","https://x.com/indosat/status/2052784879390110150/analytics","7","","","","","","","Replying to","https://x.com/corrnflower","@corrnflower","",""
"https://x.com/jojijibeomsukyu","https://pbs.twimg.com/profile_images/2037807997976715264/Nh8bCP56_normal.jpg","titi indosat","","@jojijibeomsukyu","·","https://x.com/jojijibeomsukyu/status/2050176518488543640","May 1","aduhhh nangis ini mahh aku liatnya juga","𝚈𝚞","","7","https://x.com/jojijibeomsukyu/status/2050176518488543640/analytics","326","","","Fan account","","","#SMTR25","From","","0:03 / 0:31","https://pbs.twimg.com/profile_images/1952080114533253120/Fwh0FNQ2_normal.jpg","blob:https://x.com/411fd28a-febb-45b2-bc14-957541560747"
"https://x.com/jojijibeomsukyu","https://pbs.twimg.com/profile_images/2037807997976715264/Nh8bCP56_normal.jpg","titi indosat","","@jojijibeomsukyu","·","https://x.com/jojijibeomsukyu/status/2050985349120475596","May 4","TUAN MUDAA TOLONG DENGAR SUARA RAKYAT KECILMU INIIII","","","8","https://x.com/jojijibeomsukyu/status/2050985349120475596/analytics","284","https://abs.twimg.com/emoji/v2/svg/1f64f-1f3fb.svg","","Fan account","https://abs.twimg.com/emoji/v2/svg/1f64f-1f3fb.svg","","#NICHOLAS","","","","https://pbs.twimg.com/ext_tw_video_thumb/2050985327687610368/pu/img/WwdO4TEL7_dfSHfv.jpg","blob:https://x.com/a713b1ba-5f8f-4d37-8fa0-2c23905b0e72"
"https://x.com/indosat","https://pbs.twimg.com/profile_images/2039626569426317312/ufIaht8Q_normal.jpg","Indosat Ooredoo Hutchison","","@indosat","·","https://x.com/indosat/status/2052755532943880373","5h","Untuk nomer IM3 karena berkaitan dengan privasi Kakak aku sarankan untuk diinformasikan melalui DM ya Kak. ^Nuhi","","","1","https://x.com/indosat/status/2052755532943880373/analytics","41","","","","","","","Replying to","https://x.com/Sleafig_0110","@Sleafig_0110","",""
"https://x.com/jojijibeomsukyu","https://pbs.twimg.com/profile_images/2037807997976715264/Nh8bCP56_normal.jpg","titi indosat","","@jojijibeomsukyu","·","https://x.com/jojijibeomsukyu/status/2050175552901042179","May 1","Wahhhh gila sihhhh","","","1","https://x.com/jojijibeomsukyu/status/2050175552901042179/analytics","251","","5","Fan account","","","#SMTR25","","","","https://pbs.twimg.com/amplify_video_thumb/2050169978608091136/img/MxCFbsXUvlbegDX3.jpg","blob:https://x.com/ac7dd060-871f-4904-9d4d-b675df8a298c"
"https://x.com/jojijibeomsukyu","https://pbs.twimg.com/profile_images/2037807997976715264/Nh8bCP56_normal.jpg","titi indosat","","@jojijibeomsukyu","·","https://x.com/jojijibeomsukyu/status/2050985349120475596","May 4","TUAN MUDAA TOLONG DENGAR SUARA RAKYAT KECILMU INIIII","","","8","https://x.com/jojijibeomsukyu/status/2050985349120475596/analytics","284","https://abs.twimg.com/emoji/v2/svg/1f64f-1f3fb.svg","","Fan account","https://abs.twimg.com/emoji/v2/svg/1f64f-1f3fb.svg","","#NICHOLAS","","","","","blob:https://x.com/a713b1ba-5f8f-4d37-8fa0-2c23905b0e72"
"https://x.com/nrrnisa","https://pbs.twimg.com/profile_images/2052353754385805312/T2EpX53D_normal.jpg","Bambang Indosat","","@nrrnisa","·","https://x.com/nrrnisa/status/2052779727732232596","3h","OH LIMIT AOWMOWKAO","","","1","https://x.com/nrrnisa/status/2052779727732232596/analytics","9","","","","","and","@diaaargh","Replying to","https://x.com/nrrnisa","@nrrnisa","",""
"https://x.com/nrrnisa","https://pbs.twimg.com/profile_images/2052353754385805312/T2EpX53D_normal.jpg","Bambang Indosat","","@nrrnisa","·","https://x.com/nrrnisa/status/2052731252206387497","6h","Do you have an event coming up soon? Cause honestly, losing 5kg in 2 weeks is pretty dangerous/unhealthy (especially for us girls). But if you have to, make sure to get back to “the right track” once you’re done","","I’d suggest more cardio and intermittent fasting for now","","https://x.com/nrrnisa/status/2052731252206387497/analytics","717","https://abs.twimg.com/emoji/v2/svg/1f497.svg","","","","","","Replying to","https://x.com/liliesislosing","@liliesislosing","",""
"https://x.com/nrrnisa","https://pbs.twimg.com/profile_images/2052353754385805312/T2EpX53D_normal.jpg","Bambang Indosat","","@nrrnisa","·","https://x.com/nrrnisa/status/2052779680319819969","3h","Sini sebiji","","","1","https://x.com/nrrnisa/status/2052779680319819969/analytics","11","","","","","","","Replying to","https://x.com/diaaargh","@diaaargh","",""
"https://x.com/tickvet","https://pbs.twimg.com/profile_images/1583834537821249536/dbUthfhT_normal.png","Kuota isat xl tsel tri indosat im3 cv convert","","@tickvet","·","https://x.com/tickvet/status/2048326275367100557","Apr 26","Open tukar pulsa ke saldo uang 

RATE cv convert","Indosat","tri 3 isat xl : 0,85 - 0,87
Tsel telkomsel : 0,80 -  0,82

Chat keisini","","https://x.com/tickvet/status/2048326275367100557/analytics","215","","","@DHEANDELION","","","#zonauang️","","","","",""
"https://x.com/rosetcre","https://pbs.twimg.com/profile_images/1937699520701431810/3HTJyx5q_normal.jpg","RÉ | MT aft DM","","@rosetcre","·","https://x.com/rosetcre/status/2052561625505509477","17h","Pake lebih dari 1 provider, beberapa provider makin lama di pake makin mahal harganya, jadi switch dulu ke provider lain. Aku pake","Indosat",", XL, Telkomsel, 100rb dapet 40 - 50 GB","2","https://x.com/rosetcre/status/2052561625505509477/analytics","151","","","","","","","Replying to","https://x.com/tanyarlfes","@tanyarlfes","",""
"https://x.com/keedehara","https://pbs.twimg.com/profile_images/2046560763763212288/F6x6RyhX_normal.jpg","Kirara Indosat","https://abs.twimg.com/emoji/v2/svg/1f408-200d-2b1b.svg","@keedehara","·","https://x.com/keedehara/status/2052219019625943320","May 7","nyaamm kliatan enaakk","","","1","https://x.com/keedehara/status/2052219019625943320/analytics","22","","1","","","","","Replying to","https://x.com/SecretlyInsane4","@SecretlyInsane4","",""
"https://x.com/patsyhaa","https://pbs.twimg.com/profile_images/2049930102784626688/MKf1PYAy_normal.jpg","patt","","@patsyhaa","·","https://x.com/patsyhaa/status/2050559200959529294","May 2","Jd gini, kami dr pusat","indosat","ingin konfirmasi ulang nomor telp anda dan no WA untuk vertifikasi. Jd mas, 08 brp yaah?","1","https://x.com/patsyhaa/status/2050559200959529294/analytics","43","","","","","チョコ","","Jul 10, 2025","","Quote","https://pbs.twimg.com/profile_images/1859885830753701888/jbBld-ZM_mini.jpg",""
"https://x.com/jojijibeomsukyu","https://pbs.twimg.com/profile_images/2037807997976715264/Nh8bCP56_normal.jpg","titi indosat","","@jojijibeomsukyu","·","https://x.com/jojijibeomsukyu/status/2050985349120475596","May 4","TUAN MUDAA TOLONG DENGAR SUARA RAKYAT KECILMU INIIII","","","8","https://x.com/jojijibeomsukyu/status/2050985349120475596/analytics","284","https://abs.twimg.com/emoji/v2/svg/1f64f-1f3fb.svg","","Fan account","https://abs.twimg.com/emoji/v2/svg/1f64f-1f3fb.svg","","#NICHOLAS","","","","","blob:https://x.com/a713b1ba-5f8f-4d37-8fa0-2c23905b0e72"
"https://x.com/jojijibeomsukyu","https://pbs.twimg.com/profile_images/2037807997976715264/Nh8bCP56_normal.jpg","titi indosat","","@jojijibeomsukyu","·","https://x.com/jojijibeomsukyu/status/2050175552901042179","May 1","Wahhhh gila sihhhh","From","","1","https://x.com/jojijibeomsukyu/status/2050175552901042179/analytics","251","","5","Fan account","","머지","#SMTR25","","","","https://pbs.twimg.com/profile_images/1951200078074400769/zQ-sMEnl_normal.jpg","blob:https://x.com/ac7dd060-871f-4904-9d4d-b675df8a298c"
"https://x.com/wiavetoearth","https://pbs.twimg.com/profile_images/2034606415751626753/Dgw-dZhw_normal.jpg","Evan Indosat.","","@wiavetoearth","·","https://x.com/wiavetoearth/status/2052759441473458268","4h","Sebenernya gue lebih merasa ini kayak KKN.","","","","https://x.com/wiavetoearth/status/2052759441473458268/analytics","28","","","","","","","Replying to","https://x.com/wiavetoearth","@wiavetoearth","",""
"https://x.com/signatureoreo","https://pbs.twimg.com/profile_images/1850050824275361792/MmmYwC5q_normal.jpg","baby","","@signatureoreo","·","https://x.com/signatureoreo/status/2051292242749620550","May 4","Jaringan","indosat","lemot gak sih akhir akhir ini?","1","https://x.com/signatureoreo/status/2051292242749620550/analytics","181","https://abs.twimg.com/emoji/v2/svg/1f972.svg","4","","","","","","","","",""
"https://x.com/bluewoonishere","https://pbs.twimg.com/profile_images/1727922940430499840/SjGkNboi_normal.jpg","rara indosat","","@bluewoonishere","·","https://x.com/bluewoonishere/status/2050943739934462345","May 3","tapi gakuat melek ngantuk banget","","","1","https://x.com/bluewoonishere/status/2050943739934462345/analytics","7","","","","","and","@greoatest","Replying to","https://x.com/retjanisme","@retjanisme","",""
"https://x.com/jojijibeomsukyu","https://pbs.twimg.com/profile_images/2037807997976715264/Nh8bCP56_normal.jpg","titi indosat","","@jojijibeomsukyu","·","https://x.com/jojijibeomsukyu/status/2050564647326298275","May 2","WKWKKWKWWKK TWICEEEE","","","1","https://x.com/jojijibeomsukyu/status/2050564647326298275/analytics","105","https://abs.twimg.com/emoji/v2/svg/1f62d.svg","1","Fan account","https://abs.twimg.com/emoji/v2/svg/1f62d.svg","","#SMTR25","","","","https://pbs.twimg.com/amplify_video_thumb/2050517233169043456/img/YjAkCB2ZvAB9gNeR.jpg","blob:https://x.com/262f0fb2-154b-4651-a293-f7efb96d3f09"
"https://x.com/indosat","https://pbs.twimg.com/profile_images/2039626569426317312/ufIaht8Q_normal.jpg","Indosat Ooredoo Hutchison","","@indosat","·","https://x.com/indosat/status/2052745876171276601","5h","Hai Kak, mohon maaf atas yang dialami. Pastikan sebelumnya nomor masih aktif dengan cek masa aktif melalui menu *888# atau myIM3. Kemudian coba off on Hp nya, dan jika masih sama infokan nomor IM3 serta detail lokasi melalui DM kami ya Kak. Salam^Bobi","","","","https://x.com/indosat/status/2052745876171276601/analytics","30","","","","","","","Replying to","https://x.com/emble953574","@emble953574","",""
"https://x.com/jojijibeomsukyu","https://pbs.twimg.com/profile_images/2037807997976715264/Nh8bCP56_normal.jpg","titi indosat","","@jojijibeomsukyu","·","https://x.com/jojijibeomsukyu/status/2050175552901042179","May 1","Wahhhh gila sihhhh","머지","","1","https://x.com/jojijibeomsukyu/status/2050175552901042179/analytics","251","","5","Fan account","","","#SMTR25","From","","","https://pbs.twimg.com/profile_images/1951200078074400769/zQ-sMEnl_normal.jpg","blob:https://x.com/ac7dd060-871f-4904-9d4d-b675df8a298c"
"https://x.com/jojijibeomsukyu","https://pbs.twimg.com/profile_images/2037807997976715264/Nh8bCP56_normal.jpg","titi indosat","","@jojijibeomsukyu","·","https://x.com/jojijibeomsukyu/status/2052534161660158299","19h","Buah jatuh ga jauh dari pohonnya.","","","3","https://x.com/jojijibeomsukyu/status/2052534161660158299/analytics","419","","","Fan account","","and","@twsberrysai","Replying to","https://x.com/cloverishael","@cloverishael","",""
"https://x.com/keedehara","https://pbs.twimg.com/profile_images/2046560763763212288/F6x6RyhX_normal.jpg","Kirara Indosat","https://abs.twimg.com/emoji/v2/svg/1f408-200d-2b1b.svg","@keedehara","·","https://x.com/keedehara/status/2052689505820491918","9h","jewaa timksi ya","","","","https://x.com/keedehara/status/2052689505820491918/analytics","18","https://abs.twimg.com/emoji/v2/svg/1faf6.svg","","","","","","Replying to","https://x.com/dlunatsuki","@dlunatsuki","",""
"https://x.com/TheRingOfPowers","https://pbs.twimg.com/profile_images/2025099801789153280/OyLSZMch_normal.jpg","Warung Kopi Mang Darman","","@TheRingOfPowers","·","https://x.com/TheRingOfPowers/status/2052697167991861658","9h","6000 esemka, 140 investor asing IKN, buyback","indosat",", ijazah palsu. Kerahkan buzer baik yang kroco dan yang anggota psi untuk serang JK alihkan kasus ijazah palsu.
Untung rakyat Indonesia sudah ga seperti 10 tahun lalu","and 3 others","https://x.com/TheRingOfPowers/status/2052697167991861658/analytics","65","https://abs.twimg.com/emoji/v2/svg/1f605.svg","","","","","@Anak__Ogi","Replying to","https://x.com/nimo_geron","@nimo_geron","",""
"https://x.com/Braryonata_","https://pbs.twimg.com/profile_images/2045309262029860864/7dST9R1q_normal.jpg","kuromi 쿠로미","","@Braryonata_","·","https://x.com/Braryonata_/status/2050228478700871837","May 1","Aku juga tinggal di semarang nder .. pakai wifi dr","indosat","nih .. hrganya murah dan sinyal stabil","1","https://x.com/Braryonata_/status/2050228478700871837/analytics","261","","1","","","","","Replying to","https://x.com/tanyarlfes","@tanyarlfes","",""
"https://x.com/jojijibeomsukyu","https://pbs.twimg.com/profile_images/2037807997976715264/Nh8bCP56_normal.jpg","titi indosat","","@jojijibeomsukyu","·","https://x.com/jojijibeomsukyu/status/2050168967860555807","May 1","AKHIRNYA NEMU YANG KASSHOOOO","","","1","https://x.com/jojijibeomsukyu/status/2050168967860555807/analytics","17","https://abs.twimg.com/emoji/v2/svg/1f62d.svg","","Fan account","https://abs.twimg.com/emoji/v2/svg/1f62d.svg","","","","","","https://pbs.twimg.com/amplify_video_thumb/2050168362966339584/img/yjOCvb9pQNhHbtba.jpg","blob:https://x.com/77aecb86-d92d-4c29-9fcc-ca6ed3a0af3f"
"https://x.com/jojijibeomsukyu","https://pbs.twimg.com/profile_images/2037807997976715264/Nh8bCP56_normal.jpg","titi indosat","","@jojijibeomsukyu","·","https://x.com/jojijibeomsukyu/status/2050564647326298275","May 2","WKWKKWKWWKK TWICEEEE","haminaina","","1","https://x.com/jojijibeomsukyu/status/2050564647326298275/analytics","105","https://abs.twimg.com/emoji/v2/svg/1f62d.svg","1","Fan account","https://abs.twimg.com/emoji/v2/svg/1f62d.svg","","#SMTR25","From","","0:01 / 0:28","https://pbs.twimg.com/profile_images/2045014067526725632/qD24eIu6_normal.jpg","blob:https://x.com/262f0fb2-154b-4651-a293-f7efb96d3f09"
"https://x.com/keedehara","https://pbs.twimg.com/profile_images/2046560763763212288/F6x6RyhX_normal.jpg","Kirara Indosat","https://abs.twimg.com/emoji/v2/svg/1f408-200d-2b1b.svg","@keedehara","·","https://x.com/keedehara/status/2052716700576141399","7h","wkwkakakaka suaranya lucu bgt kak cit","","","1","https://x.com/keedehara/status/2052716700576141399/analytics","31","https://abs.twimg.com/emoji/v2/svg/1f62d.svg","2","","","","","Replying to","https://x.com/aeicitera","@aeicitera","",""
"https://x.com/nasgorgornas","https://pbs.twimg.com/profile_images/1877707745451008000/DSupKqV2_normal.jpg","ɴᴀꜱɪ ɢᴏʀᴇɴɢ ᴛᴀɴᴘᴀ ᴋᴇᴄᴀᴘ","","@nasgorgornas","·","https://x.com/nasgorgornas/status/2052375851107594418","May 7","Bagusan gerai","indosat","pelayanannya mantab","1","https://x.com/nasgorgornas/status/2052375851107594418/analytics","42","","","","","","","Replying to","https://x.com/priveabil","@priveabil","",""
"https://x.com/geminiurbae","https://pbs.twimg.com/profile_images/2051335830510374912/__8-lsNE_normal.jpg","dew.","","@geminiurbae","·","https://x.com/geminiurbae/status/2049185005155631264","Apr 29","“i heard ppl shipping us”   “i know, i started it”","Translated from Thai","#dewtee","7","https://x.com/geminiurbae/status/2049185005155631264/analytics","1.1K","","114","Parody account","","B̶E̶L̶L̶A̶X̶M̶I̶T̶R̶A̶","","Apr 28","","Quote","https://pbs.twimg.com/profile_images/1703799130605379584/CEtgy-RM_mini.jpg",""
"https://x.com/jojijibeomsukyu","https://pbs.twimg.com/profile_images/2037807997976715264/Nh8bCP56_normal.jpg","titi indosat","","@jojijibeomsukyu","·","https://x.com/jojijibeomsukyu/status/2050168967860555807","May 1","AKHIRNYA NEMU YANG KASSHOOOO","From","","1","https://x.com/jojijibeomsukyu/status/2050168967860555807/analytics","17","https://abs.twimg.com/emoji/v2/svg/1f62d.svg","","Fan account","https://abs.twimg.com/emoji/v2/svg/1f62d.svg","","","","","","https://pbs.twimg.com/profile_images/1912512687797325825/7kkwywLn_normal.jpg","blob:https://x.com/77aecb86-d92d-4c29-9fcc-ca6ed3a0af3f"
"https://x.com/jekeysgurls","https://pbs.twimg.com/profile_images/2052801266544427008/hnUXAdRJ_normal.jpg","jeizy | app prem & acc 200++ testi ᯓ★","","@jekeysgurls","·","https://x.com/jekeysgurls/status/2052807212024938851","1h","LUCU BGT SUNGHOON","INDOSAT","","","https://x.com/jekeysgurls/status/2052807212024938851/analytics","12","https://abs.twimg.com/emoji/v2/svg/1f62d.svg","","","","","","","","","",""
"https://x.com/indosat","https://pbs.twimg.com/profile_images/2039626569426317312/ufIaht8Q_normal.jpg","Indosat Ooredoo Hutchison","","@indosat","·","https://x.com/indosat/status/2052741068676841598","6h","Maaf untuk pengalamannya ya. Aku sudah bantu balas chat Kakak melalui DM. Yuk bisa cek DM sekarang. Terima kasih ^Nami","","","1","https://x.com/indosat/status/2052741068676841598/analytics","28","","","","","","","Replying to","https://x.com/Sleafig_0110","@Sleafig_0110","",""
"https://x.com/nrrnisa","https://pbs.twimg.com/profile_images/2052353754385805312/T2EpX53D_normal.jpg","Bambang Indosat","","@nrrnisa","·","https://x.com/nrrnisa/status/2052771713361031465","4h","Permen Ting-Ting sekarang kecil bangettt","","","1","https://x.com/nrrnisa/status/2052771713361031465/analytics","17","","","","","","","","","","",""
"https://x.com/potarisweatt","https://pbs.twimg.com/profile_images/2027687365532372992/TSPWYny8_normal.jpg","tari","","@potarisweatt","·","https://x.com/potarisweatt/status/2048947773257740576","Apr 28","knp lemot bgt dr kemaren hft","indosat","","2","https://x.com/potarisweatt/status/2048947773257740576/analytics","141","","","","","","","","","","",""
"https://x.com/keedehara","https://pbs.twimg.com/profile_images/2046560763763212288/F6x6RyhX_normal.jpg","Kirara Indosat","https://abs.twimg.com/emoji/v2/svg/1f408-200d-2b1b.svg","@keedehara","·","https://x.com/keedehara/status/2052058072949150103","May 6","lucu gemas mbul bima tolong geprek dia","","","14","https://x.com/keedehara/status/2052058072949150103/analytics","130","https://abs.twimg.com/emoji/v2/svg/1f4a5.svg","","","https://abs.twimg.com/emoji/v2/svg/1f4a5.svg","𝙖𝙞𝙪☼☽【𝙆𝙍𝘽𝙏】","","May 6","","Quote","https://pbs.twimg.com/profile_images/2034246784663576576/zGfUm9hd_mini.jpg","blob:https://x.com/725761c3-da6c-47fe-a637-cf9f06feefb3"
"https://x.com/keedehara","https://pbs.twimg.com/profile_images/2046560763763212288/F6x6RyhX_normal.jpg","Kirara Indosat","https://abs.twimg.com/emoji/v2/svg/1f408-200d-2b1b.svg","@keedehara","·","https://x.com/keedehara/status/2052717167955841400","7h","jir trimkasih sdah mngingatkan","","","","https://x.com/keedehara/status/2052717167955841400/analytics","11","https://abs.twimg.com/emoji/v2/svg/1f494.svg","","","","","","Replying to","https://x.com/alhaitamr","@alhaitamr","",""
"https://x.com/critpy","https://pbs.twimg.com/profile_images/1938596706008088576/35_wpIpv_normal.jpg","","https://abs.twimg.com/emoji/v2/svg/1f352.svg","@critpy","·","https://x.com/critpy/status/2050084013302567069","May 1","drop pl kuota","indosat","","5","https://x.com/critpy/status/2050084013302567069/analytics","307","","1","","","","#zonauang","","","","",""
"https://x.com/keedehara","https://pbs.twimg.com/profile_images/2046560763763212288/F6x6RyhX_normal.jpg","Kirara Indosat","https://abs.twimg.com/emoji/v2/svg/1f408-200d-2b1b.svg","@keedehara","·","https://x.com/keedehara/status/2051864117888311450","May 6","selamaaaaattt pppppaaagi","","","7","https://x.com/keedehara/status/2051864117888311450/analytics","150","","5","","","","","","","","",""
"https://x.com/jojijibeomsukyu","https://pbs.twimg.com/profile_images/2037807997976715264/Nh8bCP56_normal.jpg","titi indosat","","@jojijibeomsukyu","·","https://x.com/jojijibeomsukyu/status/2050186797976895555","May 1","Bahagia in kita kitaa yaa selama satu bulan iniii kita lagi mau buka ruang ikhlas buat nanti debut kaliannn","","","1","https://x.com/jojijibeomsukyu/status/2050186797976895555/analytics","251","","6","Fan account","","","#SMTR25","","","","https://pbs.twimg.com/amplify_video_thumb/2050185207354195968/img/q1w-3dlOnt4TXaym.jpg","blob:https://x.com/9b442c5b-9b94-4dab-8e35-244935f60b06"
"https://x.com/jojijibeomsukyu","https://pbs.twimg.com/profile_images/2037807997976715264/Nh8bCP56_normal.jpg","titi indosat","","@jojijibeomsukyu","·","https://x.com/jojijibeomsukyu/status/2050168967860555807","May 1","AKHIRNYA NEMU YANG KASSHOOOO","","","1","https://x.com/jojijibeomsukyu/status/2050168967860555807/analytics","17","https://abs.twimg.com/emoji/v2/svg/1f62d.svg","","Fan account","https://abs.twimg.com/emoji/v2/svg/1f62d.svg","","","From","","","https://pbs.twimg.com/profile_images/1912512687797325825/7kkwywLn_normal.jpg","blob:https://x.com/77aecb86-d92d-4c29-9fcc-ca6ed3a0af3f"
"https://x.com/keedehara","https://pbs.twimg.com/profile_images/2046560763763212288/F6x6RyhX_normal.jpg","Kirara Indosat","https://abs.twimg.com/emoji/v2/svg/1f408-200d-2b1b.svg","@keedehara","·","https://x.com/keedehara/status/2052058072949150103","May 6","lucu gemas mbul bima tolong geprek dia","0:09","","14","https://x.com/keedehara/status/2052058072949150103/analytics","130","https://abs.twimg.com/emoji/v2/svg/1f4a5.svg","","","https://abs.twimg.com/emoji/v2/svg/1f4a5.svg","𝙖𝙞𝙪☼☽【𝙆𝙍𝘽𝙏】","","May 6","","Quote","https://pbs.twimg.com/profile_images/2034246784663576576/zGfUm9hd_mini.jpg","blob:https://x.com/725761c3-da6c-47fe-a637-cf9f06feefb3"
"https://x.com/nrrnisa","https://pbs.twimg.com/profile_images/2052353754385805312/T2EpX53D_normal.jpg","Bambang Indosat","","@nrrnisa","·","https://x.com/nrrnisa/status/2050129739852271951","May 1","Kan enak diliatnya kalau vote dekor tuh sama2 bagus kayak gini, kalau dekor niat vs dekor gak niat sangat gak apple to apple","","","2","https://x.com/nrrnisa/status/2050129739852271951/analytics","170","https://abs.twimg.com/emoji/v2/svg/1f629.svg","1","","","","","","","","",""
"https://x.com/tanyakanrl","https://pbs.twimg.com/profile_images/1980598133001175040/0Bs5vDOY_normal.jpg","Tanyarl","https://abs.twimg.com/emoji/v2/svg/1f49a.svg","@tanyakanrl","·","https://x.com/tanyakanrl/status/2038361819018830268","Mar 30","rencana mau beli kartu baru ni gw, kasih rekomen dong mending XL,","indosat",", telkomsel atau apaan?","54","https://x.com/tanyakanrl/status/2038361819018830268/analytics","13K","https://abs.twimg.com/emoji/v2/svg/1f49a.svg","1","Automated by","","@CPtanyarl","","","","","",""
"https://x.com/si_sukajajan","https://pbs.twimg.com/profile_images/1876461145164529664/JZ582iod_normal.jpg","apin 2 (indosat)","","@si_sukajajan","·","https://x.com/si_sukajajan/status/2052707259944472720","8h","tianlala biar gk manis bgt gmn yah..","","","1","https://x.com/si_sukajajan/status/2052707259944472720/analytics","10","","","","","","","Replying to","https://x.com/drivnghome","@drivnghome","",""
"https://x.com/chnywy","https://pbs.twimg.com/profile_images/1965699839704133632/vNA70s79_normal.jpg","Awry","","@chnywy","·","https://x.com/chnywy/status/2052645909293654061","12h","kalo kuota aku biasa beli paket","Indosat","1TB setahun, lebih murah daripada yang perbulan menurutku","7","https://x.com/chnywy/status/2052645909293654061/analytics","5.8K","","12","","","","","Replying to","https://x.com/tanyakanrl","@tanyakanrl","",""
"https://x.com/bluewoonishere","https://pbs.twimg.com/profile_images/1727922940430499840/SjGkNboi_normal.jpg","rara indosat","","@bluewoonishere","·","https://x.com/bluewoonishere/status/2052220934761902243","May 7","Aku juga banyak kacaunya, ada badai yang belum bisa kuredakan. Jika hari ini kamu melihatku begitu tenang, percayalah aku sudah ngopi.","","","3","https://x.com/bluewoonishere/status/2052220934761902243/analytics","24","","","","","Sore, Langit!","","May 6","","Quote","https://pbs.twimg.com/profile_images/1948671424735916032/FNGPslBp_mini.jpg",""
"https://x.com/Jokotole24","https://pbs.twimg.com/profile_images/1963479122191269889/gUyZl1Vy_normal.jpg","Warga Sipil biasa","","@Jokotole24","·","https://x.com/Jokotole24/status/2051274408619364605","May 4","makasih banyak lah sudah bekerja sebaik mungkin walaupun ngeselin pelanggan","","","1","https://x.com/Jokotole24/status/2051274408619364605/analytics","31","","1","@indosatim3","","@indosat","","Replying to","https://x.com/Jokotole24","@Jokotole24","",""
"https://x.com/erigomsz","https://pbs.twimg.com/profile_images/1971642630594605057/1QFem9Us_normal.jpg","nikeeeng—✮⋆˙","","@erigomsz","·","https://x.com/erigomsz/status/2050236381453336721","May 1","Kuliah Lapangan M’23","Indosa","jd KL kmren aku dpet yg tujuannya ke PT Marifood sama PT","2","https://x.com/erigomsz/status/2050236381453336721/analytics","99","https://abs.twimg.com/emoji/v2/svg/2b50.svg","","","https://abs.twimg.com/emoji/v2/svg/1faf0-1f3fb.svg","","","","","","https://pbs.twimg.com/media/HHPnCi7bcAA29Yp?format=jpg&name=360x360",""
"https://x.com/keedehara","https://pbs.twimg.com/profile_images/2046560763763212288/F6x6RyhX_normal.jpg","Kirara Indosat","https://abs.twimg.com/emoji/v2/svg/1f408-200d-2b1b.svg","@keedehara","·","https://x.com/keedehara/status/2052058072949150103","May 6","lucu gemas mbul bima tolong geprek dia","0:02 / 0:11","","14","https://x.com/keedehara/status/2052058072949150103/analytics","130","https://abs.twimg.com/emoji/v2/svg/1f4a5.svg","","","https://abs.twimg.com/emoji/v2/svg/1f4a5.svg","𝙖𝙞𝙪☼☽【𝙆𝙍𝘽𝙏】","","May 6","","Quote","https://pbs.twimg.com/profile_images/2034246784663576576/zGfUm9hd_mini.jpg","blob:https://x.com/725761c3-da6c-47fe-a637-cf9f06feefb3"
"https://x.com/jojijibeomsukyu","https://pbs.twimg.com/profile_images/2037807997976715264/Nh8bCP56_normal.jpg","titi indosat","","@jojijibeomsukyu","·","https://x.com/jojijibeomsukyu/status/2050186797976895555","May 1","Bahagia in kita kitaa yaa selama satu bulan iniii kita lagi mau buka ruang ikhlas buat nanti debut kaliannn","머지","","1","https://x.com/jojijibeomsukyu/status/2050186797976895555/analytics","251","","6","Fan account","","","#SMTR25","From","","0:01 / 0:06","https://pbs.twimg.com/profile_images/1951200078074400769/zQ-sMEnl_normal.jpg","blob:https://x.com/9b442c5b-9b94-4dab-8e35-244935f60b06"
"https://x.com/indosat","https://pbs.twimg.com/profile_images/2039626569426317312/ufIaht8Q_normal.jpg","Indosat Ooredoo Hutchison","","@indosat","·","https://x.com/indosat/status/2050221512469143797","May 1","Hai Kak Jia, maaf atas pengalamannya, bisa infokan nomor terkendala dan capture transaksi pembelian paketnya untuk pengecekan lanjut melalui DM. Aku sarankan coba cek kembali pesan SMS yang dikirim dari","Indosat",". Terima kasih^Arsa","","https://x.com/indosat/status/2050221512469143797/analytics","92","","","","","","","Replying to","https://x.com/easyaespa","@easyaespa","",""
"https://x.com/keedehara","https://pbs.twimg.com/profile_images/2046560763763212288/F6x6RyhX_normal.jpg","Kirara Indosat","https://abs.twimg.com/emoji/v2/svg/1f408-200d-2b1b.svg","@keedehara","·","https://x.com/keedehara/status/2052686929800704495","9h","hmpphh egk ska dites tes ama ningen","","","1","https://x.com/keedehara/status/2052686929800704495/analytics","12","https://abs.twimg.com/emoji/v2/svg/1f624.svg","","","https://abs.twimg.com/emoji/v2/svg/1f44e.svg","","","Replying to","https://x.com/illstfelaa","@illstfelaa","",""
"https://x.com/onyourpath0","https://pbs.twimg.com/profile_images/2043880857660993537/EcdETmCE_normal.jpg","","https://abs.twimg.com/emoji/v2/svg/1f98b.svg","@onyourpath0","·","https://x.com/onyourpath0/status/2052601308897828932","15h","Both aku. Wifi 80an kayanya gabung sederet ama tetangga trs tiap bulan masih beli kuota 18gb ±60rb (","indosat",").","1","https://x.com/onyourpath0/status/2052601308897828932/analytics","1.3K","","1","","","","","Replying to","https://x.com/tanyakanrl","@tanyakanrl","",""
"https://x.com/indosat","https://pbs.twimg.com/profile_images/2039626569426317312/ufIaht8Q_normal.jpg","Indosat Ooredoo Hutchison","","@indosat","·","https://x.com/indosat/status/2052781745259339999","3h","Baik Kak, maaf sebelumnya. Jika tidak bisa kirim DM, yuk infokan detailnya dan nomor HP  melalui Official WhatsApp IM3 kami di nomor 08551000185 ya. Terima kasih.^Ayyu","","","","https://x.com/indosat/status/2052781745259339999/analytics","13","","","","","","","Replying to","https://x.com/Sleafig_0110","@Sleafig_0110","",""
"https://x.com/taebyv_","https://pbs.twimg.com/profile_images/1525129613219106817/oB-k7bJ__normal.png","๑ 𝒎𝒂𝒆 : @ after dm","","@taebyv_","·","https://x.com/taebyv_/status/2048445634215370851","Apr 26","WTB pulsa transfer","Indosat","300k yang under nominal, drop price+wa+testi","4","https://x.com/taebyv_/status/2048445634215370851/analytics","322","","1","Parody account","","","#zonauang","","","","",""
"https://x.com/nrrnisa","https://pbs.twimg.com/profile_images/2052353754385805312/T2EpX53D_normal.jpg","Bambang Indosat","","@nrrnisa","·","https://x.com/nrrnisa/status/2052676481701310835","10h","Ga jadi beli deker yah? Hati2 yah, kalau terasa keram mending stop aja dulu biasanya tanda2 mulai naik ke lutut tuh nyerinya","","","1","https://x.com/nrrnisa/status/2052676481701310835/analytics","23","","","","","","","Replying to","https://x.com/diaaargh","@diaaargh","",""
"","","Is this post relevant to your search?","","Yes","No","","","","","","","","","","","","","","","","","","",""
"https://x.com/luvhaoshi","https://pbs.twimg.com/profile_images/1802996529118281728/Hhrz9Czj_normal.png","˚⋆𐙚 bee ✧˚ || rest","","@luvhaoshi","·","https://x.com/luvhaoshi/status/2049636397833998635","Apr 30","mau kuota","Indosat","28hari urgent skrg","7","https://x.com/luvhaoshi/status/2049636397833998635/analytics","466","","1","","","","#zonauang","","","","",""
"https://x.com/keedehara","https://pbs.twimg.com/profile_images/2046560763763212288/F6x6RyhX_normal.jpg","Kirara Indosat","https://abs.twimg.com/emoji/v2/svg/1f408-200d-2b1b.svg","@keedehara","·","https://x.com/keedehara/status/2052056549594685918","May 6","menghalo sobat hybrid, anw kren skali elis art stylenya","","","1","https://x.com/keedehara/status/2052056549594685918/analytics","26","https://abs.twimg.com/emoji/v2/svg/1f97a.svg","1","","https://abs.twimg.com/emoji/v2/svg/1f339.svg","","","Replying to","https://x.com/SYNGLDDR","@SYNGLDDR","",""
"https://x.com/StayKkira","https://pbs.twimg.com/profile_images/2051208426974490624/EisPNfQM_normal.jpg","KIRA","","@StayKkira","·","https://x.com/StayKkira/status/2052740922652377567","6h","User","indosat","bgt","","https://x.com/StayKkira/status/2052740922652377567/analytics","36","","","","","","","Replying to","https://x.com/shoonheree","@shoonheree","",""
"https://x.com/txtdariyya","https://pbs.twimg.com/profile_images/1905237556155105280/_AyKytj3_normal.jpg","","https://abs.twimg.com/emoji/v2/svg/1f469-1f3fb-200d-1f3a8.svg","@txtdariyya","·","https://x.com/txtdariyya/status/2050572785664262327","May 2","mau kuota","indosat","cek nomor","2","https://x.com/txtdariyya/status/2050572785664262327/analytics","269","","1","","","","#zonauang","","","","",""
"https://x.com/indosat","https://pbs.twimg.com/profile_images/2039626569426317312/ufIaht8Q_normal.jpg","Indosat Ooredoo Hutchison","","@indosat","·","https://x.com/indosat/status/2052754200379957270","5h","Baik kak, sudah kami respon ya. Silakan cek kembali DM nya ^Zeyn","","","1","https://x.com/indosat/status/2052754200379957270/analytics","21","","","","","","","Replying to","https://x.com/heedoyaaa","@heedoyaaa","",""
"https://x.com/jojijibeomsukyu","https://pbs.twimg.com/profile_images/2037807997976715264/Nh8bCP56_normal.jpg","titi indosat","","@jojijibeomsukyu","·","https://x.com/jojijibeomsukyu/status/2050185388380270789","May 1","Makasih sayang sayang kuuu walaupun dari rumah kerasa nya kaya cuman 15 menit ternyata kalian udah tampil 2 jam yaaaa ehehehe sehat-sehat gantenggggg","","","5","https://x.com/jojijibeomsukyu/status/2050185388380270789/analytics","268","https://abs.twimg.com/emoji/v2/svg/1faf6-1f3fb.svg","","Fan account","https://abs.twimg.com/emoji/v2/svg/1faf6-1f3fb.svg","","#SMTR25","","","","https://pbs.twimg.com/amplify_video_thumb/2050182286004350976/img/1Y6nZl3Uvlct24sl.jpg","blob:https://x.com/467b794c-c3b8-487c-9241-4c0c923e536f"
"https://x.com/enchantreeszz","https://pbs.twimg.com/profile_images/2044871405813317632/VKNC8I-f_normal.jpg","najihah","","@enchantreeszz","·","https://x.com/enchantreeszz/status/2052831836741747112","5m","ayah","indosat","lagi babysitting kakak yeyun dan dd hoonie","","https://x.com/enchantreeszz/status/2052831836741747112/analytics","","https://abs.twimg.com/emoji/v2/svg/1f97a.svg","","","https://abs.twimg.com/emoji/v2/svg/1f339.svg","𐙚 yupie! ˚ ༘♡ ⋆","","7h","","Quote","https://pbs.twimg.com/profile_images/2039691747320901632/oC70NN3s_mini.jpg",""
"https://x.com/geminiurbae","https://pbs.twimg.com/profile_images/2051335830510374912/__8-lsNE_normal.jpg","dew.","","@geminiurbae","·","https://x.com/geminiurbae/status/2049037671050444843","Apr 28","dede tolong jgn cpt gede, mmh belum siap dimintai aerox","","","12","https://x.com/geminiurbae/status/2049037671050444843/analytics","7.1K","https://abs.twimg.com/emoji/v2/svg/1f62d.svg","3","Parody account","https://abs.twimg.com/emoji/v2/svg/1f62d.svg","","","","","","",""
"https://x.com/varian_keju","https://pbs.twimg.com/profile_images/2048768075726745600/9KSM2POA_normal.jpg","Cheese Bread","","@varian_keju","·","https://x.com/varian_keju/status/2052554091956773069","18h","","","","2","https://x.com/varian_keju/status/2052554091956773069/analytics","178","","5","@indosatim3","","@indosat","","","","","",""
"https://x.com/jojijibeomsukyu","https://pbs.twimg.com/profile_images/2037807997976715264/Nh8bCP56_normal.jpg","titi indosat","","@jojijibeomsukyu","·","https://x.com/jojijibeomsukyu/status/2050185388380270789","May 1","Makasih sayang sayang kuuu walaupun dari rumah kerasa nya kaya cuman 15 menit ternyata kalian udah tampil 2 jam yaaaa ehehehe sehat-sehat gantenggggg","From","ྀི","5","https://x.com/jojijibeomsukyu/status/2050185388380270789/analytics","268","https://abs.twimg.com/emoji/v2/svg/1faf6-1f3fb.svg","","Fan account","https://abs.twimg.com/emoji/v2/svg/1faf6-1f3fb.svg","Lia","#SMTR25","","","","https://pbs.twimg.com/profile_images/2047505886705225728/0l0w_EWc_normal.jpg","blob:https://x.com/467b794c-c3b8-487c-9241-4c0c923e536f"
"https://x.com/everyoneha0","https://pbs.twimg.com/profile_images/2035948230194954241/1UwRUUOY_normal.jpg","","https://abs.twimg.com/emoji/v2/svg/1f9f8.svg","@everyoneha0","·","https://x.com/everyoneha0/status/2052698227208856052","8h","tau gini dari awal gue beralih dari telkom ke","indosat",". lu liattt wuota benefitnya woyyyy google cloud strorage 200gb terus gemini ai plus!!!! gue sebagai mahasiswa jelass guelahh pasar merekaa","2","https://x.com/everyoneha0/status/2052698227208856052/analytics","112","https://abs.twimg.com/emoji/v2/svg/1f90f-1f3fb.svg","1","","https://abs.twimg.com/emoji/v2/svg/1fa90.svg","","","","","","",""
"https://x.com/adrmirer","https://pbs.twimg.com/profile_images/1738940322514874368/Oq74eicW_normal.jpg","𝐊𝐚𝐫𝐢𝐧 : open convert","","@adrmirer","·","https://x.com/adrmirer/status/2051467131259429071","May 5","kuota","indosat","6GB 2 hari 11k
9GB 3 hari 17k
6GB 5 hari 20k
30GB 5 hari 30k
8GB 7 hari 25k
14GB 7 hari 28k
75GB 7 hari 47k
25GB 14 hari 47k
7GB 14 hari 30k

28hari
8GB 32k
11GB 43k
14GB 48k
26GB 60k
50GB 94k
70GB 100k
100GB 118k
150GB 138k
300GB 185k
kuota utama, tanpa cek nomor","1","https://x.com/adrmirer/status/2051467131259429071/analytics","76","","","","","","","Replying to","https://x.com/kyeomiigf","@kyeomiigf","",""
"https://x.com/jojijibeomsukyu","https://pbs.twimg.com/profile_images/2037807997976715264/Nh8bCP56_normal.jpg","titi indosat","","@jojijibeomsukyu","·","https://x.com/jojijibeomsukyu/status/2050185388380270789","May 1","Makasih sayang sayang kuuu walaupun dari rumah kerasa nya kaya cuman 15 menit ternyata kalian udah tampil 2 jam yaaaa ehehehe sehat-sehat gantenggggg","Lia","ྀི","5","https://x.com/jojijibeomsukyu/status/2050185388380270789/analytics","268","https://abs.twimg.com/emoji/v2/svg/1faf6-1f3fb.svg","","Fan account","https://abs.twimg.com/emoji/v2/svg/1faf6-1f3fb.svg","","#SMTR25","From","","","https://pbs.twimg.com/profile_images/2047505886705225728/0l0w_EWc_normal.jpg","blob:https://x.com/467b794c-c3b8-487c-9241-4c0c923e536f"
"https://x.com/srxyyy11","https://pbs.twimg.com/profile_images/1649008661694664711/a4zpnCx4_normal.jpg","S","https://abs.twimg.com/emoji/v2/svg/1fa90.svg","@srxyyy11","·","https://x.com/srxyyy11/status/2050163997538988467","May 1","mauu kuota","indosat","dong drop pl nya","3","https://x.com/srxyyy11/status/2050163997538988467/analytics","267","","1","","","","#bealanja","","","","",""
"https://x.com/ordinnarygirlll","https://pbs.twimg.com/profile_images/1988113549160599552/w_JRG7B7_normal.jpg","tata indosat","","@ordinnarygirlll","·","https://x.com/ordinnarygirlll/status/2052724503944519689","7h","iya…….","","","","https://x.com/ordinnarygirlll/status/2052724503944519689/analytics","6","","","","","gara","","11h","","Quote","https://pbs.twimg.com/profile_images/2024050201074565120/Nv6Grfqi_mini.jpg",""
"https://x.com/parfaictt","https://pbs.twimg.com/profile_images/2033198410648760320/Qm8nh8bp_normal.jpg","❤︎","","@parfaictt","·","https://x.com/parfaictt/status/2050870344245031329","May 3","cv pulsa","indosat","ada gaa","5","https://x.com/parfaictt/status/2050870344245031329/analytics","450","","1","","","","#zonauang","","","","",""
"https://x.com/dewalangit_","https://pbs.twimg.com/profile_images/2021867723647856643/aEh3jBSy_normal.jpg","Bukan Anak Alter","","@dewalangit_","·","https://x.com/dewalangit_/status/2048221759514759495","Apr 26","Pagi moots, dadd ud berlari pagi ini dan Tugas pacer kali ini, done.
Terimakasih kendos running crew dan","indosat","","8","https://x.com/dewalangit_/status/2048221759514759495/analytics","7.8K","https://abs.twimg.com/emoji/v2/svg/1f49a.svg","1","","https://abs.twimg.com/emoji/v2/svg/1f49b.svg","","","","","","https://pbs.twimg.com/media/HGy-0Nya0AAKUnt?format=jpg&name=small",""
"https://x.com/ilhamije","https://pbs.twimg.com/profile_images/470733948234907649/C1IJPxN__normal.jpeg","ilham","","@ilhamije","·","https://x.com/ilhamije/status/2051974794917359915","May 6","bro","","parah lu!
Paket prabayar lu mahal. Padahal gak terpakai semua di 28 hari. Mau pilih yang lebih kecil, cuma berlaku 7 hari. Kacau.","1","https://x.com/ilhamije/status/2051974794917359915/analytics","215","","1","@indosatim3","","","","","","","",""
"https://x.com/bluewoonishere","https://pbs.twimg.com/profile_images/1727922940430499840/SjGkNboi_normal.jpg","rara indosat","","@bluewoonishere","·","https://x.com/bluewoonishere/status/2050670701246619866","May 3","me watching miami gp","","","1","https://x.com/bluewoonishere/status/2050670701246619866/analytics","37","","1","","","໊","","May 2","","Quote","https://pbs.twimg.com/profile_images/2039665398208159744/sDo192OK_mini.jpg",""
"https://x.com/chewyblobbu","https://pbs.twimg.com/profile_images/2042048824303341568/putnitiz_normal.jpg","Rִ࣪ᦒ᩠ִׂ໋ׅ࣪꯱ִָׂׂαׂׅׅꕤ","","@chewyblobbu","·","https://x.com/chewyblobbu/status/2050414872857649583","May 2","Maap lag,","Indosat","jelek","1","https://x.com/chewyblobbu/status/2050414872857649583/analytics","135","","4","","","and","@myufess","Replying to","https://x.com/chewyblobbu","@chewyblobbu","https://pbs.twimg.com/ext_tw_video_thumb/2050414839244447744/pu/img/Wjm5qjYYWvoRuMO7.jpg","blob:https://x.com/5f4d2e5f-4f40-4ccc-bf0b-c734c5e290f5"
"https://x.com/keedehara","https://pbs.twimg.com/profile_images/2046560763763212288/F6x6RyhX_normal.jpg","Kirara Indosat","https://abs.twimg.com/emoji/v2/svg/1f408-200d-2b1b.svg","@keedehara","·","https://x.com/keedehara/status/2052340992641302958","May 7","lesgokan dash","","","1","https://x.com/keedehara/status/2052340992641302958/analytics","109","https://abs.twimg.com/emoji/v2/svg/1f3c3.svg","1","","","","","Replying to","https://x.com/RisolSayang","@RisolSayang","",""
"https://x.com/keedehara","https://pbs.twimg.com/profile_images/2046560763763212288/F6x6RyhX_normal.jpg","Kirara Indosat","https://abs.twimg.com/emoji/v2/svg/1f408-200d-2b1b.svg","@keedehara","·","https://x.com/keedehara/status/2052713024818143512","7h","art by : @/kyoomibery","","","","https://x.com/keedehara/status/2052713024818143512/analytics","26","","","","","","","Replying to","https://x.com/keedehara","@keedehara","",""
"https://x.com/nrrnisa","https://pbs.twimg.com/profile_images/2052353754385805312/T2EpX53D_normal.jpg","Bambang Indosat","","@nrrnisa","·","https://x.com/nrrnisa/status/2052674722639593897","10h","","","","","https://x.com/nrrnisa/status/2052674722639593897/analytics","48","https://abs.twimg.com/emoji/v2/svg/1f923.svg","","@tirta_cipeng","","Febrian Ramadhan","","11h","","Quote","https://pbs.twimg.com/profile_images/1685850836478672896/jFOdmVT9_mini.jpg",""
"https://x.com/mcmobami","https://pbs.twimg.com/profile_images/2009052711065681920/MhvSw2dZ_normal.png","lea indosat","","@mcmobami","·","https://x.com/mcmobami/status/2052689738180829297","9h","bffr?","","","","https://x.com/mcmobami/status/2052689738180829297/analytics","16","","","","","Fan account","vivi ⋆˚࿔","May 8","","Quote","",""
"https://x.com/keedehara","https://pbs.twimg.com/profile_images/2046560763763212288/F6x6RyhX_normal.jpg","Kirara Indosat","https://abs.twimg.com/emoji/v2/svg/1f408-200d-2b1b.svg","@keedehara","·","https://x.com/keedehara/status/2052712420230197724","8h","itu vdeo buat pinned ajh","","","","https://x.com/keedehara/status/2052712420230197724/analytics","33","","","","","","","","","","",""
"https://x.com/HiFicare","https://pbs.twimg.com/profile_images/2038435264545337344/hMmNdt4Q_normal.jpg","IndosatHiFiCare","","@HiFicare","·","https://x.com/HiFicare/status/2048971926576779348","Apr 28","Lebih awal bayar tagihan","Indosat","HIFI, lebih tenang internetannya","6","https://x.com/HiFicare/status/2048971926576779348/analytics","496","https://abs.twimg.com/emoji/v2/svg/1f60e.svg","","","","","#NyamanDenganHiFiCare","","","","",""
"https://x.com/keedehara","https://pbs.twimg.com/profile_images/2046560763763212288/F6x6RyhX_normal.jpg","Kirara Indosat","https://abs.twimg.com/emoji/v2/svg/1f408-200d-2b1b.svg","@keedehara","·","https://x.com/keedehara/status/2052678682905612370","10h","aku mwuu chiroo","","","1","https://x.com/keedehara/status/2052678682905612370/analytics","98","","1","","","","","Replying to","https://x.com/chiciroku2","@chiciroku2","",""
"https://x.com/ordinnarygirlll","https://pbs.twimg.com/profile_images/1988113549160599552/w_JRG7B7_normal.jpg","tata indosat","","@ordinnarygirlll","·","https://x.com/ordinnarygirlll/status/2052695552954101943","9h","JATUH MOTOR LEBIH MIKIR TAKUT DIMARAHIN DRPD TAKUT MATI","","","","https://x.com/ordinnarygirlll/status/2052695552954101943/analytics","8","","","@dollshhy","","deef","","May 6","","Quote","https://pbs.twimg.com/profile_images/2025488158323027968/ZiBBCP_x_mini.jpg",""
"https://x.com/tanyarlfes","https://pbs.twimg.com/profile_images/1610613801526890500/aBOa83uV_normal.jpg","Tanyarlfes","","@tanyarlfes","·","https://x.com/tanyarlfes/status/2049378188631888062","Apr 29","as tri user i can relate","indosat","btw buat","13","https://x.com/tanyarlfes/status/2049378188631888062/analytics","11K","https://abs.twimg.com/emoji/v2/svg/1f49a.svg","4","Automated by","https://abs.twimg.com/emoji/v2/svg/1f60c.svg","@CPtanyarl","","","","","",""
"https://x.com/indosatim3","https://pbs.twimg.com/profile_images/2039346967789391872/1yD_zdm7_normal.jpg","IM3","","@indosatim3","·","https://x.com/indosatim3/status/2052055796062818608","May 6","Ini saatnya kamu upgrade ke Platinum dan nikmati pengalaman internet yang lebih eksklusif dengan IM3","","Dapatkan ekstra kuota setiap bulan dengan data rollover, jadi sisa kuota tetap bisa dipakai hingga 1 tahun & layanan prioritas dari IM3. Tetap terkoneksi dengan nyaman di","1","https://x.com/indosatim3/status/2052055796062818608/analytics","335","https://abs.twimg.com/emoji/v2/svg/1f49b.svg","4","","","","","","","","",""
"https://x.com/keedehara","https://pbs.twimg.com/profile_images/2046560763763212288/F6x6RyhX_normal.jpg","Kirara Indosat","https://abs.twimg.com/emoji/v2/svg/1f408-200d-2b1b.svg","@keedehara","·","https://x.com/keedehara/status/2051666689205637128","May 5","lucuuu skaliii adeekk","","","1","https://x.com/keedehara/status/2051666689205637128/analytics","55","https://abs.twimg.com/emoji/v2/svg/1f97a.svg","1","","","","","Replying to","https://x.com/Loofiaa","@Loofiaa","",""
"https://x.com/simjypsh","https://pbs.twimg.com/profile_images/1949826727884333056/uypWtzPY_normal.jpg","rib.","","@simjypsh","·","https://x.com/simjypsh/status/2050219431868219634","May 1","need kuota isat/im3","","","6","https://x.com/simjypsh/status/2050219431868219634/analytics","242","","1","","","","#zonauang","","","","",""
"https://x.com/raumdeuter45","https://pbs.twimg.com/profile_images/1897285995915304969/JtdI2VxF_normal.jpg","punchsickle","","@raumdeuter45","·","https://x.com/raumdeuter45/status/2051905263180144904","May 6","Min sinyal","indosat","nggak stabil njirrr ngedrop mulu cokk","1","https://x.com/raumdeuter45/status/2051905263180144904/analytics","134","","1","@CareIM3","","","","","","","",""
"https://x.com/AraituLaki","https://pbs.twimg.com/profile_images/1283485838836260864/eMPMU2dv_normal.jpg","TahooMan","https://abs.twimg.com/emoji/v2/svg/2122.svg","@AraituLaki","·","https://x.com/AraituLaki/status/2051156340975042767","May 4","Gedung","Indos","at jadi legasi nya…","1","https://x.com/AraituLaki/status/2051156340975042767/analytics","4.6K","https://abs.twimg.com/emoji/v2/svg/1f605.svg","4","","https://abs.twimg.com/emoji/v2/svg/1f60f.svg","and","@AlvaFila","Replying to","https://x.com/VideoSejarah","@VideoSejarah","",""
"https://x.com/Ivanien11","https://pbs.twimg.com/profile_images/1914594948638502912/gGZRoLbq_normal.jpg","BuzzerMania","","@Ivanien11","·","https://x.com/Ivanien11/status/2051957617250209812","May 6","Ya setidaknya ga sampe jual","indosat","bro.. Klo main jual kan artinya otaknya cm bs bacot dan ga bs mikir solusi, sama kayak bapaknya cuma jago monolog","1","https://x.com/Ivanien11/status/2051957617250209812/analytics","34","","","","","","","Replying to","https://x.com/GunRomli","@GunRomli","",""
"https://x.com/keedehara","https://pbs.twimg.com/profile_images/2046560763763212288/F6x6RyhX_normal.jpg","Kirara Indosat","https://abs.twimg.com/emoji/v2/svg/1f408-200d-2b1b.svg","@keedehara","·","https://x.com/keedehara/status/2052346390526009617","May 7","aklhsmdulajhh baijkk","","","1","https://x.com/keedehara/status/2052346390526009617/analytics","56","","","","","","","Replying to","https://x.com/ArjunaArkana","@ArjunaArkana","",""
"https://x.com/igotsan","https://pbs.twimg.com/profile_images/2052028234301403136/cvsnl4za_normal.jpg","pepi indosat","https://abs.twimg.com/emoji/v2/svg/1f345.svg","@igotsan","·","https://x.com/igotsan/status/2050172043895963895","May 1","SYANTIKK MY MEDAN GURLL","","","1","https://x.com/igotsan/status/2050172043895963895/analytics","17","https://abs.twimg.com/emoji/v2/svg/1f617.svg","1","","https://abs.twimg.com/emoji/v2/svg/2764.svg","","","Replying to","https://x.com/100804zip","@100804zip","",""
"https://x.com/economiys","https://pbs.twimg.com/profile_images/2048138274091462656/DqDFlDeN_normal.jpg","mitha indosat","","@economiys","·","https://x.com/economiys/status/2052773914930225373","3h","bangsat lu","","","","https://x.com/economiys/status/2052773914930225373/analytics","78","https://abs.twimg.com/emoji/v2/svg/1f494.svg","","","https://abs.twimg.com/emoji/v2/svg/1f494.svg","","","Replying to","https://x.com/yappingfess","@yappingfess","",""
"https://x.com/wiavetoearth","https://pbs.twimg.com/profile_images/2034606415751626753/Dgw-dZhw_normal.jpg","Evan Indosat.","","@wiavetoearth","·","https://x.com/wiavetoearth/status/2052749821715578887","5h","Di bandung bang.","","","","https://x.com/wiavetoearth/status/2052749821715578887/analytics","12","https://abs.twimg.com/emoji/v2/svg/1f62d.svg","","","","","","Replying to","https://x.com/alhaithtam","@alhaithtam","",""
"https://x.com/cellorchive","https://pbs.twimg.com/profile_images/1916753568390131712/XiaQsw4A_normal.jpg","cello || sbt acc","https://abs.twimg.com/emoji/v2/svg/1f6d2.svg","@cellorchive","·","https://x.com/cellorchive/status/2052221398521979078","May 7","wtb kuota im3 atau","indosat","","6","https://x.com/cellorchive/status/2052221398521979078/analytics","397","","1","","","","#zonajajan","","","","",""
"https://x.com/reoasy","https://pbs.twimg.com/profile_images/1967524716274696193/7zJAOwji_normal.jpg","kilaaaa indosat","","@reoasy","·","https://x.com/reoasy/status/2052709586189320611","8h","Anjirrrr serius wkwkwkkkwkw","","#TransitLove4","","https://x.com/reoasy/status/2052709586189320611/analytics","11","","","","https://abs.twimg.com/emoji/v2/svg/1f352.svg","","","9h","","Quote","https://pbs.twimg.com/profile_images/1548715633525035008/IQ-DgiLl_mini.jpg","blob:https://x.com/b07cc560-e581-4392-b900-88e45a90c612"
"https://x.com/keedehara","https://pbs.twimg.com/profile_images/2046560763763212288/F6x6RyhX_normal.jpg","Kirara Indosat","https://abs.twimg.com/emoji/v2/svg/1f408-200d-2b1b.svg","@keedehara","·","https://x.com/keedehara/status/2050176805311750541","May 1","waduh MINAT banget","","","1","https://x.com/keedehara/status/2050176805311750541/analytics","45","https://abs.twimg.com/emoji/v2/svg/1f60a.svg","","","","","","Replying to","https://x.com/kanggalongratis","@kanggalongratis","",""
"https://x.com/fallacontol","https://pbs.twimg.com/profile_images/1896927362996133888/tFKtV6C8_normal.jpg","Gianlugigi buflon","","@fallacontol","·","https://x.com/fallacontol/status/2050482419632140562","May 2","Kene sik kerjo ning","Indosat","senggel ro aku!!!","","https://x.com/fallacontol/status/2050482419632140562/analytics","81","","","","","","","","","","",""
"https://x.com/insendioc","https://pbs.twimg.com/profile_images/2014958586711973888/05eHrSBs_normal.jpg","marsell","","@insendioc","·","https://x.com/insendioc/status/2050910375382835395","May 3","Ini kenapa sih min begini mulu?","","","2","https://x.com/insendioc/status/2050910375382835395/analytics","380","","1","@indosatim3","","","","","","","",""
"https://x.com/keedehara","https://pbs.twimg.com/profile_images/2046560763763212288/F6x6RyhX_normal.jpg","Kirara Indosat","https://abs.twimg.com/emoji/v2/svg/1f408-200d-2b1b.svg","@keedehara","·","https://x.com/keedehara/status/2050364720344187167","May 2","cantikk","","slamat pagi luna","1","https://x.com/keedehara/status/2050364720344187167/analytics","30","https://abs.twimg.com/emoji/v2/svg/1f97a.svg","1","","","","","Replying to","https://x.com/serenalezz","@serenalezz","",""
"https://x.com/sbiruw","https://pbs.twimg.com/profile_images/2049066528910561280/p5rg8_il_normal.jpg","biru","https://abs.twimg.com/emoji/v2/svg/1f5ef.svg","@sbiruw","·","https://x.com/sbiruw/status/2050919164060254372","May 3","ini sw-nya sungchan","indosat","nih","1","https://x.com/sbiruw/status/2050919164060254372/analytics","136","","2","binya bolu amanda ver.","https://abs.twimg.com/emoji/v2/svg/1f62d.svg","Fan account","miy","May 3","","Quote","https://pbs.twimg.com/ext_tw_video_thumb/2050919121723043840/pu/img/Qg_8j2PAOlmwV919.jpg","blob:https://x.com/2e5eea9a-bf82-4dd6-90ba-68a8ccea0903"
"https://x.com/keedehara","https://pbs.twimg.com/profile_images/2046560763763212288/F6x6RyhX_normal.jpg","Kirara Indosat","https://abs.twimg.com/emoji/v2/svg/1f408-200d-2b1b.svg","@keedehara","·","https://x.com/keedehara/status/2052684104752378290","9h","tes tulis tes lisan, hny tuhan yg bs tes ak bjir mreka sp sih suruh suruh tes","","","1","https://x.com/keedehara/status/2052684104752378290/analytics","48","https://abs.twimg.com/emoji/v2/svg/1f494.svg","3","","","","","","","","",""
"https://x.com/satudarahbiru","https://pbs.twimg.com/profile_images/2052131561601150976/BOSkXeMh_normal.jpg","airmataapi","","@satudarahbiru","·","https://x.com/satudarahbiru/status/2052004808668963105","May 6","kenapa si","indosat","","1","https://x.com/satudarahbiru/status/2052004808668963105/analytics","135","","1","","","","","","","","",""
"https://x.com/reoasy","https://pbs.twimg.com/profile_images/1967524716274696193/7zJAOwji_normal.jpg","kilaaaa indosat","","@reoasy","·","https://x.com/reoasy/status/2052709586189320611","8h","Anjirrrr serius wkwkwkkkwkw","0:32","#TransitLove4","","https://x.com/reoasy/status/2052709586189320611/analytics","11","","","","https://abs.twimg.com/emoji/v2/svg/1f352.svg","","","9h","","Quote","https://pbs.twimg.com/profile_images/1548715633525035008/IQ-DgiLl_mini.jpg","blob:https://x.com/b07cc560-e581-4392-b900-88e45a90c612"
"https://x.com/geminiurbae","https://pbs.twimg.com/profile_images/2051335830510374912/__8-lsNE_normal.jpg","dew.","","@geminiurbae","·","https://x.com/geminiurbae/status/2050006300151713947","May 1","gue yg br bgn ini sudah dihadapkan dg chat porno begini","","","8","https://x.com/geminiurbae/status/2050006300151713947/analytics","16K","https://abs.twimg.com/emoji/v2/svg/1f62d.svg","10","Parody account","https://abs.twimg.com/emoji/v2/svg/1f62d.svg","","","","","","",""
"https://x.com/keedehara","https://pbs.twimg.com/profile_images/2046560763763212288/F6x6RyhX_normal.jpg","Kirara Indosat","https://abs.twimg.com/emoji/v2/svg/1f408-200d-2b1b.svg","@keedehara","·","https://x.com/keedehara/status/2050535870755918256","May 2","siapa mau jadi teman me","","","23","https://x.com/keedehara/status/2050535870755918256/analytics","723","https://abs.twimg.com/emoji/v2/svg/1f9cd-200d-2640-fe0f.svg","7","","","","","","","","",""
"https://x.com/edokusai","https://pbs.twimg.com/profile_images/2047347992525774848/EN6q4FqQ_normal.jpg","edo. busy","","@edokusai","·","https://x.com/edokusai/status/2052584194791055671","16h","sebagai warga papua pernah mikir, kapan ya di papua bisa kek di pulau lain gitu. gausah jauh2 dari infrastruktur atau pembangunannya. dari internetnya aja, di papua provider cuma bisa telkomsel.","indosat","ada di jayapura, itu pun ga menjangkau semua. mana harga kuota telkomsel 2x","1","https://x.com/edokusai/status/2052584194791055671/analytics","309","","2","","","","","","","","",""
"https://x.com/rvnsptr1010","https://pbs.twimg.com/profile_images/2028372128245141504/t7xkepXe_normal.jpg","Revan","","@rvnsptr1010","·","https://x.com/rvnsptr1010/status/2050788448970432873","May 3","Oiya gak liat mas, site BTS nya yang jelek itu. Katane arek² ngalam paling bagus ndek malang cuma","Indosat","sama XL, kalau Telkomsel memang agak kurang bagus walaupun udah pake hp yang flagship/highend","1","https://x.com/rvnsptr1010/status/2050788448970432873/analytics","132","","","","","","","Replying to","https://x.com/3Dota","@3Dota","",""
"https://x.com/junraecz","https://pbs.twimg.com/profile_images/1809169138524516353/-40ya6MK_normal.jpg","𓇼","","@junraecz","·","https://x.com/junraecz/status/2050564951711023210","May 2","wtb kuota","indosat","sehari","3","https://x.com/junraecz/status/2050564951711023210/analytics","269","","1","","","","#zonauang","","","","",""
"https://x.com/reoasy","https://pbs.twimg.com/profile_images/1967524716274696193/7zJAOwji_normal.jpg","kilaaaa indosat","","@reoasy","·","https://x.com/reoasy/status/2052709586189320611","8h","Anjirrrr serius wkwkwkkkwkw","0:03 / 0:34","#TransitLove4","","https://x.com/reoasy/status/2052709586189320611/analytics","11","","","","https://abs.twimg.com/emoji/v2/svg/1f352.svg","","","9h","","Quote","https://pbs.twimg.com/profile_images/1548715633525035008/IQ-DgiLl_mini.jpg","blob:https://x.com/b07cc560-e581-4392-b900-88e45a90c612"
"https://x.com/sbiruw","https://pbs.twimg.com/profile_images/2049066528910561280/p5rg8_il_normal.jpg","biru","https://abs.twimg.com/emoji/v2/svg/1f5ef.svg","@sbiruw","·","https://x.com/sbiruw/status/2050919164060254372","May 3","ini sw-nya sungchan","indosat","nih","1","https://x.com/sbiruw/status/2050919164060254372/analytics","136","","2","binya bolu amanda ver.","https://abs.twimg.com/emoji/v2/svg/1f62d.svg","Fan account","miy","May 3","","Quote","","blob:https://x.com/2e5eea9a-bf82-4dd6-90ba-68a8ccea0903"
"https://x.com/indosat","https://pbs.twimg.com/profile_images/2039626569426317312/ufIaht8Q_normal.jpg","Indosat Ooredoo Hutchison","","@indosat","·","https://x.com/indosat/status/2051025264608420284","May 4","Hai Kak, maaf sebelumnya. Agar bisa dicek lebih lanjut, mohon bisa infokan ke DM nomor IM3nya ya. Terima kasih.^Ayyu","","","1","https://x.com/indosat/status/2051025264608420284/analytics","40","","1","","","","","Replying to","https://x.com/Jokotole24","@Jokotole24","",""
"https://x.com/keedehara","https://pbs.twimg.com/profile_images/2046560763763212288/F6x6RyhX_normal.jpg","Kirara Indosat","https://abs.twimg.com/emoji/v2/svg/1f408-200d-2b1b.svg","@keedehara","·","https://x.com/keedehara/status/2050927231183229058","May 3","et hrus paket lengkap yh","","","1","https://x.com/keedehara/status/2050927231183229058/analytics","34","","1","","","","","Replying to","https://x.com/staykidsky","@staykidsky","",""
"https://x.com/keedehara","https://pbs.twimg.com/profile_images/2046560763763212288/F6x6RyhX_normal.jpg","Kirara Indosat","https://abs.twimg.com/emoji/v2/svg/1f408-200d-2b1b.svg","@keedehara","·","https://x.com/keedehara/status/2052686277582237920","9h","lesgo ayaawww","","","","https://x.com/keedehara/status/2052686277582237920/analytics","7","","","","","","","Replying to","https://x.com/bmsenaya","@bmsenaya","",""
"https://x.com/si_sukajajan","https://pbs.twimg.com/profile_images/1876461145164529664/JZ582iod_normal.jpg","apin 2 (indosat)","","@si_sukajajan","·","https://x.com/si_sukajajan/status/2052390467548184998","May 7","kasih soto lamongan sama sop buntut gue yakin juga demen","","","2","https://x.com/si_sukajajan/status/2052390467548184998/analytics","76","","","","","","","Replying to","https://x.com/takiyyakii","@takiyyakii","",""
"https://x.com/kyeomiigf","https://pbs.twimg.com/profile_images/1836287825995796481/lKaJRWMa_normal.jpg","moudy","https://abs.twimg.com/emoji/v2/svg/1f98b.svg","@kyeomiigf","·","https://x.com/kyeomiigf/status/2051455864826196045","May 5","WTB kuota","indosat","","4","https://x.com/kyeomiigf/status/2051455864826196045/analytics","345","","1","| semi rest","","","#zonauang","","","","",""
"https://x.com/sbiruw","https://pbs.twimg.com/profile_images/2049066528910561280/p5rg8_il_normal.jpg","biru","https://abs.twimg.com/emoji/v2/svg/1f5ef.svg","@sbiruw","·","https://x.com/sbiruw/status/2050919164060254372","May 3","ini sw-nya sungchan","indosat","nih","1","https://x.com/sbiruw/status/2050919164060254372/analytics","136","","2","binya bolu amanda ver.","https://abs.twimg.com/emoji/v2/svg/1f62d.svg","Fan account","miy","May 3","","Quote","","blob:https://x.com/2e5eea9a-bf82-4dd6-90ba-68a8ccea0903"
"https://x.com/mhuseinali","https://pbs.twimg.com/profile_images/2051696402544340992/BU-LBo_e_normal.jpg","Ali","https://abs.twimg.com/emoji/v2/svg/1f44a-1f3fb.svg","@mhuseinali","·","https://x.com/mhuseinali/status/2048981603276513715","Apr 28","Mau tau ga kenapa Kurs rupiah menguat jaman Megawati?

Karena privatisasi wkwk. Terutama","Indosat",".

Sebagai orang yang ngerasa BUMN ini tidak efisien, memang sepantasnya sebagian besarnya dijual saja.","36","https://x.com/mhuseinali/status/2048981603276513715/analytics","70K","","105","","","","","","","","",""
"https://x.com/fujisiroo","https://pbs.twimg.com/profile_images/2043818687975837696/PU__SwH4_normal.jpg","H Amachi","","@fujisiroo","·","https://x.com/fujisiroo/status/2048714835790274883","Apr 27","Guys, better use 
Indosat or Telkomsel?","Translated from Dutch","Show original","9","https://x.com/fujisiroo/status/2048714835790274883/analytics","332","","4","","","","","","","","",""
"https://x.com/igotsan","https://pbs.twimg.com/profile_images/2052028234301403136/cvsnl4za_normal.jpg","pepi indosat","https://abs.twimg.com/emoji/v2/svg/1f345.svg","@igotsan","·","https://x.com/igotsan/status/2052744712986235325","5h","INI LUCU BANGET OMGSJSNMSKSBSHWKSJ","","Maff guys norak ini cb pertama aku as wandor","","https://x.com/igotsan/status/2052744712986235325/analytics","18","https://abs.twimg.com/emoji/v2/svg/1f62d.svg","#보이넥스트도어","","https://abs.twimg.com/emoji/v2/svg/1f62d.svg","#BOYNEXTDOOR","#BOYNEXTDOORHOME","","","","https://pbs.twimg.com/amplify_video_thumb/2052744644006670336/img/_r6jAFKW63rPfsIU.jpg","blob:https://x.com/84162e64-794d-495e-b1d8-42c58baf0545"
"https://x.com/economiys","https://pbs.twimg.com/profile_images/2048138274091462656/DqDFlDeN_normal.jpg","mitha indosat","","@economiys","·","https://x.com/economiys/status/2051813627796303891","May 6","masih respect menghela napas, belum di left out","","","1","https://x.com/economiys/status/2051813627796303891/analytics","5.8K","","253","","","","","Replying to","https://x.com/tanyarlfes","@tanyarlfes","",""
"https://x.com/keedehara","https://pbs.twimg.com/profile_images/2046560763763212288/F6x6RyhX_normal.jpg","Kirara Indosat","https://abs.twimg.com/emoji/v2/svg/1f408-200d-2b1b.svg","@keedehara","·","https://x.com/keedehara/status/2051230956418400616","May 4","still good tho","","","1","https://x.com/keedehara/status/2051230956418400616/analytics","46","","","","","","","Replying to","https://x.com/naresxuw","@naresxuw","",""
"https://x.com/cerita_dwyra","https://pbs.twimg.com/profile_images/1482668321049051139/W9fZHRy3_normal.jpg","Cerita Dwyra","","@cerita_dwyra","·","https://x.com/cerita_dwyra/status/2052004450592788857","May 6","Sinyal","indosat","lagi kenapa si?","1","https://x.com/cerita_dwyra/status/2052004450592788857/analytics","91","","1","","","","","","","","",""
"https://x.com/geminiurbae","https://pbs.twimg.com/profile_images/2051335830510374912/__8-lsNE_normal.jpg","dew.","","@geminiurbae","·","https://x.com/geminiurbae/status/2049734777922842744","Apr 30","sbrnnya mau stan apa juga bebas ya, asal bisa menghargai culture yg ada di kpop atau tpop. sekalipun fomo juga wajar aja. kdg kan baru liat artis ganteng/cantik lsg suka dan itu gpp bgt. tapi please RESPECT juga sama kehidupan/kebiasaan/budaya artis kalian.","","","2","https://x.com/geminiurbae/status/2049734777922842744/analytics","12K","","43","Parody account","","","","Replying to","https://x.com/teedewy","@teedewy","",""
"https://x.com/keedehara","https://pbs.twimg.com/profile_images/2046560763763212288/F6x6RyhX_normal.jpg","Kirara Indosat","https://abs.twimg.com/emoji/v2/svg/1f408-200d-2b1b.svg","@keedehara","·","https://x.com/keedehara/status/2052401533451653346","May 7","ada yang lagi nguli malem malem","","","2","https://x.com/keedehara/status/2052401533451653346/analytics","67","","3","","","","","","","","",""
"https://x.com/keedehara","https://pbs.twimg.com/profile_images/2046560763763212288/F6x6RyhX_normal.jpg","Kirara Indosat","https://abs.twimg.com/emoji/v2/svg/1f408-200d-2b1b.svg","@keedehara","·","https://x.com/keedehara/status/2051265564480512109","May 4","maauuu","","","1","https://x.com/keedehara/status/2051265564480512109/analytics","29","","","","","","","Replying to","https://x.com/aeicitera","@aeicitera","",""
"https://x.com/keedehara","https://pbs.twimg.com/profile_images/2046560763763212288/F6x6RyhX_normal.jpg","Kirara Indosat","https://abs.twimg.com/emoji/v2/svg/1f408-200d-2b1b.svg","@keedehara","·","https://x.com/keedehara/status/2051658054840824272","May 5","dem smangt yhhh","","smoga lekas kelar dan egk sbuk lgi biar bsa fkus fangirlingan","1","https://x.com/keedehara/status/2051658054840824272/analytics","16","https://abs.twimg.com/emoji/v2/svg/1f62d.svg","1","","https://abs.twimg.com/emoji/v2/svg/1f92d.svg","","","Replying to","https://x.com/graceth_fa","@graceth_fa","",""
"https://x.com/igotsan","https://pbs.twimg.com/profile_images/2052028234301403136/cvsnl4za_normal.jpg","pepi indosat","https://abs.twimg.com/emoji/v2/svg/1f345.svg","@igotsan","·","https://x.com/igotsan/status/2052744712986235325","5h","INI LUCU BANGET OMGSJSNMSKSBSHWKSJ","","Maff guys norak ini cb pertama aku as wandor","","https://x.com/igotsan/status/2052744712986235325/analytics","18","https://abs.twimg.com/emoji/v2/svg/1f62d.svg","#보이넥스트도어","","https://abs.twimg.com/emoji/v2/svg/1f62d.svg","#BOYNEXTDOOR","#BOYNEXTDOORHOME","","","","","blob:https://x.com/84162e64-794d-495e-b1d8-42c58baf0545"
"https://x.com/bugiswarta","https://pbs.twimg.com/profile_images/628423935479058432/3l2Kx07j_normal.jpg","Bugis Warta","","@bugiswarta","·","https://x.com/bugiswarta/status/2051542052585030136","May 5","Ayoo beli semua... Daripada seperti","Indosat","yang di jual ke asing...   

Cocok tohhh","1","https://x.com/bugiswarta/status/2051542052585030136/analytics","126","","","","","","","Replying to","https://x.com/MurtadhaOne1","@MurtadhaOne1","",""
"https://x.com/raumdeuter45","https://pbs.twimg.com/profile_images/1897285995915304969/JtdI2VxF_normal.jpg","punchsickle","","@raumdeuter45","·","https://x.com/raumdeuter45/status/2050630393188302975","May 3","cokkk.","Indosat","lemotnya kebangetan njirr","2","https://x.com/raumdeuter45/status/2050630393188302975/analytics","126","","1","@CareIM3","","","","","https://t.co/UC3R8hiT7G","","",""
"https://x.com/papanberjalan","https://pbs.twimg.com/profile_images/1999740695410847744/Ivs_vi7P_normal.jpg","Papan (Necromancer Bare Metal) Berjalan","https://abs.twimg.com/emoji/v2/svg/1f62d.svg","@papanberjalan","·","https://x.com/papanberjalan/status/2050337582928855150","May 2","issue: myrep dan","indosat","issue: indihome/astinet
btw pandeglang dan australia bisa akses tuh ip awok awok, seru kan","3","https://x.com/papanberjalan/status/2050337582928855150/analytics","1.5K","https://abs.twimg.com/emoji/v2/svg/1f923.svg","4","@papanberjalan","https://abs.twimg.com/emoji/v2/svg/1f90c.svg","Rayqusa D. Mafazi","","May 2","","Quote","https://pbs.twimg.com/profile_images/1908109631978958848/DpaouLZo_mini.jpg",""
"https://x.com/igotsan","https://pbs.twimg.com/profile_images/2052028234301403136/cvsnl4za_normal.jpg","pepi indosat","https://abs.twimg.com/emoji/v2/svg/1f345.svg","@igotsan","·","https://x.com/igotsan/status/2052744712986235325","5h","INI LUCU BANGET OMGSJSNMSKSBSHWKSJ","","Maff guys norak ini cb pertama aku as wandor","","https://x.com/igotsan/status/2052744712986235325/analytics","18","https://abs.twimg.com/emoji/v2/svg/1f62d.svg","#보이넥스트도어","","https://abs.twimg.com/emoji/v2/svg/1f62d.svg","#BOYNEXTDOOR","#BOYNEXTDOORHOME","","","","","blob:https://x.com/84162e64-794d-495e-b1d8-42c58baf0545"
"https://x.com/jumplang","https://pbs.twimg.com/profile_images/1945374848684855296/b6UypHDC_normal.png","ؘSonya.","","@jumplang","·","https://x.com/jumplang/status/2051442875385401738","May 5","need kuota","indosat","","5","https://x.com/jumplang/status/2051442875385401738/analytics","586","","2","","","#bealanja","#zonauang","","","","",""
"https://x.com/nrrnisa","https://pbs.twimg.com/profile_images/2052353754385805312/T2EpX53D_normal.jpg","Bambang Indosat","","@nrrnisa","·","https://x.com/nrrnisa/status/2052587285867360566","16h","One day hopefully","","","1","https://x.com/nrrnisa/status/2052587285867360566/analytics","93","https://abs.twimg.com/emoji/v2/svg/2728.svg","3","","https://abs.twimg.com/emoji/v2/svg/1f9ca.svg","bis!ayo","","19h","","Quote","https://pbs.twimg.com/profile_images/2048397165886832640/0rii60nY_mini.jpg",""
"https://x.com/keedehara","https://pbs.twimg.com/profile_images/2046560763763212288/F6x6RyhX_normal.jpg","Kirara Indosat","https://abs.twimg.com/emoji/v2/svg/1f408-200d-2b1b.svg","@keedehara","·","https://x.com/keedehara/status/2052291469583806622","May 7","slamat maaam ying!","","","1","https://x.com/keedehara/status/2052291469583806622/analytics","10","","","","","","","Replying to","https://x.com/apricotfizzzz","@apricotfizzzz","",""
"https://x.com/igotsan","https://pbs.twimg.com/profile_images/2052028234301403136/cvsnl4za_normal.jpg","pepi indosat","https://abs.twimg.com/emoji/v2/svg/1f345.svg","@igotsan","·","https://x.com/igotsan/status/2052744712986235325","5h","INI LUCU BANGET OMGSJSNMSKSBSHWKSJ","","Maff guys norak ini cb pertama aku as wandor","","https://x.com/igotsan/status/2052744712986235325/analytics","18","https://abs.twimg.com/emoji/v2/svg/1f62d.svg","#보이넥스트도어","","https://abs.twimg.com/emoji/v2/svg/1f62d.svg","#BOYNEXTDOOR","#BOYNEXTDOORHOME","","","","","blob:https://x.com/84162e64-794d-495e-b1d8-42c58baf0545"
"https://x.com/economiys","https://pbs.twimg.com/profile_images/2048138274091462656/DqDFlDeN_normal.jpg","mitha indosat","","@economiys","·","https://x.com/economiys/status/2052773864464363632","3h","25 UDH JD ASPRAK?????","","","1","https://x.com/economiys/status/2052773864464363632/analytics","6","","","","","","","Replying to","https://x.com/nepztunzorca","@nepztunzorca","",""
"https://x.com/keedehara","https://pbs.twimg.com/profile_images/2046560763763212288/F6x6RyhX_normal.jpg","Kirara Indosat","https://abs.twimg.com/emoji/v2/svg/1f408-200d-2b1b.svg","@keedehara","·","https://x.com/keedehara/status/2049497616011141356","Apr 29","duhai cintaku sayangku","","","7","https://x.com/keedehara/status/2049497616011141356/analytics","230","","10","","","","","","","","",""
"https://x.com/uekageyama","https://pbs.twimg.com/profile_images/1816381831727702019/cUobd6y3_normal.jpg","seya indosat","","@uekageyama","·","https://x.com/uekageyama/status/2052694414829703200","9h","DATA GUE GIMANAAA INI STRESSSS","","","","https://x.com/uekageyama/status/2052694414829703200/analytics","22","https://abs.twimg.com/emoji/v2/svg/1f62d.svg","","","","","","","","","",""
"https://x.com/dheandelion","https://pbs.twimg.com/profile_images/1600840167115599872/8Xt_LJhD_normal.png","Dhea : OPEN Kuota","https://abs.twimg.com/emoji/v2/svg/1f431.svg","@dheandelion","·","https://x.com/dheandelion/status/2051986687358837073","May 6","PAKET DATA","INDOSAT","MURAH
Full 24 Jam isat kuota im3
- 150GB : 125K / 135K
- 100GB : 115K / 125K
- 60GB / 70GB / 80GB : 100K
- 50GB : 90K
Bonus lokal:
- 24GB +7GB: 72K
- 12GB +3GB: 50K

Minagt? DM/WA","","https://x.com/dheandelion/status/2051986687358837073/analytics","275","","","- Fastresp chat ke WA! - Jual","","","#zonauang","","","","",""
"https://x.com/ApaYa43480","https://pbs.twimg.com/profile_images/1993529974461284357/uuwC9weV_normal.png","Apa Ya","","@ApaYa43480","·","https://x.com/ApaYa43480/status/2052006006486659430","May 6","BABIIIKK BANGSAT!","INDOSAT","","1","https://x.com/ApaYa43480/status/2052006006486659430/analytics","48","","","@CareIM3","","","","","","","",""
"https://x.com/mcmobami","https://pbs.twimg.com/profile_images/2009052711065681920/MhvSw2dZ_normal.png","lea indosat","","@mcmobami","·","https://x.com/mcmobami/status/2049676638045286685","Apr 30","tags: sugar daddy × sugar baby, age difference, fluff, mutual pining, getting together","","","13","https://x.com/mcmobami/status/2049676638045286685/analytics","114","","10","","","santini","","Apr 29","","Quote","https://pbs.twimg.com/profile_images/2014085103987605504/RxvQrd7X_mini.jpg","blob:https://x.com/92d15f8d-b6fe-4b5c-882e-8b973f155098"
"https://x.com/imam_dellfm","https://pbs.twimg.com/profile_images/1362615616805376001/O6En-lB5_normal.jpg","Imam Hadi","","@imam_dellfm","·","https://x.com/imam_dellfm/status/2051850802172752142","May 6","Punya 2 nomor,","Indosat","sama Telkomsel. Yang","1","https://x.com/imam_dellfm/status/2051850802172752142/analytics","189","","2","@Telkomsel","","","","","","","",""
"https://x.com/Atropoda01","https://pbs.twimg.com/profile_images/2036454230538813440/VK22Nc2d_normal.jpg","Filo","","@Atropoda01","·","https://x.com/Atropoda01/status/2050926636431003802","May 3","kenapa ya ga bisa beli paket ?","","","3","https://x.com/Atropoda01/status/2050926636431003802/analytics","2.7K","","2","@CareIM3","","@indosat","","","","","",""
"https://x.com/mcmobami","https://pbs.twimg.com/profile_images/2009052711065681920/MhvSw2dZ_normal.png","lea indosat","","@mcmobami","·","https://x.com/mcmobami/status/2049676638045286685","Apr 30","tags: sugar daddy × sugar baby, age difference, fluff, mutual pining, getting together","0:23","","13","https://x.com/mcmobami/status/2049676638045286685/analytics","114","","10","","","santini","","Apr 29","","Quote","https://pbs.twimg.com/profile_images/2014085103987605504/RxvQrd7X_mini.jpg","blob:https://x.com/92d15f8d-b6fe-4b5c-882e-8b973f155098"
"https://x.com/sahiseandimples","https://pbs.twimg.com/profile_images/1995402612519342080/xRZiJyIx_normal.jpg","sahisean","","@sahiseandimples","·","https://x.com/sahiseandimples/status/2051587072717357417","May 5","Masii, td pagi dah aman tapi sekarang gini lagi:)","","","1","https://x.com/sahiseandimples/status/2051587072717357417/analytics","43","","1","@indosatim3","","and","@indosat","Replying to","https://x.com/__ginaluvme","@__ginaluvme","",""
"https://x.com/keedehara","https://pbs.twimg.com/profile_images/2046560763763212288/F6x6RyhX_normal.jpg","Kirara Indosat","https://abs.twimg.com/emoji/v2/svg/1f408-200d-2b1b.svg","@keedehara","·","https://x.com/keedehara/status/2049395287312203879","Apr 29","orang orang makan apa ya kok pada jago gambar","","","15","https://x.com/keedehara/status/2049395287312203879/analytics","438","","12","","","","","","","","",""
"https://x.com/keedehara","https://pbs.twimg.com/profile_images/2046560763763212288/F6x6RyhX_normal.jpg","Kirara Indosat","https://abs.twimg.com/emoji/v2/svg/1f408-200d-2b1b.svg","@keedehara","·","https://x.com/keedehara/status/2050566811335459306","May 2","yang paling bagus card birthday dia yang main salju","","","1","https://x.com/keedehara/status/2050566811335459306/analytics","17","https://abs.twimg.com/emoji/v2/svg/1f97a.svg","1","","https://abs.twimg.com/emoji/v2/svg/1f97a.svg","","","Replying to","https://x.com/Nessss_02","@Nessss_02","",""
"https://x.com/keedehara","https://pbs.twimg.com/profile_images/2046560763763212288/F6x6RyhX_normal.jpg","Kirara Indosat","https://abs.twimg.com/emoji/v2/svg/1f408-200d-2b1b.svg","@keedehara","·","https://x.com/keedehara/status/2051271348195049830","May 4","yah bgitulah","","","1","https://x.com/keedehara/status/2051271348195049830/analytics","195","","","","","T𝕏TDARIBUKU","","May 3","","Quote","https://pbs.twimg.com/profile_images/1977571774167654400/YycJf_4B_mini.jpg",""
"https://x.com/Holigo_official","https://pbs.twimg.com/profile_images/1784872240791646208/PcbJspV3_normal.jpg","Holigo","","@Holigo_official","·","https://x.com/Holigo_official/status/2050077756348592576","May 1","Pulsa","Indosat","di HOLIGO? TERMURAH SE-INDONESIA!","1","https://x.com/Holigo_official/status/2050077756348592576/analytics","58","https://abs.twimg.com/emoji/v2/svg/1f4e2.svg","","","https://abs.twimg.com/emoji/v2/svg/1f4b0.svg","#HOLIGOlebihmudah","#HOLIGO","","","","https://pbs.twimg.com/amplify_video_thumb/2049808449412960256/img/plqARaG0IRQ0Trs2.jpg","blob:https://x.com/960a6a16-95a7-444c-91d0-0aad6d7af755"
"https://x.com/mcmobami","https://pbs.twimg.com/profile_images/2009052711065681920/MhvSw2dZ_normal.png","lea indosat","","@mcmobami","·","https://x.com/mcmobami/status/2049676638045286685","Apr 30","tags: sugar daddy × sugar baby, age difference, fluff, mutual pining, getting together","0:09 / 0:32","","13","https://x.com/mcmobami/status/2049676638045286685/analytics","114","","10","","","santini","","Apr 29","","Quote","https://pbs.twimg.com/profile_images/2014085103987605504/RxvQrd7X_mini.jpg","blob:https://x.com/92d15f8d-b6fe-4b5c-882e-8b973f155098"
"https://x.com/satriyoanjas","https://pbs.twimg.com/profile_images/534271735261302784/vgBfT21R_normal.jpeg","Satriyo Anjas P","","@satriyoanjas","·","https://x.com/satriyoanjas/status/2050875398926553161","May 3","Hallo","Indosat","IM3","1","https://x.com/satriyoanjas/status/2050875398926553161/analytics","630","","2","@indosatim3","","","","","","","",""
"https://x.com/keedehara","https://pbs.twimg.com/profile_images/2046560763763212288/F6x6RyhX_normal.jpg","Kirara Indosat","https://abs.twimg.com/emoji/v2/svg/1f408-200d-2b1b.svg","@keedehara","·","https://x.com/keedehara/status/2050175912734503417","May 1","kok ngeselin, lucu itu","","","1","https://x.com/keedehara/status/2050175912734503417/analytics","218","https://abs.twimg.com/emoji/v2/svg/1f970.svg","","","","","","Replying to","https://x.com/namanyarizz","@namanyarizz","",""
"https://x.com/geminiurbae","https://pbs.twimg.com/profile_images/2051335830510374912/__8-lsNE_normal.jpg","dew.","","@geminiurbae","·","https://x.com/geminiurbae/status/2048948011141861580","Apr 28","DEWTEE TOLONG REMAKE REVENGED LOVE CABANG THAILAND PLEASEEEEE","","cr : tiktok","28","https://x.com/geminiurbae/status/2048948011141861580/analytics","29K","https://abs.twimg.com/emoji/v2/svg/1f62d.svg","780","Parody account","https://abs.twimg.com/emoji/v2/svg/1f62d.svg","","","","","","https://pbs.twimg.com/amplify_video_thumb/2048947944574103552/img/VwE_V-zXU2SVRB_7.jpg","blob:https://x.com/880f1266-ef9b-4f70-8003-5aa703b8e29a"
"https://x.com/Holigo_official","https://pbs.twimg.com/profile_images/1784872240791646208/PcbJspV3_normal.jpg","Holigo","","@Holigo_official","·","https://x.com/Holigo_official/status/2050077756348592576","May 1","Pulsa","Indosat","di HOLIGO? TERMURAH SE-INDONESIA!","1","https://x.com/Holigo_official/status/2050077756348592576/analytics","58","https://abs.twimg.com/emoji/v2/svg/1f4e2.svg","","","https://abs.twimg.com/emoji/v2/svg/1f4b0.svg","#HOLIGOlebihmudah","#HOLIGO","","","","","blob:https://x.com/960a6a16-95a7-444c-91d0-0aad6d7af755"
"https://x.com/keedehara","https://pbs.twimg.com/profile_images/2046560763763212288/F6x6RyhX_normal.jpg","Kirara Indosat","https://abs.twimg.com/emoji/v2/svg/1f408-200d-2b1b.svg","@keedehara","·","https://x.com/keedehara/status/2051652470154330464","May 5","btul, nambah nih tdurna","","","1","https://x.com/keedehara/status/2051652470154330464/analytics","17","","1","","","","","Replying to","https://x.com/pjmchimie_","@pjmchimie_","",""
"https://x.com/economiys","https://pbs.twimg.com/profile_images/2048138274091462656/DqDFlDeN_normal.jpg","mitha indosat","","@economiys","·","https://x.com/economiys/status/2051558834616115277","May 5","Ipb","","","3","https://x.com/economiys/status/2051558834616115277/analytics","1K","","","","","","","Replying to","https://x.com/sbmptnfess","@sbmptnfess","",""
"https://x.com/CareIM3","https://pbs.twimg.com/profile_images/2038455698301112320/f7vnFxDb_normal.jpg","IM3 Care","","@CareIM3","·","https://x.com/CareIM3/status/2050908272140390820","May 3","Asik scroll dan seru streaming","","Pastikan kuota","17","https://x.com/CareIM3/status/2050908272140390820/analytics","2.2K","https://abs.twimg.com/emoji/v2/svg/1f609.svg","37","","https://abs.twimg.com/emoji/v2/svg/1f49b.svg","","#SahabatBaikku","","","","",""
"https://x.com/economiys","https://pbs.twimg.com/profile_images/2048138274091462656/DqDFlDeN_normal.jpg","mitha indosat","","@economiys","·","https://x.com/economiys/status/2052738376265335138","6h","ga nyangka aj atmin tiba2 si ibu masuk zir","","","","https://x.com/economiys/status/2052738376265335138/analytics","5","https://abs.twimg.com/emoji/v2/svg/1f614.svg","","","","","","Replying to","https://x.com/filoshophies","@filoshophies","",""
"https://x.com/economiys","https://pbs.twimg.com/profile_images/2048138274091462656/DqDFlDeN_normal.jpg","mitha indosat","","@economiys","·","https://x.com/economiys/status/2051895132312723464","May 6","didatengin dosen praktisi dari bank malah bkim gue makin ga mut sm jurusan gue enih puki","","","1","https://x.com/economiys/status/2051895132312723464/analytics","31","","","","","","","","","","",""
"https://x.com/keedehara","https://pbs.twimg.com/profile_images/2046560763763212288/F6x6RyhX_normal.jpg","Kirara Indosat","https://abs.twimg.com/emoji/v2/svg/1f408-200d-2b1b.svg","@keedehara","·","https://x.com/keedehara/status/2050012390004248842","May 1","egk slamat pagi buat ka dea","GIF","","1","https://x.com/keedehara/status/2050012390004248842/analytics","113","","1","","","","","Replying to","https://x.com/deayislicious","@deayislicious","","https://video.twimg.com/tweet_video/HHMbZekawAAA8Oe.mp4"
"https://x.com/Holigo_official","https://pbs.twimg.com/profile_images/1784872240791646208/PcbJspV3_normal.jpg","Holigo","","@Holigo_official","·","https://x.com/Holigo_official/status/2050077756348592576","May 1","Pulsa","Indosat","di HOLIGO? TERMURAH SE-INDONESIA!","1","https://x.com/Holigo_official/status/2050077756348592576/analytics","58","https://abs.twimg.com/emoji/v2/svg/1f4e2.svg","","","https://abs.twimg.com/emoji/v2/svg/1f4b0.svg","#HOLIGOlebihmudah","#HOLIGO","","","","","blob:https://x.com/960a6a16-95a7-444c-91d0-0aad6d7af755"
"https://x.com/geminiurbae","https://pbs.twimg.com/profile_images/2051335830510374912/__8-lsNE_normal.jpg","dew.","","@geminiurbae","·","https://x.com/geminiurbae/status/2048948011141861580","Apr 28","DEWTEE TOLONG REMAKE REVENGED LOVE CABANG THAILAND PLEASEEEEE","","cr : tiktok","28","https://x.com/geminiurbae/status/2048948011141861580/analytics","29K","https://abs.twimg.com/emoji/v2/svg/1f62d.svg","780","Parody account","https://abs.twimg.com/emoji/v2/svg/1f62d.svg","","","","","","","blob:https://x.com/880f1266-ef9b-4f70-8003-5aa703b8e29a"
"https://x.com/sawar1886390","https://abs.twimg.com/sticky/default_profile_images/default_profile_normal.png","sawar","","@sawar1886390","·","https://x.com/sawar1886390/status/2050729784699920834","May 3","Byk kenapanya? Skr sy tanya knp dulu mega jual","indosat","?","1","https://x.com/sawar1886390/status/2050729784699920834/analytics","56","","","","","","","Replying to","https://x.com/GunRomli","@GunRomli","",""
"https://x.com/keedehara","https://pbs.twimg.com/profile_images/2046560763763212288/F6x6RyhX_normal.jpg","Kirara Indosat","https://abs.twimg.com/emoji/v2/svg/1f408-200d-2b1b.svg","@keedehara","·","https://x.com/keedehara/status/2050898397494956101","May 3","ak jg mw dong temenan","","","1","https://x.com/keedehara/status/2050898397494956101/analytics","15","","","","","","","Replying to","https://x.com/hysirenz","@hysirenz","",""
"https://x.com/geminiurbae","https://pbs.twimg.com/profile_images/2051335830510374912/__8-lsNE_normal.jpg","dew.","","@geminiurbae","·","https://x.com/geminiurbae/status/2048948011141861580","Apr 28","DEWTEE TOLONG REMAKE REVENGED LOVE CABANG THAILAND PLEASEEEEE","","cr : tiktok","28","https://x.com/geminiurbae/status/2048948011141861580/analytics","29K","https://abs.twimg.com/emoji/v2/svg/1f62d.svg","780","Parody account","https://abs.twimg.com/emoji/v2/svg/1f62d.svg","","","","","0:03 / 0:18","","blob:https://x.com/880f1266-ef9b-4f70-8003-5aa703b8e29a"
"https://x.com/keedehara","https://pbs.twimg.com/profile_images/2046560763763212288/F6x6RyhX_normal.jpg","Kirara Indosat","https://abs.twimg.com/emoji/v2/svg/1f408-200d-2b1b.svg","@keedehara","·","https://x.com/keedehara/status/2050012390004248842","May 1","egk slamat pagi buat ka dea","GIF","","1","https://x.com/keedehara/status/2050012390004248842/analytics","113","","1","","","","","Replying to","https://x.com/deayislicious","@deayislicious","","https://video.twimg.com/tweet_video/HHMbZekawAAA8Oe.mp4"
"https://x.com/keedehara","https://pbs.twimg.com/profile_images/2046560763763212288/F6x6RyhX_normal.jpg","Kirara Indosat","https://abs.twimg.com/emoji/v2/svg/1f408-200d-2b1b.svg","@keedehara","·","https://x.com/keedehara/status/2049042701753213301","Apr 28","wow lagi lagi keributan, cilor mau cilor","","","9","https://x.com/keedehara/status/2049042701753213301/analytics","2.3K","","11","","","","","","","","",""
"https://x.com/economiys","https://pbs.twimg.com/profile_images/2048138274091462656/DqDFlDeN_normal.jpg","mitha indosat","","@economiys","·","https://x.com/economiys/status/2052777840987566259","3h","selalu ya kayak gini, kebakaran ngga masuk akal, he's also someone's dad btw. mind you his children would have dendam deep down their heart. to remember every each of faces.","","","","https://x.com/economiys/status/2052777840987566259/analytics","97","","","","","A.K.I","","13h","","Quote","https://pbs.twimg.com/profile_images/2031224041881874433/x4oYQxHr_mini.jpg",""
"https://x.com/nllpointerexcpt","https://pbs.twimg.com/profile_images/2040709074044817408/KPasOYW2_normal.jpg","dong","","@nllpointerexcpt","·","https://x.com/nllpointerexcpt/status/2048391227243167804","Apr 26","Ini paket","indosat","tambah mahal kahh???
Udah cuma 28 hari pula","5","https://x.com/nllpointerexcpt/status/2048391227243167804/analytics","1.5K","","6","","","","","","","","",""
"https://x.com/keedehara","https://pbs.twimg.com/profile_images/2046560763763212288/F6x6RyhX_normal.jpg","Kirara Indosat","https://abs.twimg.com/emoji/v2/svg/1f408-200d-2b1b.svg","@keedehara","·","https://x.com/keedehara/status/2051242574359536000","May 4","jangan dlu msih blum 30","","","1","https://x.com/keedehara/status/2051242574359536000/analytics","64","","","","","","","Replying to","https://x.com/ArjunaArkana","@ArjunaArkana","",""
"https://x.com/Jokotole24","https://pbs.twimg.com/profile_images/1963479122191269889/gUyZl1Vy_normal.jpg","Warga Sipil biasa","","@Jokotole24","·","https://x.com/Jokotole24/status/2051274406375342221","May 4","Drama pulsa 50rb kelar setelah kudu gaspol bacotin CSnya . Dari disuruh nyari voucher ghaib sampe akhirnya masuk diem-diem tanpa SMS. Birokrasi kalian kaku & nyusahin, kudu ditegasin dulu baru gerak. Tolong dibenahi, jangan cuma jago template!","","","2","https://x.com/Jokotole24/status/2051274406375342221/analytics","375","","3","@indosatim3","","@indosat","","","","","",""
"https://x.com/lasciviouscorpy","https://pbs.twimg.com/profile_images/2044149157334790144/hYW982tn_normal.jpg","𝖈𝖍𝖆𝖓 ໂ‧͡‧̫ໃ⚡︎","","@lasciviouscorpy","·","https://x.com/lasciviouscorpy/status/2049879163469955165","Apr 30","ini sinyalnya macam kunyuk","indosat","","1","https://x.com/lasciviouscorpy/status/2049879163469955165/analytics","160","","2","","","","","","","","",""
"https://x.com/keedehara","https://pbs.twimg.com/profile_images/2046560763763212288/F6x6RyhX_normal.jpg","Kirara Indosat","https://abs.twimg.com/emoji/v2/svg/1f408-200d-2b1b.svg","@keedehara","·","https://x.com/keedehara/status/2052698934062252178","8h","amiinn timksi ya daisyy","","","1","https://x.com/keedehara/status/2052698934062252178/analytics","16","","1","","","","","Replying to","https://x.com/daisyduckdaisy_","@daisyduckdaisy_","",""
"https://x.com/keedehara","https://pbs.twimg.com/profile_images/2046560763763212288/F6x6RyhX_normal.jpg","Kirara Indosat","https://abs.twimg.com/emoji/v2/svg/1f408-200d-2b1b.svg","@keedehara","·","https://x.com/keedehara/status/2052218912658559155","May 7","happy bday tyas!","","","1","https://x.com/keedehara/status/2052218912658559155/analytics","15","https://abs.twimg.com/emoji/v2/svg/1f382.svg","1","","","","","Replying to","https://x.com/amedhatys","@amedhatys","",""
"https://x.com/dayeunj","https://pbs.twimg.com/profile_images/2043322843816226816/gXN3PHdI_normal.jpg","𝒹𝒶𝓎𝓃","https://abs.twimg.com/emoji/v2/svg/1f408-200d-2b1b.svg","@dayeunj","·","https://x.com/dayeunj/status/2051636231579283487","May 5","sinyal","Indosat","lelet bgt dahhhh","1","https://x.com/dayeunj/status/2051636231579283487/analytics","88","","1","","","","","","","","",""
"https://x.com/shoonheree","https://pbs.twimg.com/profile_images/2033770321237708803/aAjdR0Hs_normal.jpg","kai ⋆✮","","@shoonheree","·","https://x.com/shoonheree/status/2052716383579078671","7h","story whatsapp sunghoon","indosat","","42","https://x.com/shoonheree/status/2052716383579078671/analytics","17K","","361","","","","","","","","",""
"https://x.com/keedehara","https://pbs.twimg.com/profile_images/2046560763763212288/F6x6RyhX_normal.jpg","Kirara Indosat","https://abs.twimg.com/emoji/v2/svg/1f408-200d-2b1b.svg","@keedehara","·","https://x.com/keedehara/status/2050558391790288993","May 2","abel yang ini vibesnya abel grebek","","","1","https://x.com/keedehara/status/2050558391790288993/analytics","28","https://abs.twimg.com/emoji/v2/svg/1f62d.svg","1","","","","","Replying to","https://x.com/aarabella_floo","@aarabella_floo","",""
"https://x.com/wesavcin","https://pbs.twimg.com/profile_images/2028456852191854592/cvIjleso_normal.jpg","jiyA","https://abs.twimg.com/emoji/v2/svg/26a1.svg","@wesavcin","·","https://x.com/wesavcin/status/2050485606028026030","May 2","Wtb kuota","indosat","xl murah","4","https://x.com/wesavcin/status/2050485606028026030/analytics","390","","1","","","","#bealanja","","","","",""
"https://x.com/reoasy","https://pbs.twimg.com/profile_images/1967524716274696193/7zJAOwji_normal.jpg","kilaaaa indosat","","@reoasy","·","https://x.com/reoasy/status/2052760432285491670","4h","sekalian dm ditiktok beew kwkwkw","","","1","https://x.com/reoasy/status/2052760432285491670/analytics","16","","","@straweyyitea","","","","","","","",""
"https://x.com/Jokotole24","https://pbs.twimg.com/profile_images/1963479122191269889/gUyZl1Vy_normal.jpg","Warga Sipil biasa","","@Jokotole24","·","https://x.com/Jokotole24/status/2051131156645761311","May 4","Lucu bgt","@txtdarionlshop","","1","https://x.com/Jokotole24/status/2051131156645761311/analytics","112","","","@indosatim3","","@indosat","IM3","May 3","","Quote","https://pbs.twimg.com/profile_images/2039626569426317312/ufIaht8Q_bigger.jpg",""
"https://x.com/keedehara","https://pbs.twimg.com/profile_images/2046560763763212288/F6x6RyhX_normal.jpg","Kirara Indosat","https://abs.twimg.com/emoji/v2/svg/1f408-200d-2b1b.svg","@keedehara","·","https://x.com/keedehara/status/2050177666851205151","May 1","saatnya promosi karaoke bang jun yang ini lagi","youtube.com","silakan kakak kakak","2","https://x.com/keedehara/status/2050177666851205151/analytics","682","https://abs.twimg.com/emoji/v2/svg/1f60a.svg","Arjuna Arkana【PANDAVVA】","602 likes, 12 comments. ""KARAOKE NIGHT!【November】""","https://abs.twimg.com/emoji/v2/svg/1f917.svg","","","Replying to","https://x.com/keedehara","@keedehara","",""
"https://x.com/lalaapoo20","https://pbs.twimg.com/profile_images/1666111300198617089/sS-SfgrR_normal.jpg","lalaapoo","","@lalaapoo20","·","https://x.com/lalaapoo20/status/2051308068919726202","May 4","Need kuota","indosat","","5","https://x.com/lalaapoo20/status/2051308068919726202/analytics","258","","1","","","","#zonauang","","","","",""
"https://x.com/uekageyama","https://pbs.twimg.com/profile_images/1816381831727702019/cUobd6y3_normal.jpg","seya indosat","","@uekageyama","·","https://x.com/uekageyama/status/2052710495011094987","8h","benang rajut ga mahal mahal banget tp kalo mau buat sesuatu atleast butuh lebih dari 1 benang yang artinya sama aja beli banyak. belum lagi perintilannya","","","","https://x.com/uekageyama/status/2052710495011094987/analytics","18","","","x.com/amahayash/stat…","","Ara","","May 7","","Quote","https://pbs.twimg.com/profile_images/1964927190560313344/IYxHUxfJ_mini.jpg",""
"https://x.com/keedehara","https://pbs.twimg.com/profile_images/2046560763763212288/F6x6RyhX_normal.jpg","Kirara Indosat","https://abs.twimg.com/emoji/v2/svg/1f408-200d-2b1b.svg","@keedehara","·","https://x.com/keedehara/status/2050211413780770889","May 1","apa sdah baikan laauut??","","","1","https://x.com/keedehara/status/2050211413780770889/analytics","35","","1","","","","","Replying to","https://x.com/eternityll0ve","@eternityll0ve","",""
"https://x.com/realbbysun_","https://pbs.twimg.com/profile_images/1846545630845624321/gzlEPNcj_normal.jpg","fangirling","https://abs.twimg.com/emoji/v2/svg/1f467-1f3fb.svg","@realbbysun_","·","https://x.com/realbbysun_/status/2050897605811712287","May 3","help yg jual kuota","indosat","bisa fast drop pricelist","5","https://x.com/realbbysun_/status/2050897605811712287/analytics","305","","2","","","","#zonauang","","","","",""
"https://x.com/keedehara","https://pbs.twimg.com/profile_images/2046560763763212288/F6x6RyhX_normal.jpg","Kirara Indosat","https://abs.twimg.com/emoji/v2/svg/1f408-200d-2b1b.svg","@keedehara","·","https://x.com/keedehara/status/2051647885792710735","May 5","slamat pagi dunia","GIF","","5","https://x.com/keedehara/status/2051647885792710735/analytics","181","","10","","","","","","","","","https://video.twimg.com/tweet_video/HHjq3u5agAADnq9.mp4"
"https://x.com/dediisu","https://pbs.twimg.com/profile_images/1967727496092323843/_4wz7AAi_normal.jpg","mickkk","https://abs.twimg.com/emoji/v2/svg/1f608.svg","@dediisu","·","https://x.com/dediisu/status/2050574090633920655","May 2","Capek banget gua sama jaringan","indosat","","1","https://x.com/dediisu/status/2050574090633920655/analytics","70","","","","","","","","","","",""
"https://x.com/reoasy","https://pbs.twimg.com/profile_images/1967524716274696193/7zJAOwji_normal.jpg","kilaaaa indosat","","@reoasy","·","https://x.com/reoasy/status/2052684859815207127","9h","aaaaaa wml, ponakaaan ku dtg tudey WKWKKW","","","","https://x.com/reoasy/status/2052684859815207127/analytics","11","","","","","","","","","","",""
"https://x.com/keedehara","https://pbs.twimg.com/profile_images/2046560763763212288/F6x6RyhX_normal.jpg","Kirara Indosat","https://abs.twimg.com/emoji/v2/svg/1f408-200d-2b1b.svg","@keedehara","·","https://x.com/keedehara/status/2052393559224090724","May 7","","","","1","https://x.com/keedehara/status/2052393559224090724/analytics","37","https://abs.twimg.com/emoji/v2/svg/1f6d0.svg","1","","https://abs.twimg.com/emoji/v2/svg/1f6d0.svg","","","Replying to","https://x.com/Niniaaauhu","@Niniaaauhu","",""
"https://x.com/detikinet","https://pbs.twimg.com/profile_images/1358653398313127936/oqy8fazP_normal.jpg","detikinet","","@detikinet","·","https://x.com/detikinet/status/2052046896542412868","May 6","Tancap Gas Jadi Perusahaan Berbasis AI","Indosat","","","https://x.com/detikinet/status/2052046896542412868/analytics","193","","","","","","","","https://t.co/GCagQfaLZl","","",""
"https://x.com/keedehara","https://pbs.twimg.com/profile_images/2046560763763212288/F6x6RyhX_normal.jpg","Kirara Indosat","https://abs.twimg.com/emoji/v2/svg/1f408-200d-2b1b.svg","@keedehara","·","https://x.com/keedehara/status/2051134793203786119","May 4","mauu","","","1","https://x.com/keedehara/status/2051134793203786119/analytics","53","","1","","","","","Replying to","https://x.com/moonailynn","@moonailynn","",""
"https://x.com/keedehara","https://pbs.twimg.com/profile_images/2046560763763212288/F6x6RyhX_normal.jpg","Kirara Indosat","https://abs.twimg.com/emoji/v2/svg/1f408-200d-2b1b.svg","@keedehara","·","https://x.com/keedehara/status/2052686056429178935","9h","saatny km storan jgaa","","","1","https://x.com/keedehara/status/2052686056429178935/analytics","37","","","","","","","Replying to","https://x.com/aynoyuno","@aynoyuno","",""
"https://x.com/keedehara","https://pbs.twimg.com/profile_images/2046560763763212288/F6x6RyhX_normal.jpg","Kirara Indosat","https://abs.twimg.com/emoji/v2/svg/1f408-200d-2b1b.svg","@keedehara","·","https://x.com/keedehara/status/2051870320232194554","May 6","lucu skaliii","","","1","https://x.com/keedehara/status/2051870320232194554/analytics","20","","1","","","","","Replying to","https://x.com/sonetaira","@sonetaira","",""
"https://x.com/keedehara","https://pbs.twimg.com/profile_images/2046560763763212288/F6x6RyhX_normal.jpg","Kirara Indosat","https://abs.twimg.com/emoji/v2/svg/1f408-200d-2b1b.svg","@keedehara","·","https://x.com/keedehara/status/2052181674952368253","May 7","pg jg slm sjhtr","","","1","https://x.com/keedehara/status/2052181674952368253/analytics","71","","","","","","","Replying to","https://x.com/ArjunaArkana","@ArjunaArkana","",""
"https://x.com/maria_mawar","https://pbs.twimg.com/profile_images/1405418481986592771/S5w7gKUY_normal.jpg","Maria Mawar Kartika","","@maria_mawar","·","https://x.com/maria_mawar/status/2050544030715617749","May 2","Ini","","gak jelas banhet CSnya. Baru aja di chat mau ngetik malah nganc mau nutup chat","2","https://x.com/maria_mawar/status/2050544030715617749/analytics","333","","1","@indosatim3","","","","","","","",""
"https://x.com/keedehara","https://pbs.twimg.com/profile_images/2046560763763212288/F6x6RyhX_normal.jpg","Kirara Indosat","https://abs.twimg.com/emoji/v2/svg/1f408-200d-2b1b.svg","@keedehara","·","https://x.com/keedehara/status/2050227358855229857","May 1",": apa hal kecil yang membuat kalian senang dalam minggu ini?","",": akhirnya aku bisa bermain dengan controller 2jt ku itu, aku senang sekali

senyumnya *´ㅅ`)ﾞ","4","https://x.com/keedehara/status/2050227358855229857/analytics","17K","https://abs.twimg.com/emoji/v2/svg/1f4ac.svg","563","","https://abs.twimg.com/emoji/v2/svg/2600.svg","","#ArjunaClip","","","","","blob:https://x.com/eaf17403-bd22-439b-8361-3980727337c1"
"https://x.com/MeimeiElla","https://pbs.twimg.com/profile_images/2032968358103302144/oRpys28o_normal.jpg","Mint","","@MeimeiElla","·","https://x.com/MeimeiElla/status/2052755911756963986","5h","banget pakde","Indosat","","","https://x.com/MeimeiElla/status/2052755911756963986/analytics","41","https://abs.twimg.com/emoji/v2/svg/1f923.svg","","","","","","Replying to","https://x.com/shoonheree","@shoonheree","",""
"https://x.com/keedehara","https://pbs.twimg.com/profile_images/2046560763763212288/F6x6RyhX_normal.jpg","Kirara Indosat","https://abs.twimg.com/emoji/v2/svg/1f408-200d-2b1b.svg","@keedehara","·","https://x.com/keedehara/status/2051866050778763487","May 6","minaaat kaakkk","","","1","https://x.com/keedehara/status/2051866050778763487/analytics","129","","","","","","","Replying to","https://x.com/slebewweaaa","@slebewweaaa","",""
"https://x.com/wiavetoearth","https://pbs.twimg.com/profile_images/2034606415751626753/Dgw-dZhw_normal.jpg","Evan Indosat.","","@wiavetoearth","·","https://x.com/wiavetoearth/status/2050598996247544111","May 2","Vibesnya tuh kayak mau nyanyi ""Barang antik ni berkelas, cantik, cantik, cantik, sekali foto langsung jelas, cekrek asik, cekrek asik..""","","","1","https://x.com/wiavetoearth/status/2050598996247544111/analytics","121","","","","","","","","","","https://pbs.twimg.com/amplify_video_thumb/2049866468997943296/img/vMatYYCa11mw4khW.jpg","blob:https://x.com/9f76457c-1f94-4754-a433-690870e8cd81"
"https://x.com/B0omer_Aang","https://pbs.twimg.com/profile_images/1874969786020700160/RJVSlJ84_normal.jpg","a'ang Indosat","","@B0omer_Aang","·","https://x.com/B0omer_Aang/status/2051431865127772574","May 5","I'm claiming my AI agent ""fractalswift"" on","","","1","https://x.com/B0omer_Aang/status/2051431865127772574/analytics","38","https://abs.twimg.com/emoji/v2/svg/1f99e.svg","2","@moltbook","","","","","","","",""
"https://x.com/keedehara","https://pbs.twimg.com/profile_images/2046560763763212288/F6x6RyhX_normal.jpg","Kirara Indosat","https://abs.twimg.com/emoji/v2/svg/1f408-200d-2b1b.svg","@keedehara","·","https://x.com/keedehara/status/2051865291215499632","May 6","buset sampe tiga itu gimana nder apa ngga kewalahan?","","aku cuma pake bookmory aja udh cukup sih","1","https://x.com/keedehara/status/2051865291215499632/analytics","182","https://abs.twimg.com/emoji/v2/svg/1f62d.svg","","","","","","Replying to","https://x.com/basebuku","@basebuku","",""
"https://x.com/surfingscoote","https://pbs.twimg.com/profile_images/1751988321365131266/NXFybFXk_normal.jpg","tAamaAaaA","https://abs.twimg.com/emoji/v2/svg/1f992.svg","@surfingscoote","·","https://x.com/surfingscoote/status/2051618762965795043","May 5","perasaan","indosat","mulu yak","1","https://x.com/surfingscoote/status/2051618762965795043/analytics","1.5K","https://abs.twimg.com/emoji/v2/svg/1f972.svg","3","","","","","Replying to","https://x.com/kimmyexp","@kimmyexp","",""
"https://x.com/keedehara","https://pbs.twimg.com/profile_images/2046560763763212288/F6x6RyhX_normal.jpg","Kirara Indosat","https://abs.twimg.com/emoji/v2/svg/1f408-200d-2b1b.svg","@keedehara","·","https://x.com/keedehara/status/2050541632387473684","May 2","risol coklat maawww","","","1","https://x.com/keedehara/status/2050541632387473684/analytics","27","","1","","","","","Replying to","https://x.com/eternityll0ve","@eternityll0ve","",""
"https://x.com/keedehara","https://pbs.twimg.com/profile_images/2046560763763212288/F6x6RyhX_normal.jpg","Kirara Indosat","https://abs.twimg.com/emoji/v2/svg/1f408-200d-2b1b.svg","@keedehara","·","https://x.com/keedehara/status/2050469748035723761","May 2","istirahat dulu nesaa","","","1","https://x.com/keedehara/status/2050469748035723761/analytics","11","","1","","","","","Replying to","https://x.com/Nessss_02","@Nessss_02","",""
"https://x.com/economiys","https://pbs.twimg.com/profile_images/2048138274091462656/DqDFlDeN_normal.jpg","mitha indosat","https://abs.twimg.com/emoji/v2/svg/2b50.svg","@economiys","·","https://x.com/economiys/status/2052007337267953929","May 6","LUCU BGT PLES, jujur ngga nyangka","","","1","https://x.com/economiys/status/2052007337267953929/analytics","59","https://abs.twimg.com/emoji/v2/svg/1f622.svg","1","","https://abs.twimg.com/emoji/v2/svg/1f622.svg","","","","","","",""
"https://x.com/monserein","https://pbs.twimg.com/profile_images/1742199202720178177/z8qpmVtx_normal.jpg","","https://abs.twimg.com/emoji/v2/svg/1f9dc-1f3fb-200d-2642-fe0f.svg","@monserein","·","https://x.com/monserein/status/2051431053970342065","May 5","wtb kuota","indosat","","7","https://x.com/monserein/status/2051431053970342065/analytics","587","","3","","","","#zonauang","","","","",""
"https://x.com/mtaindonesia","https://pbs.twimg.com/profile_images/1055208708936916992/XFyLVyBz_normal.jpg","MTA Indonesia","","@mtaindonesia","·","https://x.com/mtaindonesia/status/1756590180113449273","Feb 11, 2024","Assalamualaikum Wr, Wb
 
Pemberitahuan untuk pemirsa MTA Indonesia, dikarenakan","Indosat","merubah frekuensi saluran pada satelit Telkomsel saat ini, maka siaran live yang ditayangkan pada MTA 3 Al-Arabiyyah perlu dirubah ke frekuensi baru yaitu satelit TELKOMSAT 4","1","https://x.com/mtaindonesia/status/1756590180113449273/analytics","53","","","","","","","","","","",""
"https://x.com/keedehara","https://pbs.twimg.com/profile_images/2046560763763212288/F6x6RyhX_normal.jpg","Kirara Indosat","https://abs.twimg.com/emoji/v2/svg/1f408-200d-2b1b.svg","@keedehara","·","https://x.com/keedehara/status/2050227358855229857","May 1",": apa hal kecil yang membuat kalian senang dalam minggu ini?","",": akhirnya aku bisa bermain dengan controller 2jt ku itu, aku senang sekali

senyumnya *´ㅅ`)ﾞ","4","https://x.com/keedehara/status/2050227358855229857/analytics","17K","https://abs.twimg.com/emoji/v2/svg/1f4ac.svg","563","","https://abs.twimg.com/emoji/v2/svg/2600.svg","","#ArjunaClip","","","0:03 / 0:31","","blob:https://x.com/eaf17403-bd22-439b-8361-3980727337c1"
"https://x.com/wiavetoearth","https://pbs.twimg.com/profile_images/2034606415751626753/Dgw-dZhw_normal.jpg","Evan Indosat.","","@wiavetoearth","·","https://x.com/wiavetoearth/status/2050598996247544111","May 2","Vibesnya tuh kayak mau nyanyi ""Barang antik ni berkelas, cantik, cantik, cantik, sekali foto langsung jelas, cekrek asik, cekrek asik..""","From","","1","https://x.com/wiavetoearth/status/2050598996247544111/analytics","121","","","","","beep -✿","","","","","https://pbs.twimg.com/profile_images/2043844051523526656/qzsawm7C_normal.jpg","blob:https://x.com/9f76457c-1f94-4754-a433-690870e8cd81"
"https://x.com/keedehara","https://pbs.twimg.com/profile_images/2046560763763212288/F6x6RyhX_normal.jpg","Kirara Indosat","https://abs.twimg.com/emoji/v2/svg/1f408-200d-2b1b.svg","@keedehara","·","https://x.com/keedehara/status/2051246204563095837","May 4","lucu skaliii sehat sehat juga pak tochid","","","1","https://x.com/keedehara/status/2051246204563095837/analytics","80","https://abs.twimg.com/emoji/v2/svg/1f97a.svg","","","","","","Replying to","https://x.com/binarstesyu","@binarstesyu","",""
"https://x.com/keedehara","https://pbs.twimg.com/profile_images/2046560763763212288/F6x6RyhX_normal.jpg","Kirara Indosat","https://abs.twimg.com/emoji/v2/svg/1f408-200d-2b1b.svg","@keedehara","·","https://x.com/keedehara/status/2051868081501401507","May 6","bella juga yaaa, selamat beraktivitas!","","","1","https://x.com/keedehara/status/2051868081501401507/analytics","12","https://abs.twimg.com/emoji/v2/svg/1faf6.svg","","","","","","Replying to","https://x.com/luvlybellss","@luvlybellss","",""
"https://x.com/WilliamJakrapa","https://pbs.twimg.com/profile_images/1989852201339232256/HwSh63V-_normal.jpg","likii indosat","","@WilliamJakrapa","·","https://x.com/WilliamJakrapa/status/2052366756975632682","May 7","PASTII DI READ SI DHIKA, DAN LANGSUNG OTWKAN CETAK BALIHO DANN GEBER GEBER BAWA BALIHO NYAAA","","","7","https://x.com/WilliamJakrapa/status/2052366756975632682/analytics","694","","","","","","","Replying to","https://x.com/ketrupuk","@ketrupuk","",""
"https://x.com/dwomenmars","https://pbs.twimg.com/profile_images/2035701674594148352/Phjt3YOu_normal.jpg","dina","https://abs.twimg.com/emoji/v2/svg/1f992.svg","@dwomenmars","·","https://x.com/dwomenmars/status/2051645892617490675","May 5","gajelas jir dimana2 gaada sinyal","indosat","pdhl gue di jkt + baru isi kuota argghh","1","https://x.com/dwomenmars/status/2051645892617490675/analytics","111","https://abs.twimg.com/emoji/v2/svg/1f62d.svg","","","","","","","","","",""
"https://x.com/wiavetoearth","https://pbs.twimg.com/profile_images/2034606415751626753/Dgw-dZhw_normal.jpg","Evan Indosat.","","@wiavetoearth","·","https://x.com/wiavetoearth/status/2050598996247544111","May 2","Vibesnya tuh kayak mau nyanyi ""Barang antik ni berkelas, cantik, cantik, cantik, sekali foto langsung jelas, cekrek asik, cekrek asik..""","beep -✿","","1","https://x.com/wiavetoearth/status/2050598996247544111/analytics","121","","","","","","","From","","0:02 / 0:07","https://pbs.twimg.com/profile_images/2043844051523526656/qzsawm7C_normal.jpg","blob:https://x.com/9f76457c-1f94-4754-a433-690870e8cd81"
"https://x.com/naaazzzs","https://pbs.twimg.com/profile_images/2044450028203425792/FynaGMrD_normal.jpg","Nazz","https://abs.twimg.com/emoji/v2/svg/1f338.svg","@naaazzzs","·","https://x.com/naaazzzs/status/2052091966025031861","May 7","guys adakah yg mau beli pulsaa dengan harga miring?? cuma mau abisin poin ajaa","indosat","bisa","66","https://x.com/naaazzzs/status/2052091966025031861/analytics","9.6K","https://abs.twimg.com/emoji/v2/svg/1f62d.svg","2","","https://abs.twimg.com/emoji/v2/svg/1f62d.svg","","","","","","",""
"https://x.com/keedehara","https://pbs.twimg.com/profile_images/2046560763763212288/F6x6RyhX_normal.jpg","Kirara Indosat","https://abs.twimg.com/emoji/v2/svg/1f408-200d-2b1b.svg","@keedehara","·","https://x.com/keedehara/status/2051254266984296461","May 4","ujang kedu, slamat mam bek","","","1","https://x.com/keedehara/status/2051254266984296461/analytics","19","","1","","","","","Replying to","https://x.com/bebekpequeen","@bebekpequeen","",""
"https://x.com/keedehara","https://pbs.twimg.com/profile_images/2046560763763212288/F6x6RyhX_normal.jpg","Kirara Indosat","https://abs.twimg.com/emoji/v2/svg/1f408-200d-2b1b.svg","@keedehara","·","https://x.com/keedehara/status/2051866766704538062","May 6","wkwkwk dua garis merah","","","4","https://x.com/keedehara/status/2051866766704538062/analytics","1.8K","","","","","","","Replying to","https://x.com/kucingliar_twit","@kucingliar_twit","",""
"https://x.com/keedehara","https://pbs.twimg.com/profile_images/2046560763763212288/F6x6RyhX_normal.jpg","Kirara Indosat","https://abs.twimg.com/emoji/v2/svg/1f408-200d-2b1b.svg","@keedehara","·","https://x.com/keedehara/status/2049779171451388011","Apr 30","wkwkwk catet tel","","","4","https://x.com/keedehara/status/2049779171451388011/analytics","15K","","286","","","","","","","","",""
"https://x.com/keedehara","https://pbs.twimg.com/profile_images/2046560763763212288/F6x6RyhX_normal.jpg","Kirara Indosat","https://abs.twimg.com/emoji/v2/svg/1f408-200d-2b1b.svg","@keedehara","·","https://x.com/keedehara/status/2051961210263023802","May 6","kenapa dia marah marah","","","1","https://x.com/keedehara/status/2051961210263023802/analytics","1.4K","https://abs.twimg.com/emoji/v2/svg/1f62d.svg","3","","","","","Replying to","https://x.com/kanggalongratis","@kanggalongratis","",""
"https://x.com/keedehara","https://pbs.twimg.com/profile_images/2046560763763212288/F6x6RyhX_normal.jpg","Kirara Indosat","https://abs.twimg.com/emoji/v2/svg/1f408-200d-2b1b.svg","@keedehara","·","https://x.com/keedehara/status/2050846390000255487","May 3","happy weekend moots!","","","5","https://x.com/keedehara/status/2050846390000255487/analytics","356","","1","","","","","","","","",""
"https://x.com/detikinet","https://pbs.twimg.com/profile_images/1358653398313127936/oqy8fazP_normal.jpg","detikinet","","@detikinet","·","https://x.com/detikinet/status/2051671197285490825","May 5","Telkomsel,","Indosat",", XLSmart Resmi Berebut Frekuensi 700 MHz dan 2,6 GHz","","https://x.com/detikinet/status/2051671197285490825/analytics","278","","","","","","","","https://t.co/Vbk9yUtT21","","",""
"https://x.com/keedehara","https://pbs.twimg.com/profile_images/2046560763763212288/F6x6RyhX_normal.jpg","Kirara Indosat","https://abs.twimg.com/emoji/v2/svg/1f408-200d-2b1b.svg","@keedehara","·","https://x.com/keedehara/status/2050786803561701431","May 3","semangat jay, happy weekend ya","","","1","https://x.com/keedehara/status/2050786803561701431/analytics","22","","1","","","","","Replying to","https://x.com/herssen_","@herssen_","",""
"https://x.com/PermataBank","https://pbs.twimg.com/profile_images/1839929513238769664/7A4EhZU1_normal.jpg","Permata Bank","","@PermataBank","·","https://x.com/PermataBank/status/2048996676359311644","Apr 28","Jangan lewatkan penawaran dari Permata ME! Dapatkan cashback Rp5 ribu dengan melakukan transaksi top up pulsa XL,","Indosat",", dan Tri di Permata ME.

Berlaku mulai 20 April 2026 – 20 Juni 2026. Syarat dan ketentuan berlaku.

Info lengkap :","4","https://x.com/PermataBank/status/2048996676359311644/analytics","349","","16","","","","","","https://t.co/ssYDRg2DKQ","","",""
"https://x.com/keedehara","https://pbs.twimg.com/profile_images/2046560763763212288/F6x6RyhX_normal.jpg","Kirara Indosat","https://abs.twimg.com/emoji/v2/svg/1f408-200d-2b1b.svg","@keedehara","·","https://x.com/keedehara/status/2051301507753255328","May 4","yaampun gemas","【PANDAVVA】","","1","https://x.com/keedehara/status/2051301507753255328/analytics","290","","","@ArjunaArkana","https://abs.twimg.com/emoji/v2/svg/1f32a.svg","Bima Bayusena","","May 4","","Quote","https://pbs.twimg.com/profile_images/2010678355314843648/QA6QTleW_mini.jpg",""
"https://x.com/keedehara","https://pbs.twimg.com/profile_images/2046560763763212288/F6x6RyhX_normal.jpg","Kirara Indosat","https://abs.twimg.com/emoji/v2/svg/1f408-200d-2b1b.svg","@keedehara","·","https://x.com/keedehara/status/2050554677473997195","May 2","ini dia my cantik","","","1","https://x.com/keedehara/status/2050554677473997195/analytics","46","https://abs.twimg.com/emoji/v2/svg/1f97a.svg","1","","https://abs.twimg.com/emoji/v2/svg/2764.svg","","","Replying to","https://x.com/kmiyaaw","@kmiyaaw","",""
"https://x.com/keedehara","https://pbs.twimg.com/profile_images/2046560763763212288/F6x6RyhX_normal.jpg","Kirara Indosat","https://abs.twimg.com/emoji/v2/svg/1f408-200d-2b1b.svg","@keedehara","·","https://x.com/keedehara/status/2051651768082456660","May 5","jam 3 soree cuma bangun tdur lagi bangun tdur lagi dan skrg sdah spenuhnya sdar","","","1","https://x.com/keedehara/status/2051651768082456660/analytics","24","https://abs.twimg.com/emoji/v2/svg/261d.svg","1","","https://abs.twimg.com/emoji/v2/svg/1f913.svg","","","Replying to","https://x.com/pjmchimie_","@pjmchimie_","",""
"https://x.com/reoasy","https://pbs.twimg.com/profile_images/1967524716274696193/7zJAOwji_normal.jpg","kilaaaa indosat","","@reoasy","·","https://x.com/reoasy/status/2052735480706609471","6h","Ni anak emg kudu dijauhin dari hp","","#ANTON","","https://x.com/reoasy/status/2052735480706609471/analytics","11","https://abs.twimg.com/emoji/v2/svg/1f62d.svg","","riize_official instagram","https://abs.twimg.com/emoji/v2/svg/1faf5-1f3fc.svg","Fan account","riize archive","9h","","Quote","","blob:https://x.com/4ad67744-c216-4b3f-a991-84dd7363fdbf"
"https://x.com/Jeiino1","https://pbs.twimg.com/profile_images/2048985788151652352/eBR9oGsz_normal.jpg","sof","https://abs.twimg.com/emoji/v2/svg/1f919.svg","@Jeiino1","·","https://x.com/Jeiino1/status/2052331646515662848","May 7","dapet langganan vidio dari xl dan langganan wetv dari","indosat",", saatnya nonton dr dirga dan zar sambil menunggu sena","2","https://x.com/Jeiino1/status/2052331646515662848/analytics","1.5K","https://abs.twimg.com/emoji/v2/svg/1f923.svg","1","","https://abs.twimg.com/emoji/v2/svg/1f923.svg","","#AryaSaloka","","","","",""
"https://x.com/FadanMedia","https://pbs.twimg.com/profile_images/1974380703682072576/urWQ9K4g_normal.jpg","Sumsel Media","","@FadanMedia","·","https://x.com/FadanMedia/status/2051871420628815911","May 6","","","","1","https://x.com/FadanMedia/status/2051871420628815911/analytics","5","","","","","","","","https://t.co/fO7QJeqrG9","","",""
"https://x.com/tickvet","https://pbs.twimg.com/profile_images/1583834537821249536/dbUthfhT_normal.png","Kuota isat xl tsel tri indosat im3 cv convert","","@tickvet","·","https://x.com/tickvet/status/2051986789204918702","May 6","Open tukar pulsa ke saldo uang 

RATE cv convert","Indosat","tri 3 isat xl : 0,85 - 0,87
Tsel telkomsel : 0,80 -  0,82

Chat kedsini","","https://x.com/tickvet/status/2051986789204918702/analytics","166","","","@DHEANDELION","","","#zonauang️","","","","",""
"https://x.com/keedehara","https://pbs.twimg.com/profile_images/2046560763763212288/F6x6RyhX_normal.jpg","Kirara Indosat","https://abs.twimg.com/emoji/v2/svg/1f408-200d-2b1b.svg","@keedehara","·","https://x.com/keedehara/status/2050392566022238419","May 2","pagi kak citt","","","1","https://x.com/keedehara/status/2050392566022238419/analytics","37","","1","","","","","Replying to","https://x.com/aeicitera","@aeicitera","",""
"https://x.com/detikinet","https://pbs.twimg.com/profile_images/1358653398313127936/oqy8fazP_normal.jpg","detikinet","","@detikinet","·","https://x.com/detikinet/status/2052006856407838847","May 6","Bos Telkom 'Nyebrang' Jadi Direksi","Indosat",", Ini Sosoknya","1","https://x.com/detikinet/status/2052006856407838847/analytics","366","","","","","","","","https://t.co/hfNPlgZDUL","","",""
"https://x.com/igotsan","https://pbs.twimg.com/profile_images/2052028234301403136/cvsnl4za_normal.jpg","pepi indosat","https://abs.twimg.com/emoji/v2/svg/1f345.svg","@igotsan","·","https://x.com/igotsan/status/2052742347625214150","6h","This letter was sent from the future to announce the release of BOYNEXTDOOR's first full-length album [HOME].

June 8th will be the day when BOYNEXTDOOR's song echoes through the streets, floods the feeds, and spreads through the audience. If you can't believe it, spread this","Translated from Korean","Show original","","https://x.com/igotsan/status/2052742347625214150/analytics","4","","","bnd-home.com","","","","","","BOYNEXTDOOR [HOME]","",""
"https://x.com/dheandelion","https://pbs.twimg.com/profile_images/1600840167115599872/8Xt_LJhD_normal.png","Dhea : OPEN Kuota","https://abs.twimg.com/emoji/v2/svg/1f431.svg","@dheandelion","·","https://x.com/dheandelion/status/2050780016913662085","May 3","PAKET DATA","INDOSAT","MURAH
Full 24 Jam isat kuota im3
- 150GB : 125K / 135K
- 100GB : 115K / 125K
- 60GB / 70GB / 80GB : 100K
- 50GB : 90K
Bonus lokal:
- 24GB +7GB: 72K
- 12GB +3GB: 50K

Minaft? DM/WA","1","https://x.com/dheandelion/status/2050780016913662085/analytics","325","","","- Fastresp chat ke WA! - Jual","","","#zonauang","","","","",""
"https://x.com/reoasy","https://pbs.twimg.com/profile_images/1967524716274696193/7zJAOwji_normal.jpg","kilaaaa indosat","","@reoasy","·","https://x.com/reoasy/status/2052735480706609471","6h","Ni anak emg kudu dijauhin dari hp","0:12","#ANTON","","https://x.com/reoasy/status/2052735480706609471/analytics","11","https://abs.twimg.com/emoji/v2/svg/1f62d.svg","","riize_official instagram","https://abs.twimg.com/emoji/v2/svg/1faf5-1f3fc.svg","Fan account","riize archive","9h","","Quote","","blob:https://x.com/4ad67744-c216-4b3f-a991-84dd7363fdbf"
"https://x.com/reoasy","https://pbs.twimg.com/profile_images/1967524716274696193/7zJAOwji_normal.jpg","kilaaaa indosat","","@reoasy","·","https://x.com/reoasy/status/2052735480706609471","6h","Ni anak emg kudu dijauhin dari hp","0:02 / 0:14","#ANTON","","https://x.com/reoasy/status/2052735480706609471/analytics","11","https://abs.twimg.com/emoji/v2/svg/1f62d.svg","","riize_official instagram","https://abs.twimg.com/emoji/v2/svg/1faf5-1f3fc.svg","Fan account","riize archive","9h","","Quote","","blob:https://x.com/4ad67744-c216-4b3f-a991-84dd7363fdbf"
"https://x.com/geminiurbae","https://pbs.twimg.com/profile_images/2051335830510374912/__8-lsNE_normal.jpg","dew.","","@geminiurbae","·","https://x.com/geminiurbae/status/2049011133630365726","Apr 28","DEW JIRAWAT KATA GUE YANG BEGINI JANGAN CUMA DIJADIIN TEMAN DOANGGG PLEASEEE ANGKUTT AMBILLL NIKAHINN PLEASEEE SECAKEP INI SECANTIK INI KAGA DATENG DUA KALI BRAYY BAYANGIN LU LEPAS DIA TERUS LIAT DIA KASIH SENYUM ITU KE ORANG LAIN?? BEHH KASUSS SATU DUNIA MURKA KALAU LU LEPASIN!!","","","514","https://x.com/geminiurbae/status/2049011133630365726/analytics","11K","","2.1K","Parody account","","","","","","","https://pbs.twimg.com/media/HG-MwzsbQAAHCQY?format=jpg&name=360x360",""
"https://x.com/reoasy","https://pbs.twimg.com/profile_images/1967524716274696193/7zJAOwji_normal.jpg","kilaaaa indosat","","@reoasy","·","https://x.com/reoasy/status/2052755576703377505","5h","Alah.....","","","","https://x.com/reoasy/status/2052755576703377505/analytics","220","","","","","el","","5h","","Quote","https://pbs.twimg.com/profile_images/1830737212415094784/Ap8lqJ_E_mini.jpg",""
"https://x.com/wiavetoearth","https://pbs.twimg.com/profile_images/2034606415751626753/Dgw-dZhw_normal.jpg","Evan Indosat.","","@wiavetoearth","·","https://x.com/wiavetoearth/status/2050029443968823645","May 1","Happy mensive yang ke 6 my mine aku gue aka my cimol bojot.","","","4","https://x.com/wiavetoearth/status/2050029443968823645/analytics","360","https://abs.twimg.com/emoji/v2/svg/1f339.svg","1","@Rvakaa","https://abs.twimg.com/emoji/v2/svg/2764.svg","","","","","","","blob:https://x.com/b186d4fe-8e97-497a-8a53-72b0709cf4e0"
"https://x.com/eilodsy","https://pbs.twimg.com/profile_images/2022316938769379328/eTh4sLLn_normal.jpg","shanie indosat","","@eilodsy","·","https://x.com/eilodsy/status/2051620747723092410","May 5","tamat lah sudah, alkisah kami","","","1","https://x.com/eilodsy/status/2051620747723092410/analytics","637","","","Parody account","","","","Replying to","https://x.com/milkyucil","@milkyucil","",""
"https://x.com/rulhyul","https://pbs.twimg.com/profile_images/2044365998661500929/_XexUdQy_normal.jpg","ㅇㄹ","","@rulhyul","·","https://x.com/rulhyul/status/2052599066123760072","15h","______ ______ ______ ______ ______
    ←","Indosat","Choirul","4","https://x.com/rulhyul/status/2052599066123760072/analytics","1.1K","https://abs.twimg.com/emoji/v2/svg/26aa.svg","2","","https://abs.twimg.com/emoji/v2/svg/1f339.svg","","","","","","https://pbs.twimg.com/amplify_video_thumb/2052598985974808576/img/UxBAc0pjAUXIX41K.jpg","blob:https://x.com/467c483b-1469-4722-b020-298791d7ac4b"
"https://x.com/keedehara","https://pbs.twimg.com/profile_images/2046560763763212288/F6x6RyhX_normal.jpg","Kirara Indosat","https://abs.twimg.com/emoji/v2/svg/1f408-200d-2b1b.svg","@keedehara","·","https://x.com/keedehara/status/2050463897640149373","May 2","vv untuk semua staff","GIF","terimakasih untuk kerja kerasnya selama ini","2","https://x.com/keedehara/status/2050463897640149373/analytics","221","https://abs.twimg.com/emoji/v2/svg/2764.svg","","","https://abs.twimg.com/emoji/v2/svg/2764.svg","cella♚ 【KRTP】","","May 2","","Quote","https://pbs.twimg.com/profile_images/2046157686128128000/baTv9mPt_mini.jpg","https://video.twimg.com/tweet_video/HHS2Cq8bcAAjDMR.mp4"
"https://x.com/wiavetoearth","https://pbs.twimg.com/profile_images/2034606415751626753/Dgw-dZhw_normal.jpg","Evan Indosat.","","@wiavetoearth","·","https://x.com/wiavetoearth/status/2050029443968823645","May 1","Happy mensive yang ke 6 my mine aku gue aka my cimol bojot.","0:11","","4","https://x.com/wiavetoearth/status/2050029443968823645/analytics","360","https://abs.twimg.com/emoji/v2/svg/1f339.svg","1","@Rvakaa","https://abs.twimg.com/emoji/v2/svg/2764.svg","","","","","","","blob:https://x.com/b186d4fe-8e97-497a-8a53-72b0709cf4e0"
"https://x.com/saqtanist","https://pbs.twimg.com/profile_images/1956971602983407616/lflebhQJ_normal.jpg","lel","","@saqtanist","·","https://x.com/saqtanist/status/2050033360177950914","May 1","jasa cv pulsa","indosat","ke ewallet dong","7","https://x.com/saqtanist/status/2050033360177950914/analytics","491","","3","","","","#zonauang","","","","",""
"https://x.com/keedehara","https://pbs.twimg.com/profile_images/2046560763763212288/F6x6RyhX_normal.jpg","Kirara Indosat","https://abs.twimg.com/emoji/v2/svg/1f408-200d-2b1b.svg","@keedehara","·","https://x.com/keedehara/status/2049402907813106006","Apr 29","","#PANDAVVA","hari Minggu, 17 Mei jam 3 sore di main stageCF22! Sampai jumpa di CF!!","25","https://x.com/keedehara/status/2049402907813106006/analytics","36K","","1.3K","x.com/comifuro/statu…","https://abs.twimg.com/emoji/v2/svg/1f389.svg","PANDAVVA Official | CF22: AA09-10","","Apr 29","","Quote","https://pbs.twimg.com/profile_images/2039409557219516416/FpPvrZ1A_mini.jpg",""
"https://x.com/wiavetoearth","https://pbs.twimg.com/profile_images/2034606415751626753/Dgw-dZhw_normal.jpg","Evan Indosat.","","@wiavetoearth","·","https://x.com/wiavetoearth/status/2050029443968823645","May 1","Happy mensive yang ke 6 my mine aku gue aka my cimol bojot.","0:10","","4","https://x.com/wiavetoearth/status/2050029443968823645/analytics","360","https://abs.twimg.com/emoji/v2/svg/1f339.svg","1","@Rvakaa","https://abs.twimg.com/emoji/v2/svg/2764.svg","","","","","","","blob:https://x.com/b186d4fe-8e97-497a-8a53-72b0709cf4e0"
"https://x.com/rulhyul","https://pbs.twimg.com/profile_images/2044365998661500929/_XexUdQy_normal.jpg","ㅇㄹ","","@rulhyul","·","https://x.com/rulhyul/status/2052599066123760072","15h","______ ______ ______ ______ ______
    ←","Indosat","Choirul","4","https://x.com/rulhyul/status/2052599066123760072/analytics","1.1K","https://abs.twimg.com/emoji/v2/svg/26aa.svg","2","","https://abs.twimg.com/emoji/v2/svg/1f339.svg","","","","","","","blob:https://x.com/467c483b-1469-4722-b020-298791d7ac4b"
"https://x.com/keedehara","https://pbs.twimg.com/profile_images/2046560763763212288/F6x6RyhX_normal.jpg","Kirara Indosat","https://abs.twimg.com/emoji/v2/svg/1f408-200d-2b1b.svg","@keedehara","·","https://x.com/keedehara/status/2051863279975407915","May 6","mauu","","","1","https://x.com/keedehara/status/2051863279975407915/analytics","25","","1","","","","","Replying to","https://x.com/fallforPANDAVVA","@fallforPANDAVVA","",""
"https://x.com/keedehara","https://pbs.twimg.com/profile_images/2046560763763212288/F6x6RyhX_normal.jpg","Kirara Indosat","https://abs.twimg.com/emoji/v2/svg/1f408-200d-2b1b.svg","@keedehara","·","https://x.com/keedehara/status/2050015692133650770","May 1","pagi sachiee semangat juga ga hari ini","","","1","https://x.com/keedehara/status/2050015692133650770/analytics","66","https://abs.twimg.com/emoji/v2/svg/1f929.svg","1","","https://abs.twimg.com/emoji/v2/svg/1faf0.svg","","","Replying to","https://x.com/chie_sachiee","@chie_sachiee","",""
"https://x.com/keedehara","https://pbs.twimg.com/profile_images/2046560763763212288/F6x6RyhX_normal.jpg","Kirara Indosat","https://abs.twimg.com/emoji/v2/svg/1f408-200d-2b1b.svg","@keedehara","·","https://x.com/keedehara/status/2050392474754195952","May 2","timksi ayaw","","","1","https://x.com/keedehara/status/2050392474754195952/analytics","17","https://abs.twimg.com/emoji/v2/svg/1f97a.svg","","","https://abs.twimg.com/emoji/v2/svg/1f49c.svg","","","Replying to","https://x.com/bmsenaya","@bmsenaya","",""
"https://x.com/imyouryyi","https://pbs.twimg.com/profile_images/1571359308088242178/3WDFVl4D_normal.jpg","jelllllllll","","@imyouryyi","·","https://x.com/imyouryyi/status/2050894134609899530","May 3","mau kuota","indosat","harian yang murceee","3","https://x.com/imyouryyi/status/2050894134609899530/analytics","248","","1","","","#zonajajan","#zonauang","","","","",""
"https://x.com/keedehara","https://pbs.twimg.com/profile_images/2046560763763212288/F6x6RyhX_normal.jpg","Kirara Indosat","https://abs.twimg.com/emoji/v2/svg/1f408-200d-2b1b.svg","@keedehara","·","https://x.com/keedehara/status/2051134967380652414","May 4","chiraaaa selamat beraktivitas di hari senin yang cerah ini yaaaaa!","","","1","https://x.com/keedehara/status/2051134967380652414/analytics","6","https://abs.twimg.com/emoji/v2/svg/2764.svg","","","https://abs.twimg.com/emoji/v2/svg/2764.svg","","","Replying to","https://x.com/LluviTeeRaa","@LluviTeeRaa","",""
"https://x.com/keedehara","https://pbs.twimg.com/profile_images/2046560763763212288/F6x6RyhX_normal.jpg","Kirara Indosat","https://abs.twimg.com/emoji/v2/svg/1f408-200d-2b1b.svg","@keedehara","·","https://x.com/keedehara/status/2051127960019898785","May 4","selamat pagi","GIF","","4","https://x.com/keedehara/status/2051127960019898785/analytics","117","","3","","","","","","","","","https://video.twimg.com/tweet_video/HHcR_2zbkAAInHQ.mp4"
"https://x.com/rulhyul","https://pbs.twimg.com/profile_images/2044365998661500929/_XexUdQy_normal.jpg","ㅇㄹ","","@rulhyul","·","https://x.com/rulhyul/status/2052599066123760072","15h","______ ______ ______ ______ ______
    ←","Indosat","Choirul","4","https://x.com/rulhyul/status/2052599066123760072/analytics","1.1K","https://abs.twimg.com/emoji/v2/svg/26aa.svg","2","","https://abs.twimg.com/emoji/v2/svg/1f339.svg","","","","","","","blob:https://x.com/467c483b-1469-4722-b020-298791d7ac4b"
"https://x.com/onecak","https://pbs.twimg.com/profile_images/2663341040/3b5c12aa394c863069fb6bdfdc12ada0_normal.png","1CAK","","@onecak","·","https://x.com/onecak/status/2049119966541345029","Apr 28","Kayaknya ini gak cuman","Indosat","","54","https://x.com/onecak/status/2049119966541345029/analytics","87K","","453","","","","","","https://t.co/dnRGDVwgPU","","",""
"https://x.com/keedehara","https://pbs.twimg.com/profile_images/2046560763763212288/F6x6RyhX_normal.jpg","Kirara Indosat","https://abs.twimg.com/emoji/v2/svg/1f408-200d-2b1b.svg","@keedehara","·","https://x.com/keedehara/status/2051276064497062342","May 4","prrriiiitttt","【PANDAVVA】","","2","https://x.com/keedehara/status/2051276064497062342/analytics","111","","","@Kuburannya_Raia","https://abs.twimg.com/emoji/v2/svg/2600.svg","Arjuna Arkana","","May 4","","Quote","https://pbs.twimg.com/profile_images/2008236968552132614/XBGgabPs_mini.jpg",""
"https://x.com/keedehara","https://pbs.twimg.com/profile_images/2046560763763212288/F6x6RyhX_normal.jpg","Kirara Indosat","https://abs.twimg.com/emoji/v2/svg/1f408-200d-2b1b.svg","@keedehara","·","https://x.com/keedehara/status/2051383859758137683","May 5","otsuuuu yudis selamat beristirahat, ditunggu itunya anu itu","","","1","https://x.com/keedehara/status/2051383859758137683/analytics","308","https://abs.twimg.com/emoji/v2/svg/261d.svg","","","","","","Replying to","https://x.com/Yudistira_YGNDR","@Yudistira_YGNDR","",""
"https://x.com/keedehara","https://pbs.twimg.com/profile_images/2046560763763212288/F6x6RyhX_normal.jpg","Kirara Indosat","https://abs.twimg.com/emoji/v2/svg/1f408-200d-2b1b.svg","@keedehara","·","https://x.com/keedehara/status/2051246655039840494","May 4","tl me kok sedih sedih semua","","tidak kuat me bacanya","2","https://x.com/keedehara/status/2051246655039840494/analytics","489","https://abs.twimg.com/emoji/v2/svg/1f62d.svg","4","","https://abs.twimg.com/emoji/v2/svg/1f62d.svg","","","","","","",""
"https://x.com/keedehara","https://pbs.twimg.com/profile_images/2046560763763212288/F6x6RyhX_normal.jpg","Kirara Indosat","https://abs.twimg.com/emoji/v2/svg/1f408-200d-2b1b.svg","@keedehara","·","https://x.com/keedehara/status/2052686486051717580","9h","lucuu skaliii","","","1","https://x.com/keedehara/status/2052686486051717580/analytics","24","","1","","","","","Replying to","https://x.com/LexziIExie","@LexziIExie","",""
"https://x.com/keedehara","https://pbs.twimg.com/profile_images/2046560763763212288/F6x6RyhX_normal.jpg","Kirara Indosat","https://abs.twimg.com/emoji/v2/svg/1f408-200d-2b1b.svg","@keedehara","·","https://x.com/keedehara/status/2050245871724630458","May 1","yang terakhir tuh knp yh","","","1","https://x.com/keedehara/status/2050245871724630458/analytics","278","","2","","","","","Replying to","https://x.com/kanggalongratis","@kanggalongratis","",""
"https://x.com/keedehara","https://pbs.twimg.com/profile_images/2046560763763212288/F6x6RyhX_normal.jpg","Kirara Indosat","https://abs.twimg.com/emoji/v2/svg/1f408-200d-2b1b.svg","@keedehara","·","https://x.com/keedehara/status/2051127960019898785","May 4","selamat pagi","GIF","","4","https://x.com/keedehara/status/2051127960019898785/analytics","117","","3","","","","","","","","","https://video.twimg.com/tweet_video/HHcR_2zbkAAInHQ.mp4"
"https://x.com/keedehara","https://pbs.twimg.com/profile_images/2046560763763212288/F6x6RyhX_normal.jpg","Kirara Indosat","https://abs.twimg.com/emoji/v2/svg/1f408-200d-2b1b.svg","@keedehara","·","https://x.com/keedehara/status/2050177270774739099","May 1","heem stuju, makasih bang jun","","","1","https://x.com/keedehara/status/2050177270774739099/analytics","220","","","","","","","Replying to","https://x.com/herssen_","@herssen_","",""
"https://x.com/keedehara","https://pbs.twimg.com/profile_images/2046560763763212288/F6x6RyhX_normal.jpg","Kirara Indosat","https://abs.twimg.com/emoji/v2/svg/1f408-200d-2b1b.svg","@keedehara","·","https://x.com/keedehara/status/2051138447063355701","May 4","yippee nice to meet you too kaak!","","","1","https://x.com/keedehara/status/2051138447063355701/analytics","7","","","","","","","Replying to","https://x.com/SecretlyInsane4","@SecretlyInsane4","",""
"https://x.com/indosat","https://pbs.twimg.com/profile_images/2039626569426317312/ufIaht8Q_normal.jpg","Indosat Ooredoo Hutchison","","@indosat","·","https://x.com/indosat/status/2049872466130952459","Apr 30","Baik Kak, mohon maaf sebelumnya. Jika Kakak tidak bisa DM maka silakan bisa coba hubungi via Whatsapp Official","Indosat","di 08551000185 ya. Terima kasih^Andi","","https://x.com/indosat/status/2049872466130952459/analytics","90","","","","","","","Replying to","https://x.com/allelolaa","@allelolaa","",""
"https://x.com/kazaehaya","https://pbs.twimg.com/profile_images/2046940388846608384/XzQ_rNB4_normal.jpg","martin indosat","","@kazaehaya","·","https://x.com/kazaehaya/status/2051534019054146041","May 5","takut kena bom","","tau ga si yang mainan gosok""an anak sd itu","1","https://x.com/kazaehaya/status/2051534019054146041/analytics","1K","https://abs.twimg.com/emoji/v2/svg/1f62d.svg","2","","https://abs.twimg.com/emoji/v2/svg/1f62d.svg","","","Replying to","https://x.com/babilbul","@babilbul","",""
"https://x.com/keedehara","https://pbs.twimg.com/profile_images/2046560763763212288/F6x6RyhX_normal.jpg","Kirara Indosat","https://abs.twimg.com/emoji/v2/svg/1f408-200d-2b1b.svg","@keedehara","·","https://x.com/keedehara/status/2050536930270761364","May 2","li shen","","","1","https://x.com/keedehara/status/2050536930270761364/analytics","36","https://abs.twimg.com/emoji/v2/svg/1f97a.svg","1","","","","","Replying to","https://x.com/Nessss_02","@Nessss_02","",""
"https://x.com/mycupofkittea","https://pbs.twimg.com/profile_images/1968274617849769984/r597EgbJ_normal.jpg","hanmunhanmun","","@mycupofkittea","·","https://x.com/mycupofkittea/status/2052732076424941624","6h","Dia pake telkomsel ga pake","indosat",". Itu nomor awet dari hp nya masih nokia 9500 yang bisa dilipet itu","","https://x.com/mycupofkittea/status/2052732076424941624/analytics","90","","","","","kai ⋆✮","","7h","","Quote","https://pbs.twimg.com/profile_images/2033770321237708803/aAjdR0Hs_mini.jpg",""
"https://x.com/keedehara","https://pbs.twimg.com/profile_images/2046560763763212288/F6x6RyhX_normal.jpg","Kirara Indosat","https://abs.twimg.com/emoji/v2/svg/1f408-200d-2b1b.svg","@keedehara","·","https://x.com/keedehara/status/2050789738538487890","May 3","eh yudis as nefer 🫪","","","1","https://x.com/keedehara/status/2050789738538487890/analytics","60","","1","","","","","Replying to","https://x.com/pjmchimie_","@pjmchimie_","",""
"https://x.com/keedehara","https://pbs.twimg.com/profile_images/2046560763763212288/F6x6RyhX_normal.jpg","Kirara Indosat","https://abs.twimg.com/emoji/v2/svg/1f408-200d-2b1b.svg","@keedehara","·","https://x.com/keedehara/status/2050466260421579189","May 2","gimana kak sol","","","1","https://x.com/keedehara/status/2050466260421579189/analytics","23","","1","","","","","Replying to","https://x.com/RisolSayang","@RisolSayang","",""
"https://x.com/economiys","https://pbs.twimg.com/profile_images/2048138274091462656/DqDFlDeN_normal.jpg","mitha indosat","","@economiys","·","https://x.com/economiys/status/2052786803695128978","3h","mau diajarin ekonomet banget jier (oon","",")","","https://x.com/economiys/status/2052786803695128978/analytics","12","https://abs.twimg.com/emoji/v2/svg/1f49c.svg","","","","","","","","","",""
"https://x.com/keedehara","https://pbs.twimg.com/profile_images/2046560763763212288/F6x6RyhX_normal.jpg","Kirara Indosat","https://abs.twimg.com/emoji/v2/svg/1f408-200d-2b1b.svg","@keedehara","·","https://x.com/keedehara/status/2051137952181579999","May 4","i'm so okay with that kak","","","1","https://x.com/keedehara/status/2051137952181579999/analytics","10","https://abs.twimg.com/emoji/v2/svg/1f339.svg","1","","","","","Replying to","https://x.com/SecretlyInsane4","@SecretlyInsane4","",""
"https://x.com/keedehara","https://pbs.twimg.com/profile_images/2046560763763212288/F6x6RyhX_normal.jpg","Kirara Indosat","https://abs.twimg.com/emoji/v2/svg/1f408-200d-2b1b.svg","@keedehara","·","https://x.com/keedehara/status/2050015788325863631","May 1","*ya maapkan ak typo","","","1","https://x.com/keedehara/status/2050015788325863631/analytics","17","https://abs.twimg.com/emoji/v2/svg/1f61e.svg","","","","and","@chie_sachiee","Replying to","https://x.com/keedehara","@keedehara","",""
"https://x.com/keedehara","https://pbs.twimg.com/profile_images/2046560763763212288/F6x6RyhX_normal.jpg","Kirara Indosat","https://abs.twimg.com/emoji/v2/svg/1f408-200d-2b1b.svg","@keedehara","·","https://x.com/keedehara/status/2050385218075492499","May 2","rise and shine! have a great day moots!","","","3","https://x.com/keedehara/status/2050385218075492499/analytics","135","https://abs.twimg.com/emoji/v2/svg/1f324.svg","7","","","","","","","","",""
"https://x.com/keedehara","https://pbs.twimg.com/profile_images/2046560763763212288/F6x6RyhX_normal.jpg","Kirara Indosat","https://abs.twimg.com/emoji/v2/svg/1f408-200d-2b1b.svg","@keedehara","·","https://x.com/keedehara/status/2051256094065054007","May 4","","GIF","","1","https://x.com/keedehara/status/2051256094065054007/analytics","203","","1","","https://abs.twimg.com/emoji/v2/svg/1f9f5.svg","Citralekha【LRGRDN】","","May 4","","Quote","https://pbs.twimg.com/profile_images/2051946647907975168/EfsVgksi_mini.jpg","https://video.twimg.com/tweet_video/HHeGiUjbwAAyoRQ.mp4"
"https://x.com/TelecomTV","https://pbs.twimg.com/profile_images/1851335199042248704/URKVIylL_normal.png","TelecomTV","","@TelecomTV","·","https://x.com/TelecomTV/status/2051686368485499075","May 5","Indonesia’s second-largest telco,","Indosat","Ooredoo Hutchison (IOH), has reported a strong start to 2026 thanks in part to the launch of AI-enabled services, and it expects such services to drive an ongoing increase in its average revenue per user (ARPU) levels during 2026:","2","https://x.com/TelecomTV/status/2051686368485499075/analytics","76","","","","","","","From telecomtv.com","","Indosat sees ARPU lift from AI services","",""
"https://x.com/keedehara","https://pbs.twimg.com/profile_images/2046560763763212288/F6x6RyhX_normal.jpg","Kirara Indosat","https://abs.twimg.com/emoji/v2/svg/1f408-200d-2b1b.svg","@keedehara","·","https://x.com/keedehara/status/2050012663766454286","May 1","amiiinn, timakasi ya amel","","amel juga jngan lupa mam dan semangat buat hari ini","1","https://x.com/keedehara/status/2050012663766454286/analytics","17","https://abs.twimg.com/emoji/v2/svg/1faf6.svg","","","","","","Replying to","https://x.com/KimLia77107496","@KimLia77107496","",""
"https://x.com/shaneneina","https://pbs.twimg.com/profile_images/2048065403570839552/OYxG-PTW_normal.jpg","shane","","@shaneneina","·","https://x.com/shaneneina/status/2050233488453034406","May 1","ada nokos buat bikin akun claude gak ya, provider telkom/indsat","","","3","https://x.com/shaneneina/status/2050233488453034406/analytics","517","","2","","","","#zonauang","","","","",""
"https://x.com/joerie74","https://abs.twimg.com/sticky/default_profile_images/default_profile_normal.png","joerie Indrawan","","@joerie74","·","https://x.com/joerie74/status/2050931207358300260","May 3","Yang jual","Indosat","itu presiden yang ia support dengan menggulingkan incumbent,Gus Dur","1","https://x.com/joerie74/status/2050931207358300260/analytics","675","","","","","and","@bachrum_achmadi","Replying to","https://x.com/udin_letoy","@udin_letoy","",""
"https://x.com/keedehara","https://pbs.twimg.com/profile_images/2046560763763212288/F6x6RyhX_normal.jpg","Kirara Indosat","https://abs.twimg.com/emoji/v2/svg/1f408-200d-2b1b.svg","@keedehara","·","https://x.com/keedehara/status/2051256094065054007","May 4","","GIF","","1","https://x.com/keedehara/status/2051256094065054007/analytics","203","","1","","https://abs.twimg.com/emoji/v2/svg/1f9f5.svg","Citralekha【LRGRDN】","","May 4","","Quote","https://pbs.twimg.com/profile_images/2051946647907975168/EfsVgksi_mini.jpg","https://video.twimg.com/tweet_video/HHeGiUjbwAAyoRQ.mp4"
"https://x.com/Jokotole24","https://pbs.twimg.com/profile_images/1963479122191269889/gUyZl1Vy_normal.jpg","Warga Sipil biasa","","@Jokotole24","·","https://x.com/Jokotole24/status/2051023261916696816","May 4","Capek balik kerja, badan remuk, tapi masih dipaksa mikir keras di depan warung Madura cuma buat milih paket data. Hidup di sini emang harus jadi ahli matematika dadakan cuma buat nyari selisih 700 perak.","","","1","https://x.com/Jokotole24/status/2051023261916696816/analytics","74","","1","@indosatim3","","@indosat","","","","","",""
"https://x.com/kumokazetabito","https://pbs.twimg.com/profile_images/1275289347583926272/xLA2DkiE_normal.jpg","雲風旅人 Batam Indonesia","https://abs.twimg.com/emoji/v2/svg/1f1ee-1f1e9.svg","@kumokazetabito","·","https://x.com/kumokazetabito/status/2050926840878104725","May 3","Indonesian Telecommunications Providers
List of Discount International Call Access Codes
VoIP: Calls via the Internet

Each Company's VoIP Code + 81 (Country Code) + Recipient's Number","Translated from Japanese","Show original","1","https://x.com/kumokazetabito/status/2050926840878104725/analytics","210","","6","","","","","","","","",""
"https://x.com/zaynasry18","https://abs.twimg.com/sticky/default_profile_images/default_profile_normal.png","zayn","","@zaynasry18","·","https://x.com/zaynasry18/status/2051178110700437906","May 4","iphone 13 inter, 128gb 
Bh 78% 
mulus ya, bisa cek sendiri
all op aku pake","indosat","dan telkomsel
aku buka harga 6.2 jt tp bisa nego","1","https://x.com/zaynasry18/status/2051178110700437906/analytics","1.1K","","1","Jual beli iPhone/Android","","","","","","","https://pbs.twimg.com/media/HHc_nETbcAAsD0j?format=jpg&name=360x360",""
"https://x.com/economiys","https://pbs.twimg.com/profile_images/2048138274091462656/DqDFlDeN_normal.jpg","mitha indosat","","@economiys","·","https://x.com/economiys/status/2050977411530150339","May 3","sebenernya what actually the prestigius of mas mas teknik itu","","","1","https://x.com/economiys/status/2050977411530150339/analytics","110","https://abs.twimg.com/emoji/v2/svg/1f62d.svg","7","","","","","Replying to","https://x.com/ub_menfess","@ub_menfess","",""
"https://x.com/Dwisarono95","https://pbs.twimg.com/profile_images/1055722028395769857/SMOA3xkN_normal.jpg","Dwi","","@Dwisarono95","·","https://x.com/Dwisarono95/status/2051636057704423596","May 5","Iya xl dan","indosat","bisa cek kuota lewat channel telegram.","1","https://x.com/Dwisarono95/status/2051636057704423596/analytics","72","","1","","","and","@Makaryo0","Replying to","https://x.com/qaypal","@qaypal","",""
"https://x.com/keedehara","https://pbs.twimg.com/profile_images/2046560763763212288/F6x6RyhX_normal.jpg","Kirara Indosat","https://abs.twimg.com/emoji/v2/svg/1f408-200d-2b1b.svg","@keedehara","·","https://x.com/keedehara/status/2050813084147847444","May 3","nih match avamu","","","1","https://x.com/keedehara/status/2050813084147847444/analytics","23","https://abs.twimg.com/emoji/v2/svg/1f601.svg","1","","","","","Replying to","https://x.com/simplyoursss","@simplyoursss","",""
"https://x.com/putrapostdaily","https://pbs.twimg.com/profile_images/1981557803790614528/l66SSbsC_normal.jpg","Romi Saputra","","@putrapostdaily","·","https://x.com/putrapostdaily/status/2052667952307343495","11h","Ooredoo Hutchison (","Indosat","/ISAT) membukukan pendapatan sebesar Rp15,2 triliun pada kuartal I 2026, menjadi angka pendapatan kuartalan tertinggi sepanjang sejarah perusahaan.","3","https://x.com/putrapostdaily/status/2052667952307343495/analytics","26","","","","","","","From romisaputra.com","","Indosat Raih Pendapatan Rp 15,2 Triliun pada Kuartal I 2026 - Romisaputra.com - Berita, Yandex dan...","",""
"https://x.com/kimmyexp","https://pbs.twimg.com/profile_images/1964532602997788673/A1cJCx2C_normal.jpg","KIM","https://abs.twimg.com/emoji/v2/svg/2728.svg","@kimmyexp","·","https://x.com/kimmyexp/status/2051617851057025388","May 5","KUOTA GRATIS SHOPEEVIP RESTOCK (?)

aku terakhir nuker 8 April, barusan bgt nuker lagi bisaa dapet lagii

masuk ke page ini","PROMO hunter","x.com/kimmyexp/statu…","41","https://x.com/kimmyexp/status/2051617851057025388/analytics","30K","https://abs.twimg.com/emoji/v2/svg/1f447-1f3fb.svg","6","PROMO hunter","https://abs.twimg.com/emoji/v2/svg/2728.svg","KIM","","Apr 8","https://t.co/a275jEUDDm","Quote","https://pbs.twimg.com/profile_images/1964532602997788673/A1cJCx2C_mini.jpg",""
"https://x.com/keedehara","https://pbs.twimg.com/profile_images/2046560763763212288/F6x6RyhX_normal.jpg","Kirara Indosat","https://abs.twimg.com/emoji/v2/svg/1f408-200d-2b1b.svg","@keedehara","·","https://x.com/keedehara/status/2050503459489919210","May 2","jadi selama ini...","","","1","https://x.com/keedehara/status/2050503459489919210/analytics","514","","1","","","","","Replying to","https://x.com/RisolSayang","@RisolSayang","",""
"https://x.com/indoict","https://pbs.twimg.com/profile_images/1657387276845092867/PB1OLE0X_normal.jpg","Majalah ICT","","@indoict","·","https://x.com/indoict/status/2051972149515260099","May 6","Ooredoo Hutchison Dorong Akselerasi AI Terapan Skala Nasional, Hasilkan Pembagian Dividen yang Solid","Indosat","via","","https://x.com/indoict/status/2051972149515260099/analytics","29","","","@indoict","","","","","https://t.co/Vf5ulR9zMv","","",""
"https://x.com/keedehara","https://pbs.twimg.com/profile_images/2046560763763212288/F6x6RyhX_normal.jpg","Kirara Indosat","https://abs.twimg.com/emoji/v2/svg/1f408-200d-2b1b.svg","@keedehara","·","https://x.com/keedehara/status/2051125991075185118","May 4","I can relate this feeling. but members always say they appreciate every support we give, even by little things like : comment, like, replay. abang even say thank you for silent viewers. we have our way to support them so it's fine rayn!","–【Renjani","】","1","https://x.com/keedehara/status/2051125991075185118/analytics","304","https://abs.twimg.com/emoji/v2/svg/1f50d.svg","3","","https://abs.twimg.com/emoji/v2/svg/1f95b.svg","Parody account","Rayn","May 3","","Quote","",""
"https://x.com/HumorJonTampan","https://pbs.twimg.com/profile_images/2044378674565382144/TZ1rX-FU_normal.jpg","HUMOR JON TAMPAN","","@HumorJonTampan","·","https://x.com/HumorJonTampan/status/2050902549751079350","May 3","Sinyal bencana itu layanan dari operator Telkomsel, XL atau","Indosat","?","1","https://x.com/HumorJonTampan/status/2050902549751079350/analytics","170","","1","","","","#Ngik","Replying to","https://x.com/RatihPu00462534","@RatihPu00462534","",""
"https://x.com/keedehara","https://pbs.twimg.com/profile_images/2046560763763212288/F6x6RyhX_normal.jpg","Kirara Indosat","https://abs.twimg.com/emoji/v2/svg/1f408-200d-2b1b.svg","@keedehara","·","https://x.com/keedehara/status/2050916497682502026","May 3","slamat ia dri me pngikut new mu","","","1","https://x.com/keedehara/status/2050916497682502026/analytics","18","","","","","","","Replying to","https://x.com/naresxuw","@naresxuw","",""
"https://x.com/gyateful","https://pbs.twimg.com/profile_images/2052054000447660032/jTD_QWOF_normal.jpg","promosyen.","https://abs.twimg.com/emoji/v2/svg/1f49b.svg","@gyateful","·","https://x.com/gyateful/status/2052728822576079106","6h","wts kuota isat im3","indosat","& tri 3 three promo murah murce","1","https://x.com/gyateful/status/2052728822576079106/analytics","220","https://abs.twimg.com/emoji/v2/svg/1f525.svg","wa.me/6287832468914","} ⫶","https://abs.twimg.com/emoji/v2/svg/1f525.svg","moraa.","#zonauang","May 6","","Quote","https://pbs.twimg.com/profile_images/2008834805321084928/FXmYG_dm_mini.png",""
"https://x.com/economiys","https://pbs.twimg.com/profile_images/2048138274091462656/DqDFlDeN_normal.jpg","mitha indosat","","@economiys","·","https://x.com/economiys/status/2050888954145358031","May 3","ihsg anjlok, rupiah naik sih hrusnya udah keliatan yah wkwkwkwk","","","6","https://x.com/economiys/status/2050888954145358031/analytics","277","","","","","F","","May 3","","Quote","https://pbs.twimg.com/profile_images/2048756237966376960/5D6QXnwm_mini.jpg",""
"https://x.com/keedehara","https://pbs.twimg.com/profile_images/2046560763763212288/F6x6RyhX_normal.jpg","Kirara Indosat","https://abs.twimg.com/emoji/v2/svg/1f408-200d-2b1b.svg","@keedehara","·","https://x.com/keedehara/status/2050538430053175700","May 2","kalo art ka risol kaya bolu pandaaan","","","1","https://x.com/keedehara/status/2050538430053175700/analytics","130","","1","","","","","Replying to","https://x.com/RisolSayang","@RisolSayang","",""
"https://x.com/rcrwirelessnews","https://pbs.twimg.com/profile_images/1970435367506460672/tS4BFshT_normal.png","RCR Wireless News","","@rcrwirelessnews","·","https://x.com/rcrwirelessnews/status/2052116227917545526","May 7","Indonesian operator","Indosat","Ooredoo Hutchison is embedding AI across its operations and expanding into cloud and cybersecurity, while building distributed infrastructure and maintaining shareholder returns amid a challenging macroeconomic environment.","","https://x.com/rcrwirelessnews/status/2052116227917545526/analytics","109","","","","","","","From rcrwireless.com","","Indosat scales AI strategy, maintains shareholder returns","",""
"https://x.com/dokyeomienism","https://pbs.twimg.com/profile_images/2037904934281367552/28avZz-8_normal.jpg","asa indosat ✮ ngaku ejeh","","@dokyeomienism","·","https://x.com/dokyeomienism/status/2050773131745538150","May 3","woojin... nak... aku ajarin cara jadi pria nonchalant","","","2","https://x.com/dokyeomienism/status/2050773131745538150/analytics","213","","","","","","","Replying to","https://x.com/fazgalery","@fazgalery","",""
"https://x.com/keedehara","https://pbs.twimg.com/profile_images/2046560763763212288/F6x6RyhX_normal.jpg","Kirara Indosat","https://abs.twimg.com/emoji/v2/svg/1f408-200d-2b1b.svg","@keedehara","·","https://x.com/keedehara/status/2052333641427243282","May 7","HAH?","","","1","https://x.com/keedehara/status/2052333641427243282/analytics","110","","youtu.be/DFBGjITGYLc","@PANDAVVA_ID","","PANDAVVA Official | CF22: AA09-10","","May 7","","Quote","https://pbs.twimg.com/profile_images/2039409557219516416/FpPvrZ1A_mini.jpg",""
"https://x.com/BisniscomJatim","https://pbs.twimg.com/profile_images/1602223645006315520/yUXz_jOq_normal.jpg","Bisnis Indonesia Jatim","","@BisniscomJatim","·","https://x.com/BisniscomJatim/status/2052569175672107138","17h","Pertumbuhan Data","Indosat","Region Jawa Timur 15,4% pada Kuartal I/2026","","https://x.com/BisniscomJatim/status/2052569175672107138/analytics","20","","","","","","","From surabaya.bisnis.com","","Pertumbuhan Data Indosat Region Jawa Timur 15,4% pada Kuartal I/2026","",""
"https://x.com/keedehara","https://pbs.twimg.com/profile_images/2046560763763212288/F6x6RyhX_normal.jpg","Kirara Indosat","https://abs.twimg.com/emoji/v2/svg/1f408-200d-2b1b.svg","@keedehara","·","https://x.com/keedehara/status/2050162605915021585","May 1","fine kok bgitu vibesny","","","1","https://x.com/keedehara/status/2050162605915021585/analytics","64","https://abs.twimg.com/emoji/v2/svg/1f97a.svg","3","","","","","Replying to","https://x.com/kanggalongratis","@kanggalongratis","",""
"https://x.com/keedehara","https://pbs.twimg.com/profile_images/2046560763763212288/F6x6RyhX_normal.jpg","Kirara Indosat","https://abs.twimg.com/emoji/v2/svg/1f408-200d-2b1b.svg","@keedehara","·","https://x.com/keedehara/status/2052679806022746557","10h","k-kak","","","1","https://x.com/keedehara/status/2052679806022746557/analytics","24","https://abs.twimg.com/emoji/v2/svg/1f62d.svg","1","","","","","Replying to","https://x.com/jc_wisoul","@jc_wisoul","",""
"https://x.com/keedehara","https://pbs.twimg.com/profile_images/2046560763763212288/F6x6RyhX_normal.jpg","Kirara Indosat","https://abs.twimg.com/emoji/v2/svg/1f408-200d-2b1b.svg","@keedehara","·","https://x.com/keedehara/status/2052379873478586482","May 7","meng ndut","","","6","https://x.com/keedehara/status/2052379873478586482/analytics","34","","","","","","","","","","",""
"https://x.com/nasywra","https://pbs.twimg.com/profile_images/1429963269767262221/pCsw8abP_normal.jpg","she","","@nasywra","·","https://x.com/nasywra/status/2052422629848748286","May 7","ada nomer teknisinya ga kak? soalnya WiFi ku MNC play-","Indosat","hifi lampunya los merah udh complen tapi sekarang blm di chat sm teknisinya, wilayah Semarang","2","https://x.com/nasywra/status/2052422629848748286/analytics","138","","","","","and","@62fess","Replying to","https://x.com/ekiakbr","@ekiakbr","",""
"https://x.com/keedehara","https://pbs.twimg.com/profile_images/2046560763763212288/F6x6RyhX_normal.jpg","Kirara Indosat","https://abs.twimg.com/emoji/v2/svg/1f408-200d-2b1b.svg","@keedehara","·","https://x.com/keedehara/status/2051867137850175882","May 6","b-bang jun","","","1","https://x.com/keedehara/status/2051867137850175882/analytics","35","","3","","","","","Replying to","https://x.com/Kuntism_","@Kuntism_","",""
"https://x.com/theCUBE","https://pbs.twimg.com/profile_images/1501318862456852489/9XoRwPm5_normal.jpg","theCUBE","","@theCUBE","·","https://x.com/theCUBE/status/2051300817768964400","May 4","Phi moments at Google Cloud Next ‘26:","@Quantiphi","speaks with Vishal Gupta & Harshini Infanta about how","1","https://x.com/theCUBE/status/2051300817768964400/analytics","174","https://abs.twimg.com/emoji/v2/svg/1f4a1.svg","2","@knightrm","","@indosat","#datasovereignty","","https://t.co/oQFOHWdbh2","","https://pbs.twimg.com/media/HHegwmBWEAA5Z0o.jpg","blob:https://x.com/b7bedd81-ed35-417f-a159-1a4ccf4cf686"
"https://x.com/TheFastMode","https://pbs.twimg.com/profile_images/1884177495936962560/Ywlf3BHz_normal.jpg","The Fast Mode","","@TheFastMode","·","https://x.com/TheFastMode/status/2052576823444156499","17h","Today's read:","Indosat","Outlines Next Growth Phase Following AGMS, Accelerates AI & TechCo Vision","","https://x.com/TheFastMode/status/2052576823444156499/analytics","24","https://abs.twimg.com/emoji/v2/svg/1f4e3.svg","","@TheFastMode","https://abs.twimg.com/emoji/v2/svg/2b07.svg","#technews","#tech","From thefastmode.com","https://t.co/Q9yayZmTC4","Indosat Outlines Next Growth Phase Following AGMS, Accelerates AI & TechCo Vision","",""
"https://x.com/yappingfess","https://pbs.twimg.com/profile_images/1962593890361606145/7jkgnvwe_normal.jpg","YAPPINGFESS","","@yappingfess","·","https://x.com/yappingfess/status/2051292025262059895","May 4","yap! kalian ada yang pake","indosat","juga ngga? masa aku isi pulsa 50rb ngga aku pake buat apa2 tiba2 nguras seginiii, mana ngisi kuota 12GB kagak bisa buat internetan lagii FAAAKKK","5","https://x.com/yappingfess/status/2051292025262059895/analytics","2.3K","https://abs.twimg.com/emoji/v2/svg/1f62d.svg","1","","","","","","","","",""
"https://x.com/keedehara","https://pbs.twimg.com/profile_images/2046560763763212288/F6x6RyhX_normal.jpg","Kirara Indosat","https://abs.twimg.com/emoji/v2/svg/1f408-200d-2b1b.svg","@keedehara","·","https://x.com/keedehara/status/2050392610033004550","May 2","tuku","","","1","https://x.com/keedehara/status/2050392610033004550/analytics","18","","","","","","","Replying to","https://x.com/nararinrin_","@nararinrin_","",""
"https://x.com/phbwney","https://pbs.twimg.com/profile_images/1732373326520307712/iizuCEFU_normal.jpg","keisha","","@phbwney","·","https://x.com/phbwney/status/2051588468921532652","May 5","ada yang jual kuota","indosat","yang gb nya kecil tp sekitar 5 hariannya?","5","https://x.com/phbwney/status/2051588468921532652/analytics","422","","1","","","","#zonauang","","","","",""
"https://x.com/keedehara","https://pbs.twimg.com/profile_images/2046560763763212288/F6x6RyhX_normal.jpg","Kirara Indosat","https://abs.twimg.com/emoji/v2/svg/1f408-200d-2b1b.svg","@keedehara","·","https://x.com/keedehara/status/2050246136225784153","May 1","trimksih nakula","","","1","https://x.com/keedehara/status/2050246136225784153/analytics","25","https://abs.twimg.com/emoji/v2/svg/1f607.svg","","","","","","Replying to","https://x.com/fuscath","@fuscath","",""
"https://x.com/keedehara","https://pbs.twimg.com/profile_images/2046560763763212288/F6x6RyhX_normal.jpg","Kirara Indosat","https://abs.twimg.com/emoji/v2/svg/1f408-200d-2b1b.svg","@keedehara","·","https://x.com/keedehara/status/2051822251708952971","May 6","timakasi lexzi sdah menggambar meng itu","","","1","https://x.com/keedehara/status/2051822251708952971/analytics","22","https://abs.twimg.com/emoji/v2/svg/1faf6.svg","1","","","and","@LexziIExie","Replying to","https://x.com/keedehara","@keedehara","",""
"https://x.com/4evrlostt","https://pbs.twimg.com/profile_images/2052339141426434048/JnWwDYxh_normal.jpg","Ashaa! 【IKNRCNG】","","@4evrlostt","·","https://x.com/4evrlostt/status/2051278445372678387","May 4","Sumpah it is just me atau sinyal 3 &","indosat","di jam2 segini tuh JELEK BANGET??? I cannot even watch yt with 144p??? Aku tethering ke ipad juga bahkan WA di ipad gak masuk saking jelek sinyalnya and it always around this time until 9/10 PM yaallah stress banget mau main game susah","2","https://x.com/4evrlostt/status/2051278445372678387/analytics","179","","3","","","","","","","","",""
"https://x.com/theCUBE","https://pbs.twimg.com/profile_images/1501318862456852489/9XoRwPm5_normal.jpg","theCUBE","","@theCUBE","·","https://x.com/theCUBE/status/2051300817768964400","May 4","Phi moments at Google Cloud Next ‘26:","@Quantiphi","speaks with Vishal Gupta & Harshini Infanta about how","1","https://x.com/theCUBE/status/2051300817768964400/analytics","174","https://abs.twimg.com/emoji/v2/svg/1f4a1.svg","2","@knightrm","","@indosat","#datasovereignty","","https://t.co/oQFOHWdbh2","","","blob:https://x.com/b7bedd81-ed35-417f-a159-1a4ccf4cf686"
"https://x.com/keedehara","https://pbs.twimg.com/profile_images/2046560763763212288/F6x6RyhX_normal.jpg","Kirara Indosat","https://abs.twimg.com/emoji/v2/svg/1f408-200d-2b1b.svg","@keedehara","·","https://x.com/keedehara/status/2050566331087589665","May 2","kakak kakak yang cosplay pandavva kenapa cakep cakep semua help","","","2","https://x.com/keedehara/status/2050566331087589665/analytics","139","https://abs.twimg.com/emoji/v2/svg/1f62d.svg","1","","","","","","","","",""
"https://x.com/wiavetoearth","https://pbs.twimg.com/profile_images/2034606415751626753/Dgw-dZhw_normal.jpg","Evan Indosat.","","@wiavetoearth","·","https://x.com/wiavetoearth/status/2050471724404338883","May 2","Matahari akhir-akhir ini bilek.","","","2","https://x.com/wiavetoearth/status/2050471724404338883/analytics","146","","2","","","","","","","","",""
"https://x.com/theCUBE","https://pbs.twimg.com/profile_images/1501318862456852489/9XoRwPm5_normal.jpg","theCUBE","","@theCUBE","·","https://x.com/theCUBE/status/2051300817768964400","May 4","Phi moments at Google Cloud Next ‘26:","@Quantiphi","speaks with Vishal Gupta & Harshini Infanta about how","1","https://x.com/theCUBE/status/2051300817768964400/analytics","174","https://abs.twimg.com/emoji/v2/svg/1f4a1.svg","2","@knightrm","","@indosat","#datasovereignty","","https://t.co/oQFOHWdbh2","0:03 / 2:19","","blob:https://x.com/b7bedd81-ed35-417f-a159-1a4ccf4cf686"
"https://x.com/Gen_cuan","https://pbs.twimg.com/profile_images/1981634422085488640/ImO-CSZP_normal.jpg","Generasi Cuan","","@Gen_cuan","·","https://x.com/Gen_cuan/status/2051573939307184493","May 5","sulit merealisasikan kuota internet aktif tanpa pembatasan masa berlaku karena rugikan konsumen.","Indosat","","","https://x.com/Gen_cuan/status/2051573939307184493/analytics","85","","","","","","","From money.kompas.com","","Indosat Nilai Kuota Internet Aktif Tanpa Pembatasan Masa Berlaku Rugikan Konsumen","",""
"https://x.com/keedehara","https://pbs.twimg.com/profile_images/2046560763763212288/F6x6RyhX_normal.jpg","Kirara Indosat","https://abs.twimg.com/emoji/v2/svg/1f408-200d-2b1b.svg","@keedehara","·","https://x.com/keedehara/status/2050560274802057503","May 2","kmu adalah my biefef","","","1","https://x.com/keedehara/status/2050560274802057503/analytics","32","https://abs.twimg.com/emoji/v2/svg/1f97a.svg","1","","https://abs.twimg.com/emoji/v2/svg/1faf0.svg","","","Replying to","https://x.com/illstfelaa","@illstfelaa","",""
"https://x.com/denbaguse_koko","https://pbs.twimg.com/profile_images/1471055710683230209/-hccZrH7_normal.jpg"," Antonius Prihandoko","https://abs.twimg.com/emoji/v2/svg/1f1ee-1f1e9.svg","@denbaguse_koko","·","https://x.com/denbaguse_koko/status/2051277622097883603","May 4","Ya kalo memang ga bisa mengubah konsep masa aktif paket, coba deh ubah konsep harga paketnya. Coba dicermati utk semua operator.  Konsep harganya kacau itu. Pelanggan kuota kecil pada dasarnya menjadi penanggung ""subsidi silang"" bg pelanggan paket yg ""lebih mahal""","","","1","https://x.com/denbaguse_koko/status/2051277622097883603/analytics","47","https://abs.twimg.com/emoji/v2/svg/1f9f5.svg","","","","Mahkamah Konstitusi","","May 4","","Quote","https://pbs.twimg.com/profile_images/1301320017028329472/2Ecoxmsp_mini.jpg","blob:https://x.com/064671ae-f8fb-44cc-8ce3-8ff0554548a0"
"https://x.com/keedehara","https://pbs.twimg.com/profile_images/2046560763763212288/F6x6RyhX_normal.jpg","Kirara Indosat","https://abs.twimg.com/emoji/v2/svg/1f408-200d-2b1b.svg","@keedehara","·","https://x.com/keedehara/status/2052290978057515333","May 7","pd knp s","","","1","https://x.com/keedehara/status/2052290978057515333/analytics","100","","3","","","","","","","","",""
"https://x.com/keedehara","https://pbs.twimg.com/profile_images/2046560763763212288/F6x6RyhX_normal.jpg","Kirara Indosat","https://abs.twimg.com/emoji/v2/svg/1f408-200d-2b1b.svg","@keedehara","·","https://x.com/keedehara/status/2051620572170531291","May 5","hayo etmint","","","16","https://x.com/keedehara/status/2051620572170531291/analytics","599","https://abs.twimg.com/emoji/v2/svg/1f62d.svg","","","https://abs.twimg.com/emoji/v2/svg/1f62d.svg","","","Replying to","https://x.com/ArjunaArkana","@ArjunaArkana","",""
"https://x.com/keedehara","https://pbs.twimg.com/profile_images/2046560763763212288/F6x6RyhX_normal.jpg","Kirara Indosat","https://abs.twimg.com/emoji/v2/svg/1f408-200d-2b1b.svg","@keedehara","·","https://x.com/keedehara/status/2050544835082527132","May 2","nesa egk ikutan banner maksiat baru itu kah?","","","1","https://x.com/keedehara/status/2050544835082527132/analytics","18","https://abs.twimg.com/emoji/v2/svg/1fae2.svg","1","","","","","Replying to","https://x.com/Nessss_02","@Nessss_02","",""
"https://x.com/keedehara","https://pbs.twimg.com/profile_images/2046560763763212288/F6x6RyhX_normal.jpg","Kirara Indosat","https://abs.twimg.com/emoji/v2/svg/1f408-200d-2b1b.svg","@keedehara","·","https://x.com/keedehara/status/2052708083827404901","8h","vv art yg kren skali yours truly","","","","https://x.com/keedehara/status/2052708083827404901/analytics","46","","","","","","","Replying to","https://x.com/Nakula_Nalendra","@Nakula_Nalendra","",""
"https://x.com/simijjaeyun","https://pbs.twimg.com/profile_images/1897567620473249792/vFi0Ayzd_normal.jpg","j.","","@simijjaeyun","·","https://x.com/simijjaeyun/status/2052774721083896292","3h","sunghoon","indosat","","","https://x.com/simijjaeyun/status/2052774721083896292/analytics","3","https://abs.twimg.com/emoji/v2/svg/1f62d.svg","","","https://abs.twimg.com/emoji/v2/svg/1f62d.svg","kai ⋆✮","","7h","","Quote","https://pbs.twimg.com/profile_images/2033770321237708803/aAjdR0Hs_mini.jpg",""
"https://x.com/denbaguse_koko","https://pbs.twimg.com/profile_images/1471055710683230209/-hccZrH7_normal.jpg"," Antonius Prihandoko","https://abs.twimg.com/emoji/v2/svg/1f1ee-1f1e9.svg","@denbaguse_koko","·","https://x.com/denbaguse_koko/status/2051277622097883603","May 4","Ya kalo memang ga bisa mengubah konsep masa aktif paket, coba deh ubah konsep harga paketnya. Coba dicermati utk semua operator.  Konsep harganya kacau itu. Pelanggan kuota kecil pada dasarnya menjadi penanggung ""subsidi silang"" bg pelanggan paket yg ""lebih mahal""","0:56","","1","https://x.com/denbaguse_koko/status/2051277622097883603/analytics","47","https://abs.twimg.com/emoji/v2/svg/1f9f5.svg","","","","Mahkamah Konstitusi","","May 4","","Quote","https://pbs.twimg.com/profile_images/1301320017028329472/2Ecoxmsp_mini.jpg","blob:https://x.com/064671ae-f8fb-44cc-8ce3-8ff0554548a0"
"https://x.com/geminiurbae","https://pbs.twimg.com/profile_images/2051335830510374912/__8-lsNE_normal.jpg","dew.","","@geminiurbae","·","https://x.com/geminiurbae/status/2048383513691611445","Apr 26","sbnrnya gue lagi slek sama papanya dede, soalnya dia disuruh mandi malah asik nonton dracin anjir. terus krn dia mau billiard gitu, dia beliin gue makan tapi dianter lewat jendela shibal padahal gue udah bawa sapu gue kira maling","","","4","https://x.com/geminiurbae/status/2048383513691611445/analytics","3.8K","https://abs.twimg.com/emoji/v2/svg/263a.svg","86","Parody account","","","","","","","",""
"https://x.com/indosat","https://pbs.twimg.com/profile_images/2039626569426317312/ufIaht8Q_normal.jpg","Indosat Ooredoo Hutchison","","@indosat","·","https://x.com/indosat/status/2051174117252960269","May 4","Hai Kak Permata, maaf sekali. Untuk saldonya sudah berkurang belum Kak? Silakan infokan detail serta nomor HPnya melalui DM ya. Terima kasih^Vina","","","2","https://x.com/indosat/status/2051174117252960269/analytics","37","","","","","","","Replying to","https://x.com/chikopicinoo","@chikopicinoo","",""
"https://x.com/keedehara","https://pbs.twimg.com/profile_images/2046560763763212288/F6x6RyhX_normal.jpg","Kirara Indosat","https://abs.twimg.com/emoji/v2/svg/1f408-200d-2b1b.svg","@keedehara","·","https://x.com/keedehara/status/2049665581981544543","Apr 30","bdsm bangun dengan semangat marah","","","3","https://x.com/keedehara/status/2049665581981544543/analytics","139","https://abs.twimg.com/emoji/v2/svg/1f621.svg","11","","https://abs.twimg.com/emoji/v2/svg/1f624.svg","","","","","","",""
"https://x.com/gabielova","https://pbs.twimg.com/profile_images/2040642431235014656/-VNAmWN3_normal.jpg","gab","","@gabielova","·","https://x.com/gabielova/status/2047609986931646560","Apr 24","Need kuota","indosat","full kuota utama","8","https://x.com/gabielova/status/2047609986931646560/analytics","264","","2","","","","#zonauang","","","","",""
"https://x.com/denbaguse_koko","https://pbs.twimg.com/profile_images/1471055710683230209/-hccZrH7_normal.jpg"," Antonius Prihandoko","https://abs.twimg.com/emoji/v2/svg/1f1ee-1f1e9.svg","@denbaguse_koko","·","https://x.com/denbaguse_koko/status/2051277622097883603","May 4","Ya kalo memang ga bisa mengubah konsep masa aktif paket, coba deh ubah konsep harga paketnya. Coba dicermati utk semua operator.  Konsep harganya kacau itu. Pelanggan kuota kecil pada dasarnya menjadi penanggung ""subsidi silang"" bg pelanggan paket yg ""lebih mahal""","0:03 / 0:58","","1","https://x.com/denbaguse_koko/status/2051277622097883603/analytics","47","https://abs.twimg.com/emoji/v2/svg/1f9f5.svg","","","","Mahkamah Konstitusi","","May 4","","Quote","https://pbs.twimg.com/profile_images/1301320017028329472/2Ecoxmsp_mini.jpg","blob:https://x.com/064671ae-f8fb-44cc-8ce3-8ff0554548a0"
"https://x.com/geminiurbae","https://pbs.twimg.com/profile_images/2051335830510374912/__8-lsNE_normal.jpg","dew.","","@geminiurbae","·","https://x.com/geminiurbae/status/2049516630787645760","Apr 29","","","","1","https://x.com/geminiurbae/status/2049516630787645760/analytics","6.7K","","5","Parody account","","","","","","","",""
"https://x.com/louislugas","https://pbs.twimg.com/profile_images/2014615129728651264/jDkhO-Vf_normal.jpg","Louis Lugas","","@louislugas","·","https://x.com/louislugas/status/2048258686062395693","Apr 26","Seharian ini jam 10  cuma ada SMS promo","Indosat",", sisanya scam/iklan yang ga diurus komdoggy. Kira2 test alert via apa ya","1","https://x.com/louislugas/status/2048258686062395693/analytics","199","","","","","i-Pop HQ","","Apr 26","","Quote","https://pbs.twimg.com/profile_images/1966980777717178368/nhYP_9Af_mini.jpg",""
"https://x.com/IDNTimesLampung","https://pbs.twimg.com/profile_images/1965631094503735296/Kg5Hp1il_normal.jpg","IDN Times Lampung","","@IDNTimesLampung","·","https://x.com/IDNTimesLampung/status/2051927256831066404","May 6","Bagi Deviden Rp3,57 Triliun dan Usung Tiga Direksi Anyar","Indosat","","","https://x.com/IDNTimesLampung/status/2051927256831066404/analytics","29","","","","","","","From lampung.idntimes.com","","Indosat Bagi Deviden Rp3,57 Triliun dan Usung Tiga Direksi Anyar","",""
"https://x.com/IDNTimesLampung","https://pbs.twimg.com/profile_images/1965631094503735296/Kg5Hp1il_normal.jpg","IDN Times Lampung","","@IDNTimesLampung","·","https://x.com/IDNTimesLampung/status/2051437359426945280","May 5","Kuartal Pertama 2026 Pendapatan","Indosat","Rp15,2 Triliun","","https://x.com/IDNTimesLampung/status/2051437359426945280/analytics","25","","","","","","","From lampung.idntimes.com","","Pendapatan Indosat Kuartal I 2026 Capai Rp15,2 Triliun","",""
"https://x.com/keedehara","https://pbs.twimg.com/profile_images/2046560763763212288/F6x6RyhX_normal.jpg","Kirara Indosat","https://abs.twimg.com/emoji/v2/svg/1f408-200d-2b1b.svg","@keedehara","·","https://x.com/keedehara/status/2050550548123074598","May 2","me pikir km ikutan","","","1","https://x.com/keedehara/status/2050550548123074598/analytics","9","","1","","","","","Replying to","https://x.com/Nessss_02","@Nessss_02","",""
"https://x.com/economiys","https://pbs.twimg.com/profile_images/2048138274091462656/DqDFlDeN_normal.jpg","mitha indosat","","@economiys","·","https://x.com/economiys/status/2051001711104561611","May 4","nabung di kopken (gw)","","","1","https://x.com/economiys/status/2051001711104561611/analytics","67","https://abs.twimg.com/emoji/v2/svg/1f49c.svg","2","","","","","Replying to","https://x.com/nominotsane","@nominotsane","",""
"https://x.com/detikinet","https://pbs.twimg.com/profile_images/1358653398313127936/oqy8fazP_normal.jpg","detikinet","","@detikinet","·","https://x.com/detikinet/status/2047610604362616859","Apr 24","Lelang Frekuensi 700 MHz dan 2,6 GHz Dibuka, Ini Kata Telkomsel-","Indosat","-XLSmart","","https://x.com/detikinet/status/2047610604362616859/analytics","245","","","","","","","","https://t.co/wjjuKfNoae","","",""
"https://x.com/geminiurbae","https://pbs.twimg.com/profile_images/2051335830510374912/__8-lsNE_normal.jpg","dew.","","@geminiurbae","·","https://x.com/geminiurbae/status/2050037998058942933","May 1","ah thanks ya kak, aku baru tau sih
ini pure aku ngtweet karena aku abis belanja dan ada yg mau beli pembalut tp di ganti jadi “roti jepang” yg mana ga semua org tau itu, makanya kaya aneh aja apa hal hal yg sbnrnya wajar tuh malah kaya tabu gitu","","","","https://x.com/geminiurbae/status/2050037998058942933/analytics","183","","","Parody account","","and","@dirtywle","Replying to","https://x.com/princearmor1224","@princearmor1224","",""
"https://x.com/pasfm","https://pbs.twimg.com/profile_images/1836304148175970304/KYbwvvXh_normal.jpg","Pasfm Radio Bisnis","","@pasfm","·","https://x.com/pasfm/status/2051862232028569683","May 6","Emiten telekomunikasi, PT","Indosat","(ISAT) andalkan pertumbuhan berbasis aset optimalkan biaya investasi tahun 2026. ISAT siapkan belanja modal 13 triliun rupiah. Angka itu tidak termasuk untuk biaya lisensi spektrum baru dan capex GPU berbasis kontrak.","","https://x.com/pasfm/status/2051862232028569683/analytics","47","","","","","","","","","","",""
"https://x.com/keedehara","https://pbs.twimg.com/profile_images/2046560763763212288/F6x6RyhX_normal.jpg","Kirara Indosat","https://abs.twimg.com/emoji/v2/svg/1f408-200d-2b1b.svg","@keedehara","·","https://x.com/keedehara/status/2050169369603568119","May 1","jangan lupa ketawa yh teman teman","","","7","https://x.com/keedehara/status/2050169369603568119/analytics","5.4K","https://abs.twimg.com/emoji/v2/svg/261d.svg","194","","","","","","","","https://pbs.twimg.com/ext_tw_video_thumb/2041101480430866432/pu/img/lleJ-bXl_ipVKXNB.jpg","blob:https://x.com/27f0aa64-1756-4d27-9d54-8c847078c4fd"
"https://x.com/keedehara","https://pbs.twimg.com/profile_images/2046560763763212288/F6x6RyhX_normal.jpg","Kirara Indosat","https://abs.twimg.com/emoji/v2/svg/1f408-200d-2b1b.svg","@keedehara","·","https://x.com/keedehara/status/2051271475173470609","May 4","bondol mania","","","1","https://x.com/keedehara/status/2051271475173470609/analytics","179","","","","","","","Replying to","https://x.com/ArjunaArkana","@ArjunaArkana","",""
"https://x.com/evanlece","https://pbs.twimg.com/profile_images/2052042319185268736/Cl8BXtqQ_normal.png","𝔂eo","","@evanlece","·","https://x.com/evanlece/status/2052739936529604798","6h","sunghoon","indosat","","","https://x.com/evanlece/status/2052739936529604798/analytics","59","","","","https://abs.twimg.com/emoji/v2/svg/1f4ab.svg","사","","9h","","Quote","https://pbs.twimg.com/profile_images/2040382208364691457/6rYK4C0f_mini.jpg",""
"https://x.com/indoict","https://pbs.twimg.com/profile_images/1657387276845092867/PB1OLE0X_normal.jpg","Majalah ICT","","@indoict","·","https://x.com/indoict/status/2050167753362002138","May 1","Mencatat Pertumbuhan Dua Digit pada Kuartal I 2026, Kinerja Kuat Dipercepat oleh Hyper-Personalization Berbasis AI","Indosat","","","https://x.com/indoict/status/2050167753362002138/analytics","39","","","@indoict","","","","","https://t.co/Ytx2G48FM7","","",""
"https://x.com/detikinet","https://pbs.twimg.com/profile_images/1358653398313127936/oqy8fazP_normal.jpg","detikinet","","@detikinet","·","https://x.com/detikinet/status/2050555306825195978","May 2","AI, 5G, dan Data Jadi Mesin Pertumbuhan","Indosat","di Q1 2026","","https://x.com/detikinet/status/2050555306825195978/analytics","216","","","","","","","From inet.detik.com","","AI, 5G, dan Data Jadi Mesin Pertumbuhan Indosat di Q1 2026","",""
"https://x.com/CNNIndonesia","https://pbs.twimg.com/profile_images/669793728970682369/CaHHKPMc_normal.png","CNN Indonesia","","@CNNIndonesia","·","https://x.com/CNNIndonesia/status/2052296216931860481","May 7","Bersiap Ikut Lelang Frekuensi 700 MHz dan 2,6 GHz","Indosat","","1","https://x.com/CNNIndonesia/status/2052296216931860481/analytics","1.2K","","","cnnindonesia.com","","","","","","Indosat Bersiap Ikut Lelang Frekuensi 700 MHz dan 2,6 GHz","",""
"https://x.com/keedehara","https://pbs.twimg.com/profile_images/2046560763763212288/F6x6RyhX_normal.jpg","Kirara Indosat","https://abs.twimg.com/emoji/v2/svg/1f408-200d-2b1b.svg","@keedehara","·","https://x.com/keedehara/status/2050547306345451854","May 2","dayung tercatat sbgai my biefef","","","1","https://x.com/keedehara/status/2050547306345451854/analytics","46","https://abs.twimg.com/emoji/v2/svg/1faf0.svg","1","","","","","Replying to","https://x.com/kanggalongratis","@kanggalongratis","",""
"https://x.com/keedehara","https://pbs.twimg.com/profile_images/2046560763763212288/F6x6RyhX_normal.jpg","Kirara Indosat","https://abs.twimg.com/emoji/v2/svg/1f408-200d-2b1b.svg","@keedehara","·","https://x.com/keedehara/status/2050169369603568119","May 1","jangan lupa ketawa yh teman teman","From","","7","https://x.com/keedehara/status/2050169369603568119/analytics","5.4K","https://abs.twimg.com/emoji/v2/svg/261d.svg","194","","","Kirara Indosat","","","","","https://pbs.twimg.com/profile_images/2046560763763212288/F6x6RyhX_normal.jpg","blob:https://x.com/27f0aa64-1756-4d27-9d54-8c847078c4fd"
"https://x.com/ctprzone","https://pbs.twimg.com/profile_images/1971048010433093632/ewqbwKOt_normal.jpg","c-c","","@ctprzone","·","https://x.com/ctprzone/status/2047601801302860170","Apr 24","jam segini sinyalnya kek taik","indosat","","2","https://x.com/ctprzone/status/2047601801302860170/analytics","96","","","","","","","","","","",""
"https://x.com/shimjaeyu","https://pbs.twimg.com/profile_images/1959653449085390848/x08hqbXe_normal.jpg","yoona (mt after dm)","","@shimjaeyu","·","https://x.com/shimjaeyu/status/2048958955779744187","Apr 28","Wtb pulsa tf","indosat","100k","10","https://x.com/shimjaeyu/status/2048958955779744187/analytics","397","","","","","","#zonauang","","","","",""
"https://x.com/DF_Discountfess","https://pbs.twimg.com/profile_images/1962672421892419584/kXs5cOJv_normal.jpg","Base Diskon","","@DF_Discountfess","·","https://x.com/DF_Discountfess/status/2051817444008759801","May 6","SVIP-6Q0DGNM kuota","Indosat","yg butuh pake aja Df","","https://x.com/DF_Discountfess/status/2051817444008759801/analytics","288","","","","","","","","","","",""
"https://x.com/indosat","https://pbs.twimg.com/profile_images/2039626569426317312/ufIaht8Q_normal.jpg","Indosat Ooredoo Hutchison","","@indosat","·","https://x.com/indosat/status/2050670828132462797","May 3","Hai Kak, mohon maaf atas kendala yang dialami. Sebagai langkah awal, silakan restart HP terlebih dahulu. Apabila kendala masih terjadi, mohon infokan nomor IM3, detail lokasi dan keterangan sinyal yang muncul melalui DM ya, agar dapat kami bantu lebih lanjut. Terima kasih^Tita","","","1","https://x.com/indosat/status/2050670828132462797/analytics","127","","","","","","","Replying to","https://x.com/Abuy64174109","@Abuy64174109","",""
"https://x.com/ssoftgyu","https://pbs.twimg.com/profile_images/1738606549927673856/Jz34TfoA_normal.jpg","DIIIAN^^ || Mingyu g'f","","@ssoftgyu","·","https://x.com/ssoftgyu/status/2049479131893788710","Apr 29","wtb kuota","indosat","murah 100-300gb dong","8","https://x.com/ssoftgyu/status/2049479131893788710/analytics","431","","2","","","","#zonauang","","","","",""
"https://x.com/adrmirer","https://pbs.twimg.com/profile_images/1738940322514874368/Oq74eicW_normal.jpg","𝐊𝐚𝐫𝐢𝐧 : open convert","","@adrmirer","·","https://x.com/adrmirer/status/2051120051533840451","May 4","open convert pulsa dan kuota murah tsel","indosat","xl axis tri, convert ewallet premium & non premium — avail juga pencairan limit paylater : dana cicil, bca mandiri paylater, credinex, yup card dan jenius via scan QR","","https://x.com/adrmirer/status/2051120051533840451/analytics","977","https://abs.twimg.com/emoji/v2/svg/2728.svg","","t.me","","","","","https://t.co/yIn0rCY8sO","Karin","",""
"https://x.com/indotelko","https://pbs.twimg.com/profile_images/771293565297172480/c25JLhF8_normal.jpg","indotelko","","@indotelko","·","https://x.com/indotelko/status/2051846856569991562","May 6","percepat AI dan bagikan dividen Rp3,57 triliun","Indosat","","","https://x.com/indotelko/status/2051846856569991562/analytics","22","","","","","","","","https://t.co/cDHNA4V2vN","","",""
"https://x.com/indoict","https://pbs.twimg.com/profile_images/1657387276845092867/PB1OLE0X_normal.jpg","Majalah ICT","","@indoict","·","https://x.com/indoict/status/2051972346056175813","May 6","Ooredoo Hutchison Dorong Akselerasi AI Terapan Skala Nasional, Hasilkan Pembagian Dividen yang Solid","Indosat","","","https://x.com/indoict/status/2051972346056175813/analytics","32","","","@indoict","","","","","https://t.co/Vf5ulR9zMv","","",""
"https://x.com/keedehara","https://pbs.twimg.com/profile_images/2046560763763212288/F6x6RyhX_normal.jpg","Kirara Indosat","https://abs.twimg.com/emoji/v2/svg/1f408-200d-2b1b.svg","@keedehara","·","https://x.com/keedehara/status/2051265437405712480","May 4","marahin kak risol pls","","","1","https://x.com/keedehara/status/2051265437405712480/analytics","15","https://abs.twimg.com/emoji/v2/svg/1f614.svg","1","","https://abs.twimg.com/emoji/v2/svg/1f614.svg","","","Replying to","https://x.com/LluviTeeRaa","@LluviTeeRaa","",""
"https://x.com/keedehara","https://pbs.twimg.com/profile_images/2046560763763212288/F6x6RyhX_normal.jpg","Kirara Indosat","https://abs.twimg.com/emoji/v2/svg/1f408-200d-2b1b.svg","@keedehara","·","https://x.com/keedehara/status/2050169369603568119","May 1","jangan lupa ketawa yh teman teman","Kirara Indosat","","7","https://x.com/keedehara/status/2050169369603568119/analytics","5.4K","https://abs.twimg.com/emoji/v2/svg/261d.svg","194","","","","","From","","0:02 / 0:36","https://pbs.twimg.com/profile_images/2046560763763212288/F6x6RyhX_normal.jpg","blob:https://x.com/27f0aa64-1756-4d27-9d54-8c847078c4fd"
"https://x.com/keedehara","https://pbs.twimg.com/profile_images/2046560763763212288/F6x6RyhX_normal.jpg","Kirara Indosat","https://abs.twimg.com/emoji/v2/svg/1f408-200d-2b1b.svg","@keedehara","·","https://x.com/keedehara/status/2050957525856751938","May 3","dijual terpisah yh","#PANDAVVA","#MEVVARNAI","1","https://x.com/keedehara/status/2050957525856751938/analytics","1.4K","https://abs.twimg.com/emoji/v2/svg/1f60a.svg","21","Art:","https://abs.twimg.com/emoji/v2/svg/1f602.svg","PANDAVVA Official | CF22: AA09-10","Meme:","May 3","","Quote","https://pbs.twimg.com/profile_images/2039409557219516416/FpPvrZ1A_mini.jpg",""
"https://x.com/keedehara","https://pbs.twimg.com/profile_images/2046560763763212288/F6x6RyhX_normal.jpg","Kirara Indosat","https://abs.twimg.com/emoji/v2/svg/1f408-200d-2b1b.svg","@keedehara","·","https://x.com/keedehara/status/2051162024483471371","May 4","iya manten bgt suaranya","","","1","https://x.com/keedehara/status/2051162024483471371/analytics","19","","","","","","","Replying to","https://x.com/naresxuw","@naresxuw","",""
"https://x.com/bluewoonishere","https://pbs.twimg.com/profile_images/1727922940430499840/SjGkNboi_normal.jpg","rara indosat","","@bluewoonishere","·","https://x.com/bluewoonishere/status/2052397272139485556","May 7","when yh","","","1","https://x.com/bluewoonishere/status/2052397272139485556/analytics","86","","","","","kai/kyle","","May 7","","Quote","https://pbs.twimg.com/profile_images/2045477277040009216/kSFD1Q6N_mini.jpg",""
"https://x.com/economiys","https://pbs.twimg.com/profile_images/2048138274091462656/DqDFlDeN_normal.jpg","mitha indosat","","@economiys","·","https://x.com/economiys/status/2052796003255025949","2h","kata naomi ibarat kita punya ilmu, ap jg yg mw di analisis klo pemrentah senang mengejutkan, sama aja tuh","","","","https://x.com/economiys/status/2052796003255025949/analytics","11","","","","","Logi","","10h","","Quote","https://pbs.twimg.com/profile_images/2038528526941609984/9Tmda0CN_mini.jpg",""
"https://x.com/hniyaz","https://pbs.twimg.com/profile_images/378800000452409888/4f83711ffb507b8039764681a48565c8_normal.jpeg","Hussain Niyaz","","@hniyaz","·","https://x.com/hniyaz/status/2052693838855290974","9h","","","","","https://x.com/hniyaz/status/2052693838855290974/analytics","34","","","@SinhaVikram","","","","From fortune.com","https://t.co/s7p3mjVHI7","Indosat CEO Vikram Sinha is building an AI for Indonesia's local languages. Can he make a business...","",""
"https://x.com/putrapostdaily","https://pbs.twimg.com/profile_images/1981557803790614528/l66SSbsC_normal.jpg","Romi Saputra","","@putrapostdaily","·","https://x.com/putrapostdaily/status/2052242859206828140","May 7","PT","Indosat","Ooredoo Hutchison (IOH) menegaskan komitmennya dalam Rapat Umum Pemegang Saham Tahunan (RUPST) pada 5 Mei 2026 di Jakarta untuk mempercepat pengembangan AI nasional melalui strategi AI North Star.","4","https://x.com/putrapostdaily/status/2052242859206828140/analytics","29","","","","","","","From romisaputra.com","","Indosat Percepat Strategi AI Nasional, Bagikan Dividen Rp3,57 Triliun - Romisaputra.com - Berita,...","",""
"https://x.com/plbkinvestasi","https://pbs.twimg.com/profile_images/1875920220763901952/ObVZpY2i_normal.jpg","Dodo | saham, bisnis, duit","","@plbkinvestasi","·","https://x.com/plbkinvestasi/status/2050720534867198386","May 3","Satu waktu, saya dengerin beliau (Dr Gia) ngoceh 1 jam di acaranya Dvet 11 jam siaran Jakarta Yogyakarta bareng","Indosat","(ada Geng Dvet disini? Wkwkwk)

Pas dengerin beliau ngoceh, emang kesan too positivity beneran terlihat. Kayak, agak menggampangkan issue gitu. Kayak, yaudah","42","https://x.com/plbkinvestasi/status/2050720534867198386/analytics","213K","","77","","","Bardan - Digital Marketer","","May 2","","Quote","https://pbs.twimg.com/profile_images/1979218758821367810/r85k7jvb_mini.jpg",""
"https://x.com/keedehara","https://pbs.twimg.com/profile_images/2046560763763212288/F6x6RyhX_normal.jpg","Kirara Indosat","https://abs.twimg.com/emoji/v2/svg/1f408-200d-2b1b.svg","@keedehara","·","https://x.com/keedehara/status/2050252361055281348","May 1","oh nooo, nia gpp kah skrg????","","","1","https://x.com/keedehara/status/2050252361055281348/analytics","31","","1","","","","","Replying to","https://x.com/Niniaaauhu","@Niniaaauhu","",""
"https://x.com/kittendusct","https://pbs.twimg.com/profile_images/2049086548055076864/m8bknre3_normal.jpg","୨୧ #LOLOSUTBK","","@kittendusct","·","https://x.com/kittendusct/status/2048591779189104865","Apr 27","wtb pulsa","indosat","","4","https://x.com/kittendusct/status/2048591779189104865/analytics","232","","","","","","#zonauang","","","","",""
"https://x.com/Jokotole24","https://pbs.twimg.com/profile_images/1963479122191269889/gUyZl1Vy_normal.jpg","Warga Sipil biasa","","@Jokotole24","·","https://x.com/Jokotole24/status/2051129249982304733","May 4","Gue kira chat sama bot itu udah paling nyiksa, ternyata chat sama Live Agent yang gak paham realita itu jauh lebih bikin emosi. Duit 50rb nyangkut, SN udah ada, tapi solusinya malah disuruh ""ngelawak"".","","","1","https://x.com/Jokotole24/status/2051129249982304733/analytics","191","","1","@indosatim3","","@indosat","","","","","",""
"https://x.com/TirtoID","https://pbs.twimg.com/profile_images/1923263273169977346/jqEeqYqd_normal.jpg","tirtoid","","@TirtoID","·","https://x.com/TirtoID/status/2051662091074064793","May 5","Kemnaker Gandeng Wadhwani dan","Indosat","Perkuat Ekosistem Kerja","","https://x.com/TirtoID/status/2051662091074064793/analytics","787","","","","","","","From tirto.id","","Kemnaker Gandeng Wadhwani dan Indosat Perkuat Ekosistem Kerja","",""
"https://x.com/setsunavie","https://pbs.twimg.com/profile_images/1966820956028235781/CASSrgCq_normal.jpg","vie","https://abs.twimg.com/emoji/v2/svg/2618.svg","@setsunavie","·","https://x.com/setsunavie/status/2049371726363103251","Apr 29","Wah bisa sampe ke-banned dari ujian gara2 pop up maksa-nya","indosat","","1","https://x.com/setsunavie/status/2049371726363103251/analytics","160","https://abs.twimg.com/emoji/v2/svg/1f611.svg","1cak.com/3070053","","","1CAK","","Apr 28","","Quote","https://pbs.twimg.com/profile_images/2663341040/3b5c12aa394c863069fb6bdfdc12ada0_mini.png",""
"https://x.com/kaguyeaw","https://pbs.twimg.com/profile_images/1811604993151295488/GB-GXIy9_normal.png","ega ☆ fast on WA ─ pulsa kuota","","@kaguyeaw","·","https://x.com/kaguyeaw/status/2050385159854424361","May 2","ready kuota paket data Tri three 3, axis, isat","Indosat",", xl, smarfren, tsel telkomsel","1","https://x.com/kaguyeaw/status/2050385159854424361/analytics","561","","","","","acc promosi @kaguyeaw 𐙚 pulsa kuota","#bealanja","May 1","","Quote","https://pbs.twimg.com/profile_images/1868556031032434688/Y8XozjtI_mini.png",""
"https://x.com/jjaehyukx","https://pbs.twimg.com/profile_images/1797102703082098688/h3PBuTTn_normal.jpg","kiyaaw","","@jjaehyukx","·","https://x.com/jjaehyukx/status/2049667440049823922","Apr 30","wtb kuota","indosat","murce dund","6","https://x.com/jjaehyukx/status/2049667440049823922/analytics","296","","1","","","","#zonauang","","","","",""
"https://x.com/economiys","https://pbs.twimg.com/profile_images/2048138274091462656/DqDFlDeN_normal.jpg","mitha indosat","","@economiys","·","https://x.com/economiys/status/2050659764099846350","May 3","SERUUUU, would never regret for any kind with them pokok na mah","","","3","https://x.com/economiys/status/2050659764099846350/analytics","66","","","","","","","","","","",""
"https://x.com/Arolumb1102","https://pbs.twimg.com/profile_images/1845770439311958017/sigpxP3__normal.jpg","*₱urwokert°_⅒*","","@Arolumb1102","·","https://x.com/Arolumb1102/status/2051024249339711673","May 4","Yang tidak lucu itu BLBI,","Indosat","dan tanker Pertamina","2","https://x.com/Arolumb1102/status/2051024249339711673/analytics","80","","","","","and","@ch_chotimah2","Replying to","https://x.com/indonesiaku_yes","@indonesiaku_yes","",""
"https://x.com/officialMKRI","https://pbs.twimg.com/profile_images/1301320017028329472/2Ecoxmsp_normal.jpg","Mahkamah Konstitusi","","@officialMKRI","·","https://x.com/officialMKRI/status/2051254101753922008","May 4","MK kembali menggelar sidang pleno pengujian materiil Pasal 71 angka 2 Undang-Undang (UU) Nomor 6 Tahun 2023 tentang Penetapan Peraturan Pemerintah Pengganti UU 2/2022 tentang Cipta Kerja menjadi UU sebagaimana telah mengubah UU 36/1999 tentang Telekomunikasi. Sidang gabungan","","","2","https://x.com/officialMKRI/status/2051254101753922008/analytics","329","","3","","","","","","","","https://pbs.twimg.com/amplify_video_thumb/2051252290963881984/img/FTX9beZ0Lk69GQZC.jpg","blob:https://x.com/d2212133-bc73-42c8-ae6f-0cd907ba39c9"
"https://x.com/ArmaZulfikar","https://pbs.twimg.com/profile_images/2021519933814067200/z1DlO_Yo_normal.jpg","Zulfikar Arma x","","@ArmaZulfikar","·","https://x.com/ArmaZulfikar/status/2051256317634023715","May 4","1998 inflasi 77%. Rp 17.000
1999 SBI  77% Rp 6.800
Bunga tinggi akhirnya","Indosat t","erjual","1","https://x.com/ArmaZulfikar/status/2051256317634023715/analytics","129","https://abs.twimg.com/emoji/v2/svg/1f923.svg","","","https://abs.twimg.com/emoji/v2/svg/1f923.svg","","","Replying to","https://x.com/RagilSemar","@RagilSemar","",""
"https://x.com/keedehara","https://pbs.twimg.com/profile_images/2046560763763212288/F6x6RyhX_normal.jpg","Kirara Indosat","https://abs.twimg.com/emoji/v2/svg/1f408-200d-2b1b.svg","@keedehara","·","https://x.com/keedehara/status/2050545766629056929","May 2","ga kuaatttt gila banget infold","","","1","https://x.com/keedehara/status/2050545766629056929/analytics","23","https://abs.twimg.com/emoji/v2/svg/1f62d.svg","1","","https://abs.twimg.com/emoji/v2/svg/1f62d.svg","","","Replying to","https://x.com/Nessss_02","@Nessss_02","",""
"https://x.com/GoogleCloud_ID","https://pbs.twimg.com/profile_images/2048671435066159104/QhYG0avv_normal.jpg","Google Cloud Indonesia","https://abs.twimg.com/hashflags/BF-15394_Google_Cloud_NEXT_2026/BF-15394_Google_Cloud_NEXT_2026.png","@GoogleCloud_ID","·","https://x.com/GoogleCloud_ID/status/2047843031307399401","Apr 25","Salah satu highlight pelanggan APAC di Day 1","Indosat","?","2","https://x.com/GoogleCloud_ID/status/2047843031307399401/analytics","117","https://abs.twimg.com/emoji/v2/svg/1f680.svg","1","#GoogleCloudNext","","","","","","","",""
"https://x.com/keedehara","https://pbs.twimg.com/profile_images/2046560763763212288/F6x6RyhX_normal.jpg","Kirara Indosat","https://abs.twimg.com/emoji/v2/svg/1f408-200d-2b1b.svg","@keedehara","·","https://x.com/keedehara/status/2049811095410593822","Apr 30","gemac meong","","","232","https://x.com/keedehara/status/2049811095410593822/analytics","6K","https://abs.twimg.com/emoji/v2/svg/1f90f.svg","864","","","","","","","","https://pbs.twimg.com/ext_tw_video_thumb/2049811053975154688/pu/img/x2yLqTJUByLL3lMU.jpg","blob:https://x.com/227b3919-137b-48f5-a3f8-45409affc294"
"https://x.com/officialMKRI","https://pbs.twimg.com/profile_images/1301320017028329472/2Ecoxmsp_normal.jpg","Mahkamah Konstitusi","","@officialMKRI","·","https://x.com/officialMKRI/status/2051254101753922008","May 4","MK kembali menggelar sidang pleno pengujian materiil Pasal 71 angka 2 Undang-Undang (UU) Nomor 6 Tahun 2023 tentang Penetapan Peraturan Pemerintah Pengganti UU 2/2022 tentang Cipta Kerja menjadi UU sebagaimana telah mengubah UU 36/1999 tentang Telekomunikasi. Sidang gabungan","","","2","https://x.com/officialMKRI/status/2051254101753922008/analytics","329","","3","","","","","","","","","blob:https://x.com/d2212133-bc73-42c8-ae6f-0cd907ba39c9"
"https://x.com/keedehara","https://pbs.twimg.com/profile_images/2046560763763212288/F6x6RyhX_normal.jpg","Kirara Indosat","https://abs.twimg.com/emoji/v2/svg/1f408-200d-2b1b.svg","@keedehara","·","https://x.com/keedehara/status/2051600415268167921","May 5","kren bgt kak cit ini","","","1","https://x.com/keedehara/status/2051600415268167921/analytics","197","https://abs.twimg.com/emoji/v2/svg/1f62d.svg","1","","","","","Replying to","https://x.com/aeicitera","@aeicitera","",""
"https://x.com/republikajogja","https://pbs.twimg.com/profile_images/1886060235028303872/ZtZxSvLo_normal.jpg","Republikajogja","","@republikajogja","·","https://x.com/republikajogja/status/2051198941807640980","May 4","Digelar di Malioboro, 9.000 Pelari Jogja 10K Nikmati Koneksi 5G","Indosat","Tanpa Putus","1","https://x.com/republikajogja/status/2051198941807640980/analytics","52","","#lebihbaikindosat","","","#Indosat5GJogja","#Jogja10K","From rejogja.republika.co.id","","Digelar di Malioboro, 9.000 Pelari Jogja 10K Nikmati Koneksi 5G Indosat Tanpa Putus","",""
"https://x.com/officialMKRI","https://pbs.twimg.com/profile_images/1301320017028329472/2Ecoxmsp_normal.jpg","Mahkamah Konstitusi","","@officialMKRI","·","https://x.com/officialMKRI/status/2051254101753922008","May 4","MK kembali menggelar sidang pleno pengujian materiil Pasal 71 angka 2 Undang-Undang (UU) Nomor 6 Tahun 2023 tentang Penetapan Peraturan Pemerintah Pengganti UU 2/2022 tentang Cipta Kerja menjadi UU sebagaimana telah mengubah UU 36/1999 tentang Telekomunikasi. Sidang gabungan","","","2","https://x.com/officialMKRI/status/2051254101753922008/analytics","329","","3","","","","","","","","","blob:https://x.com/d2212133-bc73-42c8-ae6f-0cd907ba39c9"
"https://x.com/keedehara","https://pbs.twimg.com/profile_images/2046560763763212288/F6x6RyhX_normal.jpg","Kirara Indosat","https://abs.twimg.com/emoji/v2/svg/1f408-200d-2b1b.svg","@keedehara","·","https://x.com/keedehara/status/2051273769294123486","May 4","MANAAA","","","1","https://x.com/keedehara/status/2051273769294123486/analytics","77","","2","","","","","Replying to","https://x.com/seesawdream05","@seesawdream05","",""
"https://x.com/BloombergTZ","https://pbs.twimg.com/profile_images/1960705729800888321/k-vaFjLU_normal.jpg","Bloomberg Technoz","","@BloombergTZ","·","https://x.com/BloombergTZ/status/2051958191513280590","May 6","Tiga operator besar yakni XLSmart,","Indosat",", dan Telkomsel mengikuti lelang frekuensi 700 MHz dan 2,6 GHz yang dilanjutkan Komdigi, setelah mengambil akun e-Auction dan mengunduh dokumen seleksi hingga 7 Mei 2026.

Simak selengkapnya:","1","https://x.com/BloombergTZ/status/2051958191513280590/analytics","212","","2","","","","","","https://t.co/zodfGL0YWF","","",""
"https://x.com/keedehara","https://pbs.twimg.com/profile_images/2046560763763212288/F6x6RyhX_normal.jpg","Kirara Indosat","https://abs.twimg.com/emoji/v2/svg/1f408-200d-2b1b.svg","@keedehara","·","https://x.com/keedehara/status/2051184088783241453","May 4","big brother is watching. wall can hear, roof can see.","","","13","https://x.com/keedehara/status/2051184088783241453/analytics","303","","","","","Parody account","Indonesian Poop Base","May 4","","Quote","",""
"https://x.com/keedehara","https://pbs.twimg.com/profile_images/2046560763763212288/F6x6RyhX_normal.jpg","Kirara Indosat","https://abs.twimg.com/emoji/v2/svg/1f408-200d-2b1b.svg","@keedehara","·","https://x.com/keedehara/status/2049811095410593822","Apr 30","gemac meong","","","232","https://x.com/keedehara/status/2049811095410593822/analytics","6K","https://abs.twimg.com/emoji/v2/svg/1f90f.svg","864","","","","","","","","","blob:https://x.com/227b3919-137b-48f5-a3f8-45409affc294"
"https://x.com/economiys","https://pbs.twimg.com/profile_images/2048138274091462656/DqDFlDeN_normal.jpg","mitha indosat","","@economiys","·","https://x.com/economiys/status/2052776847801520240","3h","Benci bgt, mesti pelaku selalu mhs tua yg sulit lulus tsb. DO aja lah ngapain lulus puki, rot in hell","","","","https://x.com/economiys/status/2052776847801520240/analytics","43","","","x.com/sbyfess/status…","","safi","","12h","","Quote","https://pbs.twimg.com/profile_images/2047727117589483521/DzZKThCu_mini.jpg",""
"https://x.com/keedehara","https://pbs.twimg.com/profile_images/2046560763763212288/F6x6RyhX_normal.jpg","Kirara Indosat","https://abs.twimg.com/emoji/v2/svg/1f408-200d-2b1b.svg","@keedehara","·","https://x.com/keedehara/status/2049811095410593822","Apr 30","gemac meong","","","232","https://x.com/keedehara/status/2049811095410593822/analytics","6K","https://abs.twimg.com/emoji/v2/svg/1f90f.svg","864","","","","","","","0:03 / 0:12","","blob:https://x.com/227b3919-137b-48f5-a3f8-45409affc294"
"https://x.com/reoasy","https://pbs.twimg.com/profile_images/1967524716274696193/7zJAOwji_normal.jpg","kilaaaa indosat","","@reoasy","·","https://x.com/reoasy/status/2050924657281532348","May 3","film yg ditonton pas sleeepoveeeer kmrn
The kings warden
The forest
Pretty lethal
Maryam
Bring her back

tdr jam 3pagi bgn jam 8","","","","https://x.com/reoasy/status/2050924657281532348/analytics","158","https://abs.twimg.com/emoji/v2/svg/1f62d.svg","","","https://abs.twimg.com/emoji/v2/svg/1faf5-1f3fc.svg","","","","","","",""
"https://x.com/winupsh","https://pbs.twimg.com/profile_images/1994658639106510850/AehYoII8_normal.jpg","winu","https://abs.twimg.com/emoji/v2/svg/1f319.svg","@winupsh","·","https://x.com/winupsh/status/2052733024480231729","6h","SUNGHOON","INDOSAT","NANGIS BGT","","https://x.com/winupsh/status/2052733024480231729/analytics","36","https://abs.twimg.com/emoji/v2/svg/1f62d.svg","","","https://abs.twimg.com/emoji/v2/svg/1f62d.svg","kai ⋆✮","","7h","","Quote","https://pbs.twimg.com/profile_images/2033770321237708803/aAjdR0Hs_mini.jpg",""
"https://x.com/wiavetoearth","https://pbs.twimg.com/profile_images/2034606415751626753/Dgw-dZhw_normal.jpg","Evan Indosat.","","@wiavetoearth","·","https://x.com/wiavetoearth/status/2052758991059747117","5h","Well done today's agenda, 1st day survey tempat magang untuk next semester. I wish this can be my exciting experience karena bakalan magang di luar kota, walaupun sistem yang mau dibikinnya ntar ga seru & ga lucu (pusing).","","","1","https://x.com/wiavetoearth/status/2052758991059747117/analytics","65","https://abs.twimg.com/emoji/v2/svg/1fae0.svg","","","","","","","","","https://pbs.twimg.com/media/HHzdZWCbcAA74yR?format=jpg&name=360x360",""
"https://x.com/_i00min","https://pbs.twimg.com/profile_images/2046708639327715328/7cGi8Jqf_normal.jpg","sean indosat","","@_i00min","·","https://x.com/_i00min/status/2050554113327558660","May 2","ATUH KAMU PAKE BALLCHAIN,  itu mah udah ga heran kalo pc + sewadah wadah nya ilang","","","1","https://x.com/_i00min/status/2050554113327558660/analytics","153","https://abs.twimg.com/emoji/v2/svg/1f62d.svg","1","","https://abs.twimg.com/emoji/v2/svg/1f62d.svg","","","Replying to","https://x.com/niskalaivy","@niskalaivy","",""
"https://x.com/ohyulkopo","https://pbs.twimg.com/profile_images/2051020285592444928/WCZffLUT_normal.jpg","YUGEN","","@ohyulkopo","·","https://x.com/ohyulkopo/status/2051528037578260719","May 5","2. Yugen","indosat","","4","https://x.com/ohyulkopo/status/2051528037578260719/analytics","302","","","Fan account","","","","Replying to","https://x.com/hyuljin_","@hyuljin_","",""
"https://x.com/aril_piterpen1","https://pbs.twimg.com/profile_images/2044413412978098176/QFCJJg_k_normal.jpg","aril piterpen","","@aril_piterpen1","·","https://x.com/aril_piterpen1/status/2049880585020321903","Apr 30","anak","indosat","tolong terawang dong itu apa, serem bgt euy mana malem jumat","15","https://x.com/aril_piterpen1/status/2049880585020321903/analytics","883","https://abs.twimg.com/emoji/v2/svg/1f62d.svg","1","","","","","","","","",""
"https://x.com/idx_channel","https://pbs.twimg.com/profile_images/685843718386008064/h6yjVF4J_normal.jpg","IDX CHANNEL","","@idx_channel","·","https://x.com/idx_channel/status/2047646749385212058","Apr 24","PT Lintasarta, anak usaha PT","Indosat","Tbk (ISAT) resmi mengangkat Armand Hermawan sebagai President Director & Chief Executive Officer (CEO). Armand menggantikan posisi sebelumnya yang diisi Bayu Hanantasena seiring berakhirnya masa jabatan.

Kepemimpinan Bayu selama ini dinilai","","https://x.com/idx_channel/status/2047646749385212058/analytics","174","","","","","","","","","","",""
"https://x.com/keedehara","https://pbs.twimg.com/profile_images/2046560763763212288/F6x6RyhX_normal.jpg","Kirara Indosat","https://abs.twimg.com/emoji/v2/svg/1f408-200d-2b1b.svg","@keedehara","·","https://x.com/keedehara/status/2050253543165301021","May 1","aku bnn ajh","","","12","https://x.com/keedehara/status/2050253543165301021/analytics","5.1K","","278","","","","","Replying to","https://x.com/ArjunaArkana","@ArjunaArkana","",""
"https://x.com/economiys","https://pbs.twimg.com/profile_images/2048138274091462656/DqDFlDeN_normal.jpg","mitha indosat","","@economiys","·","https://x.com/economiys/status/2050480431519424971","May 2","never blocked him even he's still oj my cf list cuz what if i need him (info loker mas)","","","3","https://x.com/economiys/status/2050480431519424971/analytics","81","","1","","","","","","","","",""
"https://x.com/geminiurbae","https://pbs.twimg.com/profile_images/2051335830510374912/__8-lsNE_normal.jpg","dew.","","@geminiurbae","·","https://x.com/geminiurbae/status/2049157470946553979","Apr 28","few tweets au

sakha—tala","","","1","https://x.com/geminiurbae/status/2049157470946553979/analytics","14K","","112","Parody account","","","#dewtee","","","","",""
"https://x.com/economiys","https://pbs.twimg.com/profile_images/2048138274091462656/DqDFlDeN_normal.jpg","mitha indosat","","@economiys","·","https://x.com/economiys/status/2052738715806810453","6h","efek samping kelas ekonomet ketambahan uts hukum emg tewas sampai hari gelap ya njink","","","","https://x.com/economiys/status/2052738715806810453/analytics","16","","","","","","","","","","",""
"https://x.com/igotsan","https://pbs.twimg.com/profile_images/2052028234301403136/cvsnl4za_normal.jpg","pepi indosat","https://abs.twimg.com/emoji/v2/svg/1f345.svg","@igotsan","·","https://x.com/igotsan/status/2052741115632406986","6h","WOEEE BANGUNNN","","","","https://x.com/igotsan/status/2052741115632406986/analytics","10","https://abs.twimg.com/emoji/v2/svg/1f62d.svg","","","https://abs.twimg.com/emoji/v2/svg/1f62d.svg","","","","","","",""
"https://x.com/Xsatset","https://pbs.twimg.com/profile_images/1967513009078849536/ULbzsKeT_normal.jpg","✿𝚒𝚌𝚒 ー langsung wa/tele aja yaa","https://abs.twimg.com/emoji/v2/svg/1f338.svg","@Xsatset","·","https://x.com/Xsatset/status/2052356587797569800","May 7","menerima cv convert pulsa","indosat","telkomsel tsel","1","https://x.com/Xsatset/status/2052356587797569800/analytics","383","https://abs.twimg.com/emoji/v2/svg/1f4a5.svg","","","https://abs.twimg.com/emoji/v2/svg/1f447-1f3fb.svg","","#zonauang","","","","",""
"https://x.com/IDNTimesJateng","https://pbs.twimg.com/profile_images/1965630861925384193/s2Z_ogiB_normal.jpg","IDN Times Jateng","","@IDNTimesJateng","·","https://x.com/IDNTimesJateng/status/2051957948130451853","May 6","RUPST","Indosat","2026: Rombak 3 Direksi, Bagi Dividen, dan 3 Strategi AI","","https://x.com/IDNTimesJateng/status/2051957948130451853/analytics","22","","","","","","","From jateng.idntimes.com","","RUPST Indosat 2026 dan 3 Strategi AI Perusahaan, Segini Devidennya","",""
"https://x.com/OposisiCerdas","https://pbs.twimg.com/profile_images/1238029886066851841/eqxRguVj_normal.jpg","OposisiCerdas.com","","@OposisiCerdas","·","https://x.com/OposisiCerdas/status/2051794673535172693","May 6","Perkuat Ekosistem Ketenagakerjaan, Kemnaker Teken MoU dengan Wadhwani dan","Indosat","","16","https://x.com/OposisiCerdas/status/2051794673535172693/analytics","219","","16","","","","","From oposisicerdas.com","","Perkuat Ekosistem Ketenagakerjaan, Kemnaker Teken MoU dengan Wadhwani dan Indosat","",""
"https://x.com/keedehara","https://pbs.twimg.com/profile_images/2046560763763212288/F6x6RyhX_normal.jpg","Kirara Indosat","https://abs.twimg.com/emoji/v2/svg/1f408-200d-2b1b.svg","@keedehara","·","https://x.com/keedehara/status/2051252988086509683","May 4","UDH ADAA KAH kok egk ajak me","GIF","","1","https://x.com/keedehara/status/2051252988086509683/analytics","82","","1","","","","","Replying to","https://x.com/arflecchino","@arflecchino","","https://video.twimg.com/tweet_video/HHeDtyWbwAAI2J4.mp4"
"https://x.com/mcmobami","https://pbs.twimg.com/profile_images/2009052711065681920/MhvSw2dZ_normal.png","lea indosat","","@mcmobami","·","https://x.com/mcmobami/status/2052687958235652420","9h","udah yapping nya?","","","","https://x.com/mcmobami/status/2052687958235652420/analytics","8","","","","","Lambe #RESIN6","","16h","","Quote","https://pbs.twimg.com/profile_images/2039707574904496129/v8vCRcfE_mini.jpg",""
"https://x.com/keedehara","https://pbs.twimg.com/profile_images/2046560763763212288/F6x6RyhX_normal.jpg","Kirara Indosat","https://abs.twimg.com/emoji/v2/svg/1f408-200d-2b1b.svg","@keedehara","·","https://x.com/keedehara/status/2051252988086509683","May 4","UDH ADAA KAH kok egk ajak me","GIF","","1","https://x.com/keedehara/status/2051252988086509683/analytics","82","","1","","","","","Replying to","https://x.com/arflecchino","@arflecchino","","https://video.twimg.com/tweet_video/HHeDtyWbwAAI2J4.mp4"
"https://x.com/reoasy","https://pbs.twimg.com/profile_images/1967524716274696193/7zJAOwji_normal.jpg","kilaaaa indosat","","@reoasy","·","https://x.com/reoasy/status/2052759919401873731","4h","YAKINN DAH GABAKALAN CEREEE","0:01 / 0:39","#PerfectCrown","1","https://x.com/reoasy/status/2052759919401873731/analytics","162","","#PerfectCrownEp9","@wooseokfiles","","ᵕ̈","","5h","","Quote","https://pbs.twimg.com/profile_images/2010195331535998976/gA4Zc87W_mini.jpg","blob:https://x.com/42e35774-bb7e-4a1d-8181-6358a96d7cbb"
"https://x.com/kupu2film","https://pbs.twimg.com/profile_images/1973648764943679488/byV-gOdF_normal.jpg","Sobat Ceria Review","","@kupu2film","·","https://x.com/kupu2film/status/2051436535384551510","May 5","WiFi Rumah Anti Lemot, Serius?","pingstabil wifirumah reviewjujur modemterbaik gadgetviral","Info Harga & Pembelian :","1","https://x.com/kupu2film/status/2051436535384551510/analytics","11","https://abs.twimg.com/emoji/v2/svg/1f631.svg","#modem4g","#internetgaming","","#hifiairreview","#wificepat","","https://t.co/Ds6OK9ne5Y","","","blob:https://x.com/f7053b4f-3e33-4fae-8cae-44a19d2fb9c7"
"https://x.com/keedehara","https://pbs.twimg.com/profile_images/2046560763763212288/F6x6RyhX_normal.jpg","Kirara Indosat","https://abs.twimg.com/emoji/v2/svg/1f408-200d-2b1b.svg","@keedehara","·","https://x.com/keedehara/status/2050560545393414281","May 2","amel tercatat sbg my biefef","","","1","https://x.com/keedehara/status/2050560545393414281/analytics","38","https://abs.twimg.com/emoji/v2/svg/1faf6.svg","1","","","","","Replying to","https://x.com/KimLia77107496","@KimLia77107496","",""
"https://x.com/MNCSekuritas","https://pbs.twimg.com/profile_images/1282509049775321090/gz5TKz88_normal.jpg","MNC Sekuritas","","@MNCSekuritas","·","https://x.com/MNCSekuritas/status/2051266521587142973","May 4","ISAT 1Q26 TUMBUH SOLID, AI JADI KUNCI 

Secara keseluruhan, kinerja PT","Indosat","Tbk di 1Q26 sesuai ekspektasi dengan pertumbuhan yang berkualitas.","1","https://x.com/MNCSekuritas/status/2051266521587142973/analytics","80","","","","","","","","","","https://pbs.twimg.com/media/HHeQBrNaYAEPW_s?format=jpg&name=360x360",""
"https://x.com/cnbcindonesia","https://pbs.twimg.com/profile_images/2021059983459414016/xcoUw9RD_normal.jpg","CNBC Indonesia","","@cnbcindonesia","·","https://x.com/cnbcindonesia/status/2051809699646087324","May 6","Telkomsel,","Indosat",", dan XLSmart Resmi Berebut Frekuensi Emas","1","https://x.com/cnbcindonesia/status/2051809699646087324/analytics","168","","","cnbcindonesia.com","","","","","","Telkomsel, Indosat, dan XLSmart Resmi Berebut Frekuensi Emas","",""
"https://x.com/jojijibeomsukyu","https://pbs.twimg.com/profile_images/2037807997976715264/Nh8bCP56_normal.jpg","titi indosat","","@jojijibeomsukyu","·","https://x.com/jojijibeomsukyu/status/2052328771790024879","May 7","Duhhh gilaaaa ini mah ganteng banget lagiii","#YGNBG","#YGTRAINEE","2","https://x.com/jojijibeomsukyu/status/2052328771790024879/analytics","583","","#NEXTMONSTER","Fan account","","YGNBG GLOBAL","#YGNEWBOYGROUP","May 7","","Quote","https://pbs.twimg.com/profile_images/2052054018474831873/2SA7AlmY_mini.png",""
"https://x.com/seokkuson","https://pbs.twimg.com/profile_images/1463531086827249671/496XMENE_normal.jpg","ryu indosat","","@seokkuson","·","https://x.com/seokkuson/status/2052760316422090860","4h","wow mau mau mau","","","","https://x.com/seokkuson/status/2052760316422090860/analytics","3","","","26.05.11 – 26.06.07 (KST)","","Photoism Global","","12h","","Quote","https://pbs.twimg.com/profile_images/2005518026037473280/U4aeBUS2_mini.jpg",""
"https://x.com/kupu2film","https://pbs.twimg.com/profile_images/1973648764943679488/byV-gOdF_normal.jpg","Sobat Ceria Review","","@kupu2film","·","https://x.com/kupu2film/status/2051436535384551510","May 5","WiFi Rumah Anti Lemot, Serius?","pingstabil wifirumah reviewjujur modemterbaik gadgetviral","Info Harga & Pembelian :","1","https://x.com/kupu2film/status/2051436535384551510/analytics","11","https://abs.twimg.com/emoji/v2/svg/1f631.svg","#modem4g","#internetgaming","","#hifiairreview","#wificepat","","https://t.co/Ds6OK9ne5Y","","","blob:https://x.com/f7053b4f-3e33-4fae-8cae-44a19d2fb9c7"
"https://x.com/keedehara","https://pbs.twimg.com/profile_images/2046560763763212288/F6x6RyhX_normal.jpg","Kirara Indosat","https://abs.twimg.com/emoji/v2/svg/1f408-200d-2b1b.svg","@keedehara","·","https://x.com/keedehara/status/2050546099228934577","May 2","makin hari makin forno aja itu","","","1","https://x.com/keedehara/status/2050546099228934577/analytics","30","https://abs.twimg.com/emoji/v2/svg/1f449.svg","1","","https://abs.twimg.com/emoji/v2/svg/1f62d.svg","","","Replying to","https://x.com/Nessss_02","@Nessss_02","",""
"https://x.com/linkaja","https://pbs.twimg.com/profile_images/1523918323037380608/zGKmkHZ6_normal.jpg","LinkAja","","@linkaja","·","https://x.com/linkaja/status/2051482067645411574","May 5","Beli paket roaming Haji Telkomsel,","Indosat","dan Tri, ada cashback 20RB.

Cek informasi lainnya d","livechat.linkaja.id","https://x.com/linkaja/status/2051482067645411574/analytics","121","","http://","","","","","","https://t.co/1hfxXgMGHP","","",""
"https://x.com/Votee_AI","https://pbs.twimg.com/profile_images/1896444605878665216/UKaPoTmC_normal.jpg","Votee AI","","@Votee_AI","·","https://x.com/Votee_AI/status/2052779278861738112","3h","Votee AI in","",".

Cofounder Pak-Sun Ting on why accuracy in low-resource languages isn't a niche — it's the precondition for AI to work in regulated industries.","1","https://x.com/Votee_AI/status/2052779278861738112/analytics","5","","","@FortuneMagazine","","","","","https://t.co/L5B7JSjTnw","","",""
"https://x.com/keedehara","https://pbs.twimg.com/profile_images/2046560763763212288/F6x6RyhX_normal.jpg","Kirara Indosat","https://abs.twimg.com/emoji/v2/svg/1f408-200d-2b1b.svg","@keedehara","·","https://x.com/keedehara/status/2050550684697952473","May 2","hy bebekula","","","1","https://x.com/keedehara/status/2050550684697952473/analytics","38","","1","","","","","Replying to","https://x.com/mukbangayam_","@mukbangayam_","",""
"https://x.com/keedehara","https://pbs.twimg.com/profile_images/2046560763763212288/F6x6RyhX_normal.jpg","Kirara Indosat","https://abs.twimg.com/emoji/v2/svg/1f408-200d-2b1b.svg","@keedehara","·","https://x.com/keedehara/status/2051264491976032359","May 4","kompak menyakiti pandavvarna","","","1","https://x.com/keedehara/status/2051264491976032359/analytics","11","https://abs.twimg.com/emoji/v2/svg/1f494.svg","","","","","","Replying to","https://x.com/LluviTeeRaa","@LluviTeeRaa","",""
"https://x.com/h0neymilktea_","https://pbs.twimg.com/profile_images/2020562070027321344/_L9463gJ_normal.jpg","vira","","@h0neymilktea_","·","https://x.com/h0neymilktea_/status/2049128126891102701","Apr 28","lemot bangettt","indosat","","1","https://x.com/h0neymilktea_/status/2049128126891102701/analytics","352","","","","","","","","","","",""
"https://x.com/keedehara","https://pbs.twimg.com/profile_images/2046560763763212288/F6x6RyhX_normal.jpg","Kirara Indosat","https://abs.twimg.com/emoji/v2/svg/1f408-200d-2b1b.svg","@keedehara","·","https://x.com/keedehara/status/2050246778432475323","May 1","niaa kenapaaa","","","1","https://x.com/keedehara/status/2050246778432475323/analytics","74","","1","","","","","Replying to","https://x.com/Niniaaauhu","@Niniaaauhu","",""
"https://x.com/keedehara","https://pbs.twimg.com/profile_images/2046560763763212288/F6x6RyhX_normal.jpg","Kirara Indosat","https://abs.twimg.com/emoji/v2/svg/1f408-200d-2b1b.svg","@keedehara","·","https://x.com/keedehara/status/2048666589583782262","Apr 27","","GIF","","8","https://x.com/keedehara/status/2048666589583782262/analytics","264","","10","","","","","","","","","https://video.twimg.com/tweet_video/HG5TZiMaUAAmdTU.mp4"
"https://x.com/tarungnews2","https://pbs.twimg.com/profile_images/1956015742580928512/5vCK8yXC_normal.jpg","Informasi Tata Ruang","","@tarungnews2","·","https://x.com/tarungnews2/status/2052760451675775147","4h","Perkuat Ekosistem Ketenagakerjaan, Kemnaker Teken MoU dengan Wadhwani dan","Indosat","#PSSI","#Westlife","https://x.com/tarungnews2/status/2052760451675775147/analytics","152","","#Persipura","#AdhyaksaFC","","#Pajak","#Liga1","","https://t.co/L6GMl4GJ5L","","",""
"https://x.com/linkaja","https://pbs.twimg.com/profile_images/1523918323037380608/zGKmkHZ6_normal.jpg","LinkAja","","@linkaja","·","https://x.com/linkaja/status/2051210453049626779","May 4","Nikmati potongan harga langsung pulsa Telkomsel, XL,","Indosat","dan TRI","livechat.linkaja.id","https://x.com/linkaja/status/2051210453049626779/analytics","152","","http://","","","","#SemuaBeres","","https://t.co/xylyBwDN5n","","",""
"https://x.com/keedehara","https://pbs.twimg.com/profile_images/2046560763763212288/F6x6RyhX_normal.jpg","Kirara Indosat","https://abs.twimg.com/emoji/v2/svg/1f408-200d-2b1b.svg","@keedehara","·","https://x.com/keedehara/status/2048666589583782262","Apr 27","","GIF","","8","https://x.com/keedehara/status/2048666589583782262/analytics","264","","10","","","","","","","","","https://video.twimg.com/tweet_video/HG5TZiMaUAAmdTU.mp4"
"https://x.com/keedehara","https://pbs.twimg.com/profile_images/2046560763763212288/F6x6RyhX_normal.jpg","Kirara Indosat","https://abs.twimg.com/emoji/v2/svg/1f408-200d-2b1b.svg","@keedehara","·","https://x.com/keedehara/status/2050878373057204254","May 3","bbbukannya gemes ya, hmph!","","","3","https://x.com/keedehara/status/2050878373057204254/analytics","4.9K","https://abs.twimg.com/emoji/v2/svg/1f624.svg","257","","https://abs.twimg.com/emoji/v2/svg/1f60f.svg","","","","","","https://pbs.twimg.com/ext_tw_video_thumb/2050878332754112512/pu/img/MROiOOONoaZrLnmf.jpg","blob:https://x.com/50232893-3b28-417b-a79d-5cf079d0b036"
"https://x.com/kimntaeyoung","https://pbs.twimg.com/profile_images/2048823646802882560/HYYTUNXg_normal.jpg","Caldrien.","","@kimntaeyoung","·","https://x.com/kimntaeyoung/status/2052679046656569388","10h","shopee vip gua jarang kepake tapi masih belum habis masanya, ada voc roti o, mcd sama kuota","indosat","juga ga kepake. ada yang mau bayarin ga? jasa checkout freeong juga banyak, dm aja dulu boleh check first.","","https://x.com/kimntaeyoung/status/2052679046656569388/analytics","178","","","","","","#zonauang","","","","",""
"https://x.com/geminiurbae","https://pbs.twimg.com/profile_images/2051335830510374912/__8-lsNE_normal.jpg","dew.","","@geminiurbae","·","https://x.com/geminiurbae/status/2049478297504084080","Apr 29","one tweet au

posesif bf X slengean bf","","","5","https://x.com/geminiurbae/status/2049478297504084080/analytics","25K","","177","Parody account","","","#dewtee","","","","https://pbs.twimg.com/media/HHE1pU3bgAAcS7k?format=jpg&name=360x360",""
"https://x.com/economiys","https://pbs.twimg.com/profile_images/2048138274091462656/DqDFlDeN_normal.jpg","mitha indosat","","@economiys","·","https://x.com/economiys/status/2051599253777285173","May 5","gue betah jalan kaki, nyari kost around kampus yg bener-bener 500 meteran doang, grab juga cuma 6k sih aman, so far paling mahal 15k itupun udah jauh. Kalau jauh bgt, komplotan aja biar bisa bareng","","","11","https://x.com/economiys/status/2051599253777285173/analytics","1.8K","","","","","","","Replying to","https://x.com/ub_menfess","@ub_menfess","",""
"https://x.com/keedehara","https://pbs.twimg.com/profile_images/2046560763763212288/F6x6RyhX_normal.jpg","Kirara Indosat","https://abs.twimg.com/emoji/v2/svg/1f408-200d-2b1b.svg","@keedehara","·","https://x.com/keedehara/status/2051136992491303275","May 4","uwaa ada kakak camtikk, aku mau berkavvan ap bleeehh","","","1","https://x.com/keedehara/status/2051136992491303275/analytics","20","","1","","","","","Replying to","https://x.com/SecretlyInsane4","@SecretlyInsane4","",""
"https://x.com/keedehara","https://pbs.twimg.com/profile_images/2046560763763212288/F6x6RyhX_normal.jpg","Kirara Indosat","https://abs.twimg.com/emoji/v2/svg/1f408-200d-2b1b.svg","@keedehara","·","https://x.com/keedehara/status/2050563316435869992","May 2","wek wek","","","1","https://x.com/keedehara/status/2050563316435869992/analytics","22","https://abs.twimg.com/emoji/v2/svg/1f62d.svg","","","https://abs.twimg.com/emoji/v2/svg/1f62d.svg","","","Replying to","https://x.com/mukbangayam_","@mukbangayam_","",""
"https://x.com/uekageyama","https://pbs.twimg.com/profile_images/1816381831727702019/cUobd6y3_normal.jpg","seya indosat","","@uekageyama","·","https://x.com/uekageyama/status/2050971268170826170","May 3","pasti aslinya pgn cimumuan lg sampe dipisahin warga","","","1","https://x.com/uekageyama/status/2050971268170826170/analytics","191","","4","@__crusherr","","rie","","May 3","","Quote","https://pbs.twimg.com/profile_images/2014250990258524160/5Yo9J10W_mini.jpg",""
"https://x.com/keedehara","https://pbs.twimg.com/profile_images/2046560763763212288/F6x6RyhX_normal.jpg","Kirara Indosat","https://abs.twimg.com/emoji/v2/svg/1f408-200d-2b1b.svg","@keedehara","·","https://x.com/keedehara/status/2050878373057204254","May 3","bbbukannya gemes ya, hmph!","","","3","https://x.com/keedehara/status/2050878373057204254/analytics","4.9K","https://abs.twimg.com/emoji/v2/svg/1f624.svg","257","","https://abs.twimg.com/emoji/v2/svg/1f60f.svg","","","","","","","blob:https://x.com/50232893-3b28-417b-a79d-5cf079d0b036"
"https://x.com/keedehara","https://pbs.twimg.com/profile_images/2046560763763212288/F6x6RyhX_normal.jpg","Kirara Indosat","https://abs.twimg.com/emoji/v2/svg/1f408-200d-2b1b.svg","@keedehara","·","https://x.com/keedehara/status/2050554850790998088","May 2","wekwekwek wek wek wekwek wek?","","","1","https://x.com/keedehara/status/2050554850790998088/analytics","38","","1","","","","","Replying to","https://x.com/mukbangayam_","@mukbangayam_","",""
"https://x.com/keedehara","https://pbs.twimg.com/profile_images/2046560763763212288/F6x6RyhX_normal.jpg","Kirara Indosat","https://abs.twimg.com/emoji/v2/svg/1f408-200d-2b1b.svg","@keedehara","·","https://x.com/keedehara/status/2052338664433504264","May 7","mmah..","GIF","","2","https://x.com/keedehara/status/2052338664433504264/analytics","1K","","24","","","","","","","","","https://video.twimg.com/tweet_video/HHtfIWuawAA_lST.mp4"
"https://x.com/keedehara","https://pbs.twimg.com/profile_images/2046560763763212288/F6x6RyhX_normal.jpg","Kirara Indosat","https://abs.twimg.com/emoji/v2/svg/1f408-200d-2b1b.svg","@keedehara","·","https://x.com/keedehara/status/2050245997117481268","May 1","kak tenang","","","1","https://x.com/keedehara/status/2050245997117481268/analytics","31","https://abs.twimg.com/emoji/v2/svg/1f62d.svg","","","https://abs.twimg.com/emoji/v2/svg/1f44f.svg","","","Replying to","https://x.com/fanlif3lov3","@fanlif3lov3","",""
"https://x.com/keedehara","https://pbs.twimg.com/profile_images/2046560763763212288/F6x6RyhX_normal.jpg","Kirara Indosat","https://abs.twimg.com/emoji/v2/svg/1f408-200d-2b1b.svg","@keedehara","·","https://x.com/keedehara/status/2050878373057204254","May 3","bbbukannya gemes ya, hmph!","","","3","https://x.com/keedehara/status/2050878373057204254/analytics","4.9K","https://abs.twimg.com/emoji/v2/svg/1f624.svg","257","","https://abs.twimg.com/emoji/v2/svg/1f60f.svg","","","","","0:03 / 0:15","","blob:https://x.com/50232893-3b28-417b-a79d-5cf079d0b036"
"https://x.com/geminiurbae","https://pbs.twimg.com/profile_images/2051335830510374912/__8-lsNE_normal.jpg","dew.","","@geminiurbae","·","https://x.com/geminiurbae/status/2049355644143276419","Apr 29","mau ketemu alingody ga guys?…","","","10","https://x.com/geminiurbae/status/2049355644143276419/analytics","2.5K","","83","Parody account","","","","","","","",""
"https://x.com/DF_Discountfess","https://pbs.twimg.com/profile_images/1962672421892419584/kXs5cOJv_normal.jpg","Base Diskon","","@DF_Discountfess","·","https://x.com/DF_Discountfess/status/2051338187956425093","May 4","df mau tanya emng skrng vip udh ga dapat kuota","Indosat","gratis lagi ya?","1","https://x.com/DF_Discountfess/status/2051338187956425093/analytics","1.1K","","","","","","","","","","",""
"https://x.com/reoasy","https://pbs.twimg.com/profile_images/1967524716274696193/7zJAOwji_normal.jpg","kilaaaa indosat","https://abs.twimg.com/emoji/v2/svg/1f62d.svg","@reoasy","·","https://x.com/reoasy/status/2052692203219382742","9h","mirip kek bayi temen gua dah wkwkwkw, tp gw liatnya di ig si","Automated by","@CPtanyarl","","https://x.com/reoasy/status/2052692203219382742/analytics","70","https://abs.twimg.com/emoji/v2/svg/1f49a.svg","","baby join the club","https://abs.twimg.com/emoji/v2/svg/1f49a.svg","","Tanyarl","16h","","Quote","",""
"https://x.com/evanndeer","https://pbs.twimg.com/profile_images/2040382208364691457/6rYK4C0f_normal.jpg","사","https://abs.twimg.com/emoji/v2/svg/1f4ab.svg","@evanndeer","·","https://x.com/evanndeer/status/2052696043343720877","9h","Ini pas di melbourne kah???","","","7","https://x.com/evanndeer/status/2052696043343720877/analytics","7.4K","https://abs.twimg.com/emoji/v2/svg/1f440.svg","92","","","","","","","","",""
"https://x.com/keedehara","https://pbs.twimg.com/profile_images/2046560763763212288/F6x6RyhX_normal.jpg","Kirara Indosat","https://abs.twimg.com/emoji/v2/svg/1f408-200d-2b1b.svg","@keedehara","·","https://x.com/keedehara/status/2052338664433504264","May 7","mmah..","GIF","","2","https://x.com/keedehara/status/2052338664433504264/analytics","1K","","24","","","","","","","","","https://video.twimg.com/tweet_video/HHtfIWuawAA_lST.mp4"
"https://x.com/economiys","https://pbs.twimg.com/profile_images/2048138274091462656/DqDFlDeN_normal.jpg","mitha indosat","","@economiys","·","https://x.com/economiys/status/2052771485044089073","4h","ekonomet momen","","","","https://x.com/economiys/status/2052771485044089073/analytics","13","","","","","","","","","","",""
"https://x.com/keedehara","https://pbs.twimg.com/profile_images/2046560763763212288/F6x6RyhX_normal.jpg","Kirara Indosat","https://abs.twimg.com/emoji/v2/svg/1f408-200d-2b1b.svg","@keedehara","·","https://x.com/keedehara/status/2052691931025818018","9h","","#JUMAVVA","","1","https://x.com/keedehara/status/2052691931025818018/analytics","334","https://abs.twimg.com/emoji/v2/svg/1f62d.svg","10","","https://abs.twimg.com/emoji/v2/svg/1f90f.svg","PANDAVVA Official | CF22: AA09-10","","9h","","Quote","https://pbs.twimg.com/profile_images/2039409557219516416/FpPvrZ1A_mini.jpg",""
"https://x.com/keedehara","https://pbs.twimg.com/profile_images/2046560763763212288/F6x6RyhX_normal.jpg","Kirara Indosat","https://abs.twimg.com/emoji/v2/svg/1f408-200d-2b1b.svg","@keedehara","·","https://x.com/keedehara/status/2051256733855780885","May 4","kakak kakak yuk kita beli es krim aja yuk","","","4","https://x.com/keedehara/status/2051256733855780885/analytics","244","https://abs.twimg.com/emoji/v2/svg/1f44f.svg","2","","https://abs.twimg.com/emoji/v2/svg/1f44f.svg","","","","","","",""
"https://x.com/keedehara","https://pbs.twimg.com/profile_images/2046560763763212288/F6x6RyhX_normal.jpg","Kirara Indosat","https://abs.twimg.com/emoji/v2/svg/1f408-200d-2b1b.svg","@keedehara","·","https://x.com/keedehara/status/2052712184644514071","8h","dikulum dikunyah, assalamu'alaikum smuanyah","","","3","https://x.com/keedehara/status/2052712184644514071/analytics","138","https://abs.twimg.com/emoji/v2/svg/1f607.svg","2","","https://abs.twimg.com/emoji/v2/svg/1f339.svg","","","","","","https://pbs.twimg.com/ext_tw_video_thumb/2052712144488329216/pu/img/kNYq6pETxPaYMyl5.jpg","blob:https://x.com/f37bf61f-e60f-4a49-9762-12acc89f7d6a"
"https://x.com/_Investor_Feed_","https://pbs.twimg.com/profile_images/1897853077535047680/p8b9Zv5P_normal.jpg","Investor Feed","","@_Investor_Feed_","·","https://x.com/_Investor_Feed_/status/2050209092866846990","May 1","Tanla Platforms Expands with","Indosat","Deal for 100M Subscribers, Eyes AI Launch in Q1 FY27 | MCap 6,219.75 Cr

• Signed deal with","1","https://x.com/_Investor_Feed_/status/2050209092866846990/analytics","525","https://abs.twimg.com/emoji/v2/svg/1f4c8.svg","2","","","","","","","","https://pbs.twimg.com/media/HHPOIB8bQAAny35?format=jpg&name=small",""
"https://x.com/tickvet","https://pbs.twimg.com/profile_images/1583834537821249536/dbUthfhT_normal.png","Kuota isat xl tsel tri indosat im3 cv convert","","@tickvet","·","https://x.com/tickvet/status/2050780199059673381","May 3","Open tukar pulsa ke saldo uang 

RATE cv convert","Indosat","tri 3 isat xl : 0,85 - 0,87
Tsel telkomsel : 0,80 -  0,82

Chat keasini","","https://x.com/tickvet/status/2050780199059673381/analytics","180","","","@DHEANDELION","","","#zonauang️","","","","",""
"https://x.com/Xsatset","https://pbs.twimg.com/profile_images/1967513009078849536/ULbzsKeT_normal.jpg","✿𝚒𝚌𝚒 ー langsung wa/tele aja yaa","https://abs.twimg.com/emoji/v2/svg/1f338.svg","@Xsatset","·","https://x.com/Xsatset/status/2052812567605805060","1h","kuota paket","Indosat","isat im3
28hr full kuota utama [pl direp]

300gb 160k
150gb 126k","1","https://x.com/Xsatset/status/2052812567605805060/analytics","83","https://abs.twimg.com/emoji/v2/svg/1f4a5.svg","","","https://abs.twimg.com/emoji/v2/svg/1f4a5.svg","","#zonauang","","","","",""
"https://x.com/keedehara","https://pbs.twimg.com/profile_images/2046560763763212288/F6x6RyhX_normal.jpg","Kirara Indosat","https://abs.twimg.com/emoji/v2/svg/1f408-200d-2b1b.svg","@keedehara","·","https://x.com/keedehara/status/2052712184644514071","8h","dikulum dikunyah, assalamu'alaikum smuanyah","","","3","https://x.com/keedehara/status/2052712184644514071/analytics","138","https://abs.twimg.com/emoji/v2/svg/1f607.svg","2","","https://abs.twimg.com/emoji/v2/svg/1f339.svg","","","","","","","blob:https://x.com/f37bf61f-e60f-4a49-9762-12acc89f7d6a"
"https://x.com/keedehara","https://pbs.twimg.com/profile_images/2046560763763212288/F6x6RyhX_normal.jpg","Kirara Indosat","https://abs.twimg.com/emoji/v2/svg/1f408-200d-2b1b.svg","@keedehara","·","https://x.com/keedehara/status/2052712184644514071","8h","dikulum dikunyah, assalamu'alaikum smuanyah","","","3","https://x.com/keedehara/status/2052712184644514071/analytics","138","https://abs.twimg.com/emoji/v2/svg/1f607.svg","2","","https://abs.twimg.com/emoji/v2/svg/1f339.svg","","","","","0:03 / 0:14","","blob:https://x.com/f37bf61f-e60f-4a49-9762-12acc89f7d6a"